node_id,week_start,latitude,longitude,street_count,is_traffic_signal,max_connecting_lanes,max_connecting_speed_limit,touches_oneway_street,crashes_last_1w,crashes_last_4w,crashes_last_8w,injuries_last_4w,pedestrian_casualty_crashes_last_8w,cyclist_casualty_crashes_last_8w,weeks_since_last_crash,week_of_year_sin,week_of_year_cos,current_week_mean_temperature_c,current_week_total_precipitation_mm,current_week_mean_relative_humidity_pct,current_week_max_wind_speed_kmh,current_week_mean_pressure_hpa,node_highway,road_class
100522479,2024-12-16,40.7509396,-73.9785441,3,0,3.0,25.0,1,0,0.0,0.0,0.0,0.0,0.0,43,-0.1416105093871293,0.9899224533422392,3.407142857142857,26.6,65.35119047619048,30.0,1023.2791666666666,missing,primary
100522728,2024-12-16,40.7552747,-73.9752679,4,0,3.0,25.0,1,1,1.0,1.0,0.0,0.0,0.0,0,-0.1416105093871293,0.9899224533422392,3.407142857142857,26.6,65.35119047619048,30.0,1023.2791666666666,missing,primary
100522741,2024-12-16,40.7546355,-73.9757004,4,0,3.0,25.0,1,0,0.0,0.0,0.0,0.0,0.0,38,-0.1416105093871293,0.9899224533422392,3.407142857142857,26.6,65.35119047619048,30.0,1023.2791666666666,missing,primary
10128931543,2024-12-16,40.8206298,-73.9584715,3,0,,25.0,0,0,0.0,0.0,0.0,0.0,0.0,51,-0.1416105093871293,0.9899224533422392,3.407142857142857,26.6,65.35119047619048,30.0,1023.2791666666666,missing,residential
10316226053,2024-12-16,40.7058049,-74.0133569,3,0,2.0,20.0,1,0,0.0,0.0,0.0,0.0,0.0,51,-0.1416105093871293,0.9899224533422392,3.407142857142857,26.6,65.35119047619048,30.0,1023.2791666666666,missing,secondary
10594155706,2024-12-16,40.7631283,-73.9830424,3,0,2.0,,1,0,0.0,0.0,0.0,0.0,0.0,51,-0.1416105093871293,0.9899224533422392,3.407142857142857,26.6,65.35119047619048,30.0,1023.2791666666666,missing,tertiary
1061531429,2024-12-16,40.7688965,-73.9819959,3,1,4.0,25.0,1,1,1.0,2.0,0.0,0.0,0.0,0,-0.1416105093871293,0.9899224533422392,3.407142857142857,26.6,65.35119047619048,30.0,1023.2791666666666,traffic_signals,primary
1061531447,2024-12-16,40.7713507,-73.9820496,4,1,3.0,,1,0,0.0,0.0,0.0,0.0,0.0,51,-0.1416105093871293,0.9899224533422392,3.407142857142857,26.6,65.35119047619048,30.0,1023.2791666666666,traffic_signals,primary
1061531448,2024-12-16,40.7779528,-73.9821878,4,1,3.0,25.0,1,0,0.0,0.0,0.0,0.0,0.0,51,-0.1416105093871293,0.9899224533422392,3.407142857142857,26.6,65.35119047619048,30.0,1023.2791666666666,traffic_signals,primary
1061531454,2024-12-16,40.783808,-73.9798812,4,1,4.0,25.0,1,0,0.0,0.0,0.0,0.0,0.0,51,-0.1416105093871293,0.9899224533422392,3.407142857142857,26.6,65.35119047619048,30.0,1023.2791666666666,traffic_signals,primary
1061531491,2024-12-16,40.7781876,-73.9818922,3,0,4.0,,1,0,0.0,0.0,0.0,0.0,0.0,12,-0.1416105093871293,0.9899224533422392,3.407142857142857,26.6,65.35119047619048,30.0,1023.2791666666666,missing,primary
1061531496,2024-12-16,40.7997386,-73.9681062,4,1,3.0,25.0,1,0,0.0,1.0,0.0,0.0,0.0,7,-0.1416105093871293,0.9899224533422392,3.407142857142857,26.6,65.35119047619048,30.0,1023.2791666666666,traffic_signals,primary
1061531500,2024-12-16,40.7802483,-73.9814211,4,1,4.0,,1,0,0.0,0.0,0.0,0.0,0.0,8,-0.1416105093871293,0.9899224533422392,3.407142857142857,26.6,65.35119047619048,30.0,1023.2791666666666,traffic_signals,primary
1061531504,2024-12-16,40.795301,-73.971208,4,1,3.0,25.0,1,0,0.0,0.0,0.0,0.0,0.0,28,-0.1416105093871293,0.9899224533422392,3.407142857142857,26.6,65.35119047619048,30.0,1023.2791666666666,traffic_signals,primary
1061531509,2024-12-16,40.7705246,-73.9820391,4,1,4.0,25.0,1,0,0.0,0.0,0.0,0.0,0.0,51,-0.1416105093871293,0.9899224533422392,3.407142857142857,26.6,65.35119047619048,30.0,1023.2791666666666,traffic_signals,primary
1061531527,2024-12-16,40.7746399,-73.9821073,4,1,3.0,25.0,1,0,0.0,0.0,0.0,0.0,0.0,33,-0.1416105093871293,0.9899224533422392,3.407142857142857,26.6,65.35119047619048,30.0,1023.2791666666666,traffic_signals,primary
1061531550,2024-12-16,40.7863807,-73.9779716,4,1,4.0,,1,0,0.0,0.0,0.0,0.0,0.0,51,-0.1416105093871293,0.9899224533422392,3.407142857142857,26.6,65.35119047619048,30.0,1023.2791666666666,traffic_signals,primary
1061531566,2024-12-16,40.7817194,-73.9809824,4,1,4.0,,1,0,0.0,0.0,0.0,0.0,0.0,51,-0.1416105093871293,0.9899224533422392,3.407142857142857,26.6,65.35119047619048,30.0,1023.2791666666666,traffic_signals,primary
1061531593,2024-12-16,40.793931,-73.9721589,4,1,3.0,25.0,1,0,0.0,0.0,0.0,0.0,0.0,51,-0.1416105093871293,0.9899224533422392,3.407142857142857,26.6,65.35119047619048,30.0,1023.2791666666666,traffic_signals,primary
1061531596,2024-12-16,40.7971801,-73.9698184,4,1,3.0,25.0,1,0,0.0,0.0,0.0,0.0,0.0,51,-0.1416105093871293,0.9899224533422392,3.407142857142857,26.6,65.35119047619048,30.0,1023.2791666666666,traffic_signals,primary
1061531597,2024-12-16,40.7770521,-73.9820009,4,1,3.0,25.0,1,0,0.0,0.0,0.0,0.0,0.0,41,-0.1416105093871293,0.9899224533422392,3.407142857142857,26.6,65.35119047619048,30.0,1023.2791666666666,traffic_signals,primary
1061531603,2024-12-16,40.7882886,-73.9764311,4,1,4.0,25.0,1,0,0.0,0.0,0.0,0.0,0.0,19,-0.1416105093871293,0.9899224533422392,3.407142857142857,26.6,65.35119047619048,30.0,1023.2791666666666,traffic_signals,primary
1061531608,2024-12-16,40.7762516,-73.9820341,4,1,3.0,25.0,1,0,0.0,0.0,0.0,0.0,0.0,51,-0.1416105093871293,0.9899224533422392,3.407142857142857,26.6,65.35119047619048,30.0,1023.2791666666666,traffic_signals,primary
1061531631,2024-12-16,40.7978046,-73.9693528,4,1,3.0,25.0,1,0,0.0,0.0,0.0,0.0,0.0,51,-0.1416105093871293,0.9899224533422392,3.407142857142857,26.6,65.35119047619048,30.0,1023.2791666666666,traffic_signals,primary
1061531634,2024-12-16,40.7809928,-73.9812112,4,1,4.0,,1,0,0.0,0.0,0.0,0.0,0.0,20,-0.1416105093871293,0.9899224533422392,3.407142857142857,26.6,65.35119047619048,30.0,1023.2791666666666,traffic_signals,primary
1061531637,2024-12-16,40.7889354,-73.9758801,4,1,4.0,,1,0,0.0,0.0,0.0,0.0,0.0,28,-0.1416105093871293,0.9899224533422392,3.407142857142857,26.6,65.35119047619048,30.0,1023.2791666666666,traffic_signals,primary
1061531654,2024-12-16,40.8013033,-73.9677649,4,1,3.0,25.0,1,0,0.0,0.0,0.0,0.0,0.0,51,-0.1416105093871293,0.9899224533422392,3.407142857142857,26.6,65.35119047619048,30.0,1023.2791666666666,traffic_signals,primary
1061531682,2024-12-16,40.7908085,-73.9744941,4,1,4.0,,1,0,0.0,0.0,0.0,0.0,0.0,51,-0.1416105093871293,0.9899224533422392,3.407142857142857,26.6,65.35119047619048,30.0,1023.2791666666666,traffic_signals,primary
1061531685,2024-12-16,40.7721684,-73.9820764,3,1,3.0,,1,0,1.0,2.0,1.0,0.0,1.0,1,-0.1416105093871293,0.9899224533422392,3.407142857142857,26.6,65.35119047619048,30.0,1023.2791666666666,traffic_signals,primary
1061531695,2024-12-16,40.7824512,-73.9807232,4,1,4.0,25.0,1,0,0.0,0.0,0.0,0.0,0.0,8,-0.1416105093871293,0.9899224533422392,3.407142857142857,26.6,65.35119047619048,30.0,1023.2791666666666,traffic_signals,primary
1061531707,2024-12-16,40.7738424,-73.9821234,4,1,3.0,25.0,1,0,0.0,1.0,0.0,1.0,0.0,4,-0.1416105093871293,0.9899224533422392,3.407142857142857,26.6,65.35119047619048,30.0,1023.2791666666666,traffic_signals,primary
1061531717,2024-12-16,40.8021586,-73.9676859,4,1,3.0,25.0,1,0,0.0,0.0,0.0,0.0,0.0,51,-0.1416105093871293,0.9899224533422392,3.407142857142857,26.6,65.35119047619048,30.0,1023.2791666666666,traffic_signals,primary
1061531727,2024-12-16,40.7959244,-73.9707469,4,1,3.0,25.0,1,0,0.0,2.0,0.0,0.0,1.0,4,-0.1416105093871293,0.9899224533422392,3.407142857142857,26.6,65.35119047619048,30.0,1023.2791666666666,traffic_signals,primary
1061531730,2024-12-16,40.7965554,-73.9702876,4,1,3.0,25.0,1,0,0.0,0.0,0.0,0.0,0.0,15,-0.1416105093871293,0.9899224533422392,3.407142857142857,26.6,65.35119047619048,30.0,1023.2791666666666,traffic_signals,primary
1061531731,2024-12-16,40.7914466,-73.9740219,4,1,4.0,5.0,1,0,0.0,0.0,0.0,0.0,0.0,13,-0.1416105093871293,0.9899224533422392,3.407142857142857,26.6,65.35119047619048,30.0,1023.2791666666666,traffic_signals,primary
1061531736,2024-12-16,40.7920649,-73.9735644,4,1,4.0,25.0,1,0,0.0,0.0,0.0,0.0,0.0,38,-0.1416105093871293,0.9899224533422392,3.407142857142857,26.6,65.35119047619048,30.0,1023.2791666666666,traffic_signals,primary
1061531757,2024-12-16,40.779499,-73.9816284,3,1,4.0,,1,0,0.0,0.0,0.0,0.0,0.0,51,-0.1416105093871293,0.9899224533422392,3.407142857142857,26.6,65.35119047619048,30.0,1023.2791666666666,traffic_signals,primary
1061531768,2024-12-16,40.7901845,-73.9749558,4,1,4.0,,1,1,1.0,3.0,0.0,0.0,0.0,0,-0.1416105093871293,0.9899224533422392,3.407142857142857,26.6,65.35119047619048,30.0,1023.2791666666666,traffic_signals,primary
1061531777,2024-12-16,40.7696966,-73.9820135,4,1,4.0,25.0,1,1,1.0,1.0,0.0,0.0,0.0,0,-0.1416105093871293,0.9899224533422392,3.407142857142857,26.6,65.35119047619048,30.0,1023.2791666666666,traffic_signals,primary
1061531787,2024-12-16,40.7754477,-73.982069,4,1,3.0,25.0,1,0,0.0,0.0,0.0,0.0,0.0,51,-0.1416105093871293,0.9899224533422392,3.407142857142857,26.6,65.35119047619048,30.0,1023.2791666666666,traffic_signals,primary
1061531790,2024-12-16,40.7926891,-73.9730999,4,1,3.0,25.0,1,0,0.0,0.0,0.0,0.0,0.0,51,-0.1416105093871293,0.9899224533422392,3.407142857142857,26.6,65.35119047619048,30.0,1023.2791666666666,traffic_signals,primary
1061531802,2024-12-16,40.7984292,-73.9689001,4,1,3.0,25.0,1,0,0.0,0.0,0.0,0.0,0.0,51,-0.1416105093871293,0.9899224533422392,3.407142857142857,26.6,65.35119047619048,30.0,1023.2791666666666,traffic_signals,primary
1061531803,2024-12-16,40.7831278,-73.9803916,4,1,4.0,,1,0,0.0,0.0,0.0,0.0,0.0,22,-0.1416105093871293,0.9899224533422392,3.407142857142857,26.6,65.35119047619048,30.0,1023.2791666666666,traffic_signals,primary
1061531807,2024-12-16,40.7946143,-73.9716646,4,1,4.0,25.0,1,0,1.0,3.0,0.0,2.0,0.0,1,-0.1416105093871293,0.9899224533422392,3.407142857142857,26.6,65.35119047619048,30.0,1023.2791666666666,traffic_signals,primary
1061531810,2024-12-16,40.7895628,-73.9754158,4,1,4.0,,1,0,0.0,0.0,0.0,0.0,0.0,51,-0.1416105093871293,0.9899224533422392,3.407142857142857,26.6,65.35119047619048,30.0,1023.2791666666666,traffic_signals,primary
1061531815,2024-12-16,40.7990701,-73.9684544,4,1,3.0,25.0,1,0,0.0,1.0,0.0,0.0,1.0,7,-0.1416105093871293,0.9899224533422392,3.407142857142857,26.6,65.35119047619048,30.0,1023.2791666666666,traffic_signals,primary
1061531839,2024-12-16,40.7876288,-73.9769983,4,1,4.0,,1,0,0.0,0.0,0.0,0.0,0.0,49,-0.1416105093871293,0.9899224533422392,3.407142857142857,26.6,65.35119047619048,30.0,1023.2791666666666,traffic_signals,primary
1061531847,2024-12-16,40.7933157,-73.9726391,4,1,2.0,25.0,1,0,0.0,0.0,0.0,0.0,0.0,15,-0.1416105093871293,0.9899224533422392,3.407142857142857,26.6,65.35119047619048,30.0,1023.2791666666666,traffic_signals,primary
10858288590,2024-12-16,40.7570691,-74.0050368,3,0,3.0,30.0,1,1,3.0,4.0,0.0,0.0,0.0,0,-0.1416105093871293,0.9899224533422392,3.407142857142857,26.6,65.35119047619048,30.0,1023.2791666666666,missing,trunk
11002109566,2024-12-16,40.7035808,-74.0115938,3,1,2.0,20.0,1,0,0.0,0.0,0.0,0.0,0.0,36,-0.1416105093871293,0.9899224533422392,3.407142857142857,26.6,65.35119047619048,30.0,1023.2791666666666,traffic_signals,residential
11003445421,2024-12-16,40.7478303,-73.9705802,3,0,4.0,25.0,1,0,0.0,0.0,0.0,0.0,0.0,51,-0.1416105093871293,0.9899224533422392,3.407142857142857,26.6,65.35119047619048,30.0,1023.2791666666666,missing,primary
11017186435,2024-12-16,40.7680051,-73.9957629,4,0,4.0,30.0,1,0,0.0,2.0,0.0,1.0,0.0,5,-0.1416105093871293,0.9899224533422392,3.407142857142857,26.6,65.35119047619048,30.0,1023.2791666666666,missing,trunk
11017186436,2024-12-16,40.7674596,-73.9964312,3,0,5.0,30.0,1,0,0.0,0.0,0.0,0.0,0.0,51,-0.1416105093871293,0.9899224533422392,3.407142857142857,26.6,65.35119047619048,30.0,1023.2791666666666,missing,trunk
11017186437,2024-12-16,40.7667473,-73.9966812,4,0,4.0,30.0,1,0,0.0,1.0,0.0,0.0,0.0,5,-0.1416105093871293,0.9899224533422392,3.407142857142857,26.6,65.35119047619048,30.0,1023.2791666666666,missing,trunk
11017187935,2024-12-16,40.7662059,-73.9973446,3,0,5.0,30.0,1,0,0.0,0.0,0.0,0.0,0.0,51,-0.1416105093871293,0.9899224533422392,3.407142857142857,26.6,65.35119047619048,30.0,1023.2791666666666,missing,trunk
11017187936,2024-12-16,40.7654973,-73.9975936,4,0,4.0,30.0,1,0,0.0,0.0,0.0,0.0,0.0,22,-0.1416105093871293,0.9899224533422392,3.407142857142857,26.6,65.35119047619048,30.0,1023.2791666666666,missing,trunk
11017187937,2024-12-16,40.7642432,-73.9985035,4,0,4.0,30.0,1,0,0.0,1.0,0.0,0.0,0.0,5,-0.1416105093871293,0.9899224533422392,3.407142857142857,26.6,65.35119047619048,30.0,1023.2791666666666,missing,trunk
11027819091,2024-12-16,40.7423282,-74.0087078,4,0,5.0,30.0,1,1,1.0,1.0,1.0,0.0,0.0,0,-0.1416105093871293,0.9899224533422392,3.407142857142857,26.6,65.35119047619048,30.0,1023.2791666666666,motorway_junction,trunk
11027912161,2024-12-16,40.7431307,-74.0087459,3,0,3.0,30.0,1,0,0.0,0.0,0.0,0.0,0.0,51,-0.1416105093871293,0.9899224533422392,3.407142857142857,26.6,65.35119047619048,30.0,1023.2791666666666,missing,trunk
11027912164,2024-12-16,40.7453904,-74.0081345,4,0,3.0,30.0,1,0,1.0,1.0,0.0,0.0,0.0,3,-0.1416105093871293,0.9899224533422392,3.407142857142857,26.6,65.35119047619048,30.0,1023.2791666666666,missing,trunk
11038072103,2024-12-16,40.7112389,-73.9847412,4,0,1.0,25.0,1,0,0.0,0.0,0.0,0.0,0.0,28,-0.1416105093871293,0.9899224533422392,3.407142857142857,26.6,65.35119047619048,30.0,1023.2791666666666,missing,secondary
11038072104,2024-12-16,40.7117109,-73.9848963,4,1,1.0,25.0,1,0,0.0,0.0,0.0,0.0,0.0,9,-0.1416105093871293,0.9899224533422392,3.407142857142857,26.6,65.35119047619048,30.0,1023.2791666666666,traffic_signals,secondary
11038072433,2024-12-16,40.714972,-73.9833262,4,1,1.0,25.0,1,0,1.0,1.0,0.0,0.0,0.0,3,-0.1416105093871293,0.9899224533422392,3.407142857142857,26.6,65.35119047619048,30.0,1023.2791666666666,traffic_signals,primary
11038072465,2024-12-16,40.7151841,-73.9842712,4,1,3.0,25.0,1,0,0.0,0.0,0.0,0.0,0.0,13,-0.1416105093871293,0.9899224533422392,3.407142857142857,26.6,65.35119047619048,30.0,1023.2791666666666,traffic_signals,primary
11038072541,2024-12-16,40.7159286,-73.9867312,4,1,1.0,25.0,1,1,1.0,2.0,1.0,1.0,0.0,0,-0.1416105093871293,0.9899224533422392,3.407142857142857,26.6,65.35119047619048,30.0,1023.2791666666666,traffic_signals,primary
11049420899,2024-12-16,40.7447576,-74.0084387,3,0,3.0,30.0,1,0,0.0,0.0,0.0,0.0,0.0,51,-0.1416105093871293,0.9899224533422392,3.407142857142857,26.6,65.35119047619048,30.0,1023.2791666666666,missing,trunk
11062719791,2024-12-16,40.7364599,-74.0011844,3,1,3.0,25.0,1,0,0.0,0.0,0.0,0.0,0.0,51,-0.1416105093871293,0.9899224533422392,3.407142857142857,26.6,65.35119047619048,30.0,1023.2791666666666,traffic_signals,secondary
11193743239,2024-12-16,40.8296438,-73.9500111,4,0,2.0,,1,0,0.0,0.0,0.0,0.0,0.0,51,-0.1416105093871293,0.9899224533422392,3.407142857142857,26.6,65.35119047619048,30.0,1023.2791666666666,crossing,secondary
11252642361,2024-12-16,40.7594,-73.9988988,3,0,2.0,25.0,1,0,0.0,0.0,0.0,0.0,0.0,51,-0.1416105093871293,0.9899224533422392,3.407142857142857,26.6,65.35119047619048,30.0,1023.2791666666666,missing,primary
11337295598,2024-12-16,40.7491239,-73.9745202,4,0,3.0,25.0,1,0,0.0,0.0,0.0,0.0,0.0,13,-0.1416105093871293,0.9899224533422392,3.407142857142857,26.6,65.35119047619048,30.0,1023.2791666666666,missing,residential
11337295601,2024-12-16,40.7494989,-73.9754041,4,0,4.0,25.0,1,0,0.0,0.0,0.0,0.0,0.0,47,-0.1416105093871293,0.9899224533422392,3.407142857142857,26.6,65.35119047619048,30.0,1023.2791666666666,missing,primary
11337295604,2024-12-16,40.7514392,-73.9760552,4,0,5.0,25.0,1,0,0.0,2.0,0.0,1.0,0.0,4,-0.1416105093871293,0.9899224533422392,3.407142857142857,26.6,65.35119047619048,30.0,1023.2791666666666,missing,primary
11337295608,2024-12-16,40.7507733,-73.9744736,4,0,5.0,25.0,1,0,1.0,2.0,2.0,0.0,1.0,1,-0.1416105093871293,0.9899224533422392,3.407142857142857,26.6,65.35119047619048,30.0,1023.2791666666666,missing,primary
11496014189,2024-12-16,40.7166082,-73.9958489,3,0,5.0,25.0,1,1,1.0,1.0,1.0,0.0,0.0,0,-0.1416105093871293,0.9899224533422392,3.407142857142857,26.6,65.35119047619048,30.0,1023.2791666666666,missing,primary
11496014207,2024-12-16,40.7162686,-73.9960588,4,0,5.0,35.0,1,0,0.0,0.0,0.0,0.0,0.0,48,-0.1416105093871293,0.9899224533422392,3.407142857142857,26.6,65.35119047619048,30.0,1023.2791666666666,missing,primary
11655721345,2024-12-16,40.7844847,-73.9793825,4,1,4.0,,1,0,0.0,1.0,0.0,0.0,1.0,5,-0.1416105093871293,0.9899224533422392,3.407142857142857,26.6,65.35119047619048,30.0,1023.2791666666666,traffic_signals,primary
11655721348,2024-12-16,40.7851211,-73.9789064,4,1,4.0,25.0,1,0,0.0,1.0,0.0,1.0,0.0,7,-0.1416105093871293,0.9899224533422392,3.407142857142857,26.6,65.35119047619048,30.0,1023.2791666666666,traffic_signals,primary
11655721350,2024-12-16,40.7857555,-73.9784379,4,1,4.0,25.0,1,0,0.0,0.0,0.0,0.0,0.0,51,-0.1416105093871293,0.9899224533422392,3.407142857142857,26.6,65.35119047619048,30.0,1023.2791666666666,traffic_signals,primary
11655721355,2024-12-16,40.7870124,-73.9775145,4,1,4.0,,1,0,0.0,0.0,0.0,0.0,0.0,51,-0.1416105093871293,0.9899224533422392,3.407142857142857,26.6,65.35119047619048,30.0,1023.2791666666666,traffic_signals,primary
11655721360,2024-12-16,40.7810772,-73.9814187,4,1,4.0,25.0,1,0,0.0,0.0,0.0,0.0,0.0,19,-0.1416105093871293,0.9899224533422392,3.407142857142857,26.6,65.35119047619048,30.0,1023.2791666666666,traffic_signals,primary
11659009136,2024-12-16,40.7232866,-74.0080506,3,0,2.0,20.0,1,0,0.0,0.0,0.0,0.0,0.0,51,-0.1416105093871293,0.9899224533422392,3.407142857142857,26.6,65.35119047619048,30.0,1023.2791666666666,missing,primary
11728146527,2024-12-16,40.7394476,-74.0039828,3,0,2.0,25.0,1,0,0.0,0.0,0.0,0.0,0.0,51,-0.1416105093871293,0.9899224533422392,3.407142857142857,26.6,65.35119047619048,30.0,1023.2791666666666,missing,residential
11803957851,2024-12-16,40.8004669,-73.9678739,4,1,3.0,25.0,1,0,0.0,1.0,0.0,0.0,0.0,5,-0.1416105093871293,0.9899224533422392,3.407142857142857,26.6,65.35119047619048,30.0,1023.2791666666666,traffic_signals,primary
11803957852,2024-12-16,40.8005602,-73.9680927,4,1,4.0,25.0,1,0,0.0,0.0,0.0,0.0,0.0,51,-0.1416105093871293,0.9899224533422392,3.407142857142857,26.6,65.35119047619048,30.0,1023.2791666666666,traffic_signals,primary
11939017636,2024-12-16,40.7956402,-73.920328,3,0,1.0,,1,0,0.0,0.0,0.0,0.0,0.0,51,-0.1416105093871293,0.9899224533422392,3.407142857142857,26.6,65.35119047619048,30.0,1023.2791666666666,missing,motorway_link
11939017652,2024-12-16,40.7955348,-73.9196416,3,0,1.0,,1,0,0.0,0.0,0.0,0.0,0.0,51,-0.1416105093871293,0.9899224533422392,3.407142857142857,26.6,65.35119047619048,30.0,1023.2791666666666,missing,tertiary
11942111840,2024-12-16,40.7460356,-73.9747018,3,0,4.0,,1,0,0.0,0.0,0.0,0.0,0.0,51,-0.1416105093871293,0.9899224533422392,3.407142857142857,26.6,65.35119047619048,30.0,1023.2791666666666,missing,motorway
1202018697,2024-12-16,40.8696332,-73.9180882,3,0,,20.0,1,0,0.0,0.0,0.0,0.0,0.0,51,-0.1416105093871293,0.9899224533422392,3.407142857142857,26.6,65.35119047619048,30.0,1023.2791666666666,missing,residential
12029862494,2024-12-16,40.8083988,-73.9649132,3,0,1.0,,1,0,0.0,0.0,0.0,0.0,0.0,51,-0.1416105093871293,0.9899224533422392,3.407142857142857,26.6,65.35119047619048,30.0,1023.2791666666666,missing,residential
1205714863,2024-12-16,40.8592685,-73.9340649,3,0,1.0,20.0,1,0,0.0,0.0,0.0,0.0,0.0,22,-0.1416105093871293,0.9899224533422392,3.407142857142857,26.6,65.35119047619048,30.0,1023.2791666666666,missing,tertiary
1205714897,2024-12-16,40.8594694,-73.9340537,3,0,1.0,,1,0,0.0,0.0,0.0,0.0,0.0,51,-0.1416105093871293,0.9899224533422392,3.407142857142857,26.6,65.35119047619048,30.0,1023.2791666666666,missing,unclassified
12065287963,2024-12-16,40.8471113,-73.9333726,3,0,2.0,45.0,1,0,0.0,0.0,0.0,0.0,0.0,51,-0.1416105093871293,0.9899224533422392,3.407142857142857,26.6,65.35119047619048,30.0,1023.2791666666666,missing,motorway
12067113032,2024-12-16,40.8508227,-73.9416245,3,0,,,1,0,0.0,0.0,0.0,0.0,0.0,51,-0.1416105093871293,0.9899224533422392,3.407142857142857,26.6,65.35119047619048,30.0,1023.2791666666666,missing,secondary
1209796168,2024-12-16,40.8642506,-73.9325826,3,0,,,1,0,0.0,0.0,0.0,0.0,0.0,51,-0.1416105093871293,0.9899224533422392,3.407142857142857,26.6,65.35119047619048,30.0,1023.2791666666666,crossing,residential
12152197667,2024-12-16,40.7591914,-73.998609,3,0,2.0,25.0,1,0,0.0,0.0,0.0,0.0,0.0,51,-0.1416105093871293,0.9899224533422392,3.407142857142857,26.6,65.35119047619048,30.0,1023.2791666666666,missing,primary
12153915836,2024-12-16,40.7694179,-73.9950218,3,1,5.0,30.0,1,0,0.0,0.0,0.0,0.0,0.0,51,-0.1416105093871293,0.9899224533422392,3.407142857142857,26.6,65.35119047619048,30.0,1023.2791666666666,traffic_signals,trunk
12153915853,2024-12-16,40.7680917,-73.9959717,3,1,5.0,30.0,1,0,0.0,0.0,0.0,0.0,0.0,51,-0.1416105093871293,0.9899224533422392,3.407142857142857,26.6,65.35119047619048,30.0,1023.2791666666666,traffic_signals,trunk
12153915856,2024-12-16,40.7673726,-73.9962236,4,1,4.0,30.0,1,0,0.0,2.0,0.0,0.0,0.0,6,-0.1416105093871293,0.9899224533422392,3.407142857142857,26.6,65.35119047619048,30.0,1023.2791666666666,traffic_signals,trunk
12153915859,2024-12-16,40.766833,-73.9968877,3,1,5.0,30.0,1,0,0.0,0.0,0.0,0.0,0.0,51,-0.1416105093871293,0.9899224533422392,3.407142857142857,26.6,65.35119047619048,30.0,1023.2791666666666,traffic_signals,trunk
12154055788,2024-12-16,40.7471827,-73.9710392,3,0,4.0,25.0,1,0,0.0,0.0,0.0,0.0,0.0,8,-0.1416105093871293,0.9899224533422392,3.407142857142857,26.6,65.35119047619048,30.0,1023.2791666666666,missing,primary
12154598280,2024-12-16,40.7655784,-73.9978029,3,1,5.0,30.0,1,0,0.0,0.0,0.0,0.0,0.0,51,-0.1416105093871293,0.9899224533422392,3.407142857142857,26.6,65.35119047619048,30.0,1023.2791666666666,traffic_signals,trunk
12154598283,2024-12-16,40.7653423,-73.9977059,3,1,5.0,30.0,1,0,0.0,0.0,0.0,0.0,0.0,51,-0.1416105093871293,0.9899224533422392,3.407142857142857,26.6,65.35119047619048,30.0,1023.2791666666666,traffic_signals,trunk
12154605956,2024-12-16,40.7583806,-74.0040809,3,1,3.0,30.0,1,0,0.0,0.0,0.0,0.0,0.0,51,-0.1416105093871293,0.9899224533422392,3.407142857142857,26.6,65.35119047619048,30.0,1023.2791666666666,traffic_signals,trunk
12161224637,2024-12-16,40.7538181,-74.0070373,4,1,4.0,30.0,1,0,1.0,1.0,0.0,0.0,0.0,1,-0.1416105093871293,0.9899224533422392,3.407142857142857,26.6,65.35119047619048,30.0,1023.2791666666666,traffic_signals,trunk
12161224646,2024-12-16,40.7518159,-74.0080267,3,1,3.0,30.0,1,0,0.0,0.0,0.0,0.0,0.0,51,-0.1416105093871293,0.9899224533422392,3.407142857142857,26.6,65.35119047619048,30.0,1023.2791666666666,traffic_signals,trunk
12161232243,2024-12-16,40.7481917,-74.007638,4,1,3.0,30.0,1,0,0.0,0.0,0.0,0.0,0.0,51,-0.1416105093871293,0.9899224533422392,3.407142857142857,26.6,65.35119047619048,30.0,1023.2791666666666,traffic_signals,trunk
12162436970,2024-12-16,40.7394038,-74.0064406,4,0,1.0,25.0,1,0,0.0,0.0,0.0,0.0,0.0,51,-0.1416105093871293,0.9899224533422392,3.407142857142857,26.6,65.35119047619048,30.0,1023.2791666666666,missing,residential
12162502083,2024-12-16,40.7291043,-74.0105601,4,1,5.0,30.0,1,0,0.0,0.0,0.0,0.0,0.0,51,-0.1416105093871293,0.9899224533422392,3.407142857142857,26.6,65.35119047619048,30.0,1023.2791666666666,traffic_signals,trunk
12162542907,2024-12-16,40.7291289,-74.0107774,3,1,3.0,30.0,1,0,0.0,0.0,0.0,0.0,0.0,14,-0.1416105093871293,0.9899224533422392,3.407142857142857,26.6,65.35119047619048,30.0,1023.2791666666666,traffic_signals,trunk
12181309686,2024-12-16,40.7388975,-73.9872595,4,0,3.0,25.0,1,0,0.0,2.0,0.0,1.0,0.0,4,-0.1416105093871293,0.9899224533422392,3.407142857142857,26.6,65.35119047619048,30.0,1023.2791666666666,missing,primary
12299314854,2024-12-16,40.707409,-74.000992,3,0,1.0,20.0,1,0,0.0,0.0,0.0,0.0,0.0,51,-0.1416105093871293,0.9899224533422392,3.407142857142857,26.6,65.35119047619048,30.0,1023.2791666666666,missing,primary
12299314857,2024-12-16,40.708135,-73.999713,3,0,3.0,20.0,1,0,0.0,0.0,0.0,0.0,0.0,51,-0.1416105093871293,0.9899224533422392,3.407142857142857,26.6,65.35119047619048,30.0,1023.2791666666666,missing,primary
12299314860,2024-12-16,40.707926,-74.0001461,4,1,2.0,20.0,1,0,0.0,0.0,0.0,0.0,0.0,51,-0.1416105093871293,0.9899224533422392,3.407142857142857,26.6,65.35119047619048,30.0,1023.2791666666666,traffic_signals,primary
12363017361,2024-12-16,40.7112394,-73.9897939,3,0,1.0,20.0,1,0,0.0,0.0,0.0,0.0,0.0,9,-0.1416105093871293,0.9899224533422392,3.407142857142857,26.6,65.35119047619048,30.0,1023.2791666666666,missing,residential
12374690312,2024-12-16,40.7140183,-73.9974891,4,0,2.0,20.0,1,0,0.0,1.0,0.0,0.0,0.0,7,-0.1416105093871293,0.9899224533422392,3.407142857142857,26.6,65.35119047619048,30.0,1023.2791666666666,missing,primary
12374690314,2024-12-16,40.7140701,-73.9975839,4,0,3.0,20.0,1,0,0.0,0.0,0.0,0.0,0.0,51,-0.1416105093871293,0.9899224533422392,3.407142857142857,26.6,65.35119047619048,30.0,1023.2791666666666,missing,primary
12410398107,2024-12-16,40.7203434,-74.0122789,3,0,3.0,30.0,1,0,0.0,0.0,0.0,0.0,0.0,13,-0.1416105093871293,0.9899224533422392,3.407142857142857,26.6,65.35119047619048,30.0,1023.2791666666666,missing,trunk
12410398108,2024-12-16,40.7223439,-74.0118571,3,0,3.0,30.0,1,0,0.0,0.0,0.0,0.0,0.0,51,-0.1416105093871293,0.9899224533422392,3.407142857142857,26.6,65.35119047619048,30.0,1023.2791666666666,missing,trunk
12413032498,2024-12-16,40.7098267,-74.0147403,4,0,5.0,30.0,1,0,1.0,2.0,1.0,0.0,0.0,3,-0.1416105093871293,0.9899224533422392,3.407142857142857,26.6,65.35119047619048,30.0,1023.2791666666666,missing,trunk
12416643515,2024-12-16,40.7215294,-74.0106823,3,0,1.0,20.0,1,0,0.0,0.0,0.0,0.0,0.0,51,-0.1416105093871293,0.9899224533422392,3.407142857142857,26.6,65.35119047619048,30.0,1023.2791666666666,missing,residential
12417264049,2024-12-16,40.7237633,-74.007929,5,0,4.0,25.0,1,0,0.0,0.0,0.0,0.0,0.0,51,-0.1416105093871293,0.9899224533422392,3.407142857142857,26.6,65.35119047619048,30.0,1023.2791666666666,missing,primary
1241742563,2024-12-16,40.7710965,-73.9834109,4,1,4.0,25.0,1,0,0.0,2.0,0.0,2.0,0.0,4,-0.1416105093871293,0.9899224533422392,3.407142857142857,26.6,65.35119047619048,30.0,1023.2791666666666,traffic_signals,primary
1241742627,2024-12-16,40.7698546,-73.9843169,4,1,4.0,25.0,1,0,0.0,1.0,0.0,0.0,0.0,6,-0.1416105093871293,0.9899224533422392,3.407142857142857,26.6,65.35119047619048,30.0,1023.2791666666666,traffic_signals,primary
1241742743,2024-12-16,40.7710474,-73.9871245,4,1,3.0,25.0,1,0,1.0,1.0,1.0,0.0,1.0,2,-0.1416105093871293,0.9899224533422392,3.407142857142857,26.6,65.35119047619048,30.0,1023.2791666666666,traffic_signals,primary
1242159743,2024-12-16,40.7845688,-73.9268537,3,0,2.0,,0,0,0.0,0.0,0.0,0.0,0.0,51,-0.1416105093871293,0.9899224533422392,3.407142857142857,26.6,65.35119047619048,30.0,1023.2791666666666,missing,tertiary
1242159811,2024-12-16,40.7899969,-73.9258576,3,0,2.0,,0,0,0.0,0.0,0.0,0.0,0.0,51,-0.1416105093871293,0.9899224533422392,3.407142857142857,26.6,65.35119047619048,30.0,1023.2791666666666,stop,tertiary
12463559806,2024-12-16,40.7520749,-73.9735225,4,1,5.0,25.0,1,0,1.0,1.0,1.0,0.0,0.0,2,-0.1416105093871293,0.9899224533422392,3.407142857142857,26.6,65.35119047619048,30.0,1023.2791666666666,traffic_signals,primary
1251958257,2024-12-16,40.7048531,-74.0089272,3,0,1.0,20.0,1,0,0.0,0.0,0.0,0.0,0.0,35,-0.1416105093871293,0.9899224533422392,3.407142857142857,26.6,65.35119047619048,30.0,1023.2791666666666,missing,residential
12534082089,2024-12-16,40.8015054,-73.9604338,3,0,4.0,25.0,1,0,0.0,0.0,0.0,0.0,0.0,51,-0.1416105093871293,0.9899224533422392,3.407142857142857,26.6,65.35119047619048,30.0,1023.2791666666666,missing,secondary
12534082093,2024-12-16,40.8012041,-73.9596153,4,1,2.0,25.0,1,0,0.0,0.0,0.0,0.0,0.0,40,-0.1416105093871293,0.9899224533422392,3.407142857142857,26.6,65.35119047619048,30.0,1023.2791666666666,traffic_signals,secondary
12534082095,2024-12-16,40.801112,-73.9596822,4,1,3.0,25.0,1,0,1.0,3.0,3.0,1.0,0.0,1,-0.1416105093871293,0.9899224533422392,3.407142857142857,26.6,65.35119047619048,30.0,1023.2791666666666,traffic_signals,secondary
12554607194,2024-12-16,40.7124645,-74.0048649,3,1,2.0,30.0,1,0,0.0,0.0,0.0,0.0,0.0,51,-0.1416105093871293,0.9899224533422392,3.407142857142857,26.6,65.35119047619048,30.0,1023.2791666666666,traffic_signals,secondary
12663385194,2024-12-16,40.859524,-73.9336738,3,0,2.0,,1,0,0.0,0.0,0.0,0.0,0.0,51,-0.1416105093871293,0.9899224533422392,3.407142857142857,26.6,65.35119047619048,30.0,1023.2791666666666,missing,unclassified
1272562931,2024-12-16,40.7119157,-74.0060472,5,1,3.0,25.0,1,0,0.0,0.0,0.0,0.0,0.0,21,-0.1416105093871293,0.9899224533422392,3.407142857142857,26.6,65.35119047619048,30.0,1023.2791666666666,traffic_signals,secondary
12840833852,2024-12-16,40.7475905,-73.9708704,4,0,1.0,25.0,1,0,0.0,0.0,0.0,0.0,0.0,51,-0.1416105093871293,0.9899224533422392,3.407142857142857,26.6,65.35119047619048,30.0,1023.2791666666666,missing,primary
12848070671,2024-12-16,40.8343785,-73.9496177,3,0,1.0,,1,0,0.0,0.0,0.0,0.0,0.0,51,-0.1416105093871293,0.9899224533422392,3.407142857142857,26.6,65.35119047619048,30.0,1023.2791666666666,missing,secondary_link
12952282814,2024-12-16,40.829927,-73.9500027,3,0,4.0,,1,0,0.0,0.0,0.0,0.0,0.0,27,-0.1416105093871293,0.9899224533422392,3.407142857142857,26.6,65.35119047619048,30.0,1023.2791666666666,missing,secondary
12952282847,2024-12-16,40.8258092,-73.9529804,4,1,2.0,,1,0,0.0,0.0,0.0,0.0,0.0,25,-0.1416105093871293,0.9899224533422392,3.407142857142857,26.6,65.35119047619048,30.0,1023.2791666666666,traffic_signals,secondary
12952282854,2024-12-16,40.8264207,-73.9524858,4,1,2.0,,1,0,0.0,0.0,0.0,0.0,0.0,15,-0.1416105093871293,0.9899224533422392,3.407142857142857,26.6,65.35119047619048,30.0,1023.2791666666666,traffic_signals,secondary
12952282858,2024-12-16,40.8270687,-73.9519675,4,1,4.0,25.0,1,0,0.0,0.0,0.0,0.0,0.0,31,-0.1416105093871293,0.9899224533422392,3.407142857142857,26.6,65.35119047619048,30.0,1023.2791666666666,traffic_signals,secondary
12952282867,2024-12-16,40.827659,-73.9512742,4,0,2.0,,1,0,0.0,0.0,0.0,0.0,0.0,51,-0.1416105093871293,0.9899224533422392,3.407142857142857,26.6,65.35119047619048,30.0,1023.2791666666666,missing,secondary
12952282872,2024-12-16,40.8282812,-73.9508221,4,0,2.0,,1,0,0.0,0.0,0.0,0.0,0.0,51,-0.1416105093871293,0.9899224533422392,3.407142857142857,26.6,65.35119047619048,30.0,1023.2791666666666,missing,secondary
12952282878,2024-12-16,40.8289116,-73.9503631,4,0,2.0,,1,0,0.0,0.0,0.0,0.0,0.0,16,-0.1416105093871293,0.9899224533422392,3.407142857142857,26.6,65.35119047619048,30.0,1023.2791666666666,missing,secondary
12952282885,2024-12-16,40.8295802,-73.9500237,4,0,2.0,,1,0,0.0,0.0,0.0,0.0,0.0,51,-0.1416105093871293,0.9899224533422392,3.407142857142857,26.6,65.35119047619048,30.0,1023.2791666666666,missing,secondary
12989986305,2024-12-16,40.7593906,-73.9850231,3,0,2.0,25.0,1,0,0.0,0.0,0.0,0.0,0.0,51,-0.1416105093871293,0.9899224533422392,3.407142857142857,26.6,65.35119047619048,30.0,1023.2791666666666,missing,residential
12991873791,2024-12-16,40.7626902,-73.9831608,3,0,2.0,25.0,1,0,0.0,0.0,0.0,0.0,0.0,51,-0.1416105093871293,0.9899224533422392,3.407142857142857,26.6,65.35119047619048,30.0,1023.2791666666666,missing,residential
12994121391,2024-12-16,40.8272352,-73.9367307,4,0,1.0,25.0,1,0,0.0,1.0,0.0,0.0,0.0,4,-0.1416105093871293,0.9899224533422392,3.407142857142857,26.6,65.35119047619048,30.0,1023.2791666666666,missing,secondary
12994121393,2024-12-16,40.827642,-73.9358292,4,0,2.0,25.0,1,0,1.0,1.0,0.0,0.0,0.0,2,-0.1416105093871293,0.9899224533422392,3.407142857142857,26.6,65.35119047619048,30.0,1023.2791666666666,missing,secondary
12994121400,2024-12-16,40.8263629,-73.9385187,3,0,1.0,25.0,1,0,0.0,0.0,0.0,0.0,0.0,51,-0.1416105093871293,0.9899224533422392,3.407142857142857,26.6,65.35119047619048,30.0,1023.2791666666666,missing,secondary
12998931038,2024-12-16,40.8351194,-73.9456549,4,0,2.0,,1,0,0.0,0.0,0.0,0.0,0.0,34,-0.1416105093871293,0.9899224533422392,3.407142857142857,26.6,65.35119047619048,30.0,1023.2791666666666,missing,secondary
12998931041,2024-12-16,40.8352106,-73.9456882,5,0,2.0,,1,0,0.0,0.0,0.0,0.0,0.0,31,-0.1416105093871293,0.9899224533422392,3.407142857142857,26.6,65.35119047619048,30.0,1023.2791666666666,missing,secondary
12998931053,2024-12-16,40.8349454,-73.9467489,4,0,1.0,25.0,1,0,1.0,1.0,0.0,0.0,0.0,2,-0.1416105093871293,0.9899224533422392,3.407142857142857,26.6,65.35119047619048,30.0,1023.2791666666666,missing,secondary
13082559909,2024-12-16,40.7278068,-74.0030955,3,0,4.0,25.0,1,0,0.0,0.0,0.0,0.0,0.0,12,-0.1416105093871293,0.9899224533422392,3.407142857142857,26.6,65.35119047619048,30.0,1023.2791666666666,missing,primary
13099951760,2024-12-16,40.7696881,-73.9946225,3,0,6.0,30.0,1,0,0.0,0.0,0.0,0.0,0.0,51,-0.1416105093871293,0.9899224533422392,3.407142857142857,26.6,65.35119047619048,30.0,1023.2791666666666,motorway_junction,trunk
13105137064,2024-12-16,40.8344543,-73.9491332,3,0,3.0,,1,0,0.0,0.0,0.0,0.0,0.0,51,-0.1416105093871293,0.9899224533422392,3.407142857142857,26.6,65.35119047619048,30.0,1023.2791666666666,missing,secondary
13105137065,2024-12-16,40.8343731,-73.9491723,3,0,3.0,,1,0,0.0,0.0,0.0,0.0,0.0,51,-0.1416105093871293,0.9899224533422392,3.407142857142857,26.6,65.35119047619048,30.0,1023.2791666666666,missing,secondary
13205862052,2024-12-16,40.7354311,-73.9826949,4,0,3.0,25.0,1,0,0.0,0.0,0.0,0.0,0.0,11,-0.1416105093871293,0.9899224533422392,3.407142857142857,26.6,65.35119047619048,30.0,1023.2791666666666,missing,primary
13205862054,2024-12-16,40.7348478,-73.9831211,4,0,4.0,25.0,1,0,0.0,0.0,0.0,0.0,0.0,20,-0.1416105093871293,0.9899224533422392,3.407142857142857,26.6,65.35119047619048,30.0,1023.2791666666666,missing,primary
13205862056,2024-12-16,40.734263,-73.9835476,4,0,4.0,25.0,1,0,0.0,2.0,0.0,1.0,0.0,7,-0.1416105093871293,0.9899224533422392,3.407142857142857,26.6,65.35119047619048,30.0,1023.2791666666666,missing,primary
13205862058,2024-12-16,40.733033,-73.984441,4,0,5.0,25.0,1,0,1.0,3.0,0.0,1.0,0.0,1,-0.1416105093871293,0.9899224533422392,3.407142857142857,26.6,65.35119047619048,30.0,1023.2791666666666,missing,primary
13205862060,2024-12-16,40.732353,-73.9849374,4,0,5.0,25.0,1,0,0.0,0.0,0.0,0.0,0.0,8,-0.1416105093871293,0.9899224533422392,3.407142857142857,26.6,65.35119047619048,30.0,1023.2791666666666,missing,primary
13205862062,2024-12-16,40.7316674,-73.9854374,4,0,3.0,25.0,1,0,0.0,0.0,0.0,0.0,0.0,8,-0.1416105093871293,0.9899224533422392,3.407142857142857,26.6,65.35119047619048,30.0,1023.2791666666666,missing,primary
13205862064,2024-12-16,40.731019,-73.985909,4,0,4.0,25.0,1,0,0.0,1.0,0.0,0.0,0.0,5,-0.1416105093871293,0.9899224533422392,3.407142857142857,26.6,65.35119047619048,30.0,1023.2791666666666,missing,primary
13205862066,2024-12-16,40.7303818,-73.9863742,4,0,4.0,25.0,1,0,2.0,2.0,1.0,1.0,0.0,1,-0.1416105093871293,0.9899224533422392,3.407142857142857,26.6,65.35119047619048,30.0,1023.2791666666666,missing,primary
13205966915,2024-12-16,40.7270883,-73.9766448,3,0,2.0,20.0,1,0,0.0,0.0,0.0,0.0,0.0,51,-0.1416105093871293,0.9899224533422392,3.407142857142857,26.6,65.35119047619048,30.0,1023.2791666666666,missing,secondary
13208007103,2024-12-16,40.7728902,-73.9821074,4,0,3.0,25.0,1,0,0.0,0.0,0.0,0.0,0.0,23,-0.1416105093871293,0.9899224533422392,3.407142857142857,26.6,65.35119047619048,30.0,1023.2791666666666,missing,primary
13233711092,2024-12-16,40.765684,-73.9820004,3,0,2.0,,1,0,0.0,0.0,0.0,0.0,0.0,51,-0.1416105093871293,0.9899224533422392,3.407142857142857,26.6,65.35119047619048,30.0,1023.2791666666666,missing,tertiary
13238997597,2024-12-16,40.7462066,-73.9696568,3,0,3.0,40.0,1,0,0.0,0.0,0.0,0.0,0.0,51,-0.1416105093871293,0.9899224533422392,3.407142857142857,26.6,65.35119047619048,30.0,1023.2791666666666,missing,motorway
13294718043,2024-12-16,40.7226387,-74.0080678,3,0,3.0,20.0,1,0,0.0,0.0,0.0,0.0,0.0,51,-0.1416105093871293,0.9899224533422392,3.407142857142857,26.6,65.35119047619048,30.0,1023.2791666666666,missing,primary
13317820334,2024-12-16,40.8356697,-73.939578,3,0,1.0,,1,0,0.0,0.0,0.0,0.0,0.0,51,-0.1416105093871293,0.9899224533422392,3.407142857142857,26.6,65.35119047619048,30.0,1023.2791666666666,missing,residential
13320112971,2024-12-16,40.8281103,-73.9348029,3,0,,25.0,1,0,0.0,0.0,0.0,0.0,0.0,51,-0.1416105093871293,0.9899224533422392,3.407142857142857,26.6,65.35119047619048,30.0,1023.2791666666666,missing,primary
13324038870,2024-12-16,40.7232777,-74.0079678,3,0,3.0,20.0,1,0,0.0,0.0,0.0,0.0,0.0,51,-0.1416105093871293,0.9899224533422392,3.407142857142857,26.6,65.35119047619048,30.0,1023.2791666666666,missing,primary
13327706975,2024-12-16,40.7895183,-73.9268961,3,0,,,1,0,0.0,0.0,0.0,0.0,0.0,51,-0.1416105093871293,0.9899224533422392,3.407142857142857,26.6,65.35119047619048,30.0,1023.2791666666666,missing,unclassified
1332860726,2024-12-16,40.8126411,-73.963002,3,0,2.0,,1,0,1.0,1.0,0.0,0.0,0.0,2,-0.1416105093871293,0.9899224533422392,3.407142857142857,26.6,65.35119047619048,30.0,1023.2791666666666,missing,secondary
1332860731,2024-12-16,40.8122569,-73.9621024,4,0,2.0,,0,0,0.0,0.0,0.0,0.0,0.0,51,-0.1416105093871293,0.9899224533422392,3.407142857142857,26.6,65.35119047619048,30.0,1023.2791666666666,missing,residential
13364017907,2024-12-16,40.8000236,-73.9239707,3,0,,,1,0,0.0,0.0,0.0,0.0,0.0,51,-0.1416105093871293,0.9899224533422392,3.407142857142857,26.6,65.35119047619048,30.0,1023.2791666666666,missing,unclassified
13368199833,2024-12-16,40.7097164,-74.0004861,3,0,4.0,25.0,1,0,1.0,1.0,0.0,0.0,0.0,1,-0.1416105093871293,0.9899224533422392,3.407142857142857,26.6,65.35119047619048,30.0,1023.2791666666666,missing,secondary
13409348445,2024-12-16,40.747076,-73.9757935,3,0,1.0,,1,0,0.0,0.0,0.0,0.0,0.0,34,-0.1416105093871293,0.9899224533422392,3.407142857142857,26.6,65.35119047619048,30.0,1023.2791666666666,missing,motorway_link
13471668964,2024-12-16,40.8765727,-73.9129056,3,0,,,1,0,0.0,0.0,0.0,0.0,0.0,51,-0.1416105093871293,0.9899224533422392,3.407142857142857,26.6,65.35119047619048,30.0,1023.2791666666666,missing,residential
13765146724,2024-12-16,40.8454308,-73.9436195,3,0,2.0,,1,0,0.0,0.0,0.0,0.0,0.0,51,-0.1416105093871293,0.9899224533422392,3.407142857142857,26.6,65.35119047619048,30.0,1023.2791666666666,motorway_junction,motorway_link
13765470383,2024-12-16,40.8505541,-73.9419612,3,0,2.0,,1,0,0.0,0.0,0.0,0.0,0.0,51,-0.1416105093871293,0.9899224533422392,3.407142857142857,26.6,65.35119047619048,30.0,1023.2791666666666,missing,motorway_link
13765536860,2024-12-16,40.8454999,-73.9437187,3,0,2.0,,1,0,0.0,0.0,0.0,0.0,0.0,51,-0.1416105093871293,0.9899224533422392,3.407142857142857,26.6,65.35119047619048,30.0,1023.2791666666666,missing,secondary
13768792993,2024-12-16,40.8464133,-73.9308888,3,0,1.0,,1,0,0.0,0.0,0.0,0.0,0.0,51,-0.1416105093871293,0.9899224533422392,3.407142857142857,26.6,65.35119047619048,30.0,1023.2791666666666,missing,motorway_link
13768867401,2024-12-16,40.8477391,-73.9311704,3,0,5.0,,1,0,0.0,0.0,0.0,0.0,0.0,51,-0.1416105093871293,0.9899224533422392,3.407142857142857,26.6,65.35119047619048,30.0,1023.2791666666666,missing,secondary
13768867418,2024-12-16,40.838738,-73.9334486,3,0,2.0,40.0,1,0,0.0,0.0,0.0,0.0,0.0,51,-0.1416105093871293,0.9899224533422392,3.407142857142857,26.6,65.35119047619048,30.0,1023.2791666666666,missing,motorway
13768867450,2024-12-16,40.8454745,-73.930546,3,0,2.0,,1,0,0.0,0.0,0.0,0.0,0.0,51,-0.1416105093871293,0.9899224533422392,3.407142857142857,26.6,65.35119047619048,30.0,1023.2791666666666,missing,motorway_link
1504153604,2024-12-16,40.8104994,-73.9619636,4,1,4.0,25.0,1,0,0.0,0.0,0.0,0.0,0.0,13,-0.1416105093871293,0.9899224533422392,3.407142857142857,26.6,65.35119047619048,30.0,1023.2791666666666,traffic_signals,primary
1504153626,2024-12-16,40.8093443,-73.959211,4,1,3.0,,0,0,0.0,1.0,0.0,1.0,0.0,7,-0.1416105093871293,0.9899224533422392,3.407142857142857,26.6,65.35119047619048,30.0,1023.2791666666666,traffic_signals,secondary
1506445711,2024-12-16,40.8055262,-73.9620084,4,1,3.0,,1,0,0.0,1.0,0.0,0.0,0.0,7,-0.1416105093871293,0.9899224533422392,3.407142857142857,26.6,65.35119047619048,30.0,1023.2791666666666,traffic_signals,secondary
1506445762,2024-12-16,40.807987,-73.9638012,3,1,4.0,25.0,1,0,0.0,0.0,0.0,0.0,0.0,9,-0.1416105093871293,0.9899224533422392,3.407142857142857,26.6,65.35119047619048,30.0,1023.2791666666666,traffic_signals,primary
1506445789,2024-12-16,40.8080286,-73.9579584,3,0,2.0,25.0,1,0,0.0,0.0,0.0,0.0,0.0,51,-0.1416105093871293,0.9899224533422392,3.407142857142857,26.6,65.35119047619048,30.0,1023.2791666666666,missing,tertiary
1506445797,2024-12-16,40.8082601,-73.96657,3,1,2.0,,1,0,0.0,0.0,0.0,0.0,0.0,51,-0.1416105093871293,0.9899224533422392,3.407142857142857,26.6,65.35119047619048,30.0,1023.2791666666666,traffic_signals,secondary
1506445808,2024-12-16,40.8047876,-73.9661339,4,1,4.0,,1,0,0.0,0.0,0.0,0.0,0.0,51,-0.1416105093871293,0.9899224533422392,3.407142857142857,26.6,65.35119047619048,30.0,1023.2791666666666,traffic_signals,primary
1506445821,2024-12-16,40.8061125,-73.95936,3,1,2.0,25.0,0,0,0.0,0.0,0.0,0.0,0.0,51,-0.1416105093871293,0.9899224533422392,3.407142857142857,26.6,65.35119047619048,30.0,1023.2791666666666,traffic_signals,tertiary
1506445822,2024-12-16,40.8088597,-73.9658901,3,1,2.0,,1,0,0.0,0.0,0.0,0.0,0.0,51,-0.1416105093871293,0.9899224533422392,3.407142857142857,26.6,65.35119047619048,30.0,1023.2791666666666,traffic_signals,secondary
1506591534,2024-12-16,40.8118836,-73.9612283,4,1,3.0,,1,0,0.0,0.0,0.0,0.0,0.0,51,-0.1416105093871293,0.9899224533422392,3.407142857142857,26.6,65.35119047619048,30.0,1023.2791666666666,traffic_signals,primary
1506591536,2024-12-16,40.8105801,-73.9621587,4,1,4.0,25.0,1,0,0.0,0.0,0.0,0.0,0.0,51,-0.1416105093871293,0.9899224533422392,3.407142857142857,26.6,65.35119047619048,30.0,1023.2791666666666,traffic_signals,primary
1506599377,2024-12-16,40.8124135,-73.9605437,3,0,,,1,0,0.0,0.0,0.0,0.0,0.0,51,-0.1416105093871293,0.9899224533422392,3.407142857142857,26.6,65.35119047619048,30.0,1023.2791666666666,missing,primary
1506599378,2024-12-16,40.8117893,-73.9610036,4,1,3.0,,1,0,0.0,0.0,0.0,0.0,0.0,8,-0.1416105093871293,0.9899224533422392,3.407142857142857,26.6,65.35119047619048,30.0,1023.2791666666666,traffic_signals,primary
1533280147,2024-12-16,40.7546303,-73.997161,4,1,3.0,25.0,1,0,1.0,1.0,0.0,0.0,0.0,2,-0.1416105093871293,0.9899224533422392,3.407142857142857,26.6,65.35119047619048,30.0,1023.2791666666666,traffic_signals,primary
1538237248,2024-12-16,40.7099123,-74.0060881,4,0,1.0,20.0,1,0,0.0,0.0,0.0,0.0,0.0,51,-0.1416105093871293,0.9899224533422392,3.407142857142857,26.6,65.35119047619048,30.0,1023.2791666666666,missing,residential
1538237325,2024-12-16,40.7089774,-73.9978326,3,0,3.0,20.0,1,0,0.0,0.0,0.0,0.0,0.0,51,-0.1416105093871293,0.9899224533422392,3.407142857142857,26.6,65.35119047619048,30.0,1023.2791666666666,missing,primary
1538237434,2024-12-16,40.710588,-74.0073814,4,0,1.0,20.0,1,0,0.0,0.0,0.0,0.0,0.0,51,-0.1416105093871293,0.9899224533422392,3.407142857142857,26.6,65.35119047619048,30.0,1023.2791666666666,missing,residential
1544782721,2024-12-16,40.8742871,-73.910359,3,0,2.0,,1,0,0.0,0.0,0.0,0.0,0.0,51,-0.1416105093871293,0.9899224533422392,3.407142857142857,26.6,65.35119047619048,30.0,1023.2791666666666,missing,primary
1544782730,2024-12-16,40.8757242,-73.9083295,4,0,2.0,,1,0,0.0,0.0,0.0,0.0,0.0,51,-0.1416105093871293,0.9899224533422392,3.407142857142857,26.6,65.35119047619048,30.0,1023.2791666666666,missing,primary
1544809872,2024-12-16,40.8723563,-73.9128142,3,1,2.0,,1,0,1.0,1.0,1.0,0.0,1.0,1,-0.1416105093871293,0.9899224533422392,3.407142857142857,26.6,65.35119047619048,30.0,1023.2791666666666,traffic_signals,primary
1544809882,2024-12-16,40.8729372,-73.9118281,3,0,2.0,,1,0,0.0,0.0,0.0,0.0,0.0,51,-0.1416105093871293,0.9899224533422392,3.407142857142857,26.6,65.35119047619048,30.0,1023.2791666666666,missing,primary
1544809885,2024-12-16,40.871216,-73.9141154,4,1,2.0,,1,0,0.0,1.0,0.0,0.0,0.0,5,-0.1416105093871293,0.9899224533422392,3.407142857142857,26.6,65.35119047619048,30.0,1023.2791666666666,traffic_signals,primary
1544809886,2024-12-16,40.8707672,-73.9146859,3,0,4.0,,1,0,0.0,0.0,0.0,0.0,0.0,51,-0.1416105093871293,0.9899224533422392,3.407142857142857,26.6,65.35119047619048,30.0,1023.2791666666666,missing,primary
1544809889,2024-12-16,40.8728468,-73.9119097,3,0,2.0,,1,0,0.0,0.0,0.0,0.0,0.0,51,-0.1416105093871293,0.9899224533422392,3.407142857142857,26.6,65.35119047619048,30.0,1023.2791666666666,missing,primary
1544809891,2024-12-16,40.8746718,-73.9097899,4,1,2.0,,1,0,0.0,0.0,0.0,0.0,0.0,51,-0.1416105093871293,0.9899224533422392,3.407142857142857,26.6,65.35119047619048,30.0,1023.2791666666666,traffic_signals,primary
1545097381,2024-12-16,40.8765528,-73.9128027,3,0,1.0,,1,0,0.0,0.0,0.0,0.0,0.0,51,-0.1416105093871293,0.9899224533422392,3.407142857142857,26.6,65.35119047619048,30.0,1023.2791666666666,missing,residential
1632878962,2024-12-16,40.7390301,-73.9735586,3,0,1.0,25.0,1,0,0.0,2.0,0.0,0.0,0.0,6,-0.1416105093871293,0.9899224533422392,3.407142857142857,26.6,65.35119047619048,30.0,1023.2791666666666,missing,residential
1632878994,2024-12-16,40.7401752,-73.9761435,3,0,4.0,25.0,1,0,0.0,0.0,0.0,0.0,0.0,51,-0.1416105093871293,0.9899224533422392,3.407142857142857,26.6,65.35119047619048,30.0,1023.2791666666666,missing,primary
1672106382,2024-12-16,40.7750338,-73.9907549,3,0,2.0,25.0,1,0,0.0,0.0,0.0,0.0,0.0,51,-0.1416105093871293,0.9899224533422392,3.407142857142857,26.6,65.35119047619048,30.0,1023.2791666666666,stop,residential
1672106385,2024-12-16,40.7739898,-73.990255,3,0,2.0,25.0,1,0,0.0,0.0,0.0,0.0,0.0,51,-0.1416105093871293,0.9899224533422392,3.407142857142857,26.6,65.35119047619048,30.0,1023.2791666666666,stop,residential
1692433907,2024-12-16,40.7252555,-73.9922705,4,0,3.0,25.0,1,0,0.0,0.0,0.0,0.0,0.0,19,-0.1416105093871293,0.9899224533422392,3.407142857142857,26.6,65.35119047619048,30.0,1023.2791666666666,missing,primary
1692433911,2024-12-16,40.7256521,-73.993755,3,0,1.0,25.0,1,0,0.0,0.0,0.0,0.0,0.0,8,-0.1416105093871293,0.9899224533422392,3.407142857142857,26.6,65.35119047619048,30.0,1023.2791666666666,missing,residential
1692433914,2024-12-16,40.7258473,-73.9944754,3,0,1.0,25.0,1,0,0.0,0.0,0.0,0.0,0.0,51,-0.1416105093871293,0.9899224533422392,3.407142857142857,26.6,65.35119047619048,30.0,1023.2791666666666,missing,residential
1692433916,2024-12-16,40.7259268,-73.9946467,4,0,2.0,25.0,1,1,1.0,1.0,1.0,0.0,0.0,0,-0.1416105093871293,0.9899224533422392,3.407142857142857,26.6,65.35119047619048,30.0,1023.2791666666666,missing,secondary
1692433918,2024-12-16,40.7261371,-73.9950679,3,0,1.0,25.0,1,0,0.0,0.0,0.0,0.0,0.0,13,-0.1416105093871293,0.9899224533422392,3.407142857142857,26.6,65.35119047619048,30.0,1023.2791666666666,missing,residential
1692433919,2024-12-16,40.7265283,-73.9958473,4,1,3.0,25.0,1,0,1.0,2.0,0.0,1.0,0.0,3,-0.1416105093871293,0.9899224533422392,3.407142857142857,26.6,65.35119047619048,30.0,1023.2791666666666,traffic_signals,primary
1692433920,2024-12-16,40.7269315,-73.9966626,4,0,1.0,25.0,1,0,0.0,0.0,0.0,0.0,0.0,8,-0.1416105093871293,0.9899224533422392,3.407142857142857,26.6,65.35119047619048,30.0,1023.2791666666666,missing,residential
1692433924,2024-12-16,40.7276837,-73.9981746,3,0,1.0,25.0,1,0,0.0,0.0,0.0,0.0,0.0,51,-0.1416105093871293,0.9899224533422392,3.407142857142857,26.6,65.35119047619048,30.0,1023.2791666666666,missing,residential
1692433928,2024-12-16,40.7280695,-73.9989542,4,1,2.0,25.0,1,0,1.0,1.0,1.0,0.0,1.0,3,-0.1416105093871293,0.9899224533422392,3.407142857142857,26.6,65.35119047619048,30.0,1023.2791666666666,traffic_signals,residential
1692433932,2024-12-16,40.7284251,-73.9996723,4,1,1.0,25.0,1,0,0.0,0.0,0.0,0.0,0.0,29,-0.1416105093871293,0.9899224533422392,3.407142857142857,26.6,65.35119047619048,30.0,1023.2791666666666,traffic_signals,residential
1692433935,2024-12-16,40.7288005,-74.0004308,4,1,1.0,25.0,1,0,0.0,0.0,0.0,0.0,0.0,12,-0.1416105093871293,0.9899224533422392,3.407142857142857,26.6,65.35119047619048,30.0,1023.2791666666666,traffic_signals,residential
1692433938,2024-12-16,40.7291698,-74.001188,4,1,1.0,25.0,1,0,0.0,0.0,0.0,0.0,0.0,15,-0.1416105093871293,0.9899224533422392,3.407142857142857,26.6,65.35119047619048,30.0,1023.2791666666666,traffic_signals,residential
1692433939,2024-12-16,40.7299869,-74.0004979,3,0,1.0,25.0,1,0,0.0,0.0,0.0,0.0,0.0,22,-0.1416105093871293,0.9899224533422392,3.407142857142857,26.6,65.35119047619048,30.0,1023.2791666666666,missing,residential
1692433940,2024-12-16,40.7304314,-74.0001225,4,1,1.0,25.0,1,0,1.0,1.0,1.0,0.0,0.0,3,-0.1416105093871293,0.9899224533422392,3.407142857142857,26.6,65.35119047619048,30.0,1023.2791666666666,traffic_signals,residential
1692433941,2024-12-16,40.7310432,-73.9996039,4,1,1.0,25.0,1,0,0.0,1.0,0.0,0.0,0.0,4,-0.1416105093871293,0.9899224533422392,3.407142857142857,26.6,65.35119047619048,30.0,1023.2791666666666,traffic_signals,residential
1692433942,2024-12-16,40.731625,-73.9991088,3,0,1.0,25.0,1,0,0.0,0.0,0.0,0.0,0.0,51,-0.1416105093871293,0.9899224533422392,3.407142857142857,26.6,65.35119047619048,30.0,1023.2791666666666,missing,residential
1692450029,2024-12-16,40.7366125,-73.9818366,4,0,4.0,25.0,1,0,1.0,2.0,0.0,0.0,0.0,1,-0.1416105093871293,0.9899224533422392,3.407142857142857,26.6,65.35119047619048,30.0,1023.2791666666666,missing,primary
1701844605,2024-12-16,40.747421,-73.9762306,3,0,4.0,25.0,1,0,0.0,0.0,0.0,0.0,0.0,15,-0.1416105093871293,0.9899224533422392,3.407142857142857,26.6,65.35119047619048,30.0,1023.2791666666666,missing,secondary
1701844618,2024-12-16,40.7522461,-74.0008579,3,0,4.0,25.0,1,0,0.0,0.0,0.0,0.0,0.0,51,-0.1416105093871293,0.9899224533422392,3.407142857142857,26.6,65.35119047619048,30.0,1023.2791666666666,missing,primary
1701844664,2024-12-16,40.7475579,-73.96877,3,0,2.0,25.0,1,0,1.0,1.0,0.0,0.0,0.0,1,-0.1416105093871293,0.9899224533422392,3.407142857142857,26.6,65.35119047619048,30.0,1023.2791666666666,missing,primary
1701844670,2024-12-16,40.7471651,-73.9758381,3,0,2.0,,1,0,0.0,0.0,0.0,0.0,0.0,51,-0.1416105093871293,0.9899224533422392,3.407142857142857,26.6,65.35119047619048,30.0,1023.2791666666666,missing,motorway_link
1701844698,2024-12-16,40.747991,-73.9703956,3,0,3.0,25.0,1,0,0.0,0.0,0.0,0.0,0.0,51,-0.1416105093871293,0.9899224533422392,3.407142857142857,26.6,65.35119047619048,30.0,1023.2791666666666,missing,primary
1705982030,2024-12-16,40.8028555,-73.952687,3,0,3.0,25.0,1,0,0.0,0.0,0.0,0.0,0.0,51,-0.1416105093871293,0.9899224533422392,3.407142857142857,26.6,65.35119047619048,30.0,1023.2791666666666,missing,primary
1733614298,2024-12-16,40.7766527,-73.9830397,3,1,3.0,25.0,1,0,0.0,0.0,0.0,0.0,0.0,51,-0.1416105093871293,0.9899224533422392,3.407142857142857,26.6,65.35119047619048,30.0,1023.2791666666666,traffic_signals,primary
1762221470,2024-12-16,40.8555496,-73.929178,4,1,,,1,0,0.0,0.0,0.0,0.0,0.0,35,-0.1416105093871293,0.9899224533422392,3.407142857142857,26.6,65.35119047619048,30.0,1023.2791666666666,traffic_signals,secondary
1763608189,2024-12-16,40.8553918,-73.9377494,3,0,,20.0,1,0,0.0,1.0,0.0,0.0,0.0,6,-0.1416105093871293,0.9899224533422392,3.407142857142857,26.6,65.35119047619048,30.0,1023.2791666666666,missing,residential
1763748995,2024-12-16,40.8634843,-73.9197437,3,0,2.0,,1,0,0.0,0.0,0.0,0.0,0.0,40,-0.1416105093871293,0.9899224533422392,3.407142857142857,26.6,65.35119047619048,30.0,1023.2791666666666,missing,primary
1763749977,2024-12-16,40.8621837,-73.9299945,3,1,4.0,,1,0,0.0,0.0,0.0,0.0,0.0,51,-0.1416105093871293,0.9899224533422392,3.407142857142857,26.6,65.35119047619048,30.0,1023.2791666666666,traffic_signals,primary
1763787328,2024-12-16,40.8668062,-73.9309132,3,0,2.0,,1,0,0.0,0.0,0.0,0.0,0.0,51,-0.1416105093871293,0.9899224533422392,3.407142857142857,26.6,65.35119047619048,30.0,1023.2791666666666,missing,primary
1764400286,2024-12-16,40.8616359,-73.9247646,5,1,3.0,,1,0,0.0,0.0,0.0,0.0,0.0,51,-0.1416105093871293,0.9899224533422392,3.407142857142857,26.6,65.35119047619048,30.0,1023.2791666666666,traffic_signals,primary
1764400288,2024-12-16,40.8618235,-73.9241374,3,0,4.0,,1,0,0.0,0.0,0.0,0.0,0.0,51,-0.1416105093871293,0.9899224533422392,3.407142857142857,26.6,65.35119047619048,30.0,1023.2791666666666,missing,primary
1764400297,2024-12-16,40.8612972,-73.9255794,3,0,4.0,,1,0,0.0,0.0,0.0,0.0,0.0,51,-0.1416105093871293,0.9899224533422392,3.407142857142857,26.6,65.35119047619048,30.0,1023.2791666666666,crossing,primary
1764400300,2024-12-16,40.8614188,-73.9251086,3,0,2.0,,1,0,0.0,0.0,0.0,0.0,0.0,39,-0.1416105093871293,0.9899224533422392,3.407142857142857,26.6,65.35119047619048,30.0,1023.2791666666666,missing,primary
1764400302,2024-12-16,40.8614596,-73.924641,3,1,3.0,,1,0,0.0,0.0,0.0,0.0,0.0,51,-0.1416105093871293,0.9899224533422392,3.407142857142857,26.6,65.35119047619048,30.0,1023.2791666666666,traffic_signals,primary
1764400304,2024-12-16,40.8619107,-73.9239021,3,0,4.0,,1,0,0.0,0.0,0.0,0.0,0.0,51,-0.1416105093871293,0.9899224533422392,3.407142857142857,26.6,65.35119047619048,30.0,1023.2791666666666,missing,primary
1764424345,2024-12-16,40.8589802,-73.9229261,4,1,3.0,40.0,1,0,0.0,1.0,0.0,0.0,0.0,7,-0.1416105093871293,0.9899224533422392,3.407142857142857,26.6,65.35119047619048,30.0,1023.2791666666666,traffic_signals,motorway
1764626357,2024-12-16,40.8632348,-73.9197718,3,0,1.0,,1,0,0.0,0.0,0.0,0.0,0.0,51,-0.1416105093871293,0.9899224533422392,3.407142857142857,26.6,65.35119047619048,30.0,1023.2791666666666,missing,primary
1764647101,2024-12-16,40.8625988,-73.929954,3,0,4.0,,1,0,0.0,0.0,0.0,0.0,0.0,51,-0.1416105093871293,0.9899224533422392,3.407142857142857,26.6,65.35119047619048,30.0,1023.2791666666666,missing,primary
1764647103,2024-12-16,40.8623213,-73.9294361,4,0,2.0,,1,0,0.0,0.0,0.0,0.0,0.0,11,-0.1416105093871293,0.9899224533422392,3.407142857142857,26.6,65.35119047619048,30.0,1023.2791666666666,missing,secondary
1772136801,2024-12-16,40.7048009,-74.0164093,3,0,3.0,20.0,1,0,0.0,0.0,0.0,0.0,0.0,51,-0.1416105093871293,0.9899224533422392,3.407142857142857,26.6,65.35119047619048,30.0,1023.2791666666666,missing,primary
1772136810,2024-12-16,40.7048354,-74.0156504,3,0,3.0,20.0,1,0,0.0,0.0,0.0,0.0,0.0,28,-0.1416105093871293,0.9899224533422392,3.407142857142857,26.6,65.35119047619048,30.0,1023.2791666666666,missing,primary
1773055865,2024-12-16,40.7135233,-73.9986438,5,0,3.0,20.0,1,0,1.0,2.0,1.0,0.0,0.0,1,-0.1416105093871293,0.9899224533422392,3.407142857142857,26.6,65.35119047619048,30.0,1023.2791666666666,missing,primary
1773060099,2024-12-16,40.7137811,-73.9980743,3,0,3.0,20.0,1,0,0.0,0.0,0.0,0.0,0.0,51,-0.1416105093871293,0.9899224533422392,3.407142857142857,26.6,65.35119047619048,30.0,1023.2791666666666,missing,primary
1773063787,2024-12-16,40.7146392,-73.9971724,3,0,2.0,20.0,1,0,1.0,2.0,0.0,0.0,0.0,3,-0.1416105093871293,0.9899224533422392,3.407142857142857,26.6,65.35119047619048,30.0,1023.2791666666666,missing,primary
1773063789,2024-12-16,40.715064,-73.9968672,4,0,2.0,20.0,1,0,0.0,0.0,0.0,0.0,0.0,51,-0.1416105093871293,0.9899224533422392,3.407142857142857,26.6,65.35119047619048,30.0,1023.2791666666666,missing,primary
1773066054,2024-12-16,40.7140953,-73.997428,4,0,2.0,20.0,1,0,0.0,0.0,0.0,0.0,0.0,27,-0.1416105093871293,0.9899224533422392,3.407142857142857,26.6,65.35119047619048,30.0,1023.2791666666666,missing,primary
1773076509,2024-12-16,40.7209449,-73.9937437,3,0,2.0,25.0,1,1,1.0,1.0,0.0,0.0,0.0,0,-0.1416105093871293,0.9899224533422392,3.407142857142857,26.6,65.35119047619048,30.0,1023.2791666666666,missing,primary
1773076511,2024-12-16,40.7203018,-73.9939937,5,0,4.0,25.0,1,0,1.0,3.0,3.0,1.0,0.0,1,-0.1416105093871293,0.9899224533422392,3.407142857142857,26.6,65.35119047619048,30.0,1023.2791666666666,missing,primary
1773076513,2024-12-16,40.719822,-73.9942459,3,0,4.0,25.0,1,0,0.0,0.0,0.0,0.0,0.0,19,-0.1416105093871293,0.9899224533422392,3.407142857142857,26.6,65.35119047619048,30.0,1023.2791666666666,missing,primary
1773076778,2024-12-16,40.7216253,-73.9934835,4,0,2.0,25.0,1,0,0.0,0.0,0.0,0.0,0.0,10,-0.1416105093871293,0.9899224533422392,3.407142857142857,26.6,65.35119047619048,30.0,1023.2791666666666,missing,primary
1773078006,2024-12-16,40.7223465,-73.9932156,3,0,2.0,25.0,1,0,1.0,1.0,0.0,0.0,0.0,2,-0.1416105093871293,0.9899224533422392,3.407142857142857,26.6,65.35119047619048,30.0,1023.2791666666666,missing,primary
1773082408,2024-12-16,40.7228061,-73.9930344,4,0,3.0,25.0,1,0,1.0,1.0,0.0,0.0,0.0,1,-0.1416105093871293,0.9899224533422392,3.407142857142857,26.6,65.35119047619048,30.0,1023.2791666666666,missing,primary
1773082410,2024-12-16,40.7241972,-73.9925309,4,0,3.0,25.0,1,0,0.0,0.0,0.0,0.0,0.0,51,-0.1416105093871293,0.9899224533422392,3.407142857142857,26.6,65.35119047619048,30.0,1023.2791666666666,missing,primary
1773084391,2024-12-16,40.7252265,-73.9921682,3,0,2.0,25.0,1,0,0.0,0.0,0.0,0.0,0.0,51,-0.1416105093871293,0.9899224533422392,3.407142857142857,26.6,65.35119047619048,30.0,1023.2791666666666,missing,primary
1773084402,2024-12-16,40.7270874,-73.9915502,5,1,5.0,25.0,1,0,0.0,0.0,0.0,0.0,0.0,26,-0.1416105093871293,0.9899224533422392,3.407142857142857,26.6,65.35119047619048,30.0,1023.2791666666666,traffic_signals,primary
1773084405,2024-12-16,40.726382,-73.9917495,4,0,2.0,25.0,1,1,2.0,4.0,2.0,1.0,0.0,0,-0.1416105093871293,0.9899224533422392,3.407142857142857,26.6,65.35119047619048,30.0,1023.2791666666666,missing,primary
1773084407,2024-12-16,40.7256286,-73.9920249,4,0,2.0,25.0,1,0,0.0,0.0,0.0,0.0,0.0,14,-0.1416105093871293,0.9899224533422392,3.407142857142857,26.6,65.35119047619048,30.0,1023.2791666666666,missing,primary
1773084410,2024-12-16,40.7248855,-73.9922896,4,0,2.0,25.0,1,0,0.0,0.0,0.0,0.0,0.0,14,-0.1416105093871293,0.9899224533422392,3.407142857142857,26.6,65.35119047619048,30.0,1023.2791666666666,missing,primary
1773121034,2024-12-16,40.7277529,-73.9912289,3,0,5.0,25.0,1,0,0.0,0.0,0.0,0.0,0.0,33,-0.1416105093871293,0.9899224533422392,3.407142857142857,26.6,65.35119047619048,30.0,1023.2791666666666,missing,primary
1775176473,2024-12-16,40.7609647,-73.9640978,3,0,6.0,25.0,1,0,0.0,0.0,0.0,0.0,0.0,51,-0.1416105093871293,0.9899224533422392,3.407142857142857,26.6,65.35119047619048,30.0,1023.2791666666666,missing,primary
1775176474,2024-12-16,40.7606483,-73.9631118,3,0,2.0,25.0,1,0,0.0,0.0,0.0,0.0,0.0,51,-0.1416105093871293,0.9899224533422392,3.407142857142857,26.6,65.35119047619048,30.0,1023.2791666666666,motorway_junction,trunk
1775201764,2024-12-16,40.7608253,-73.9628962,4,1,3.0,25.0,1,0,0.0,0.0,0.0,0.0,0.0,51,-0.1416105093871293,0.9899224533422392,3.407142857142857,26.6,65.35119047619048,30.0,1023.2791666666666,traffic_signals,secondary
1775260897,2024-12-16,40.7164189,-73.9947504,3,0,3.0,25.0,1,0,0.0,0.0,0.0,0.0,0.0,48,-0.1416105093871293,0.9899224533422392,3.407142857142857,26.6,65.35119047619048,30.0,1023.2791666666666,missing,secondary
1815133244,2024-12-16,40.7653658,-73.9875752,4,1,3.0,,1,0,0.0,0.0,0.0,0.0,0.0,29,-0.1416105093871293,0.9899224533422392,3.407142857142857,26.6,65.35119047619048,30.0,1023.2791666666666,traffic_signals,primary
1825841655,2024-12-16,40.7683054,-73.9822632,3,0,4.0,25.0,1,0,0.0,0.0,0.0,0.0,0.0,10,-0.1416105093871293,0.9899224533422392,3.407142857142857,26.6,65.35119047619048,30.0,1023.2791666666666,missing,primary
1825841693,2024-12-16,40.7676843,-73.9817558,3,0,3.0,25.0,1,0,0.0,0.0,0.0,0.0,0.0,51,-0.1416105093871293,0.9899224533422392,3.407142857142857,26.6,65.35119047619048,30.0,1023.2791666666666,missing,primary
1825841704,2024-12-16,40.7677052,-73.982087,3,1,4.0,25.0,1,0,0.0,0.0,0.0,0.0,0.0,12,-0.1416105093871293,0.9899224533422392,3.407142857142857,26.6,65.35119047619048,30.0,1023.2791666666666,traffic_signals,primary
1825841742,2024-12-16,40.7683994,-73.9816789,3,0,4.0,25.0,1,0,0.0,0.0,0.0,0.0,0.0,35,-0.1416105093871293,0.9899224533422392,3.407142857142857,26.6,65.35119047619048,30.0,1023.2791666666666,missing,primary
1825841743,2024-12-16,40.7676746,-73.9818824,3,0,4.0,25.0,1,0,0.0,0.0,0.0,0.0,0.0,51,-0.1416105093871293,0.9899224533422392,3.407142857142857,26.6,65.35119047619048,30.0,1023.2791666666666,missing,primary
1905863520,2024-12-16,40.812727,-73.949301,4,1,4.0,25.0,1,1,1.0,1.0,0.0,0.0,0.0,0,-0.1416105093871293,0.9899224533422392,3.407142857142857,26.6,65.35119047619048,30.0,1023.2791666666666,traffic_signals,secondary
1918039864,2024-12-16,40.7240936,-73.9926973,4,0,3.0,25.0,1,2,3.0,3.0,2.0,1.0,0.0,0,-0.1416105093871293,0.9899224533422392,3.407142857142857,26.6,65.35119047619048,30.0,1023.2791666666666,missing,primary
1918039869,2024-12-16,40.7248899,-73.9949482,4,1,3.0,25.0,1,0,0.0,0.0,0.0,0.0,0.0,20,-0.1416105093871293,0.9899224533422392,3.407142857142857,26.6,65.35119047619048,30.0,1023.2791666666666,traffic_signals,primary
1918039876,2024-12-16,40.7231118,-73.989434,3,0,3.0,25.0,1,0,0.0,0.0,0.0,0.0,0.0,26,-0.1416105093871293,0.9899224533422392,3.407142857142857,26.6,65.35119047619048,30.0,1023.2791666666666,missing,primary
1918039877,2024-12-16,40.7236015,-73.9910751,4,0,6.0,25.0,1,0,0.0,0.0,0.0,0.0,0.0,30,-0.1416105093871293,0.9899224533422392,3.407142857142857,26.6,65.35119047619048,30.0,1023.2791666666666,missing,primary
1918039880,2024-12-16,40.7251622,-73.9958807,4,1,3.0,25.0,1,0,0.0,0.0,0.0,0.0,0.0,51,-0.1416105093871293,0.9899224533422392,3.407142857142857,26.6,65.35119047619048,30.0,1023.2791666666666,traffic_signals,primary
1918039896,2024-12-16,40.7233719,-73.9902968,4,0,2.0,25.0,1,0,0.0,0.0,0.0,0.0,0.0,51,-0.1416105093871293,0.9899224533422392,3.407142857142857,26.6,65.35119047619048,30.0,1023.2791666666666,missing,primary
1918039897,2024-12-16,40.7250344,-73.9953692,4,1,3.0,25.0,1,0,1.0,1.0,0.0,0.0,0.0,1,-0.1416105093871293,0.9899224533422392,3.407142857142857,26.6,65.35119047619048,30.0,1023.2791666666666,traffic_signals,primary
1918039898,2024-12-16,40.7243691,-73.9934855,4,1,3.0,25.0,1,0,0.0,0.0,0.0,0.0,0.0,12,-0.1416105093871293,0.9899224533422392,3.407142857142857,26.6,65.35119047619048,30.0,1023.2791666666666,traffic_signals,primary
1918039901,2024-12-16,40.7246266,-73.994208,4,1,3.0,25.0,1,0,0.0,0.0,0.0,0.0,0.0,20,-0.1416105093871293,0.9899224533422392,3.407142857142857,26.6,65.35119047619048,30.0,1023.2791666666666,traffic_signals,primary
1918039904,2024-12-16,40.7240553,-73.9925739,4,0,3.0,25.0,1,0,1.0,1.0,0.0,0.0,0.0,1,-0.1416105093871293,0.9899224533422392,3.407142857142857,26.6,65.35119047619048,30.0,1023.2791666666666,missing,primary
1919595910,2024-12-16,40.7216715,-73.9847057,4,0,2.0,25.0,1,0,0.0,0.0,0.0,0.0,0.0,32,-0.1416105093871293,0.9899224533422392,3.407142857142857,26.6,65.35119047619048,30.0,1023.2791666666666,missing,primary
1919595911,2024-12-16,40.7224119,-73.9871601,4,1,2.0,25.0,1,0,0.0,1.0,0.0,0.0,0.0,5,-0.1416105093871293,0.9899224533422392,3.407142857142857,26.6,65.35119047619048,30.0,1023.2791666666666,traffic_signals,primary
1919595912,2024-12-16,40.7211632,-73.9830269,4,1,2.0,25.0,1,0,0.0,0.0,0.0,0.0,0.0,45,-0.1416105093871293,0.9899224533422392,3.407142857142857,26.6,65.35119047619048,30.0,1023.2791666666666,traffic_signals,primary
1919595914,2024-12-16,40.7226441,-73.9879176,4,0,2.0,25.0,1,0,0.0,0.0,0.0,0.0,0.0,20,-0.1416105093871293,0.9899224533422392,3.407142857142857,26.6,65.35119047619048,30.0,1023.2791666666666,missing,primary
1919595915,2024-12-16,40.7253844,-73.9968134,4,1,3.0,25.0,1,0,1.0,1.0,0.0,0.0,0.0,1,-0.1416105093871293,0.9899224533422392,3.407142857142857,26.6,65.35119047619048,30.0,1023.2791666666666,traffic_signals,primary
1919595917,2024-12-16,40.726118,-73.998407,4,1,3.0,25.0,1,0,0.0,1.0,0.0,0.0,0.0,5,-0.1416105093871293,0.9899224533422392,3.407142857142857,26.6,65.35119047619048,30.0,1023.2791666666666,traffic_signals,primary
1919595918,2024-12-16,40.7272378,-74.0006749,4,1,3.0,25.0,1,0,0.0,0.0,0.0,0.0,0.0,47,-0.1416105093871293,0.9899224533422392,3.407142857142857,26.6,65.35119047619048,30.0,1023.2791666666666,traffic_signals,primary
1919595921,2024-12-16,40.7214151,-73.9838696,4,1,2.0,25.0,1,0,0.0,0.0,0.0,0.0,0.0,17,-0.1416105093871293,0.9899224533422392,3.407142857142857,26.6,65.35119047619048,30.0,1023.2791666666666,traffic_signals,primary
1919595922,2024-12-16,40.7207645,-73.9812727,4,1,2.0,25.0,1,0,1.0,1.0,0.0,0.0,0.0,1,-0.1416105093871293,0.9899224533422392,3.407142857142857,26.6,65.35119047619048,30.0,1023.2791666666666,traffic_signals,primary
1919595923,2024-12-16,40.7209056,-73.9821814,4,0,2.0,25.0,1,0,0.0,0.0,0.0,0.0,0.0,11,-0.1416105093871293,0.9899224533422392,3.407142857142857,26.6,65.35119047619048,30.0,1023.2791666666666,missing,primary
1919595924,2024-12-16,40.7219214,-73.9855447,4,0,2.0,25.0,1,0,0.0,1.0,0.0,0.0,0.0,6,-0.1416105093871293,0.9899224533422392,3.407142857142857,26.6,65.35119047619048,30.0,1023.2791666666666,missing,primary
1919595925,2024-12-16,40.7257539,-73.9976695,4,1,3.0,25.0,1,0,0.0,0.0,0.0,0.0,0.0,21,-0.1416105093871293,0.9899224533422392,3.407142857142857,26.6,65.35119047619048,30.0,1023.2791666666666,traffic_signals,primary
1919595926,2024-12-16,40.7264932,-73.9991668,4,0,3.0,25.0,1,0,0.0,0.0,0.0,0.0,0.0,51,-0.1416105093871293,0.9899224533422392,3.407142857142857,26.6,65.35119047619048,30.0,1023.2791666666666,missing,primary
1919595927,2024-12-16,40.7276175,-74.0014439,4,1,3.0,25.0,1,0,0.0,0.0,0.0,0.0,0.0,51,-0.1416105093871293,0.9899224533422392,3.407142857142857,26.6,65.35119047619048,30.0,1023.2791666666666,traffic_signals,primary
1919595928,2024-12-16,40.7279861,-74.0021905,4,1,3.0,25.0,1,0,0.0,0.0,0.0,0.0,0.0,17,-0.1416105093871293,0.9899224533422392,3.407142857142857,26.6,65.35119047619048,30.0,1023.2791666666666,traffic_signals,primary
1996323622,2024-12-16,40.7778592,-73.9819708,4,1,3.0,25.0,1,0,0.0,0.0,0.0,0.0,0.0,51,-0.1416105093871293,0.9899224533422392,3.407142857142857,26.6,65.35119047619048,30.0,1023.2791666666666,traffic_signals,primary
2029349871,2024-12-16,40.7954481,-73.9757989,4,1,2.0,25.0,1,0,0.0,0.0,0.0,0.0,0.0,51,-0.1416105093871293,0.9899224533422392,3.407142857142857,26.6,65.35119047619048,30.0,1023.2791666666666,traffic_signals,secondary
205019740,2024-12-16,40.7070267,-74.0016215,3,0,2.0,40.0,1,0,0.0,0.0,0.0,0.0,0.0,51,-0.1416105093871293,0.9899224533422392,3.407142857142857,26.6,65.35119047619048,30.0,1023.2791666666666,missing,motorway
205020852,2024-12-16,40.7020119,-74.0095892,3,0,3.0,40.0,1,0,0.0,0.0,0.0,0.0,0.0,51,-0.1416105093871293,0.9899224533422392,3.407142857142857,26.6,65.35119047619048,30.0,1023.2791666666666,motorway_junction,motorway
205025778,2024-12-16,40.7087705,-73.9992724,3,0,2.0,20.0,1,0,0.0,0.0,0.0,0.0,0.0,51,-0.1416105093871293,0.9899224533422392,3.407142857142857,26.6,65.35119047619048,30.0,1023.2791666666666,missing,secondary
2054405689,2024-12-16,40.7988273,-73.9212178,3,0,,,1,0,0.0,0.0,0.0,0.0,0.0,51,-0.1416105093871293,0.9899224533422392,3.407142857142857,26.6,65.35119047619048,30.0,1023.2791666666666,missing,unclassified
2061592973,2024-12-16,40.7722404,-73.9899959,4,1,4.0,25.0,1,0,0.0,0.0,0.0,0.0,0.0,51,-0.1416105093871293,0.9899224533422392,3.407142857142857,26.6,65.35119047619048,30.0,1023.2791666666666,traffic_signals,secondary
2075592658,2024-12-16,40.8392951,-73.9373385,3,1,3.0,,1,0,0.0,0.0,0.0,0.0,0.0,8,-0.1416105093871293,0.9899224533422392,3.407142857142857,26.6,65.35119047619048,30.0,1023.2791666666666,traffic_signals,secondary
2093008357,2024-12-16,40.8615058,-73.924849,4,0,2.0,,1,0,0.0,0.0,0.0,0.0,0.0,51,-0.1416105093871293,0.9899224533422392,3.407142857142857,26.6,65.35119047619048,30.0,1023.2791666666666,missing,primary
2099150501,2024-12-16,40.80389,-73.9461817,3,0,2.0,,1,0,0.0,1.0,0.0,0.0,0.0,6,-0.1416105093871293,0.9899224533422392,3.407142857142857,26.6,65.35119047619048,30.0,1023.2791666666666,missing,residential
2140997997,2024-12-16,40.8275879,-73.9357772,3,0,1.0,25.0,1,1,1.0,1.0,0.0,0.0,0.0,0,-0.1416105093871293,0.9899224533422392,3.407142857142857,26.6,65.35119047619048,30.0,1023.2791666666666,missing,secondary
2140997998,2024-12-16,40.8280388,-73.9348611,4,0,1.0,25.0,1,0,1.0,3.0,0.0,0.0,0.0,2,-0.1416105093871293,0.9899224533422392,3.407142857142857,26.6,65.35119047619048,30.0,1023.2791666666666,missing,primary
2141002590,2024-12-16,40.8258024,-73.9361454,3,0,2.0,25.0,1,0,0.0,0.0,0.0,0.0,0.0,51,-0.1416105093871293,0.9899224533422392,3.407142857142857,26.6,65.35119047619048,30.0,1023.2791666666666,missing,primary
2141002593,2024-12-16,40.8260626,-73.9358564,4,0,3.0,25.0,1,0,0.0,1.0,0.0,0.0,0.0,5,-0.1416105093871293,0.9899224533422392,3.407142857142857,26.6,65.35119047619048,30.0,1023.2791666666666,missing,tertiary
2141026491,2024-12-16,40.807009,-73.9496555,4,1,3.0,25.0,1,0,0.0,0.0,0.0,0.0,0.0,31,-0.1416105093871293,0.9899224533422392,3.407142857142857,26.6,65.35119047619048,30.0,1023.2791666666666,traffic_signals,primary
2141026492,2024-12-16,40.8044957,-73.9514846,4,1,2.0,25.0,1,0,0.0,1.0,0.0,0.0,0.0,7,-0.1416105093871293,0.9899224533422392,3.407142857142857,26.6,65.35119047619048,30.0,1023.2791666666666,traffic_signals,primary
2141026493,2024-12-16,40.8102335,-73.9472988,4,0,2.0,25.0,1,0,0.0,1.0,0.0,0.0,0.0,6,-0.1416105093871293,0.9899224533422392,3.407142857142857,26.6,65.35119047619048,30.0,1023.2791666666666,missing,primary
2141026494,2024-12-16,40.8146014,-73.9441122,4,1,2.0,25.0,1,1,2.0,2.0,4.0,0.0,0.0,0,-0.1416105093871293,0.9899224533422392,3.407142857142857,26.6,65.35119047619048,30.0,1023.2791666666666,traffic_signals,primary
2141026495,2024-12-16,40.8228991,-73.9380514,4,1,2.0,25.0,1,0,0.0,2.0,0.0,0.0,1.0,4,-0.1416105093871293,0.9899224533422392,3.407142857142857,26.6,65.35119047619048,30.0,1023.2791666666666,traffic_signals,primary
2141026496,2024-12-16,40.8209346,-73.9394886,4,1,2.0,25.0,1,1,1.0,1.0,0.0,0.0,0.0,0,-0.1416105093871293,0.9899224533422392,3.407142857142857,26.6,65.35119047619048,30.0,1023.2791666666666,traffic_signals,primary
2141026497,2024-12-16,40.8057431,-73.950577,4,1,2.0,25.0,1,0,0.0,0.0,0.0,0.0,0.0,26,-0.1416105093871293,0.9899224533422392,3.407142857142857,26.6,65.35119047619048,30.0,1023.2791666666666,traffic_signals,primary
2141026498,2024-12-16,40.8038654,-73.951949,4,1,3.0,25.0,1,0,0.0,0.0,0.0,0.0,0.0,21,-0.1416105093871293,0.9899224533422392,3.407142857142857,26.6,65.35119047619048,30.0,1023.2791666666666,traffic_signals,primary
2141026499,2024-12-16,40.7994068,-73.9552205,3,1,2.0,25.0,1,0,0.0,0.0,0.0,0.0,0.0,51,-0.1416105093871293,0.9899224533422392,3.407142857142857,26.6,65.35119047619048,30.0,1023.2791666666666,traffic_signals,primary
2141026500,2024-12-16,40.8000053,-73.9547684,4,1,2.0,25.0,1,0,0.0,0.0,0.0,0.0,0.0,51,-0.1416105093871293,0.9899224533422392,3.407142857142857,26.6,65.35119047619048,30.0,1023.2791666666666,traffic_signals,primary
2141026501,2024-12-16,40.8096148,-73.9477655,4,1,2.0,25.0,1,0,1.0,1.0,0.0,0.0,0.0,3,-0.1416105093871293,0.9899224533422392,3.407142857142857,26.6,65.35119047619048,30.0,1023.2791666666666,traffic_signals,primary
2141026502,2024-12-16,40.8203089,-73.9399427,4,1,2.0,25.0,1,0,0.0,0.0,0.0,0.0,0.0,23,-0.1416105093871293,0.9899224533422392,3.407142857142857,26.6,65.35119047619048,30.0,1023.2791666666666,traffic_signals,primary
2141026503,2024-12-16,40.8089395,-73.9482476,4,1,4.0,25.0,1,0,1.0,3.0,0.0,0.0,1.0,2,-0.1416105093871293,0.9899224533422392,3.407142857142857,26.6,65.35119047619048,30.0,1023.2791666666666,traffic_signals,primary
2141026504,2024-12-16,40.8051196,-73.9510272,4,1,2.0,25.0,1,0,0.0,0.0,0.0,0.0,0.0,51,-0.1416105093871293,0.9899224533422392,3.407142857142857,26.6,65.35119047619048,30.0,1023.2791666666666,traffic_signals,primary
2141026505,2024-12-16,40.8178179,-73.9417633,4,1,2.0,25.0,1,0,0.0,1.0,0.0,0.0,0.0,6,-0.1416105093871293,0.9899224533422392,3.407142857142857,26.6,65.35119047619048,30.0,1023.2791666666666,traffic_signals,primary
2141026506,2024-12-16,40.8031843,-73.9524444,4,1,3.0,25.0,1,0,0.0,0.0,0.0,0.0,0.0,24,-0.1416105093871293,0.9899224533422392,3.407142857142857,26.6,65.35119047619048,30.0,1023.2791666666666,traffic_signals,primary
2141026507,2024-12-16,40.8159452,-73.9431299,4,1,2.0,25.0,1,0,0.0,0.0,0.0,0.0,0.0,51,-0.1416105093871293,0.9899224533422392,3.407142857142857,26.6,65.35119047619048,30.0,1023.2791666666666,traffic_signals,primary
2141026508,2024-12-16,40.811481,-73.9463951,4,1,2.0,25.0,1,1,1.0,2.0,0.0,0.0,0.0,0,-0.1416105093871293,0.9899224533422392,3.407142857142857,26.6,65.35119047619048,30.0,1023.2791666666666,traffic_signals,primary
2141026509,2024-12-16,40.8241529,-73.937135,3,1,2.0,25.0,1,0,0.0,0.0,0.0,0.0,0.0,51,-0.1416105093871293,0.9899224533422392,3.407142857142857,26.6,65.35119047619048,30.0,1023.2791666666666,traffic_signals,primary
2141026510,2024-12-16,40.8063799,-73.9501152,4,1,3.0,25.0,1,0,0.0,1.0,0.0,1.0,0.0,7,-0.1416105093871293,0.9899224533422392,3.407142857142857,26.6,65.35119047619048,30.0,1023.2791666666666,traffic_signals,primary
2141026511,2024-12-16,40.8082629,-73.9487406,4,1,2.0,25.0,1,0,0.0,0.0,0.0,0.0,0.0,51,-0.1416105093871293,0.9899224533422392,3.407142857142857,26.6,65.35119047619048,30.0,1023.2791666666666,traffic_signals,primary
2141026513,2024-12-16,40.8121043,-73.9459364,4,1,2.0,25.0,1,0,1.0,1.0,0.0,0.0,0.0,3,-0.1416105093871293,0.9899224533422392,3.407142857142857,26.6,65.35119047619048,30.0,1023.2791666666666,traffic_signals,primary
2141026514,2024-12-16,40.8190607,-73.9408456,4,1,2.0,25.0,1,0,0.0,0.0,0.0,0.0,0.0,17,-0.1416105093871293,0.9899224533422392,3.407142857142857,26.6,65.35119047619048,30.0,1023.2791666666666,traffic_signals,primary
2141026515,2024-12-16,40.8139768,-73.9445691,4,1,2.0,25.0,1,0,0.0,0.0,0.0,0.0,0.0,13,-0.1416105093871293,0.9899224533422392,3.407142857142857,26.6,65.35119047619048,30.0,1023.2791666666666,traffic_signals,primary
2141026516,2024-12-16,40.8255672,-73.9361135,3,0,3.0,25.0,1,0,0.0,0.0,0.0,0.0,0.0,51,-0.1416105093871293,0.9899224533422392,3.407142857142857,26.6,65.35119047619048,30.0,1023.2791666666666,missing,primary
2141026518,2024-12-16,40.8216091,-73.9389915,4,1,4.0,25.0,1,0,0.0,0.0,0.0,0.0,0.0,43,-0.1416105093871293,0.9899224533422392,3.407142857142857,26.6,65.35119047619048,30.0,1023.2791666666666,traffic_signals,primary
2141026520,2024-12-16,40.818438,-73.9413096,4,1,2.0,25.0,1,0,0.0,0.0,0.0,0.0,0.0,40,-0.1416105093871293,0.9899224533422392,3.407142857142857,26.6,65.35119047619048,30.0,1023.2791666666666,traffic_signals,primary
2141026521,2024-12-16,40.8222778,-73.938504,4,1,2.0,25.0,1,0,0.0,0.0,0.0,0.0,0.0,51,-0.1416105093871293,0.9899224533422392,3.407142857142857,26.6,65.35119047619048,30.0,1023.2791666666666,traffic_signals,primary
2141026522,2024-12-16,40.8247731,-73.936687,3,1,2.0,25.0,1,0,0.0,0.0,0.0,0.0,0.0,51,-0.1416105093871293,0.9899224533422392,3.407142857142857,26.6,65.35119047619048,30.0,1023.2791666666666,traffic_signals,primary
2141026523,2024-12-16,40.8018838,-73.9533927,4,1,2.0,25.0,1,0,0.0,1.0,0.0,0.0,0.0,6,-0.1416105093871293,0.9899224533422392,3.407142857142857,26.6,65.35119047619048,30.0,1023.2791666666666,traffic_signals,primary
2141026524,2024-12-16,40.8108572,-73.9468491,4,0,2.0,25.0,1,0,0.0,0.0,0.0,0.0,0.0,51,-0.1416105093871293,0.9899224533422392,3.407142857142857,26.6,65.35119047619048,30.0,1023.2791666666666,missing,primary
2141026525,2024-12-16,40.8006259,-73.9543146,4,1,2.0,25.0,1,0,0.0,0.0,0.0,0.0,0.0,11,-0.1416105093871293,0.9899224533422392,3.407142857142857,26.6,65.35119047619048,30.0,1023.2791666666666,traffic_signals,primary
2141026532,2024-12-16,40.8152726,-73.9436204,4,1,4.0,25.0,1,0,0.0,0.0,0.0,0.0,0.0,19,-0.1416105093871293,0.9899224533422392,3.407142857142857,26.6,65.35119047619048,30.0,1023.2791666666666,traffic_signals,primary
2141026534,2024-12-16,40.8133573,-73.9450192,4,1,2.0,25.0,1,0,0.0,0.0,0.0,0.0,0.0,51,-0.1416105093871293,0.9899224533422392,3.407142857142857,26.6,65.35119047619048,30.0,1023.2791666666666,traffic_signals,primary
2141026536,2024-12-16,40.8196887,-73.9403912,4,1,2.0,25.0,1,0,1.0,1.0,1.0,0.0,0.0,2,-0.1416105093871293,0.9899224533422392,3.407142857142857,26.6,65.35119047619048,30.0,1023.2791666666666,traffic_signals,primary
2141026538,2024-12-16,40.8076346,-73.9491964,4,1,2.0,25.0,1,0,0.0,0.0,0.0,0.0,0.0,47,-0.1416105093871293,0.9899224533422392,3.407142857142857,26.6,65.35119047619048,30.0,1023.2791666666666,traffic_signals,primary
2141026540,2024-12-16,40.81656,-73.942676,4,1,2.0,25.0,1,0,0.0,0.0,0.0,0.0,0.0,36,-0.1416105093871293,0.9899224533422392,3.407142857142857,26.6,65.35119047619048,30.0,1023.2791666666666,traffic_signals,primary
2141026542,2024-12-16,40.8171915,-73.9422181,4,1,2.0,25.0,1,0,0.0,0.0,0.0,0.0,0.0,16,-0.1416105093871293,0.9899224533422392,3.407142857142857,26.6,65.35119047619048,30.0,1023.2791666666666,traffic_signals,primary
2141026544,2024-12-16,40.8012531,-73.9538486,4,1,2.0,25.0,1,0,0.0,0.0,0.0,0.0,0.0,51,-0.1416105093871293,0.9899224533422392,3.407142857142857,26.6,65.35119047619048,30.0,1023.2791666666666,traffic_signals,primary
2141026546,2024-12-16,40.8025132,-73.9529374,4,1,2.0,25.0,1,0,0.0,1.0,0.0,0.0,0.0,5,-0.1416105093871293,0.9899224533422392,3.407142857142857,26.6,65.35119047619048,30.0,1023.2791666666666,traffic_signals,primary
2141026548,2024-12-16,40.8235315,-73.9375898,3,1,2.0,25.0,1,0,0.0,0.0,0.0,0.0,0.0,22,-0.1416105093871293,0.9899224533422392,3.407142857142857,26.6,65.35119047619048,30.0,1023.2791666666666,traffic_signals,primary
2141026551,2024-12-16,40.8127308,-73.9454761,4,1,2.0,25.0,1,0,0.0,0.0,0.0,0.0,0.0,51,-0.1416105093871293,0.9899224533422392,3.407142857142857,26.6,65.35119047619048,30.0,1023.2791666666666,traffic_signals,primary
2298803426,2024-12-16,40.7829311,-73.9314841,3,0,,,1,0,0.0,0.0,0.0,0.0,0.0,51,-0.1416105093871293,0.9899224533422392,3.407142857142857,26.6,65.35119047619048,30.0,1023.2791666666666,missing,unclassified
2298803428,2024-12-16,40.7829307,-73.9308953,3,0,,,1,0,0.0,0.0,0.0,0.0,0.0,51,-0.1416105093871293,0.9899224533422392,3.407142857142857,26.6,65.35119047619048,30.0,1023.2791666666666,crossing,unclassified
2298803471,2024-12-16,40.7841865,-73.9266152,3,0,,,1,0,0.0,0.0,0.0,0.0,0.0,51,-0.1416105093871293,0.9899224533422392,3.407142857142857,26.6,65.35119047619048,30.0,1023.2791666666666,missing,unclassified
2298803479,2024-12-16,40.7833574,-73.9310461,3,0,,,1,0,0.0,0.0,0.0,0.0,0.0,51,-0.1416105093871293,0.9899224533422392,3.407142857142857,26.6,65.35119047619048,30.0,1023.2791666666666,missing,unclassified
2298803501,2024-12-16,40.7842406,-73.9270236,3,0,,,1,0,0.0,0.0,0.0,0.0,0.0,51,-0.1416105093871293,0.9899224533422392,3.407142857142857,26.6,65.35119047619048,30.0,1023.2791666666666,missing,unclassified
2298803502,2024-12-16,40.7844909,-73.9268059,3,0,,,1,0,0.0,0.0,0.0,0.0,0.0,51,-0.1416105093871293,0.9899224533422392,3.407142857142857,26.6,65.35119047619048,30.0,1023.2791666666666,missing,unclassified
2302133933,2024-12-16,40.7408008,-73.9838155,3,0,3.0,25.0,1,0,0.0,0.0,0.0,0.0,0.0,33,-0.1416105093871293,0.9899224533422392,3.407142857142857,26.6,65.35119047619048,30.0,1023.2791666666666,missing,secondary
2324482224,2024-12-16,40.725685,-73.980768,3,1,1.0,20.0,1,0,0.0,0.0,0.0,0.0,0.0,29,-0.1416105093871293,0.9899224533422392,3.407142857142857,26.6,65.35119047619048,30.0,1023.2791666666666,traffic_signals,tertiary
2348991703,2024-12-16,40.7693487,-73.9950694,3,0,5.0,30.0,1,0,0.0,0.0,0.0,0.0,0.0,51,-0.1416105093871293,0.9899224533422392,3.407142857142857,26.6,65.35119047619048,30.0,1023.2791666666666,missing,trunk
2383895311,2024-12-16,40.8213327,-73.9579208,3,0,,25.0,1,0,0.0,0.0,0.0,0.0,0.0,19,-0.1416105093871293,0.9899224533422392,3.407142857142857,26.6,65.35119047619048,30.0,1023.2791666666666,missing,residential
246579597,2024-12-16,40.7479591,-74.0076699,3,0,4.0,30.0,1,0,0.0,0.0,0.0,0.0,0.0,51,-0.1416105093871293,0.9899224533422392,3.407142857142857,26.6,65.35119047619048,30.0,1023.2791666666666,missing,trunk
246579753,2024-12-16,40.7479993,-74.0078415,3,0,3.0,30.0,1,0,0.0,0.0,0.0,0.0,0.0,51,-0.1416105093871293,0.9899224533422392,3.407142857142857,26.6,65.35119047619048,30.0,1023.2791666666666,missing,trunk
246580466,2024-12-16,40.7495313,-74.0065763,3,0,6.0,25.0,1,0,1.0,1.0,0.0,0.0,0.0,2,-0.1416105093871293,0.9899224533422392,3.407142857142857,26.6,65.35119047619048,30.0,1023.2791666666666,missing,secondary
246580797,2024-12-16,40.7503356,-74.0084887,3,0,3.0,30.0,1,0,0.0,0.0,0.0,0.0,0.0,51,-0.1416105093871293,0.9899224533422392,3.407142857142857,26.6,65.35119047619048,30.0,1023.2791666666666,missing,trunk
246580982,2024-12-16,40.7439767,-74.0083937,4,0,3.0,30.0,1,0,0.0,0.0,0.0,0.0,0.0,16,-0.1416105093871293,0.9899224533422392,3.407142857142857,26.6,65.35119047619048,30.0,1023.2791666666666,missing,trunk
246648219,2024-12-16,40.7426313,-74.0078571,3,0,3.0,25.0,1,0,0.0,0.0,0.0,0.0,0.0,51,-0.1416105093871293,0.9899224533422392,3.407142857142857,26.6,65.35119047619048,30.0,1023.2791666666666,missing,primary
246649427,2024-12-16,40.7385265,-74.0101203,3,0,3.0,30.0,1,0,1.0,1.0,0.0,0.0,0.0,3,-0.1416105093871293,0.9899224533422392,3.407142857142857,26.6,65.35119047619048,30.0,1023.2791666666666,crossing,trunk
246649429,2024-12-16,40.7387804,-74.0099368,4,1,5.0,30.0,1,0,0.0,0.0,0.0,0.0,0.0,12,-0.1416105093871293,0.9899224533422392,3.407142857142857,26.6,65.35119047619048,30.0,1023.2791666666666,traffic_signals,trunk
246650510,2024-12-16,40.7545608,-74.006863,3,0,3.0,30.0,1,0,0.0,0.0,0.0,0.0,0.0,51,-0.1416105093871293,0.9899224533422392,3.407142857142857,26.6,65.35119047619048,30.0,1023.2791666666666,motorway_junction,trunk
246858431,2024-12-16,40.7098348,-74.0150379,4,1,5.0,30.0,1,0,0.0,0.0,0.0,0.0,0.0,51,-0.1416105093871293,0.9899224533422392,3.407142857142857,26.6,65.35119047619048,30.0,1023.2791666666666,traffic_signals,trunk
246858433,2024-12-16,40.7111162,-74.0146587,4,1,3.0,30.0,1,0,0.0,0.0,0.0,0.0,0.0,51,-0.1416105093871293,0.9899224533422392,3.407142857142857,26.6,65.35119047619048,30.0,1023.2791666666666,traffic_signals,trunk
246858435,2024-12-16,40.7152775,-74.0135224,4,1,5.0,30.0,1,0,3.0,4.0,3.0,3.0,0.0,1,-0.1416105093871293,0.9899224533422392,3.407142857142857,26.6,65.35119047619048,30.0,1023.2791666666666,traffic_signals,trunk
246858448,2024-12-16,40.7172557,-74.0130166,4,1,3.0,30.0,1,0,0.0,0.0,0.0,0.0,0.0,51,-0.1416105093871293,0.9899224533422392,3.407142857142857,26.6,65.35119047619048,30.0,1023.2791666666666,traffic_signals,trunk
246858449,2024-12-16,40.7165175,-74.0132067,4,1,5.0,30.0,1,1,1.0,2.0,1.0,0.0,0.0,0,-0.1416105093871293,0.9899224533422392,3.407142857142857,26.6,65.35119047619048,30.0,1023.2791666666666,traffic_signals,trunk
246858654,2024-12-16,40.7048276,-74.0169161,3,0,4.0,30.0,1,0,0.0,0.0,0.0,0.0,0.0,51,-0.1416105093871293,0.9899224533422392,3.407142857142857,26.6,65.35119047619048,30.0,1023.2791666666666,missing,primary
246889572,2024-12-16,40.7252073,-74.0112903,3,0,5.0,30.0,1,0,0.0,0.0,0.0,0.0,0.0,51,-0.1416105093871293,0.9899224533422392,3.407142857142857,26.6,65.35119047619048,30.0,1023.2791666666666,motorway_junction,trunk
246890279,2024-12-16,40.7230061,-74.0117198,3,1,3.0,30.0,1,0,0.0,0.0,0.0,0.0,0.0,51,-0.1416105093871293,0.9899224533422392,3.407142857142857,26.6,65.35119047619048,30.0,1023.2791666666666,traffic_signals,trunk
246890579,2024-12-16,40.7298538,-74.0107062,3,0,3.0,30.0,1,0,0.0,0.0,0.0,0.0,0.0,8,-0.1416105093871293,0.9899224533422392,3.407142857142857,26.6,65.35119047619048,30.0,1023.2791666666666,missing,trunk
246901366,2024-12-16,40.7049134,-74.0173422,3,0,2.0,20.0,1,0,0.0,0.0,0.0,0.0,0.0,51,-0.1416105093871293,0.9899224533422392,3.407142857142857,26.6,65.35119047619048,30.0,1023.2791666666666,missing,residential
246909454,2024-12-16,40.7071606,-74.0160093,4,0,4.0,30.0,1,0,0.0,0.0,0.0,0.0,0.0,51,-0.1416105093871293,0.9899224533422392,3.407142857142857,26.6,65.35119047619048,30.0,1023.2791666666666,missing,trunk
246911576,2024-12-16,40.7070752,-74.0157726,3,0,5.0,30.0,1,0,0.0,0.0,0.0,0.0,0.0,51,-0.1416105093871293,0.9899224533422392,3.407142857142857,26.6,65.35119047619048,30.0,1023.2791666666666,motorway_junction,trunk
246923513,2024-12-16,40.7048802,-74.0164104,4,0,3.0,20.0,1,0,0.0,0.0,0.0,0.0,0.0,51,-0.1416105093871293,0.9899224533422392,3.407142857142857,26.6,65.35119047619048,30.0,1023.2791666666666,missing,primary
247081705,2024-12-16,40.7591299,-74.0035376,3,0,3.0,30.0,1,0,0.0,0.0,0.0,0.0,0.0,51,-0.1416105093871293,0.9899224533422392,3.407142857142857,26.6,65.35119047619048,30.0,1023.2791666666666,missing,trunk
247085867,2024-12-16,40.7613078,-74.001952,3,0,3.0,30.0,1,0,0.0,0.0,0.0,0.0,0.0,42,-0.1416105093871293,0.9899224533422392,3.407142857142857,26.6,65.35119047619048,30.0,1023.2791666666666,missing,trunk
247120348,2024-12-16,40.7700919,-73.9949438,3,0,1.0,25.0,1,0,0.0,0.0,0.0,0.0,0.0,51,-0.1416105093871293,0.9899224533422392,3.407142857142857,26.6,65.35119047619048,30.0,1023.2791666666666,missing,unclassified
247123611,2024-12-16,40.769872,-73.9943515,4,1,3.0,25.0,1,0,0.0,0.0,0.0,0.0,0.0,51,-0.1416105093871293,0.9899224533422392,3.407142857142857,26.6,65.35119047619048,30.0,1023.2791666666666,traffic_signals,primary
247123612,2024-12-16,40.7706262,-73.9942294,4,0,2.0,25.0,1,0,0.0,0.0,0.0,0.0,0.0,51,-0.1416105093871293,0.9899224533422392,3.407142857142857,26.6,65.35119047619048,30.0,1023.2791666666666,missing,primary
247123651,2024-12-16,40.7727862,-73.9932091,3,0,2.0,25.0,1,0,0.0,0.0,0.0,0.0,0.0,51,-0.1416105093871293,0.9899224533422392,3.407142857142857,26.6,65.35119047619048,30.0,1023.2791666666666,missing,unclassified
247124101,2024-12-16,40.7711373,-73.9948053,3,0,1.0,25.0,1,0,0.0,0.0,0.0,0.0,0.0,51,-0.1416105093871293,0.9899224533422392,3.407142857142857,26.6,65.35119047619048,30.0,1023.2791666666666,missing,trunk_link
247223720,2024-12-16,40.7717082,-73.9776645,3,0,2.0,25.0,1,0,0.0,0.0,0.0,0.0,0.0,51,-0.1416105093871293,0.9899224533422392,3.407142857142857,26.6,65.35119047619048,30.0,1023.2791666666666,missing,secondary
2481877063,2024-12-16,40.8119805,-73.936036,4,0,2.0,25.0,1,0,0.0,0.0,0.0,0.0,0.0,51,-0.1416105093871293,0.9899224533422392,3.407142857142857,26.6,65.35119047619048,30.0,1023.2791666666666,missing,secondary
2481877071,2024-12-16,40.8122004,-73.9363359,3,0,4.0,25.0,1,0,0.0,0.0,0.0,0.0,0.0,51,-0.1416105093871293,0.9899224533422392,3.407142857142857,26.6,65.35119047619048,30.0,1023.2791666666666,missing,tertiary
248708582,2024-12-16,40.7487771,-73.9697356,5,1,4.0,25.0,1,0,1.0,2.0,1.0,0.0,0.0,2,-0.1416105093871293,0.9899224533422392,3.407142857142857,26.6,65.35119047619048,30.0,1023.2791666666666,traffic_signals,primary
248708583,2024-12-16,40.7521308,-73.9671907,3,0,3.0,25.0,1,0,0.0,0.0,0.0,0.0,0.0,51,-0.1416105093871293,0.9899224533422392,3.407142857142857,26.6,65.35119047619048,30.0,1023.2791666666666,missing,primary
2499757467,2024-12-16,40.8417297,-73.9394169,4,1,2.0,,1,0,0.0,0.0,0.0,0.0,0.0,51,-0.1416105093871293,0.9899224533422392,3.407142857142857,26.6,65.35119047619048,30.0,1023.2791666666666,traffic_signals,primary
2499757469,2024-12-16,40.8420771,-73.9392635,3,0,2.0,,1,0,0.0,0.0,0.0,0.0,0.0,51,-0.1416105093871293,0.9899224533422392,3.407142857142857,26.6,65.35119047619048,30.0,1023.2791666666666,missing,primary
2499803004,2024-12-16,40.8386183,-73.9400452,3,0,,,0,0,0.0,0.0,0.0,0.0,0.0,37,-0.1416105093871293,0.9899224533422392,3.407142857142857,26.6,65.35119047619048,30.0,1023.2791666666666,missing,secondary
2499803009,2024-12-16,40.8386617,-73.9398419,4,1,3.0,25.0,0,0,0.0,0.0,0.0,0.0,0.0,51,-0.1416105093871293,0.9899224533422392,3.407142857142857,26.6,65.35119047619048,30.0,1023.2791666666666,traffic_signals,secondary
2499827795,2024-12-16,40.8407273,-73.9441028,3,0,1.0,,1,0,0.0,0.0,0.0,0.0,0.0,51,-0.1416105093871293,0.9899224533422392,3.407142857142857,26.6,65.35119047619048,30.0,1023.2791666666666,missing,secondary
2504882466,2024-12-16,40.8350993,-73.9454458,4,0,2.0,25.0,1,0,0.0,0.0,0.0,0.0,0.0,51,-0.1416105093871293,0.9899224533422392,3.407142857142857,26.6,65.35119047619048,30.0,1023.2791666666666,missing,secondary
2504882506,2024-12-16,40.828736,-73.942224,5,1,3.0,25.0,1,0,1.0,1.0,1.0,0.0,1.0,1,-0.1416105093871293,0.9899224533422392,3.407142857142857,26.6,65.35119047619048,30.0,1023.2791666666666,traffic_signals,secondary
2512378850,2024-12-16,40.8351437,-73.9455518,5,0,2.0,25.0,1,0,0.0,0.0,0.0,0.0,0.0,51,-0.1416105093871293,0.9899224533422392,3.407142857142857,26.6,65.35119047619048,30.0,1023.2791666666666,missing,secondary
2541754688,2024-12-16,40.8418306,-73.9392469,3,0,1.0,25.0,1,0,0.0,0.0,0.0,0.0,0.0,51,-0.1416105093871293,0.9899224533422392,3.407142857142857,26.6,65.35119047619048,30.0,1023.2791666666666,missing,primary
2541754747,2024-12-16,40.8175078,-73.9568442,4,1,3.0,,1,0,0.0,0.0,0.0,0.0,0.0,16,-0.1416105093871293,0.9899224533422392,3.407142857142857,26.6,65.35119047619048,30.0,1023.2791666666666,traffic_signals,primary
254342293,2024-12-16,40.8226363,-73.957693,3,0,3.0,50.0,1,0,0.0,0.0,0.0,0.0,0.0,51,-0.1416105093871293,0.9899224533422392,3.407142857142857,26.6,65.35119047619048,30.0,1023.2791666666666,motorway_junction,motorway
254484327,2024-12-16,40.8153803,-73.9641546,3,0,3.0,50.0,1,0,0.0,0.0,0.0,0.0,0.0,51,-0.1416105093871293,0.9899224533422392,3.407142857142857,26.6,65.35119047619048,30.0,1023.2791666666666,missing,motorway
2572245396,2024-12-16,40.7172605,-73.9989003,3,0,6.0,20.0,1,0,0.0,1.0,0.0,0.0,0.0,6,-0.1416105093871293,0.9899224533422392,3.407142857142857,26.6,65.35119047619048,30.0,1023.2791666666666,missing,primary
2711029280,2024-12-16,40.7583127,-73.9629223,4,1,6.0,25.0,1,1,1.0,1.0,0.0,0.0,0.0,0,-0.1416105093871293,0.9899224533422392,3.407142857142857,26.6,65.35119047619048,30.0,1023.2791666666666,traffic_signals,primary
272194254,2024-12-16,40.7136173,-74.011617,4,1,1.0,20.0,1,0,0.0,0.0,0.0,0.0,0.0,51,-0.1416105093871293,0.9899224533422392,3.407142857142857,26.6,65.35119047619048,30.0,1023.2791666666666,traffic_signals,secondary
272195270,2024-12-16,40.7119884,-74.0081342,4,1,4.0,20.0,1,0,0.0,0.0,0.0,0.0,0.0,8,-0.1416105093871293,0.9899224533422392,3.407142857142857,26.6,65.35119047619048,30.0,1023.2791666666666,traffic_signals,secondary
272195271,2024-12-16,40.7141733,-74.0063041,4,1,3.0,20.0,1,0,0.0,0.0,0.0,0.0,0.0,8,-0.1416105093871293,0.9899224533422392,3.407142857142857,26.6,65.35119047619048,30.0,1023.2791666666666,traffic_signals,secondary
277481521,2024-12-16,40.797244,-73.921928,3,0,3.0,40.0,1,0,0.0,0.0,0.0,0.0,0.0,51,-0.1416105093871293,0.9899224533422392,3.407142857142857,26.6,65.35119047619048,30.0,1023.2791666666666,missing,motorway_link
277481544,2024-12-16,40.7975505,-73.9199878,3,0,2.0,,1,0,0.0,0.0,0.0,0.0,0.0,51,-0.1416105093871293,0.9899224533422392,3.407142857142857,26.6,65.35119047619048,30.0,1023.2791666666666,missing,motorway_link
277482067,2024-12-16,40.7968325,-73.9190442,3,0,1.0,,1,0,0.0,0.0,0.0,0.0,0.0,51,-0.1416105093871293,0.9899224533422392,3.407142857142857,26.6,65.35119047619048,30.0,1023.2791666666666,missing,tertiary
277482068,2024-12-16,40.7970655,-73.9191167,3,0,,,1,0,0.0,0.0,0.0,0.0,0.0,51,-0.1416105093871293,0.9899224533422392,3.407142857142857,26.6,65.35119047619048,30.0,1023.2791666666666,missing,tertiary
277482085,2024-12-16,40.7998367,-73.9252866,3,0,,,1,0,0.0,0.0,0.0,0.0,0.0,51,-0.1416105093871293,0.9899224533422392,3.407142857142857,26.6,65.35119047619048,30.0,1023.2791666666666,missing,unclassified
277482087,2024-12-16,40.8001178,-73.9251737,3,0,,,1,0,0.0,0.0,0.0,0.0,0.0,51,-0.1416105093871293,0.9899224533422392,3.407142857142857,26.6,65.35119047619048,30.0,1023.2791666666666,missing,unclassified
277482094,2024-12-16,40.7931998,-73.9230503,3,0,2.0,,1,0,0.0,0.0,0.0,0.0,0.0,51,-0.1416105093871293,0.9899224533422392,3.407142857142857,26.6,65.35119047619048,30.0,1023.2791666666666,missing,tertiary
277482105,2024-12-16,40.7967373,-73.918538,3,0,,,1,0,0.0,0.0,0.0,0.0,0.0,51,-0.1416105093871293,0.9899224533422392,3.407142857142857,26.6,65.35119047619048,30.0,1023.2791666666666,missing,tertiary
277482205,2024-12-16,40.7925576,-73.9235694,3,0,2.0,,1,0,0.0,0.0,0.0,0.0,0.0,51,-0.1416105093871293,0.9899224533422392,3.407142857142857,26.6,65.35119047619048,30.0,1023.2791666666666,missing,tertiary
277482212,2024-12-16,40.7893581,-73.9265558,3,0,2.0,,0,0,0.0,0.0,0.0,0.0,0.0,51,-0.1416105093871293,0.9899224533422392,3.407142857142857,26.6,65.35119047619048,30.0,1023.2791666666666,stop,tertiary
277482241,2024-12-16,40.7957719,-73.9207511,3,0,,,1,0,0.0,0.0,0.0,0.0,0.0,51,-0.1416105093871293,0.9899224533422392,3.407142857142857,26.6,65.35119047619048,30.0,1023.2791666666666,missing,tertiary
277482339,2024-12-16,40.7955829,-73.9195887,4,0,1.0,,1,0,0.0,0.0,0.0,0.0,0.0,51,-0.1416105093871293,0.9899224533422392,3.407142857142857,26.6,65.35119047619048,30.0,1023.2791666666666,missing,tertiary
277482762,2024-12-16,40.8009666,-73.9291874,3,0,3.0,40.0,1,0,0.0,0.0,0.0,0.0,0.0,51,-0.1416105093871293,0.9899224533422392,3.407142857142857,26.6,65.35119047619048,30.0,1023.2791666666666,motorway_junction,motorway
278608420,2024-12-16,40.7082374,-74.0001093,3,0,1.0,25.0,1,0,0.0,0.0,0.0,0.0,0.0,51,-0.1416105093871293,0.9899224533422392,3.407142857142857,26.6,65.35119047619048,30.0,1023.2791666666666,missing,motorway_link
278608718,2024-12-16,40.708574,-74.0001685,3,0,2.0,25.0,1,0,0.0,0.0,0.0,0.0,0.0,51,-0.1416105093871293,0.9899224533422392,3.407142857142857,26.6,65.35119047619048,30.0,1023.2791666666666,missing,motorway_link
278608816,2024-12-16,40.7084983,-73.999331,3,0,2.0,25.0,1,0,0.0,0.0,0.0,0.0,0.0,51,-0.1416105093871293,0.9899224533422392,3.407142857142857,26.6,65.35119047619048,30.0,1023.2791666666666,missing,motorway_link
278609760,2024-12-16,40.7082903,-73.9994418,3,0,3.0,20.0,1,0,0.0,0.0,0.0,0.0,0.0,19,-0.1416105093871293,0.9899224533422392,3.407142857142857,26.6,65.35119047619048,30.0,1023.2791666666666,missing,primary
278609863,2024-12-16,40.7095901,-74.0009031,3,0,1.0,25.0,1,0,0.0,0.0,0.0,0.0,0.0,51,-0.1416105093871293,0.9899224533422392,3.407142857142857,26.6,65.35119047619048,30.0,1023.2791666666666,missing,motorway_link
278609934,2024-12-16,40.7096039,-74.0015481,4,1,4.0,25.0,1,0,0.0,0.0,0.0,0.0,0.0,51,-0.1416105093871293,0.9899224533422392,3.407142857142857,26.6,65.35119047619048,30.0,1023.2791666666666,traffic_signals,primary
278638234,2024-12-16,40.7114055,-74.0025752,3,0,2.0,25.0,1,0,1.0,1.0,0.0,0.0,0.0,2,-0.1416105093871293,0.9899224533422392,3.407142857142857,26.6,65.35119047619048,30.0,1023.2791666666666,motorway_junction,motorway_link
278642478,2024-12-16,40.710898,-74.0035219,3,0,2.0,25.0,1,0,0.0,0.0,0.0,0.0,0.0,51,-0.1416105093871293,0.9899224533422392,3.407142857142857,26.6,65.35119047619048,30.0,1023.2791666666666,missing,trunk_link
279151954,2024-12-16,40.7024066,-74.0137834,3,1,4.0,20.0,0,0,0.0,0.0,0.0,0.0,0.0,51,-0.1416105093871293,0.9899224533422392,3.407142857142857,26.6,65.35119047619048,30.0,1023.2791666666666,traffic_signals,primary
2799368116,2024-12-16,40.8082841,-73.9387971,4,1,2.0,25.0,1,0,0.0,0.0,0.0,0.0,0.0,19,-0.1416105093871293,0.9899224533422392,3.407142857142857,26.6,65.35119047619048,30.0,1023.2791666666666,traffic_signals,secondary
2821304136,2024-12-16,40.713618,-74.006753,3,1,3.0,20.0,1,0,0.0,0.0,0.0,0.0,0.0,13,-0.1416105093871293,0.9899224533422392,3.407142857142857,26.6,65.35119047619048,30.0,1023.2791666666666,traffic_signals,secondary
2821304137,2024-12-16,40.7130447,-74.0072254,3,1,3.0,20.0,1,0,0.0,0.0,0.0,0.0,0.0,51,-0.1416105093871293,0.9899224533422392,3.407142857142857,26.6,65.35119047619048,30.0,1023.2791666666666,traffic_signals,secondary
2821304138,2024-12-16,40.712544,-74.0076683,3,1,3.0,20.0,1,0,0.0,0.0,0.0,0.0,0.0,9,-0.1416105093871293,0.9899224533422392,3.407142857142857,26.6,65.35119047619048,30.0,1023.2791666666666,traffic_signals,secondary
2821304143,2024-12-16,40.7117945,-74.007068,3,1,2.0,20.0,1,0,0.0,0.0,0.0,0.0,0.0,51,-0.1416105093871293,0.9899224533422392,3.407142857142857,26.6,65.35119047619048,30.0,1023.2791666666666,traffic_signals,secondary
2821304145,2024-12-16,40.712031,-74.0061073,3,1,3.0,20.0,1,0,0.0,0.0,0.0,0.0,0.0,51,-0.1416105093871293,0.9899224533422392,3.407142857142857,26.6,65.35119047619048,30.0,1023.2791666666666,traffic_signals,secondary
2821304146,2024-12-16,40.7121302,-74.0056926,3,0,3.0,20.0,1,0,0.0,0.0,0.0,0.0,0.0,20,-0.1416105093871293,0.9899224533422392,3.407142857142857,26.6,65.35119047619048,30.0,1023.2791666666666,missing,secondary
2824895141,2024-12-16,40.7059917,-74.0087767,3,0,1.0,20.0,1,0,0.0,0.0,0.0,0.0,0.0,14,-0.1416105093871293,0.9899224533422392,3.407142857142857,26.6,65.35119047619048,30.0,1023.2791666666666,missing,residential
298792355,2024-12-16,40.8499323,-73.9441593,3,0,4.0,45.0,1,0,0.0,0.0,0.0,0.0,0.0,51,-0.1416105093871293,0.9899224533422392,3.407142857142857,26.6,65.35119047619048,30.0,1023.2791666666666,motorway_junction,motorway
302095403,2024-12-16,40.8630014,-73.9332782,3,0,2.0,,1,0,0.0,0.0,0.0,0.0,0.0,51,-0.1416105093871293,0.9899224533422392,3.407142857142857,26.6,65.35119047619048,30.0,1023.2791666666666,missing,residential
302097273,2024-12-16,40.8538202,-73.9382862,3,0,1.0,20.0,1,0,0.0,0.0,0.0,0.0,0.0,51,-0.1416105093871293,0.9899224533422392,3.407142857142857,26.6,65.35119047619048,30.0,1023.2791666666666,missing,residential
3037153849,2024-12-16,40.7849334,-73.9351368,3,0,,,1,0,0.0,0.0,0.0,0.0,0.0,51,-0.1416105093871293,0.9899224533422392,3.407142857142857,26.6,65.35119047619048,30.0,1023.2791666666666,missing,unclassified
3039386415,2024-12-16,40.7969764,-73.9185887,3,0,,,1,0,0.0,0.0,0.0,0.0,0.0,51,-0.1416105093871293,0.9899224533422392,3.407142857142857,26.6,65.35119047619048,30.0,1023.2791666666666,missing,tertiary
3039386649,2024-12-16,40.7959641,-73.9197708,3,0,1.0,,1,0,0.0,0.0,0.0,0.0,0.0,51,-0.1416105093871293,0.9899224533422392,3.407142857142857,26.6,65.35119047619048,30.0,1023.2791666666666,missing,tertiary
3040306430,2024-12-16,40.7869316,-73.9312194,3,0,,10.0,0,0,0.0,0.0,0.0,0.0,0.0,51,-0.1416105093871293,0.9899224533422392,3.407142857142857,26.6,65.35119047619048,30.0,1023.2791666666666,stop,unclassified
3099326116,2024-12-16,40.7988778,-73.9520835,4,1,2.0,,1,1,1.0,1.0,0.0,0.0,0.0,0,-0.1416105093871293,0.9899224533422392,3.407142857142857,26.6,65.35119047619048,30.0,1023.2791666666666,traffic_signals,secondary
3099326117,2024-12-16,40.8001332,-73.9511752,4,1,2.0,,1,0,0.0,0.0,0.0,0.0,0.0,27,-0.1416105093871293,0.9899224533422392,3.407142857142857,26.6,65.35119047619048,30.0,1023.2791666666666,traffic_signals,secondary
3099326118,2024-12-16,40.8071315,-73.9460569,4,1,3.0,,1,0,1.0,1.0,0.0,0.0,0.0,2,-0.1416105093871293,0.9899224533422392,3.407142857142857,26.6,65.35119047619048,30.0,1023.2791666666666,traffic_signals,secondary
3099326119,2024-12-16,40.8065066,-73.946526,4,1,2.0,,1,0,0.0,0.0,0.0,0.0,0.0,51,-0.1416105093871293,0.9899224533422392,3.407142857142857,26.6,65.35119047619048,30.0,1023.2791666666666,traffic_signals,secondary
3099326120,2024-12-16,40.8078108,-73.9455708,4,1,4.0,,1,0,0.0,1.0,0.0,0.0,0.0,4,-0.1416105093871293,0.9899224533422392,3.407142857142857,26.6,65.35119047619048,30.0,1023.2791666666666,traffic_signals,primary
3099326121,2024-12-16,40.8007573,-73.9507166,4,1,2.0,,1,0,0.0,0.0,0.0,0.0,0.0,16,-0.1416105093871293,0.9899224533422392,3.407142857142857,26.6,65.35119047619048,30.0,1023.2791666666666,traffic_signals,secondary
3099326122,2024-12-16,40.8184849,-73.9375793,4,1,2.0,,1,0,1.0,2.0,1.0,1.0,1.0,3,-0.1416105093871293,0.9899224533422392,3.407142857142857,26.6,65.35119047619048,30.0,1023.2791666666666,traffic_signals,secondary
3099326124,2024-12-16,40.8122349,-73.9423303,4,1,2.0,,1,0,1.0,1.0,0.0,0.0,0.0,1,-0.1416105093871293,0.9899224533422392,3.407142857142857,26.6,65.35119047619048,30.0,1023.2791666666666,traffic_signals,secondary
3099326126,2024-12-16,40.819742,-73.9366464,3,1,3.0,,1,0,0.0,0.0,0.0,0.0,0.0,51,-0.1416105093871293,0.9899224533422392,3.407142857142857,26.6,65.35119047619048,30.0,1023.2791666666666,traffic_signals,secondary
3099326127,2024-12-16,40.8103559,-73.9437153,4,1,3.0,,1,0,0.0,0.0,0.0,0.0,0.0,10,-0.1416105093871293,0.9899224533422392,3.407142857142857,26.6,65.35119047619048,30.0,1023.2791666666666,traffic_signals,secondary
3099326128,2024-12-16,40.8039962,-73.9483526,4,1,3.0,,1,0,0.0,1.0,0.0,0.0,0.0,5,-0.1416105093871293,0.9899224533422392,3.407142857142857,26.6,65.35119047619048,30.0,1023.2791666666666,traffic_signals,secondary
3099327930,2024-12-16,40.8166504,-73.9389307,4,1,3.0,25.0,1,0,0.0,2.0,0.0,0.0,0.0,5,-0.1416105093871293,0.9899224533422392,3.407142857142857,26.6,65.35119047619048,30.0,1023.2791666666666,traffic_signals,secondary
3099327931,2024-12-16,40.8128495,-73.9418835,4,1,2.0,,1,0,0.0,1.0,0.0,0.0,0.0,7,-0.1416105093871293,0.9899224533422392,3.407142857142857,26.6,65.35119047619048,30.0,1023.2791666666666,traffic_signals,secondary
3099327935,2024-12-16,40.8178749,-73.9380263,3,0,3.0,,1,0,0.0,0.0,0.0,0.0,0.0,23,-0.1416105093871293,0.9899224533422392,3.407142857142857,26.6,65.35119047619048,30.0,1023.2791666666666,missing,secondary
3099327937,2024-12-16,40.8013803,-73.9502539,4,1,2.0,,1,0,0.0,0.0,0.0,0.0,0.0,15,-0.1416105093871293,0.9899224533422392,3.407142857142857,26.6,65.35119047619048,30.0,1023.2791666666666,traffic_signals,secondary
3099327940,2024-12-16,40.8134711,-73.9414254,4,1,3.0,,1,0,0.0,0.0,0.0,0.0,0.0,8,-0.1416105093871293,0.9899224533422392,3.407142857142857,26.6,65.35119047619048,30.0,1023.2791666666666,traffic_signals,secondary
3099327944,2024-12-16,40.8116007,-73.9428003,4,1,2.0,25.0,1,0,0.0,0.0,0.0,0.0,0.0,21,-0.1416105093871293,0.9899224533422392,3.407142857142857,26.6,65.35119047619048,30.0,1023.2791666666666,traffic_signals,secondary
3099327945,2024-12-16,40.8109749,-73.9432528,4,1,2.0,,1,0,0.0,0.0,0.0,0.0,0.0,13,-0.1416105093871293,0.9899224533422392,3.407142857142857,26.6,65.35119047619048,30.0,1023.2791666666666,traffic_signals,secondary
3099327948,2024-12-16,40.8172567,-73.9384793,3,1,3.0,,1,0,0.0,0.0,0.0,0.0,0.0,22,-0.1416105093871293,0.9899224533422392,3.407142857142857,26.6,65.35119047619048,30.0,1023.2791666666666,traffic_signals,secondary
3099327950,2024-12-16,40.8027375,-73.9492747,4,1,2.0,,1,0,0.0,0.0,0.0,0.0,0.0,27,-0.1416105093871293,0.9899224533422392,3.407142857142857,26.6,65.35119047619048,30.0,1023.2791666666666,traffic_signals,secondary
3099327951,2024-12-16,40.8154373,-73.9399886,4,1,3.0,,1,0,0.0,0.0,0.0,0.0,0.0,34,-0.1416105093871293,0.9899224533422392,3.407142857142857,26.6,65.35119047619048,30.0,1023.2791666666666,traffic_signals,secondary
3099327952,2024-12-16,40.8020733,-73.9497548,4,1,2.0,25.0,1,0,0.0,0.0,0.0,0.0,0.0,14,-0.1416105093871293,0.9899224533422392,3.407142857142857,26.6,65.35119047619048,30.0,1023.2791666666666,traffic_signals,secondary
3099327955,2024-12-16,40.814145,-73.9409348,4,1,4.0,25.0,1,0,0.0,0.0,0.0,0.0,0.0,25,-0.1416105093871293,0.9899224533422392,3.407142857142857,26.6,65.35119047619048,30.0,1023.2791666666666,traffic_signals,secondary
3099327957,2024-12-16,40.8052502,-73.9474392,4,1,3.0,,1,0,0.0,0.0,0.0,0.0,0.0,51,-0.1416105093871293,0.9899224533422392,3.407142857142857,26.6,65.35119047619048,30.0,1023.2791666666666,traffic_signals,secondary
3099327961,2024-12-16,40.8148176,-73.9404415,4,1,3.0,,1,0,0.0,1.0,0.0,0.0,0.0,7,-0.1416105093871293,0.9899224533422392,3.407142857142857,26.6,65.35119047619048,30.0,1023.2791666666666,traffic_signals,secondary
3099327962,2024-12-16,40.8046223,-73.9478956,4,1,2.0,,1,0,0.0,0.0,0.0,0.0,0.0,11,-0.1416105093871293,0.9899224533422392,3.407142857142857,26.6,65.35119047619048,30.0,1023.2791666666666,traffic_signals,secondary
3099327964,2024-12-16,40.7982754,-73.9525303,3,1,2.0,,1,0,0.0,0.0,0.0,0.0,0.0,10,-0.1416105093871293,0.9899224533422392,3.407142857142857,26.6,65.35119047619048,30.0,1023.2791666666666,traffic_signals,secondary
3099327965,2024-12-16,40.8191141,-73.9371126,4,1,2.0,25.0,1,0,0.0,0.0,0.0,0.0,0.0,21,-0.1416105093871293,0.9899224533422392,3.407142857142857,26.6,65.35119047619048,30.0,1023.2791666666666,traffic_signals,secondary
3099327966,2024-12-16,40.8033718,-73.9488235,4,1,3.0,,1,0,0.0,0.0,0.0,0.0,0.0,15,-0.1416105093871293,0.9899224533422392,3.407142857142857,26.6,65.35119047619048,30.0,1023.2791666666666,traffic_signals,secondary
3099327968,2024-12-16,40.8058736,-73.9469805,4,1,3.0,,1,0,0.0,0.0,0.0,0.0,0.0,28,-0.1416105093871293,0.9899224533422392,3.407142857142857,26.6,65.35119047619048,30.0,1023.2791666666666,traffic_signals,secondary
3099327970,2024-12-16,40.8097268,-73.9441642,4,1,3.0,,1,0,0.0,0.0,0.0,0.0,0.0,9,-0.1416105093871293,0.9899224533422392,3.407142857142857,26.6,65.35119047619048,30.0,1023.2791666666666,traffic_signals,secondary
3099327972,2024-12-16,40.8084812,-73.945077,4,1,2.0,,1,0,0.0,0.0,0.0,0.0,0.0,9,-0.1416105093871293,0.9899224533422392,3.407142857142857,26.6,65.35119047619048,30.0,1023.2791666666666,traffic_signals,secondary
3099327974,2024-12-16,40.7995043,-73.9516201,4,1,2.0,,1,0,0.0,0.0,0.0,0.0,0.0,51,-0.1416105093871293,0.9899224533422392,3.407142857142857,26.6,65.35119047619048,30.0,1023.2791666666666,traffic_signals,secondary
3099327975,2024-12-16,40.8091051,-73.9446164,4,1,2.0,,1,0,0.0,0.0,0.0,0.0,0.0,9,-0.1416105093871293,0.9899224533422392,3.407142857142857,26.6,65.35119047619048,30.0,1023.2791666666666,traffic_signals,secondary
3099327976,2024-12-16,40.8160584,-73.9395348,4,1,2.0,,1,0,0.0,0.0,0.0,0.0,0.0,16,-0.1416105093871293,0.9899224533422392,3.407142857142857,26.6,65.35119047619048,30.0,1023.2791666666666,traffic_signals,secondary
3212472843,2024-12-16,40.7191808,-73.9905372,4,0,3.0,25.0,1,0,0.0,0.0,0.0,0.0,0.0,51,-0.1416105093871293,0.9899224533422392,3.407142857142857,26.6,65.35119047619048,30.0,1023.2791666666666,missing,primary
3212472963,2024-12-16,40.7162541,-73.9920566,3,1,2.0,25.0,1,0,0.0,0.0,0.0,0.0,0.0,51,-0.1416105093871293,0.9899224533422392,3.407142857142857,26.6,65.35119047619048,30.0,1023.2791666666666,traffic_signals,primary
3212472978,2024-12-16,40.7124636,-73.9925563,4,1,2.0,20.0,1,0,0.0,0.0,0.0,0.0,0.0,51,-0.1416105093871293,0.9899224533422392,3.407142857142857,26.6,65.35119047619048,30.0,1023.2791666666666,traffic_signals,primary
3247295579,2024-12-16,40.800775,-73.9583722,3,0,3.0,25.0,1,0,0.0,0.0,0.0,0.0,0.0,51,-0.1416105093871293,0.9899224533422392,3.407142857142857,26.6,65.35119047619048,30.0,1023.2791666666666,missing,secondary
3269867944,2024-12-16,40.8134277,-73.962436,3,0,2.0,,1,0,0.0,0.0,0.0,0.0,0.0,51,-0.1416105093871293,0.9899224533422392,3.407142857142857,26.6,65.35119047619048,30.0,1023.2791666666666,missing,secondary
3270031002,2024-12-16,40.755166,-74.0005225,4,1,4.0,25.0,1,0,0.0,0.0,0.0,0.0,0.0,28,-0.1416105093871293,0.9899224533422392,3.407142857142857,26.6,65.35119047619048,30.0,1023.2791666666666,traffic_signals,primary
3270031028,2024-12-16,40.7558116,-73.9999743,4,0,1.0,25.0,1,0,0.0,0.0,0.0,0.0,0.0,51,-0.1416105093871293,0.9899224533422392,3.407142857142857,26.6,65.35119047619048,30.0,1023.2791666666666,missing,unclassified
3270031030,2024-12-16,40.7564056,-73.9994672,3,0,2.0,25.0,1,0,0.0,0.0,0.0,0.0,0.0,51,-0.1416105093871293,0.9899224533422392,3.407142857142857,26.6,65.35119047619048,30.0,1023.2791666666666,missing,secondary
3270031031,2024-12-16,40.7565953,-73.9999215,4,0,2.0,25.0,1,0,0.0,0.0,0.0,0.0,0.0,51,-0.1416105093871293,0.9899224533422392,3.407142857142857,26.6,65.35119047619048,30.0,1023.2791666666666,missing,secondary
3350498747,2024-12-16,40.706712,-74.0023233,3,1,2.0,20.0,1,0,0.0,0.0,0.0,0.0,0.0,10,-0.1416105093871293,0.9899224533422392,3.407142857142857,26.6,65.35119047619048,30.0,1023.2791666666666,traffic_signals,primary
3377461259,2024-12-16,40.7650618,-73.9732319,3,0,2.0,25.0,1,0,0.0,0.0,0.0,0.0,0.0,51,-0.1416105093871293,0.9899224533422392,3.407142857142857,26.6,65.35119047619048,30.0,1023.2791666666666,missing,secondary
339044224,2024-12-16,40.7331509,-74.0058626,3,0,,20.0,1,0,0.0,0.0,0.0,0.0,0.0,51,-0.1416105093871293,0.9899224533422392,3.407142857142857,26.6,65.35119047619048,30.0,1023.2791666666666,missing,residential
3533937800,2024-12-16,40.7733062,-73.9905614,4,0,2.0,25.0,0,0,0.0,0.0,0.0,0.0,0.0,51,-0.1416105093871293,0.9899224533422392,3.407142857142857,26.6,65.35119047619048,30.0,1023.2791666666666,stop,residential
3549074022,2024-12-16,40.7999827,-73.923649,3,0,,,1,0,0.0,0.0,0.0,0.0,0.0,51,-0.1416105093871293,0.9899224533422392,3.407142857142857,26.6,65.35119047619048,30.0,1023.2791666666666,missing,unclassified
3567807957,2024-12-16,40.7211171,-74.0065788,3,1,2.0,25.0,1,0,0.0,0.0,0.0,0.0,0.0,28,-0.1416105093871293,0.9899224533422392,3.407142857142857,26.6,65.35119047619048,30.0,1023.2791666666666,traffic_signals,primary
3570003194,2024-12-16,40.8179764,-73.9617541,3,0,,,1,0,0.0,0.0,0.0,0.0,0.0,51,-0.1416105093871293,0.9899224533422392,3.407142857142857,26.6,65.35119047619048,30.0,1023.2791666666666,missing,secondary
3574612293,2024-12-16,40.707202,-74.0149227,3,0,3.0,25.0,1,0,0.0,0.0,0.0,0.0,0.0,51,-0.1416105093871293,0.9899224533422392,3.407142857142857,26.6,65.35119047619048,30.0,1023.2791666666666,motorway_junction,motorway
3574648567,2024-12-16,40.7059615,-74.0150179,3,0,2.0,25.0,1,0,0.0,0.0,0.0,0.0,0.0,16,-0.1416105093871293,0.9899224533422392,3.407142857142857,26.6,65.35119047619048,30.0,1023.2791666666666,missing,motorway
3574648569,2024-12-16,40.7071861,-74.0157313,4,0,4.0,30.0,1,0,0.0,0.0,0.0,0.0,0.0,51,-0.1416105093871293,0.9899224533422392,3.407142857142857,26.6,65.35119047619048,30.0,1023.2791666666666,missing,trunk
3579426871,2024-12-16,40.8084658,-73.9648621,4,0,2.0,,1,0,0.0,0.0,0.0,0.0,0.0,51,-0.1416105093871293,0.9899224533422392,3.407142857142857,26.6,65.35119047619048,30.0,1023.2791666666666,missing,residential
3579426874,2024-12-16,40.810373,-73.963477,3,0,2.0,,1,0,0.0,0.0,0.0,0.0,0.0,51,-0.1416105093871293,0.9899224533422392,3.407142857142857,26.6,65.35119047619048,30.0,1023.2791666666666,stop,residential
3579432156,2024-12-16,40.8041328,-73.9666013,4,0,4.0,25.0,1,0,0.0,3.0,0.0,0.0,1.0,4,-0.1416105093871293,0.9899224533422392,3.407142857142857,26.6,65.35119047619048,30.0,1023.2791666666666,missing,primary
3579432159,2024-12-16,40.8074173,-73.9584103,3,1,2.0,25.0,1,0,0.0,0.0,0.0,0.0,0.0,38,-0.1416105093871293,0.9899224533422392,3.407142857142857,26.6,65.35119047619048,30.0,1023.2791666666666,traffic_signals,tertiary
3579432160,2024-12-16,40.8086658,-73.9576175,3,1,2.0,25.0,0,0,0.0,0.0,0.0,0.0,0.0,17,-0.1416105093871293,0.9899224533422392,3.407142857142857,26.6,65.35119047619048,30.0,1023.2791666666666,traffic_signals,tertiary
3579432161,2024-12-16,40.8100023,-73.958727,4,1,3.0,,1,0,1.0,2.0,0.0,0.0,1.0,2,-0.1416105093871293,0.9899224533422392,3.407142857142857,26.6,65.35119047619048,30.0,1023.2791666666666,traffic_signals,secondary
3579432162,2024-12-16,40.8106334,-73.9582686,4,1,3.0,25.0,0,0,0.0,0.0,0.0,0.0,0.0,11,-0.1416105093871293,0.9899224533422392,3.407142857142857,26.6,65.35119047619048,30.0,1023.2791666666666,traffic_signals,secondary
358447541,2024-12-16,40.7488506,-74.000974,3,0,1.0,25.0,1,0,0.0,0.0,0.0,0.0,0.0,51,-0.1416105093871293,0.9899224533422392,3.407142857142857,26.6,65.35119047619048,30.0,1023.2791666666666,missing,residential
358448394,2024-12-16,40.7510694,-73.9980426,3,0,1.0,25.0,1,0,0.0,0.0,0.0,0.0,0.0,51,-0.1416105093871293,0.9899224533422392,3.407142857142857,26.6,65.35119047619048,30.0,1023.2791666666666,missing,secondary
3584752508,2024-12-16,40.7314217,-73.996981,3,1,2.0,25.0,1,0,0.0,0.0,0.0,0.0,0.0,51,-0.1416105093871293,0.9899224533422392,3.407142857142857,26.6,65.35119047619048,30.0,1023.2791666666666,traffic_signals,residential
3588508439,2024-12-16,40.7154525,-74.0146236,3,0,4.0,20.0,1,0,0.0,0.0,0.0,0.0,0.0,51,-0.1416105093871293,0.9899224533422392,3.407142857142857,26.6,65.35119047619048,30.0,1023.2791666666666,missing,residential
3607948335,2024-12-16,40.7981527,-73.9207017,3,0,,,1,0,0.0,0.0,0.0,0.0,0.0,51,-0.1416105093871293,0.9899224533422392,3.407142857142857,26.6,65.35119047619048,30.0,1023.2791666666666,missing,unclassified
3607948339,2024-12-16,40.7982533,-73.9205773,3,0,,,1,0,0.0,0.0,0.0,0.0,0.0,51,-0.1416105093871293,0.9899224533422392,3.407142857142857,26.6,65.35119047619048,30.0,1023.2791666666666,missing,unclassified
3607948344,2024-12-16,40.7987505,-73.9212861,3,0,,,1,0,0.0,0.0,0.0,0.0,0.0,51,-0.1416105093871293,0.9899224533422392,3.407142857142857,26.6,65.35119047619048,30.0,1023.2791666666666,missing,unclassified
3624790934,2024-12-16,40.726752,-73.973799,3,0,2.0,20.0,0,0,0.0,0.0,0.0,0.0,0.0,51,-0.1416105093871293,0.9899224533422392,3.407142857142857,26.6,65.35119047619048,30.0,1023.2791666666666,stop,residential
3630219668,2024-12-16,40.7179286,-73.9856543,3,0,1.0,25.0,1,0,0.0,0.0,0.0,0.0,0.0,10,-0.1416105093871293,0.9899224533422392,3.407142857142857,26.6,65.35119047619048,30.0,1023.2791666666666,missing,residential
3630249566,2024-12-16,40.7176161,-73.9858243,3,0,4.0,35.0,1,0,3.0,5.0,2.0,0.0,0.0,2,-0.1416105093871293,0.9899224533422392,3.407142857142857,26.6,65.35119047619048,30.0,1023.2791666666666,missing,motorway
3631837584,2024-12-16,40.784547,-73.9418238,3,0,3.0,40.0,1,0,0.0,0.0,0.0,0.0,0.0,51,-0.1416105093871293,0.9899224533422392,3.407142857142857,26.6,65.35119047619048,30.0,1023.2791666666666,motorway_junction,motorway
3631837585,2024-12-16,40.7840873,-73.9429425,3,0,2.0,25.0,1,0,0.0,0.0,0.0,0.0,0.0,51,-0.1416105093871293,0.9899224533422392,3.407142857142857,26.6,65.35119047619048,30.0,1023.2791666666666,missing,secondary
3639382767,2024-12-16,40.7508814,-73.9786572,4,0,1.0,25.0,1,0,0.0,0.0,0.0,0.0,0.0,51,-0.1416105093871293,0.9899224533422392,3.407142857142857,26.6,65.35119047619048,30.0,1023.2791666666666,missing,primary
3639382768,2024-12-16,40.7508257,-73.978754,3,0,2.0,25.0,1,0,0.0,0.0,0.0,0.0,0.0,51,-0.1416105093871293,0.9899224533422392,3.407142857142857,26.6,65.35119047619048,30.0,1023.2791666666666,crossing,primary
3640160572,2024-12-16,40.8000254,-73.9255447,3,0,1.0,,1,0,0.0,0.0,0.0,0.0,0.0,51,-0.1416105093871293,0.9899224533422392,3.407142857142857,26.6,65.35119047619048,30.0,1023.2791666666666,missing,unclassified
3640160611,2024-12-16,40.7937545,-73.9227672,3,0,2.0,,1,0,0.0,0.0,0.0,0.0,0.0,51,-0.1416105093871293,0.9899224533422392,3.407142857142857,26.6,65.35119047619048,30.0,1023.2791666666666,missing,motorway_link
3670609093,2024-12-16,40.7199847,-73.9836452,4,0,1.0,25.0,1,0,0.0,0.0,0.0,0.0,0.0,31,-0.1416105093871293,0.9899224533422392,3.407142857142857,26.6,65.35119047619048,30.0,1023.2791666666666,missing,residential
370880739,2024-12-16,40.7016101,-74.0119669,3,0,2.0,20.0,1,0,0.0,0.0,0.0,0.0,0.0,32,-0.1416105093871293,0.9899224533422392,3.407142857142857,26.6,65.35119047619048,30.0,1023.2791666666666,missing,primary
370880758,2024-12-16,40.7029962,-74.0078008,3,0,1.0,20.0,1,0,0.0,0.0,0.0,0.0,0.0,51,-0.1416105093871293,0.9899224533422392,3.407142857142857,26.6,65.35119047619048,30.0,1023.2791666666666,missing,motorway_link
370888100,2024-12-16,40.7109704,-73.9801685,3,0,3.0,40.0,1,0,0.0,0.0,0.0,0.0,0.0,51,-0.1416105093871293,0.9899224533422392,3.407142857142857,26.6,65.35119047619048,30.0,1023.2791666666666,motorway_junction,motorway
370888101,2024-12-16,40.7108774,-73.9823619,3,0,2.0,25.0,1,0,0.0,0.0,0.0,0.0,0.0,51,-0.1416105093871293,0.9899224533422392,3.407142857142857,26.6,65.35119047619048,30.0,1023.2791666666666,missing,secondary
370892861,2024-12-16,40.7152339,-73.9761957,3,0,3.0,40.0,1,0,0.0,0.0,0.0,0.0,0.0,36,-0.1416105093871293,0.9899224533422392,3.407142857142857,26.6,65.35119047619048,30.0,1023.2791666666666,motorway_junction,motorway
370893396,2024-12-16,40.7191873,-73.9763322,3,0,2.0,25.0,1,0,0.0,0.0,0.0,0.0,0.0,46,-0.1416105093871293,0.9899224533422392,3.407142857142857,26.6,65.35119047619048,30.0,1023.2791666666666,missing,primary
370893397,2024-12-16,40.7190131,-73.9754312,3,0,2.0,25.0,1,0,1.0,1.0,0.0,0.0,0.0,1,-0.1416105093871293,0.9899224533422392,3.407142857142857,26.6,65.35119047619048,30.0,1023.2791666666666,missing,primary
370894980,2024-12-16,40.7212958,-73.9745541,3,0,3.0,40.0,1,0,0.0,0.0,0.0,0.0,0.0,20,-0.1416105093871293,0.9899224533422392,3.407142857142857,26.6,65.35119047619048,30.0,1023.2791666666666,missing,motorway
370896902,2024-12-16,40.730525,-73.9741791,3,0,2.0,25.0,1,0,0.0,0.0,0.0,0.0,0.0,19,-0.1416105093871293,0.9899224533422392,3.407142857142857,26.6,65.35119047619048,30.0,1023.2791666666666,missing,secondary
370897166,2024-12-16,40.7279995,-73.9716788,3,0,3.0,40.0,1,0,0.0,0.0,0.0,0.0,0.0,51,-0.1416105093871293,0.9899224533422392,3.407142857142857,26.6,65.35119047619048,30.0,1023.2791666666666,motorway_junction,motorway
370898427,2024-12-16,40.7298812,-73.9723599,3,0,3.0,40.0,1,0,0.0,0.0,0.0,0.0,0.0,51,-0.1416105093871293,0.9899224533422392,3.407142857142857,26.6,65.35119047619048,30.0,1023.2791666666666,missing,motorway
370912817,2024-12-16,40.740672,-73.9729042,3,0,3.0,40.0,1,0,0.0,0.0,0.0,0.0,0.0,51,-0.1416105093871293,0.9899224533422392,3.407142857142857,26.6,65.35119047619048,30.0,1023.2791666666666,missing,motorway
370913758,2024-12-16,40.7373672,-73.9743448,3,0,3.0,40.0,1,0,0.0,0.0,0.0,0.0,0.0,51,-0.1416105093871293,0.9899224533422392,3.407142857142857,26.6,65.35119047619048,30.0,1023.2791666666666,motorway_junction,motorway
370913779,2024-12-16,40.7397165,-73.9729308,3,0,3.0,40.0,1,0,0.0,0.0,0.0,0.0,0.0,51,-0.1416105093871293,0.9899224533422392,3.407142857142857,26.6,65.35119047619048,30.0,1023.2791666666666,missing,motorway
370914027,2024-12-16,40.7442787,-73.9713014,3,0,3.0,40.0,1,0,0.0,0.0,0.0,0.0,0.0,51,-0.1416105093871293,0.9899224533422392,3.407142857142857,26.6,65.35119047619048,30.0,1023.2791666666666,motorway_junction,motorway
370924677,2024-12-16,40.7531937,-73.9637348,3,0,3.0,40.0,1,0,0.0,0.0,0.0,0.0,0.0,51,-0.1416105093871293,0.9899224533422392,3.407142857142857,26.6,65.35119047619048,30.0,1023.2791666666666,motorway_junction,motorway
370924957,2024-12-16,40.7534038,-73.9633333,3,0,3.0,40.0,1,0,0.0,0.0,0.0,0.0,0.0,51,-0.1416105093871293,0.9899224533422392,3.407142857142857,26.6,65.35119047619048,30.0,1023.2791666666666,missing,motorway
371188320,2024-12-16,40.7610958,-73.9561062,3,0,3.0,40.0,1,0,0.0,0.0,0.0,0.0,0.0,51,-0.1416105093871293,0.9899224533422392,3.407142857142857,26.6,65.35119047619048,30.0,1023.2791666666666,motorway_junction,motorway
371188750,2024-12-16,40.7590118,-73.9583867,3,0,3.0,40.0,1,0,0.0,0.0,0.0,0.0,0.0,34,-0.1416105093871293,0.9899224533422392,3.407142857142857,26.6,65.35119047619048,30.0,1023.2791666666666,motorway_junction,motorway
371188756,2024-12-16,40.76089,-73.9561742,3,0,3.0,40.0,1,0,0.0,0.0,0.0,0.0,0.0,51,-0.1416105093871293,0.9899224533422392,3.407142857142857,26.6,65.35119047619048,30.0,1023.2791666666666,missing,motorway
371207282,2024-12-16,40.7809091,-73.9440036,3,0,3.0,40.0,1,0,0.0,0.0,0.0,0.0,0.0,51,-0.1416105093871293,0.9899224533422392,3.407142857142857,26.6,65.35119047619048,30.0,1023.2791666666666,motorway_junction,motorway
371209940,2024-12-16,40.7844055,-73.9418662,3,0,3.0,40.0,1,0,0.0,0.0,0.0,0.0,0.0,51,-0.1416105093871293,0.9899224533422392,3.407142857142857,26.6,65.35119047619048,30.0,1023.2791666666666,missing,motorway
371216381,2024-12-16,40.7895887,-73.9374595,3,0,1.0,25.0,1,0,1.0,1.0,1.0,0.0,0.0,2,-0.1416105093871293,0.9899224533422392,3.407142857142857,26.6,65.35119047619048,30.0,1023.2791666666666,missing,residential
371225088,2024-12-16,40.8001589,-73.9298866,3,0,3.0,40.0,1,0,0.0,0.0,0.0,0.0,0.0,9,-0.1416105093871293,0.9899224533422392,3.407142857142857,26.6,65.35119047619048,30.0,1023.2791666666666,missing,motorway
371225132,2024-12-16,40.800803,-73.9290592,3,1,3.0,40.0,1,0,0.0,0.0,0.0,0.0,0.0,51,-0.1416105093871293,0.9899224533422392,3.407142857142857,26.6,65.35119047619048,30.0,1023.2791666666666,traffic_signals,motorway
371239958,2024-12-16,40.7972731,-73.929158,3,0,3.0,40.0,1,0,0.0,0.0,0.0,0.0,0.0,49,-0.1416105093871293,0.9899224533422392,3.407142857142857,26.6,65.35119047619048,30.0,1023.2791666666666,motorway_junction,motorway
371239962,2024-12-16,40.8018365,-73.9313894,3,0,4.0,,1,0,0.0,0.0,0.0,0.0,0.0,51,-0.1416105093871293,0.9899224533422392,3.407142857142857,26.6,65.35119047619048,30.0,1023.2791666666666,missing,primary
371337150,2024-12-16,40.8095517,-73.9348726,3,0,3.0,50.0,1,0,0.0,0.0,0.0,0.0,0.0,51,-0.1416105093871293,0.9899224533422392,3.407142857142857,26.6,65.35119047619048,30.0,1023.2791666666666,motorway_junction,motorway
371337175,2024-12-16,40.814772,-73.9361049,4,1,2.0,25.0,1,0,0.0,0.0,0.0,0.0,0.0,51,-0.1416105093871293,0.9899224533422392,3.407142857142857,26.6,65.35119047619048,30.0,1023.2791666666666,traffic_signals,secondary
371337197,2024-12-16,40.8171122,-73.9339955,3,0,3.0,50.0,1,0,0.0,0.0,0.0,0.0,0.0,51,-0.1416105093871293,0.9899224533422392,3.407142857142857,26.6,65.35119047619048,30.0,1023.2791666666666,missing,motorway
371337226,2024-12-16,40.8267401,-73.9355215,3,1,2.0,25.0,1,0,0.0,0.0,0.0,0.0,0.0,51,-0.1416105093871293,0.9899224533422392,3.407142857142857,26.6,65.35119047619048,30.0,1023.2791666666666,traffic_signals,primary
371337227,2024-12-16,40.8266348,-73.9352723,3,1,2.0,25.0,1,0,0.0,0.0,0.0,0.0,0.0,23,-0.1416105093871293,0.9899224533422392,3.407142857142857,26.6,65.35119047619048,30.0,1023.2791666666666,traffic_signals,primary
371337239,2024-12-16,40.8280476,-73.9345792,3,0,2.0,25.0,1,0,0.0,0.0,0.0,0.0,0.0,51,-0.1416105093871293,0.9899224533422392,3.407142857142857,26.6,65.35119047619048,30.0,1023.2791666666666,missing,primary
371337241,2024-12-16,40.8281871,-73.9349775,3,0,4.0,25.0,1,0,0.0,0.0,0.0,0.0,0.0,51,-0.1416105093871293,0.9899224533422392,3.407142857142857,26.6,65.35119047619048,30.0,1023.2791666666666,missing,primary
371337250,2024-12-16,40.8299306,-73.9349155,3,0,3.0,50.0,1,0,0.0,0.0,0.0,0.0,0.0,51,-0.1416105093871293,0.9899224533422392,3.407142857142857,26.6,65.35119047619048,30.0,1023.2791666666666,motorway_junction,motorway
371337269,2024-12-16,40.8383154,-73.9334654,3,0,4.0,50.0,1,0,0.0,0.0,0.0,0.0,0.0,51,-0.1416105093871293,0.9899224533422392,3.407142857142857,26.6,65.35119047619048,30.0,1023.2791666666666,missing,motorway
3718672443,2024-12-16,40.773612,-73.9815824,4,1,5.0,25.0,1,0,0.0,0.0,0.0,0.0,0.0,24,-0.1416105093871293,0.9899224533422392,3.407142857142857,26.6,65.35119047619048,30.0,1023.2791666666666,traffic_signals,primary
373755525,2024-12-16,40.806569,-73.9333826,3,0,4.0,50.0,1,0,0.0,0.0,0.0,0.0,0.0,51,-0.1416105093871293,0.9899224533422392,3.407142857142857,26.6,65.35119047619048,30.0,1023.2791666666666,missing,motorway
373756705,2024-12-16,40.8078972,-73.9343735,3,0,3.0,50.0,1,0,0.0,0.0,0.0,0.0,0.0,51,-0.1416105093871293,0.9899224533422392,3.407142857142857,26.6,65.35119047619048,30.0,1023.2791666666666,missing,motorway
373760396,2024-12-16,40.8135861,-73.9345073,3,0,3.0,50.0,1,0,0.0,0.0,0.0,0.0,0.0,51,-0.1416105093871293,0.9899224533422392,3.407142857142857,26.6,65.35119047619048,30.0,1023.2791666666666,motorway_junction,motorway
373769330,2024-12-16,40.8277907,-73.9350557,3,0,2.0,25.0,1,0,0.0,0.0,0.0,0.0,0.0,51,-0.1416105093871293,0.9899224533422392,3.407142857142857,26.6,65.35119047619048,30.0,1023.2791666666666,missing,primary
373772209,2024-12-16,40.8307824,-73.9361514,3,0,2.0,25.0,1,0,0.0,0.0,0.0,0.0,0.0,16,-0.1416105093871293,0.9899224533422392,3.407142857142857,26.6,65.35119047619048,30.0,1023.2791666666666,missing,secondary
373778409,2024-12-16,40.8365881,-73.9348362,3,0,2.0,,1,0,0.0,0.0,0.0,0.0,0.0,51,-0.1416105093871293,0.9899224533422392,3.407142857142857,26.6,65.35119047619048,30.0,1023.2791666666666,motorway_junction,motorway_link
373850916,2024-12-16,40.8102242,-73.9354432,3,0,1.0,25.0,1,1,1.0,1.0,1.0,1.0,0.0,0,-0.1416105093871293,0.9899224533422392,3.407142857142857,26.6,65.35119047619048,30.0,1023.2791666666666,missing,primary
373880031,2024-12-16,40.7137911,-74.013941,4,1,3.0,30.0,1,0,0.0,2.0,0.0,0.0,1.0,5,-0.1416105093871293,0.9899224533422392,3.407142857142857,26.6,65.35119047619048,30.0,1023.2791666666666,traffic_signals,trunk
373903786,2024-12-16,40.7454644,-74.0083054,3,1,3.0,30.0,1,0,0.0,0.0,0.0,0.0,0.0,51,-0.1416105093871293,0.9899224533422392,3.407142857142857,26.6,65.35119047619048,30.0,1023.2791666666666,traffic_signals,trunk
374466911,2024-12-16,40.8666943,-73.9307992,3,0,4.0,,1,0,0.0,0.0,0.0,0.0,0.0,51,-0.1416105093871293,0.9899224533422392,3.407142857142857,26.6,65.35119047619048,30.0,1023.2791666666666,missing,primary
374472690,2024-12-16,40.8664124,-73.9322336,3,0,3.0,45.0,1,0,0.0,0.0,0.0,0.0,0.0,51,-0.1416105093871293,0.9899224533422392,3.407142857142857,26.6,65.35119047619048,30.0,1023.2791666666666,motorway_junction,motorway
374475605,2024-12-16,40.8663173,-73.9327916,3,0,3.0,50.0,1,0,0.0,0.0,0.0,0.0,0.0,51,-0.1416105093871293,0.9899224533422392,3.407142857142857,26.6,65.35119047619048,30.0,1023.2791666666666,missing,motorway
374482644,2024-12-16,40.8644251,-73.9332656,3,0,3.0,45.0,1,0,0.0,0.0,0.0,0.0,0.0,51,-0.1416105093871293,0.9899224533422392,3.407142857142857,26.6,65.35119047619048,30.0,1023.2791666666666,missing,motorway
374494595,2024-12-16,40.863864,-73.931822,3,0,,,1,0,0.0,0.0,0.0,0.0,0.0,51,-0.1416105093871293,0.9899224533422392,3.407142857142857,26.6,65.35119047619048,30.0,1023.2791666666666,missing,residential
3772840882,2024-12-16,40.7095053,-74.0138882,4,0,1.0,20.0,1,0,0.0,0.0,0.0,0.0,0.0,22,-0.1416105093871293,0.9899224533422392,3.407142857142857,26.6,65.35119047619048,30.0,1023.2791666666666,missing,residential
3783071109,2024-12-16,40.721278,-73.9829678,3,1,2.0,25.0,1,0,0.0,1.0,0.0,0.0,0.0,4,-0.1416105093871293,0.9899224533422392,3.407142857142857,26.6,65.35119047619048,30.0,1023.2791666666666,traffic_signals,primary
3783071112,2024-12-16,40.7210194,-73.9821197,3,0,2.0,25.0,1,0,0.0,0.0,0.0,0.0,0.0,51,-0.1416105093871293,0.9899224533422392,3.407142857142857,26.6,65.35119047619048,30.0,1023.2791666666666,missing,primary
3785522931,2024-12-16,40.7850458,-73.9410405,3,0,1.0,25.0,1,0,0.0,0.0,0.0,0.0,0.0,9,-0.1416105093871293,0.9899224533422392,3.407142857142857,26.6,65.35119047619048,30.0,1023.2791666666666,missing,residential
3785532381,2024-12-16,40.780193,-73.9441831,3,0,2.0,25.0,1,0,0.0,0.0,0.0,0.0,0.0,51,-0.1416105093871293,0.9899224533422392,3.407142857142857,26.6,65.35119047619048,30.0,1023.2791666666666,missing,secondary
3785532382,2024-12-16,40.7799516,-73.9441142,4,1,2.0,25.0,1,0,0.0,0.0,0.0,0.0,0.0,51,-0.1416105093871293,0.9899224533422392,3.407142857142857,26.6,65.35119047619048,30.0,1023.2791666666666,traffic_signals,secondary
3785575833,2024-12-16,40.7596406,-73.958169,4,0,4.0,25.0,1,0,1.0,1.0,0.0,0.0,0.0,1,-0.1416105093871293,0.9899224533422392,3.407142857142857,26.6,65.35119047619048,30.0,1023.2791666666666,missing,secondary
3785585954,2024-12-16,40.7610287,-73.9640512,3,1,6.0,25.0,1,0,0.0,0.0,0.0,0.0,0.0,51,-0.1416105093871293,0.9899224533422392,3.407142857142857,26.6,65.35119047619048,30.0,1023.2791666666666,traffic_signals,primary
3785586743,2024-12-16,40.7599331,-73.9646643,3,0,3.0,25.0,1,0,0.0,1.0,0.0,0.0,0.0,5,-0.1416105093871293,0.9899224533422392,3.407142857142857,26.6,65.35119047619048,30.0,1023.2791666666666,crossing,secondary
3786728557,2024-12-16,40.797172,-73.9293306,3,0,3.0,40.0,1,0,0.0,0.0,0.0,0.0,0.0,28,-0.1416105093871293,0.9899224533422392,3.407142857142857,26.6,65.35119047619048,30.0,1023.2791666666666,missing,motorway
3786728678,2024-12-16,40.8020916,-73.9340754,4,1,4.0,25.0,1,0,0.0,0.0,0.0,0.0,0.0,41,-0.1416105093871293,0.9899224533422392,3.407142857142857,26.6,65.35119047619048,30.0,1023.2791666666666,traffic_signals,primary
3786728679,2024-12-16,40.8019596,-73.934173,3,0,4.0,25.0,1,0,0.0,0.0,0.0,0.0,0.0,51,-0.1416105093871293,0.9899224533422392,3.407142857142857,26.6,65.35119047619048,30.0,1023.2791666666666,missing,primary
3786728763,2024-12-16,40.8011674,-73.9295616,3,0,3.0,30.0,1,0,0.0,0.0,0.0,0.0,0.0,51,-0.1416105093871293,0.9899224533422392,3.407142857142857,26.6,65.35119047619048,30.0,1023.2791666666666,motorway_junction,motorway_link
3786728788,2024-12-16,40.8039604,-73.9320106,3,0,1.0,30.0,1,0,0.0,0.0,0.0,0.0,0.0,51,-0.1416105093871293,0.9899224533422392,3.407142857142857,26.6,65.35119047619048,30.0,1023.2791666666666,missing,motorway_link
3786741452,2024-12-16,40.8057132,-73.9346439,3,0,1.0,25.0,1,0,0.0,0.0,0.0,0.0,0.0,51,-0.1416105093871293,0.9899224533422392,3.407142857142857,26.6,65.35119047619048,30.0,1023.2791666666666,missing,primary
3786901738,2024-12-16,40.7463935,-73.9817611,4,0,3.0,25.0,1,0,0.0,0.0,0.0,0.0,0.0,11,-0.1416105093871293,0.9899224533422392,3.407142857142857,26.6,65.35119047619048,30.0,1023.2791666666666,missing,primary
3786901743,2024-12-16,40.7470461,-73.981266,4,0,5.0,25.0,1,0,1.0,3.0,1.0,0.0,0.0,2,-0.1416105093871293,0.9899224533422392,3.407142857142857,26.6,65.35119047619048,30.0,1023.2791666666666,missing,primary
3788364714,2024-12-16,40.7235592,-74.0076357,3,0,3.0,25.0,1,0,0.0,0.0,0.0,0.0,0.0,51,-0.1416105093871293,0.9899224533422392,3.407142857142857,26.6,65.35119047619048,30.0,1023.2791666666666,missing,primary
3788379684,2024-12-16,40.7219758,-74.0081991,4,0,3.0,25.0,1,0,0.0,1.0,0.0,0.0,0.0,6,-0.1416105093871293,0.9899224533422392,3.407142857142857,26.6,65.35119047619048,30.0,1023.2791666666666,missing,primary
3788379733,2024-12-16,40.7218819,-74.0053547,4,0,5.0,25.0,1,0,0.0,0.0,0.0,0.0,0.0,51,-0.1416105093871293,0.9899224533422392,3.407142857142857,26.6,65.35119047619048,30.0,1023.2791666666666,missing,trunk
3829675223,2024-12-16,40.7523347,-73.9669654,3,0,1.0,30.0,1,0,0.0,0.0,0.0,0.0,0.0,51,-0.1416105093871293,0.9899224533422392,3.407142857142857,26.6,65.35119047619048,30.0,1023.2791666666666,missing,unclassified
3834923371,2024-12-16,40.7471974,-73.9759513,3,0,3.0,,1,0,0.0,0.0,0.0,0.0,0.0,51,-0.1416105093871293,0.9899224533422392,3.407142857142857,26.6,65.35119047619048,30.0,1023.2791666666666,missing,motorway_link
3843180751,2024-12-16,40.7966003,-73.9180395,3,0,,,1,0,0.0,0.0,0.0,0.0,0.0,51,-0.1416105093871293,0.9899224533422392,3.407142857142857,26.6,65.35119047619048,30.0,1023.2791666666666,crossing,unclassified
3858909357,2024-12-16,40.8045239,-73.9457212,3,0,,,1,0,0.0,0.0,0.0,0.0,0.0,23,-0.1416105093871293,0.9899224533422392,3.407142857142857,26.6,65.35119047619048,30.0,1023.2791666666666,missing,residential
387180916,2024-12-16,40.7416415,-74.0048213,4,1,2.0,25.0,1,0,0.0,0.0,0.0,0.0,0.0,12,-0.1416105093871293,0.9899224533422392,3.407142857142857,26.6,65.35119047619048,30.0,1023.2791666666666,traffic_signals,secondary
387184869,2024-12-16,40.7362172,-73.9790127,4,1,3.0,25.0,1,0,0.0,0.0,0.0,0.0,0.0,26,-0.1416105093871293,0.9899224533422392,3.407142857142857,26.6,65.35119047619048,30.0,1023.2791666666666,traffic_signals,primary
3874650232,2024-12-16,40.742328,-74.0085846,3,0,3.0,25.0,1,0,0.0,0.0,0.0,0.0,0.0,51,-0.1416105093871293,0.9899224533422392,3.407142857142857,26.6,65.35119047619048,30.0,1023.2791666666666,crossing,secondary
3884569924,2024-12-16,40.7100562,-74.0012106,5,1,4.0,25.0,1,0,0.0,0.0,0.0,0.0,0.0,51,-0.1416105093871293,0.9899224533422392,3.407142857142857,26.6,65.35119047619048,30.0,1023.2791666666666,traffic_signals,primary
3884569931,2024-12-16,40.7101928,-74.0011123,4,1,4.0,20.0,1,1,1.0,1.0,0.0,0.0,0.0,0,-0.1416105093871293,0.9899224533422392,3.407142857142857,26.6,65.35119047619048,30.0,1023.2791666666666,traffic_signals,primary
3891963915,2024-12-16,40.7281435,-74.0029583,3,0,4.0,25.0,1,0,0.0,0.0,0.0,0.0,0.0,51,-0.1416105093871293,0.9899224533422392,3.407142857142857,26.6,65.35119047619048,30.0,1023.2791666666666,missing,primary
3892037906,2024-12-16,40.7300742,-73.9875244,3,0,1.0,25.0,1,0,0.0,0.0,0.0,0.0,0.0,51,-0.1416105093871293,0.9899224533422392,3.407142857142857,26.6,65.35119047619048,30.0,1023.2791666666666,missing,residential
390519635,2024-12-16,40.7375568,-73.984084,4,0,6.0,25.0,1,0,1.0,1.0,0.0,0.0,0.0,1,-0.1416105093871293,0.9899224533422392,3.407142857142857,26.6,65.35119047619048,30.0,1023.2791666666666,missing,primary
3914862593,2024-12-16,40.7047291,-74.014987,3,0,3.0,20.0,1,0,0.0,0.0,0.0,0.0,0.0,29,-0.1416105093871293,0.9899224533422392,3.407142857142857,26.6,65.35119047619048,30.0,1023.2791666666666,missing,primary
3917286380,2024-12-16,40.7969242,-73.9760626,3,0,4.0,50.0,1,0,0.0,0.0,0.0,0.0,0.0,51,-0.1416105093871293,0.9899224533422392,3.407142857142857,26.6,65.35119047619048,30.0,1023.2791666666666,missing,motorway
3931519753,2024-12-16,40.7986638,-73.9334651,3,0,4.0,25.0,1,0,0.0,0.0,0.0,0.0,0.0,10,-0.1416105093871293,0.9899224533422392,3.407142857142857,26.6,65.35119047619048,30.0,1023.2791666666666,missing,primary
3931524258,2024-12-16,40.799819,-73.935467,3,0,1.0,,1,0,0.0,0.0,0.0,0.0,0.0,51,-0.1416105093871293,0.9899224533422392,3.407142857142857,26.6,65.35119047619048,30.0,1023.2791666666666,missing,residential
3931524260,2024-12-16,40.801884,-73.9339793,3,0,1.0,25.0,1,0,0.0,0.0,0.0,0.0,0.0,51,-0.1416105093871293,0.9899224533422392,3.407142857142857,26.6,65.35119047619048,30.0,1023.2791666666666,missing,residential
3931524261,2024-12-16,40.7994809,-73.9357143,3,0,1.0,,1,0,0.0,0.0,0.0,0.0,0.0,17,-0.1416105093871293,0.9899224533422392,3.407142857142857,26.6,65.35119047619048,30.0,1023.2791666666666,missing,residential
3931534870,2024-12-16,40.8001169,-73.9352513,3,0,,,1,0,0.0,0.0,0.0,0.0,0.0,51,-0.1416105093871293,0.9899224533422392,3.407142857142857,26.6,65.35119047619048,30.0,1023.2791666666666,missing,residential
3931534871,2024-12-16,40.8007405,-73.9347941,3,0,1.0,,1,0,0.0,0.0,0.0,0.0,0.0,51,-0.1416105093871293,0.9899224533422392,3.407142857142857,26.6,65.35119047619048,30.0,1023.2791666666666,missing,residential
4012724171,2024-12-16,40.727599,-73.985307,4,1,4.0,25.0,1,0,0.0,0.0,0.0,0.0,0.0,8,-0.1416105093871293,0.9899224533422392,3.407142857142857,26.6,65.35119047619048,30.0,1023.2791666666666,traffic_signals,primary
4015190382,2024-12-16,40.7283561,-73.9907884,4,0,5.0,25.0,1,0,0.0,0.0,0.0,0.0,0.0,27,-0.1416105093871293,0.9899224533422392,3.407142857142857,26.6,65.35119047619048,30.0,1023.2791666666666,missing,primary
4015192929,2024-12-16,40.707836,-74.0043276,3,0,2.0,20.0,1,0,0.0,0.0,0.0,0.0,0.0,40,-0.1416105093871293,0.9899224533422392,3.407142857142857,26.6,65.35119047619048,30.0,1023.2791666666666,missing,residential
4016646206,2024-12-16,40.789698,-73.9698629,4,1,4.0,25.0,1,0,0.0,0.0,0.0,0.0,0.0,21,-0.1416105093871293,0.9899224533422392,3.407142857142857,26.6,65.35119047619048,30.0,1023.2791666666666,traffic_signals,primary
4016646214,2024-12-16,40.8005207,-73.957867,3,1,3.0,,1,0,0.0,0.0,0.0,0.0,0.0,51,-0.1416105093871293,0.9899224533422392,3.407142857142857,26.6,65.35119047619048,30.0,1023.2791666666666,traffic_signals,secondary
402480678,2024-12-16,40.7423533,-74.0089056,3,0,3.0,30.0,1,0,0.0,0.0,0.0,0.0,0.0,16,-0.1416105093871293,0.9899224533422392,3.407142857142857,26.6,65.35119047619048,30.0,1023.2791666666666,missing,trunk
406006393,2024-12-16,40.7593428,-73.9582013,3,0,3.0,40.0,1,0,0.0,0.0,0.0,0.0,0.0,51,-0.1416105093871293,0.9899224533422392,3.407142857142857,26.6,65.35119047619048,30.0,1023.2791666666666,missing,motorway
406048768,2024-12-16,40.7438669,-73.9716376,3,1,,25.0,1,0,0.0,0.0,0.0,0.0,0.0,15,-0.1416105093871293,0.9899224533422392,3.407142857142857,26.6,65.35119047619048,30.0,1023.2791666666666,traffic_signals,primary
4121409402,2024-12-16,40.7102075,-73.9965045,3,1,1.0,20.0,1,0,0.0,0.0,0.0,0.0,0.0,51,-0.1416105093871293,0.9899224533422392,3.407142857142857,26.6,65.35119047619048,30.0,1023.2791666666666,traffic_signals,residential
4137021568,2024-12-16,40.7204753,-74.006894,3,0,2.0,25.0,1,0,0.0,0.0,0.0,0.0,0.0,51,-0.1416105093871293,0.9899224533422392,3.407142857142857,26.6,65.35119047619048,30.0,1023.2791666666666,missing,trunk
4138911201,2024-12-16,40.7401252,-73.9822169,3,0,5.0,25.0,1,1,1.0,1.0,0.0,0.0,0.0,0,-0.1416105093871293,0.9899224533422392,3.407142857142857,26.6,65.35119047619048,30.0,1023.2791666666666,missing,primary
4142073861,2024-12-16,40.7258331,-74.0111865,3,0,5.0,30.0,1,0,0.0,0.0,0.0,0.0,0.0,51,-0.1416105093871293,0.9899224533422392,3.407142857142857,26.6,65.35119047619048,30.0,1023.2791666666666,missing,trunk
4142105811,2024-12-16,40.7240259,-74.008445,3,0,3.0,20.0,1,0,1.0,1.0,0.0,0.0,0.0,1,-0.1416105093871293,0.9899224533422392,3.407142857142857,26.6,65.35119047619048,30.0,1023.2791666666666,missing,trunk
4142105812,2024-12-16,40.7246766,-74.0093172,4,1,3.0,20.0,1,0,0.0,0.0,0.0,0.0,0.0,9,-0.1416105093871293,0.9899224533422392,3.407142857142857,26.6,65.35119047619048,30.0,1023.2791666666666,traffic_signals,trunk
4142105813,2024-12-16,40.7231886,-74.007217,3,0,5.0,20.0,1,0,0.0,0.0,0.0,0.0,0.0,51,-0.1416105093871293,0.9899224533422392,3.407142857142857,26.6,65.35119047619048,30.0,1023.2791666666666,missing,primary
4142105822,2024-12-16,40.7236607,-74.0079501,5,1,4.0,20.0,1,0,0.0,0.0,0.0,0.0,0.0,51,-0.1416105093871293,0.9899224533422392,3.407142857142857,26.6,65.35119047619048,30.0,1023.2791666666666,traffic_signals,trunk
4143851142,2024-12-16,40.7179475,-74.0055763,3,0,3.0,20.0,1,0,0.0,0.0,0.0,0.0,0.0,51,-0.1416105093871293,0.9899224533422392,3.407142857142857,26.6,65.35119047619048,30.0,1023.2791666666666,missing,secondary
4143851144,2024-12-16,40.7182549,-74.0052698,4,1,1.0,20.0,1,0,0.0,0.0,0.0,0.0,0.0,51,-0.1416105093871293,0.9899224533422392,3.407142857142857,26.6,65.35119047619048,30.0,1023.2791666666666,traffic_signals,residential
4143859865,2024-12-16,40.7217117,-74.0053067,4,0,3.0,20.0,1,0,0.0,0.0,0.0,0.0,0.0,28,-0.1416105093871293,0.9899224533422392,3.407142857142857,26.6,65.35119047619048,30.0,1023.2791666666666,missing,trunk
4143859873,2024-12-16,40.7216847,-74.0050747,3,0,6.0,20.0,1,0,0.0,1.0,0.0,0.0,0.0,5,-0.1416105093871293,0.9899224533422392,3.407142857142857,26.6,65.35119047619048,30.0,1023.2791666666666,missing,primary
4143875757,2024-12-16,40.7117314,-74.0078441,3,0,2.0,20.0,1,0,0.0,0.0,0.0,0.0,0.0,51,-0.1416105093871293,0.9899224533422392,3.407142857142857,26.6,65.35119047619048,30.0,1023.2791666666666,missing,secondary
4143876126,2024-12-16,40.7119017,-74.0038751,3,0,2.0,25.0,1,0,0.0,0.0,0.0,0.0,0.0,51,-0.1416105093871293,0.9899224533422392,3.407142857142857,26.6,65.35119047619048,30.0,1023.2791666666666,missing,secondary
4145424858,2024-12-16,40.7087468,-74.0180549,3,0,2.0,20.0,1,0,0.0,0.0,0.0,0.0,0.0,51,-0.1416105093871293,0.9899224533422392,3.407142857142857,26.6,65.35119047619048,30.0,1023.2791666666666,missing,residential
4145735057,2024-12-16,40.7020631,-74.0097583,3,0,2.0,40.0,1,0,0.0,0.0,0.0,0.0,0.0,51,-0.1416105093871293,0.9899224533422392,3.407142857142857,26.6,65.35119047619048,30.0,1023.2791666666666,missing,motorway
4145735059,2024-12-16,40.7019107,-74.0098765,3,0,3.0,30.0,1,0,0.0,0.0,0.0,0.0,0.0,51,-0.1416105093871293,0.9899224533422392,3.407142857142857,26.6,65.35119047619048,30.0,1023.2791666666666,missing,motorway
4145735066,2024-12-16,40.7019726,-74.0100288,3,0,2.0,30.0,1,0,0.0,0.0,0.0,0.0,0.0,51,-0.1416105093871293,0.9899224533422392,3.407142857142857,26.6,65.35119047619048,30.0,1023.2791666666666,motorway_junction,motorway
4145794861,2024-12-16,40.7022883,-74.0094947,3,0,2.0,25.0,1,0,0.0,0.0,0.0,0.0,0.0,51,-0.1416105093871293,0.9899224533422392,3.407142857142857,26.6,65.35119047619048,30.0,1023.2791666666666,missing,primary
4147546533,2024-12-16,40.7019381,-74.010508,3,0,2.0,25.0,1,0,0.0,0.0,0.0,0.0,0.0,51,-0.1416105093871293,0.9899224533422392,3.407142857142857,26.6,65.35119047619048,30.0,1023.2791666666666,missing,primary
4149748671,2024-12-16,40.7076106,-74.0155543,3,0,4.0,30.0,1,0,0.0,0.0,0.0,0.0,0.0,51,-0.1416105093871293,0.9899224533422392,3.407142857142857,26.6,65.35119047619048,30.0,1023.2791666666666,missing,trunk
4149936235,2024-12-16,40.7069507,-74.0135153,4,1,3.0,20.0,1,0,0.0,0.0,0.0,0.0,0.0,51,-0.1416105093871293,0.9899224533422392,3.407142857142857,26.6,65.35119047619048,30.0,1023.2791666666666,traffic_signals,secondary
4149936245,2024-12-16,40.7071527,-74.0139431,3,0,2.0,20.0,1,0,0.0,0.0,0.0,0.0,0.0,51,-0.1416105093871293,0.9899224533422392,3.407142857142857,26.6,65.35119047619048,30.0,1023.2791666666666,missing,residential
4158644588,2024-12-16,40.708608,-73.9985675,3,0,3.0,40.0,1,0,0.0,0.0,0.0,0.0,0.0,51,-0.1416105093871293,0.9899224533422392,3.407142857142857,26.6,65.35119047619048,30.0,1023.2791666666666,motorway_junction,motorway
4158673495,2024-12-16,40.7105184,-74.0029673,3,0,3.0,20.0,1,0,0.0,0.0,0.0,0.0,0.0,51,-0.1416105093871293,0.9899224533422392,3.407142857142857,26.6,65.35119047619048,30.0,1023.2791666666666,missing,secondary
4158740807,2024-12-16,40.7115118,-74.0037906,3,0,2.0,30.0,1,0,0.0,0.0,0.0,0.0,0.0,51,-0.1416105093871293,0.9899224533422392,3.407142857142857,26.6,65.35119047619048,30.0,1023.2791666666666,missing,secondary
4158807592,2024-12-16,40.7132575,-73.9982206,3,0,3.0,20.0,1,0,0.0,0.0,0.0,0.0,0.0,18,-0.1416105093871293,0.9899224533422392,3.407142857142857,26.6,65.35119047619048,30.0,1023.2791666666666,missing,primary
4161568888,2024-12-16,40.7310019,-73.974057,4,1,2.0,40.0,1,0,0.0,0.0,0.0,0.0,0.0,51,-0.1416105093871293,0.9899224533422392,3.407142857142857,26.6,65.35119047619048,30.0,1023.2791666666666,traffic_signals,primary
4163883691,2024-12-16,40.7839392,-73.9523473,4,1,3.0,25.0,1,0,0.0,0.0,0.0,0.0,0.0,27,-0.1416105093871293,0.9899224533422392,3.407142857142857,26.6,65.35119047619048,30.0,1023.2791666666666,traffic_signals,secondary
4163940359,2024-12-16,40.8058118,-73.9507375,4,1,2.0,25.0,1,0,0.0,0.0,0.0,0.0,0.0,28,-0.1416105093871293,0.9899224533422392,3.407142857142857,26.6,65.35119047619048,30.0,1023.2791666666666,traffic_signals,primary
4202908174,2024-12-16,40.7282339,-74.0023601,3,0,4.0,25.0,1,0,0.0,0.0,0.0,0.0,0.0,51,-0.1416105093871293,0.9899224533422392,3.407142857142857,26.6,65.35119047619048,30.0,1023.2791666666666,missing,primary
4205440426,2024-12-16,40.824705,-73.944268,3,1,3.0,25.0,1,0,0.0,0.0,0.0,0.0,0.0,18,-0.1416105093871293,0.9899224533422392,3.407142857142857,26.6,65.35119047619048,30.0,1023.2791666666666,traffic_signals,secondary
4205440429,2024-12-16,40.8280452,-73.9425031,4,1,3.0,25.0,1,0,0.0,1.0,0.0,0.0,0.0,7,-0.1416105093871293,0.9899224533422392,3.407142857142857,26.6,65.35119047619048,30.0,1023.2791666666666,traffic_signals,secondary
4207143418,2024-12-16,40.720319,-74.0120514,4,1,4.0,30.0,1,0,0.0,0.0,0.0,0.0,0.0,51,-0.1416105093871293,0.9899224533422392,3.407142857142857,26.6,65.35119047619048,30.0,1023.2791666666666,traffic_signals,trunk
4207143421,2024-12-16,40.7229787,-74.0115025,4,1,4.0,30.0,1,0,0.0,0.0,0.0,0.0,0.0,18,-0.1416105093871293,0.9899224533422392,3.407142857142857,26.6,65.35119047619048,30.0,1023.2791666666666,traffic_signals,trunk
4207731295,2024-12-16,40.8346333,-73.9454542,3,0,4.0,25.0,1,0,0.0,0.0,0.0,0.0,0.0,36,-0.1416105093871293,0.9899224533422392,3.407142857142857,26.6,65.35119047619048,30.0,1023.2791666666666,missing,secondary
4207802391,2024-12-16,40.7048188,-74.0167012,3,0,4.0,20.0,1,0,1.0,1.0,0.0,0.0,0.0,3,-0.1416105093871293,0.9899224533422392,3.407142857142857,26.6,65.35119047619048,30.0,1023.2791666666666,missing,primary
4207806923,2024-12-16,40.710912,-73.9922162,4,1,2.0,20.0,1,0,0.0,0.0,0.0,0.0,0.0,51,-0.1416105093871293,0.9899224533422392,3.407142857142857,26.6,65.35119047619048,30.0,1023.2791666666666,traffic_signals,primary
4207863943,2024-12-16,40.8198059,-73.9367953,4,0,2.0,,1,0,0.0,1.0,0.0,0.0,0.0,7,-0.1416105093871293,0.9899224533422392,3.407142857142857,26.6,65.35119047619048,30.0,1023.2791666666666,missing,secondary
4207913309,2024-12-16,40.7554715,-73.9947995,3,0,5.0,,1,0,0.0,0.0,0.0,0.0,0.0,31,-0.1416105093871293,0.9899224533422392,3.407142857142857,26.6,65.35119047619048,30.0,1023.2791666666666,missing,primary
4207962275,2024-12-16,40.7963136,-73.9382919,4,1,5.0,25.0,1,0,1.0,1.0,0.0,0.0,0.0,3,-0.1416105093871293,0.9899224533422392,3.407142857142857,26.6,65.35119047619048,30.0,1023.2791666666666,traffic_signals,primary
4235734223,2024-12-16,40.7298259,-73.9886967,3,0,1.0,25.0,1,0,1.0,1.0,0.0,0.0,0.0,1,-0.1416105093871293,0.9899224533422392,3.407142857142857,26.6,65.35119047619048,30.0,1023.2791666666666,missing,residential
4235734225,2024-12-16,40.7299406,-73.9886035,3,0,1.0,25.0,1,0,0.0,0.0,0.0,0.0,0.0,51,-0.1416105093871293,0.9899224533422392,3.407142857142857,26.6,65.35119047619048,30.0,1023.2791666666666,missing,residential
42421728,2024-12-16,40.7980478,-73.9600437,3,1,4.0,25.0,0,1,1.0,2.0,0.0,1.0,0.0,0,-0.1416105093871293,0.9899224533422392,3.407142857142857,26.6,65.35119047619048,30.0,1023.2791666666666,traffic_signals,secondary
42421731,2024-12-16,40.7986542,-73.9614745,4,1,3.0,,0,0,0.0,0.0,0.0,0.0,0.0,51,-0.1416105093871293,0.9899224533422392,3.407142857142857,26.6,65.35119047619048,30.0,1023.2791666666666,traffic_signals,secondary
42421737,2024-12-16,40.7992437,-73.9628734,4,1,3.0,25.0,1,0,1.0,3.0,0.0,0.0,0.0,2,-0.1416105093871293,0.9899224533422392,3.407142857142857,26.6,65.35119047619048,30.0,1023.2791666666666,traffic_signals,primary
42421741,2024-12-16,40.8004295,-73.9656909,4,1,3.0,25.0,1,0,0.0,0.0,0.0,0.0,0.0,51,-0.1416105093871293,0.9899224533422392,3.407142857142857,26.6,65.35119047619048,30.0,1023.2791666666666,traffic_signals,primary
42421745,2024-12-16,40.8013981,-73.9679955,4,1,4.0,25.0,1,0,0.0,0.0,0.0,0.0,0.0,51,-0.1416105093871293,0.9899224533422392,3.407142857142857,26.6,65.35119047619048,30.0,1023.2791666666666,traffic_signals,primary
42421749,2024-12-16,40.8016452,-73.9685741,4,1,4.0,25.0,1,0,0.0,0.0,0.0,0.0,0.0,51,-0.1416105093871293,0.9899224533422392,3.407142857142857,26.6,65.35119047619048,30.0,1023.2791666666666,traffic_signals,secondary
42421751,2024-12-16,40.8022679,-73.9700504,3,0,2.0,,1,0,0.0,0.0,0.0,0.0,0.0,51,-0.1416105093871293,0.9899224533422392,3.407142857142857,26.6,65.35119047619048,30.0,1023.2791666666666,missing,residential
42421769,2024-12-16,40.7826383,-73.9750067,3,1,3.0,25.0,1,0,1.0,1.0,0.0,0.0,0.0,3,-0.1416105093871293,0.9899224533422392,3.407142857142857,26.6,65.35119047619048,30.0,1023.2791666666666,traffic_signals,primary
42421772,2024-12-16,40.783828,-73.9778254,4,1,3.0,,1,0,0.0,2.0,0.0,0.0,0.0,7,-0.1416105093871293,0.9899224533422392,3.407142857142857,26.6,65.35119047619048,30.0,1023.2791666666666,traffic_signals,primary
42421775,2024-12-16,40.7845691,-73.9795827,4,1,4.0,25.0,1,0,0.0,0.0,0.0,0.0,0.0,33,-0.1416105093871293,0.9899224533422392,3.407142857142857,26.6,65.35119047619048,30.0,1023.2791666666666,traffic_signals,primary
42421776,2024-12-16,40.7850352,-73.9806732,4,1,3.0,25.0,1,0,0.0,0.0,0.0,0.0,0.0,15,-0.1416105093871293,0.9899224533422392,3.407142857142857,26.6,65.35119047619048,30.0,1023.2791666666666,traffic_signals,tertiary
42421778,2024-12-16,40.7855915,-73.9820041,3,0,1.0,,1,0,0.0,0.0,0.0,0.0,0.0,51,-0.1416105093871293,0.9899224533422392,3.407142857142857,26.6,65.35119047619048,30.0,1023.2791666666666,missing,secondary
42421783,2024-12-16,40.8593291,-73.9313239,4,1,4.0,20.0,1,0,0.0,1.0,0.0,1.0,0.0,6,-0.1416105093871293,0.9899224533422392,3.407142857142857,26.6,65.35119047619048,30.0,1023.2791666666666,traffic_signals,primary
42421785,2024-12-16,40.858744,-73.930122,3,0,,,1,0,0.0,2.0,0.0,0.0,0.0,4,-0.1416105093871293,0.9899224533422392,3.407142857142857,26.6,65.35119047619048,30.0,1023.2791666666666,missing,tertiary
42421786,2024-12-16,40.859012,-73.927625,3,0,,,1,0,0.0,0.0,0.0,0.0,0.0,51,-0.1416105093871293,0.9899224533422392,3.407142857142857,26.6,65.35119047619048,30.0,1023.2791666666666,missing,tertiary
42421791,2024-12-16,40.859944,-73.926786,3,0,,,1,0,1.0,1.0,1.0,1.0,0.0,2,-0.1416105093871293,0.9899224533422392,3.407142857142857,26.6,65.35119047619048,30.0,1023.2791666666666,missing,tertiary
42421800,2024-12-16,40.7839869,-73.9703125,3,1,4.0,25.0,1,0,0.0,0.0,0.0,0.0,0.0,51,-0.1416105093871293,0.9899224533422392,3.407142857142857,26.6,65.35119047619048,30.0,1023.2791666666666,traffic_signals,secondary
42421803,2024-12-16,40.7851818,-73.9731496,4,1,4.0,,1,0,0.0,0.0,0.0,0.0,0.0,51,-0.1416105093871293,0.9899224533422392,3.407142857142857,26.6,65.35119047619048,30.0,1023.2791666666666,traffic_signals,primary
42421806,2024-12-16,40.7863627,-73.9759753,4,1,3.0,,1,0,0.0,1.0,0.0,0.0,0.0,6,-0.1416105093871293,0.9899224533422392,3.407142857142857,26.6,65.35119047619048,30.0,1023.2791666666666,traffic_signals,primary
42421809,2024-12-16,40.7870876,-73.9776916,4,1,4.0,25.0,1,0,0.0,0.0,0.0,0.0,0.0,51,-0.1416105093871293,0.9899224533422392,3.407142857142857,26.6,65.35119047619048,30.0,1023.2791666666666,traffic_signals,primary
42421810,2024-12-16,40.7875711,-73.9788225,4,1,3.0,25.0,1,0,0.0,1.0,0.0,0.0,0.0,6,-0.1416105093871293,0.9899224533422392,3.407142857142857,26.6,65.35119047619048,30.0,1023.2791666666666,traffic_signals,tertiary
42421820,2024-12-16,40.788486,-73.9810702,3,1,,,1,0,0.0,0.0,0.0,0.0,0.0,51,-0.1416105093871293,0.9899224533422392,3.407142857142857,26.6,65.35119047619048,30.0,1023.2791666666666,traffic_signals,secondary
42421828,2024-12-16,40.725334,-73.9762137,3,0,2.0,20.0,1,0,0.0,0.0,0.0,0.0,0.0,51,-0.1416105093871293,0.9899224533422392,3.407142857142857,26.6,65.35119047619048,30.0,1023.2791666666666,missing,tertiary
42421852,2024-12-16,40.8126219,-73.9568234,3,1,5.0,,0,0,2.0,2.0,0.0,0.0,0.0,2,-0.1416105093871293,0.9899224533422392,3.407142857142857,26.6,65.35119047619048,30.0,1023.2791666666666,traffic_signals,secondary
42421857,2024-12-16,40.8138218,-73.9598,4,1,2.0,,1,0,0.0,0.0,0.0,0.0,0.0,21,-0.1416105093871293,0.9899224533422392,3.407142857142857,26.6,65.35119047619048,30.0,1023.2791666666666,traffic_signals,primary
42421865,2024-12-16,40.814184,-73.9606929,3,0,2.0,,0,0,0.0,0.0,0.0,0.0,0.0,13,-0.1416105093871293,0.9899224533422392,3.407142857142857,26.6,65.35119047619048,30.0,1023.2791666666666,missing,residential
42421877,2024-12-16,40.7328696,-73.9959296,4,0,2.0,25.0,1,0,0.0,0.0,0.0,0.0,0.0,47,-0.1416105093871293,0.9899224533422392,3.407142857142857,26.6,65.35119047619048,30.0,1023.2791666666666,missing,secondary
42421889,2024-12-16,40.7341463,-73.9991816,4,1,3.0,25.0,1,0,0.0,0.0,0.0,0.0,0.0,8,-0.1416105093871293,0.9899224533422392,3.407142857142857,26.6,65.35119047619048,30.0,1023.2791666666666,traffic_signals,secondary
42421941,2024-12-16,40.7042693,-74.0087265,3,0,4.0,20.0,1,0,0.0,0.0,0.0,0.0,0.0,47,-0.1416105093871293,0.9899224533422392,3.407142857142857,26.6,65.35119047619048,30.0,1023.2791666666666,missing,primary
42421946,2024-12-16,40.7038253,-74.0083431,3,0,1.0,20.0,1,0,0.0,0.0,0.0,0.0,0.0,23,-0.1416105093871293,0.9899224533422392,3.407142857142857,26.6,65.35119047619048,30.0,1023.2791666666666,missing,residential
42421951,2024-12-16,40.7033264,-74.0077746,4,1,2.0,20.0,1,0,0.0,0.0,0.0,0.0,0.0,44,-0.1416105093871293,0.9899224533422392,3.407142857142857,26.6,65.35119047619048,30.0,1023.2791666666666,traffic_signals,primary
42421960,2024-12-16,40.7041084,-74.0089696,4,1,4.0,20.0,1,0,0.0,0.0,0.0,0.0,0.0,51,-0.1416105093871293,0.9899224533422392,3.407142857142857,26.6,65.35119047619048,30.0,1023.2791666666666,traffic_signals,primary
42421965,2024-12-16,40.7032048,-74.0079952,4,1,1.0,20.0,1,0,0.0,0.0,0.0,0.0,0.0,51,-0.1416105093871293,0.9899224533422392,3.407142857142857,26.6,65.35119047619048,30.0,1023.2791666666666,traffic_signals,primary
42421969,2024-12-16,40.7692956,-73.9810586,3,1,2.0,25.0,1,0,0.0,0.0,0.0,0.0,0.0,51,-0.1416105093871293,0.9899224533422392,3.407142857142857,26.6,65.35119047619048,30.0,1023.2791666666666,traffic_signals,secondary
42421972,2024-12-16,40.7697925,-73.982236,4,1,4.0,25.0,1,0,0.0,0.0,0.0,0.0,0.0,51,-0.1416105093871293,0.9899224533422392,3.407142857142857,26.6,65.35119047619048,30.0,1023.2791666666666,traffic_signals,primary
42421974,2024-12-16,40.7704797,-73.9838597,3,1,4.0,25.0,1,0,1.0,2.0,0.0,0.0,1.0,1,-0.1416105093871293,0.9899224533422392,3.407142857142857,26.6,65.35119047619048,30.0,1023.2791666666666,traffic_signals,primary
42421982,2024-12-16,40.7716605,-73.986677,4,1,3.0,25.0,1,1,1.0,1.0,1.0,0.0,0.0,0,-0.1416105093871293,0.9899224533422392,3.407142857142857,26.6,65.35119047619048,30.0,1023.2791666666666,traffic_signals,primary
42421985,2024-12-16,40.7728633,-73.9895402,4,1,5.0,25.0,1,0,0.0,1.0,0.0,1.0,0.0,5,-0.1416105093871293,0.9899224533422392,3.407142857142857,26.6,65.35119047619048,30.0,1023.2791666666666,traffic_signals,secondary
42421993,2024-12-16,40.787235,-73.9679404,3,1,4.0,25.0,1,0,0.0,0.0,0.0,0.0,0.0,51,-0.1416105093871293,0.9899224533422392,3.407142857142857,26.6,65.35119047619048,30.0,1023.2791666666666,traffic_signals,secondary
42421996,2024-12-16,40.7884325,-73.9707862,4,1,4.0,25.0,1,0,0.0,0.0,0.0,0.0,0.0,36,-0.1416105093871293,0.9899224533422392,3.407142857142857,26.6,65.35119047619048,30.0,1023.2791666666666,traffic_signals,primary
42422000,2024-12-16,40.7896131,-73.9736025,4,1,3.0,25.0,1,0,0.0,0.0,0.0,0.0,0.0,11,-0.1416105093871293,0.9899224533422392,3.407142857142857,26.6,65.35119047619048,30.0,1023.2791666666666,traffic_signals,primary
42422006,2024-12-16,40.7902583,-73.9751294,4,1,4.0,25.0,1,0,0.0,0.0,0.0,0.0,0.0,51,-0.1416105093871293,0.9899224533422392,3.407142857142857,26.6,65.35119047619048,30.0,1023.2791666666666,traffic_signals,primary
42422016,2024-12-16,40.7908218,-73.9764487,4,1,3.0,25.0,1,0,0.0,0.0,0.0,0.0,0.0,51,-0.1416105093871293,0.9899224533422392,3.407142857142857,26.6,65.35119047619048,30.0,1023.2791666666666,traffic_signals,tertiary
42422018,2024-12-16,40.7917878,-73.978619,3,1,,,1,0,0.0,0.0,0.0,0.0,0.0,51,-0.1416105093871293,0.9899224533422392,3.407142857142857,26.6,65.35119047619048,30.0,1023.2791666666666,traffic_signals,secondary
42422026,2024-12-16,40.7115841,-74.0157844,3,1,3.0,20.0,0,0,1.0,1.0,1.0,0.0,0.0,3,-0.1416105093871293,0.9899224533422392,3.407142857142857,26.6,65.35119047619048,30.0,1023.2791666666666,traffic_signals,residential
42422028,2024-12-16,40.7110047,-74.0143969,3,1,6.0,30.0,1,0,1.0,3.0,0.0,0.0,0.0,1,-0.1416105093871293,0.9899224533422392,3.407142857142857,26.6,65.35119047619048,30.0,1023.2791666666666,traffic_signals,trunk
42422038,2024-12-16,40.7096669,-74.0116583,3,1,2.0,20.0,1,0,0.0,0.0,0.0,0.0,0.0,51,-0.1416105093871293,0.9899224533422392,3.407142857142857,26.6,65.35119047619048,30.0,1023.2791666666666,traffic_signals,secondary
42422042,2024-12-16,40.7091731,-74.0105706,4,1,2.0,20.0,1,0,0.0,1.0,0.0,0.0,0.0,5,-0.1416105093871293,0.9899224533422392,3.407142857142857,26.6,65.35119047619048,30.0,1023.2791666666666,traffic_signals,secondary
42422050,2024-12-16,40.7086249,-74.0093797,4,0,1.0,20.0,1,0,0.0,0.0,0.0,0.0,0.0,37,-0.1416105093871293,0.9899224533422392,3.407142857142857,26.6,65.35119047619048,30.0,1023.2791666666666,missing,residential
42422053,2024-12-16,40.7077288,-74.0082757,4,0,1.0,20.0,1,0,0.0,0.0,0.0,0.0,0.0,8,-0.1416105093871293,0.9899224533422392,3.407142857142857,26.6,65.35119047619048,30.0,1023.2791666666666,missing,residential
42422086,2024-12-16,40.8016439,-73.9333873,3,0,1.0,25.0,1,0,0.0,0.0,0.0,0.0,0.0,51,-0.1416105093871293,0.9899224533422392,3.407142857142857,26.6,65.35119047619048,30.0,1023.2791666666666,missing,secondary
42422110,2024-12-16,40.8021471,-73.9337706,3,0,1.0,,1,0,0.0,0.0,0.0,0.0,0.0,13,-0.1416105093871293,0.9899224533422392,3.407142857142857,26.6,65.35119047619048,30.0,1023.2791666666666,missing,motorway_link
42422168,2024-12-16,40.8021545,-73.9328935,3,0,2.0,,1,0,0.0,0.0,0.0,0.0,0.0,51,-0.1416105093871293,0.9899224533422392,3.407142857142857,26.6,65.35119047619048,30.0,1023.2791666666666,missing,motorway_link
42422258,2024-12-16,40.7482041,-74.0074153,3,0,1.0,25.0,1,0,0.0,0.0,0.0,0.0,0.0,51,-0.1416105093871293,0.9899224533422392,3.407142857142857,26.6,65.35119047619048,30.0,1023.2791666666666,missing,secondary
42422270,2024-12-16,40.7062566,-74.0027542,3,0,3.0,40.0,1,0,0.0,0.0,0.0,0.0,0.0,29,-0.1416105093871293,0.9899224533422392,3.407142857142857,26.6,65.35119047619048,30.0,1023.2791666666666,motorway_junction,motorway
42422283,2024-12-16,40.7094916,-74.001657,5,1,4.0,25.0,1,0,1.0,2.0,0.0,0.0,0.0,1,-0.1416105093871293,0.9899224533422392,3.407142857142857,26.6,65.35119047619048,30.0,1023.2791666666666,traffic_signals,primary
42422399,2024-12-16,40.7880027,-73.9827592,3,0,3.0,50.0,1,0,0.0,0.0,0.0,0.0,0.0,51,-0.1416105093871293,0.9899224533422392,3.407142857142857,26.6,65.35119047619048,30.0,1023.2791666666666,missing,motorway
42422449,2024-12-16,40.8007075,-73.9311515,3,0,2.0,,1,0,0.0,0.0,0.0,0.0,0.0,51,-0.1416105093871293,0.9899224533422392,3.407142857142857,26.6,65.35119047619048,30.0,1023.2791666666666,missing,motorway_link
42422509,2024-12-16,40.7381466,-73.9736517,3,0,2.0,25.0,1,0,0.0,0.0,0.0,0.0,0.0,25,-0.1416105093871293,0.9899224533422392,3.407142857142857,26.6,65.35119047619048,30.0,1023.2791666666666,missing,primary
42422592,2024-12-16,40.7849764,-73.9826519,4,1,4.0,25.0,0,0,0.0,0.0,0.0,0.0,0.0,11,-0.1416105093871293,0.9899224533422392,3.407142857142857,26.6,65.35119047619048,30.0,1023.2791666666666,traffic_signals,secondary
42422899,2024-12-16,40.7456883,-73.9721236,4,1,5.0,25.0,1,0,0.0,1.0,0.0,0.0,0.0,7,-0.1416105093871293,0.9899224533422392,3.407142857142857,26.6,65.35119047619048,30.0,1023.2791666666666,traffic_signals,primary
42423020,2024-12-16,40.7460796,-73.9749393,5,1,6.0,25.0,1,0,1.0,2.0,1.0,0.0,0.0,3,-0.1416105093871293,0.9899224533422392,3.407142857142857,26.6,65.35119047619048,30.0,1023.2791666666666,traffic_signals,primary
42423039,2024-12-16,40.7163982,-73.9757407,3,0,4.0,40.0,1,0,0.0,0.0,0.0,0.0,0.0,51,-0.1416105093871293,0.9899224533422392,3.407142857142857,26.6,65.35119047619048,30.0,1023.2791666666666,missing,motorway
42423051,2024-12-16,40.718847,-73.9748036,4,1,2.0,40.0,1,0,0.0,0.0,0.0,0.0,0.0,28,-0.1416105093871293,0.9899224533422392,3.407142857142857,26.6,65.35119047619048,30.0,1023.2791666666666,traffic_signals,primary
42423070,2024-12-16,40.7835314,-73.9853322,3,0,3.0,50.0,1,0,0.0,0.0,0.0,0.0,0.0,51,-0.1416105093871293,0.9899224533422392,3.407142857142857,26.6,65.35119047619048,30.0,1023.2791666666666,motorway_junction,motorway
42423101,2024-12-16,40.8442481,-73.9337236,4,1,4.0,,1,0,0.0,0.0,0.0,0.0,0.0,34,-0.1416105093871293,0.9899224533422392,3.407142857142857,26.6,65.35119047619048,30.0,1023.2791666666666,traffic_signals,secondary
42423116,2024-12-16,40.8461578,-73.9323269,3,1,4.0,25.0,1,0,1.0,1.0,0.0,0.0,0.0,3,-0.1416105093871293,0.9899224533422392,3.407142857142857,26.6,65.35119047619048,30.0,1023.2791666666666,traffic_signals,secondary
42423170,2024-12-16,40.8026802,-73.9326159,3,0,3.0,30.0,1,0,0.0,0.0,0.0,0.0,0.0,24,-0.1416105093871293,0.9899224533422392,3.407142857142857,26.6,65.35119047619048,30.0,1023.2791666666666,motorway_junction,motorway_link
42423189,2024-12-16,40.8033683,-73.9329255,4,1,3.0,30.0,1,0,0.0,0.0,0.0,0.0,0.0,51,-0.1416105093871293,0.9899224533422392,3.407142857142857,26.6,65.35119047619048,30.0,1023.2791666666666,traffic_signals,residential
42423203,2024-12-16,40.802694,-73.9334099,4,1,4.0,,1,0,0.0,0.0,0.0,0.0,0.0,51,-0.1416105093871293,0.9899224533422392,3.407142857142857,26.6,65.35119047619048,30.0,1023.2791666666666,traffic_signals,primary
42423295,2024-12-16,40.7132542,-73.9775923,4,1,2.0,25.0,1,0,0.0,0.0,0.0,0.0,0.0,10,-0.1416105093871293,0.9899224533422392,3.407142857142857,26.6,65.35119047619048,30.0,1023.2791666666666,traffic_signals,primary
42423296,2024-12-16,40.7125226,-73.9777588,3,0,3.0,40.0,1,0,0.0,0.0,0.0,0.0,0.0,51,-0.1416105093871293,0.9899224533422392,3.407142857142857,26.6,65.35119047619048,30.0,1023.2791666666666,missing,motorway
42423307,2024-12-16,40.71075,-73.9814926,3,0,3.0,40.0,1,0,0.0,0.0,0.0,0.0,0.0,51,-0.1416105093871293,0.9899224533422392,3.407142857142857,26.6,65.35119047619048,30.0,1023.2791666666666,missing,motorway
42423456,2024-12-16,40.7237872,-74.0061125,5,1,4.0,25.0,1,0,0.0,0.0,0.0,0.0,0.0,51,-0.1416105093871293,0.9899224533422392,3.407142857142857,26.6,65.35119047619048,30.0,1023.2791666666666,traffic_signals,trunk
42423514,2024-12-16,40.7245034,-74.0070314,3,0,2.0,25.0,1,0,0.0,0.0,0.0,0.0,0.0,51,-0.1416105093871293,0.9899224533422392,3.407142857142857,26.6,65.35119047619048,30.0,1023.2791666666666,missing,motorway_link
42423549,2024-12-16,40.721087,-73.9747151,3,0,3.0,40.0,1,0,0.0,0.0,0.0,0.0,0.0,29,-0.1416105093871293,0.9899224533422392,3.407142857142857,26.6,65.35119047619048,30.0,1023.2791666666666,motorway_junction,motorway
42423564,2024-12-16,40.7589831,-73.9645095,3,1,6.0,25.0,0,0,0.0,0.0,0.0,0.0,0.0,29,-0.1416105093871293,0.9899224533422392,3.407142857142857,26.6,65.35119047619048,30.0,1023.2791666666666,traffic_signals,trunk
42423565,2024-12-16,40.7596426,-73.9640002,4,1,3.0,25.0,1,0,0.0,0.0,0.0,0.0,0.0,51,-0.1416105093871293,0.9899224533422392,3.407142857142857,26.6,65.35119047619048,30.0,1023.2791666666666,traffic_signals,trunk
42423674,2024-12-16,40.766876,-73.979076,3,1,5.0,25.0,1,0,0.0,1.0,0.0,0.0,0.0,7,-0.1416105093871293,0.9899224533422392,3.407142857142857,26.6,65.35119047619048,30.0,1023.2791666666666,traffic_signals,secondary
42423685,2024-12-16,40.7560543,-73.9960224,3,0,5.0,25.0,1,0,0.0,0.0,0.0,0.0,0.0,51,-0.1416105093871293,0.9899224533422392,3.407142857142857,26.6,65.35119047619048,30.0,1023.2791666666666,missing,primary
42423752,2024-12-16,40.7620729,-73.9619899,3,1,3.0,,1,0,0.0,0.0,0.0,0.0,0.0,14,-0.1416105093871293,0.9899224533422392,3.407142857142857,26.6,65.35119047619048,30.0,1023.2791666666666,traffic_signals,trunk
42423774,2024-12-16,40.738339,-73.9738156,3,0,4.0,40.0,1,0,0.0,0.0,0.0,0.0,0.0,51,-0.1416105093871293,0.9899224533422392,3.407142857142857,26.6,65.35119047619048,30.0,1023.2791666666666,missing,motorway
42423832,2024-12-16,40.7587817,-73.998505,3,0,2.0,,1,0,0.0,0.0,0.0,0.0,0.0,51,-0.1416105093871293,0.9899224533422392,3.407142857142857,26.6,65.35119047619048,30.0,1023.2791666666666,missing,motorway_link
42423836,2024-12-16,40.7593876,-73.9969538,3,0,3.0,25.0,1,0,0.0,0.0,0.0,0.0,0.0,51,-0.1416105093871293,0.9899224533422392,3.407142857142857,26.6,65.35119047619048,30.0,1023.2791666666666,missing,secondary
42423847,2024-12-16,40.7588687,-73.9992001,3,0,2.0,35.0,1,0,0.0,0.0,0.0,0.0,0.0,51,-0.1416105093871293,0.9899224533422392,3.407142857142857,26.6,65.35119047619048,30.0,1023.2791666666666,missing,motorway
42423885,2024-12-16,40.7577433,-73.9968456,4,1,4.0,25.0,1,1,2.0,4.0,2.0,0.0,1.0,0,-0.1416105093871293,0.9899224533422392,3.407142857142857,26.6,65.35119047619048,30.0,1023.2791666666666,traffic_signals,primary
42424025,2024-12-16,40.7828748,-73.9437833,5,1,2.0,25.0,1,0,0.0,0.0,0.0,0.0,0.0,51,-0.1416105093871293,0.9899224533422392,3.407142857142857,26.6,65.35119047619048,30.0,1023.2791666666666,traffic_signals,secondary
42424032,2024-12-16,40.780311,-73.9856862,3,1,4.0,25.0,0,0,0.0,1.0,0.0,0.0,0.0,7,-0.1416105093871293,0.9899224533422392,3.407142857142857,26.6,65.35119047619048,30.0,1023.2791666666666,traffic_signals,secondary
42424089,2024-12-16,40.7606212,-73.9643559,5,1,5.0,25.0,1,0,1.0,1.0,0.0,0.0,0.0,2,-0.1416105093871293,0.9899224533422392,3.407142857142857,26.6,65.35119047619048,30.0,1023.2791666666666,traffic_signals,primary
42424117,2024-12-16,40.7944866,-73.9318124,3,0,4.0,25.0,1,0,0.0,0.0,0.0,0.0,0.0,9,-0.1416105093871293,0.9899224533422392,3.407142857142857,26.6,65.35119047619048,30.0,1023.2791666666666,missing,tertiary
42424133,2024-12-16,40.793757,-73.9322765,3,0,3.0,40.0,1,0,0.0,0.0,0.0,0.0,0.0,51,-0.1416105093871293,0.9899224533422392,3.407142857142857,26.6,65.35119047619048,30.0,1023.2791666666666,missing,motorway
42424142,2024-12-16,40.769641,-73.9484005,3,0,1.0,25.0,1,0,0.0,0.0,0.0,0.0,0.0,51,-0.1416105093871293,0.9899224533422392,3.407142857142857,26.6,65.35119047619048,30.0,1023.2791666666666,missing,secondary
42424145,2024-12-16,40.7687032,-73.9491341,3,0,3.0,40.0,1,0,0.0,0.0,0.0,0.0,0.0,51,-0.1416105093871293,0.9899224533422392,3.407142857142857,26.6,65.35119047619048,30.0,1023.2791666666666,missing,motorway
42424225,2024-12-16,40.7794865,-73.9735934,3,1,5.0,25.0,0,1,1.0,1.0,2.0,0.0,1.0,0,-0.1416105093871293,0.9899224533422392,3.407142857142857,26.6,65.35119047619048,30.0,1023.2791666666666,traffic_signals,secondary
42424235,2024-12-16,40.8171783,-73.9344659,4,0,1.0,25.0,1,0,0.0,0.0,0.0,0.0,0.0,15,-0.1416105093871293,0.9899224533422392,3.407142857142857,26.6,65.35119047619048,30.0,1023.2791666666666,stop,secondary
42424334,2024-12-16,40.7211998,-74.0079995,3,0,2.0,25.0,1,0,0.0,0.0,0.0,0.0,0.0,51,-0.1416105093871293,0.9899224533422392,3.407142857142857,26.6,65.35119047619048,30.0,1023.2791666666666,motorway_junction,motorway
42424347,2024-12-16,40.7209099,-74.0078146,3,0,2.0,25.0,1,0,0.0,0.0,0.0,0.0,0.0,51,-0.1416105093871293,0.9899224533422392,3.407142857142857,26.6,65.35119047619048,30.0,1023.2791666666666,motorway_junction,motorway
42424354,2024-12-16,40.7208183,-74.0075453,3,0,2.0,25.0,1,0,1.0,1.0,0.0,0.0,0.0,1,-0.1416105093871293,0.9899224533422392,3.407142857142857,26.6,65.35119047619048,30.0,1023.2791666666666,motorway_junction,motorway
42424408,2024-12-16,40.7219884,-74.008287,4,1,2.0,25.0,1,0,0.0,0.0,0.0,0.0,0.0,51,-0.1416105093871293,0.9899224533422392,3.407142857142857,26.6,65.35119047619048,30.0,1023.2791666666666,traffic_signals,primary
42424439,2024-12-16,40.7916758,-73.964694,4,1,6.0,25.0,1,0,0.0,0.0,0.0,0.0,0.0,18,-0.1416105093871293,0.9899224533422392,3.407142857142857,26.6,65.35119047619048,30.0,1023.2791666666666,traffic_signals,secondary
42424531,2024-12-16,40.8295918,-73.9352393,3,0,1.0,25.0,1,0,0.0,0.0,0.0,0.0,0.0,51,-0.1416105093871293,0.9899224533422392,3.407142857142857,26.6,65.35119047619048,30.0,1023.2791666666666,missing,tertiary
42424551,2024-12-16,40.8305218,-73.9355839,3,0,1.0,25.0,1,0,0.0,0.0,0.0,0.0,0.0,51,-0.1416105093871293,0.9899224533422392,3.407142857142857,26.6,65.35119047619048,30.0,1023.2791666666666,missing,tertiary
42424576,2024-12-16,40.8304141,-73.9363673,3,0,4.0,25.0,1,0,0.0,0.0,0.0,0.0,0.0,25,-0.1416105093871293,0.9899224533422392,3.407142857142857,26.6,65.35119047619048,30.0,1023.2791666666666,missing,secondary
42424610,2024-12-16,40.7206149,-74.0084726,5,1,5.0,25.0,1,0,0.0,0.0,0.0,0.0,0.0,47,-0.1416105093871293,0.9899224533422392,3.407142857142857,26.6,65.35119047619048,30.0,1023.2791666666666,traffic_signals,secondary
42424630,2024-12-16,40.7244054,-74.0070994,3,0,2.0,25.0,1,0,0.0,0.0,0.0,0.0,0.0,51,-0.1416105093871293,0.9899224533422392,3.407142857142857,26.6,65.35119047619048,30.0,1023.2791666666666,missing,motorway_link
42424641,2024-12-16,40.7146584,-73.9768194,3,0,1.0,25.0,1,0,0.0,1.0,0.0,0.0,0.0,7,-0.1416105093871293,0.9899224533422392,3.407142857142857,26.6,65.35119047619048,30.0,1023.2791666666666,stop,residential
42424672,2024-12-16,40.7593001,-73.9592658,4,1,6.0,25.0,1,0,0.0,0.0,0.0,0.0,0.0,18,-0.1416105093871293,0.9899224533422392,3.407142857142857,26.6,65.35119047619048,30.0,1023.2791666666666,traffic_signals,secondary
42424679,2024-12-16,40.8202619,-73.9594899,3,0,2.0,,1,0,0.0,0.0,0.0,0.0,0.0,51,-0.1416105093871293,0.9899224533422392,3.407142857142857,26.6,65.35119047619048,30.0,1023.2791666666666,crossing,secondary
42424698,2024-12-16,40.8232976,-73.9570228,3,0,3.0,50.0,1,0,0.0,0.0,0.0,0.0,0.0,51,-0.1416105093871293,0.9899224533422392,3.407142857142857,26.6,65.35119047619048,30.0,1023.2791666666666,missing,motorway
42424701,2024-12-16,40.8197265,-73.9601312,3,0,2.0,,1,0,0.0,0.0,0.0,0.0,0.0,51,-0.1416105093871293,0.9899224533422392,3.407142857142857,26.6,65.35119047619048,30.0,1023.2791666666666,missing,secondary
42424703,2024-12-16,40.8186803,-73.9610583,3,1,2.0,25.0,1,0,0.0,0.0,0.0,0.0,0.0,17,-0.1416105093871293,0.9899224533422392,3.407142857142857,26.6,65.35119047619048,30.0,1023.2791666666666,traffic_signals,secondary
42424706,2024-12-16,40.8180007,-73.9618103,3,0,2.0,,1,0,0.0,0.0,0.0,0.0,0.0,51,-0.1416105093871293,0.9899224533422392,3.407142857142857,26.6,65.35119047619048,30.0,1023.2791666666666,stop,secondary
42424757,2024-12-16,40.8069238,-73.9355669,4,1,3.0,25.0,1,0,0.0,0.0,0.0,0.0,0.0,10,-0.1416105093871293,0.9899224533422392,3.407142857142857,26.6,65.35119047619048,30.0,1023.2791666666666,traffic_signals,secondary
42424758,2024-12-16,40.80669,-73.9349387,3,0,3.0,25.0,1,0,0.0,0.0,0.0,0.0,0.0,51,-0.1416105093871293,0.9899224533422392,3.407142857142857,26.6,65.35119047619048,30.0,1023.2791666666666,missing,primary_link
42424789,2024-12-16,40.7576654,-73.9948115,4,1,5.0,,1,1,2.0,2.0,1.0,1.0,0.0,0,-0.1416105093871293,0.9899224533422392,3.407142857142857,26.6,65.35119047619048,30.0,1023.2791666666666,traffic_signals,primary
42424851,2024-12-16,40.784623,-73.9698495,3,1,4.0,25.0,1,0,0.0,0.0,0.0,0.0,0.0,11,-0.1416105093871293,0.9899224533422392,3.407142857142857,26.6,65.35119047619048,30.0,1023.2791666666666,traffic_signals,secondary
42424864,2024-12-16,40.7244077,-74.0059462,3,1,2.0,25.0,1,0,0.0,0.0,0.0,0.0,0.0,51,-0.1416105093871293,0.9899224533422392,3.407142857142857,26.6,65.35119047619048,30.0,1023.2791666666666,traffic_signals,secondary
42424937,2024-12-16,40.8105617,-73.967223,3,0,3.0,50.0,1,0,0.0,0.0,0.0,0.0,0.0,51,-0.1416105093871293,0.9899224533422392,3.407142857142857,26.6,65.35119047619048,30.0,1023.2791666666666,motorway_junction,motorway
42425088,2024-12-16,40.8176592,-73.9610181,4,1,2.0,25.0,1,0,0.0,0.0,0.0,0.0,0.0,51,-0.1416105093871293,0.9899224533422392,3.407142857142857,26.6,65.35119047619048,30.0,1023.2791666666666,traffic_signals,secondary
42425100,2024-12-16,40.715649,-73.977917,3,0,,25.0,1,0,0.0,0.0,0.0,0.0,0.0,51,-0.1416105093871293,0.9899224533422392,3.407142857142857,26.6,65.35119047619048,30.0,1023.2791666666666,missing,residential
42425127,2024-12-16,40.7917204,-73.9529787,3,1,2.0,25.0,1,0,0.0,1.0,0.0,0.0,0.0,7,-0.1416105093871293,0.9899224533422392,3.407142857142857,26.6,65.35119047619048,30.0,1023.2791666666666,traffic_signals,secondary
42425232,2024-12-16,40.7923773,-73.9641772,4,1,4.0,25.0,1,0,0.0,1.0,0.0,0.0,0.0,4,-0.1416105093871293,0.9899224533422392,3.407142857142857,26.6,65.35119047619048,30.0,1023.2791666666666,traffic_signals,secondary
42425242,2024-12-16,40.8203291,-73.9596517,3,0,2.0,,1,0,0.0,1.0,0.0,0.0,0.0,5,-0.1416105093871293,0.9899224533422392,3.407142857142857,26.6,65.35119047619048,30.0,1023.2791666666666,missing,secondary
42425348,2024-12-16,40.7954937,-73.9760092,4,1,2.0,,1,0,3.0,3.0,1.0,1.0,0.0,1,-0.1416105093871293,0.9899224533422392,3.407142857142857,26.6,65.35119047619048,30.0,1023.2791666666666,traffic_signals,secondary
42425417,2024-12-16,40.8282864,-73.9348645,3,0,3.0,50.0,1,0,0.0,0.0,0.0,0.0,0.0,51,-0.1416105093871293,0.9899224533422392,3.407142857142857,26.6,65.35119047619048,30.0,1023.2791666666666,missing,motorway
42425425,2024-12-16,40.8158343,-73.9344443,3,0,1.0,25.0,1,0,0.0,1.0,0.0,0.0,0.0,6,-0.1416105093871293,0.9899224533422392,3.407142857142857,26.6,65.35119047619048,30.0,1023.2791666666666,missing,secondary
42425484,2024-12-16,40.814759,-73.9343888,3,0,3.0,50.0,1,0,0.0,0.0,0.0,0.0,0.0,51,-0.1416105093871293,0.9899224533422392,3.407142857142857,26.6,65.35119047619048,30.0,1023.2791666666666,missing,motorway
42425570,2024-12-16,40.7942085,-73.9628541,3,1,4.0,25.0,1,0,0.0,1.0,0.0,0.0,0.0,7,-0.1416105093871293,0.9899224533422392,3.407142857142857,26.6,65.35119047619048,30.0,1023.2791666666666,traffic_signals,secondary
42425681,2024-12-16,40.7993152,-73.929126,3,0,3.0,40.0,1,0,0.0,0.0,0.0,0.0,0.0,28,-0.1416105093871293,0.9899224533422392,3.407142857142857,26.6,65.35119047619048,30.0,1023.2791666666666,motorway_junction,motorway
42425747,2024-12-16,40.8034625,-73.9312143,3,0,1.0,25.0,1,0,0.0,0.0,0.0,0.0,0.0,51,-0.1416105093871293,0.9899224533422392,3.407142857142857,26.6,65.35119047619048,30.0,1023.2791666666666,missing,secondary
42425758,2024-12-16,40.8310238,-73.93598,3,0,2.0,25.0,1,0,0.0,0.0,0.0,0.0,0.0,51,-0.1416105093871293,0.9899224533422392,3.407142857142857,26.6,65.35119047619048,30.0,1023.2791666666666,missing,secondary
42425780,2024-12-16,40.8668739,-73.930985,3,0,,20.0,1,0,1.0,1.0,0.0,0.0,0.0,3,-0.1416105093871293,0.9899224533422392,3.407142857142857,26.6,65.35119047619048,30.0,1023.2791666666666,missing,primary
42425955,2024-12-16,40.7143955,-74.0005026,3,1,4.0,20.0,1,0,0.0,0.0,0.0,0.0,0.0,17,-0.1416105093871293,0.9899224533422392,3.407142857142857,26.6,65.35119047619048,30.0,1023.2791666666666,traffic_signals,residential
42426060,2024-12-16,40.7239064,-74.0075231,3,0,2.0,25.0,1,0,0.0,0.0,0.0,0.0,0.0,51,-0.1416105093871293,0.9899224533422392,3.407142857142857,26.6,65.35119047619048,30.0,1023.2791666666666,missing,unclassified
42426135,2024-12-16,40.8039382,-73.9323444,4,0,1.0,30.0,1,0,0.0,0.0,0.0,0.0,0.0,51,-0.1416105093871293,0.9899224533422392,3.407142857142857,26.6,65.35119047619048,30.0,1023.2791666666666,missing,secondary
42426374,2024-12-16,40.7982188,-73.952396,3,1,2.0,,1,0,0.0,0.0,0.0,0.0,0.0,23,-0.1416105093871293,0.9899224533422392,3.407142857142857,26.6,65.35119047619048,30.0,1023.2791666666666,traffic_signals,secondary
42426665,2024-12-16,40.8339232,-73.937361,4,0,3.0,25.0,1,0,0.0,0.0,0.0,0.0,0.0,51,-0.1416105093871293,0.9899224533422392,3.407142857142857,26.6,65.35119047619048,30.0,1023.2791666666666,missing,tertiary
42426747,2024-12-16,40.7024415,-74.0128371,4,1,3.0,20.0,1,0,0.0,0.0,0.0,0.0,0.0,11,-0.1416105093871293,0.9899224533422392,3.407142857142857,26.6,65.35119047619048,30.0,1023.2791666666666,traffic_signals,primary
42426799,2024-12-16,40.8025637,-73.9303673,3,0,4.0,40.0,1,0,0.0,1.0,0.0,0.0,0.0,6,-0.1416105093871293,0.9899224533422392,3.407142857142857,26.6,65.35119047619048,30.0,1023.2791666666666,motorway_junction,motorway
42426805,2024-12-16,40.7923959,-73.9367868,3,0,1.0,,1,0,0.0,0.0,0.0,0.0,0.0,21,-0.1416105093871293,0.9899224533422392,3.407142857142857,26.6,65.35119047619048,30.0,1023.2791666666666,missing,residential
42426810,2024-12-16,40.834924,-73.9354669,3,0,1.0,25.0,1,0,0.0,0.0,0.0,0.0,0.0,11,-0.1416105093871293,0.9899224533422392,3.407142857142857,26.6,65.35119047619048,30.0,1023.2791666666666,missing,secondary
42426816,2024-12-16,40.7472995,-73.9758338,4,0,3.0,25.0,1,0,0.0,0.0,0.0,0.0,0.0,51,-0.1416105093871293,0.9899224533422392,3.407142857142857,26.6,65.35119047619048,30.0,1023.2791666666666,missing,secondary
42426851,2024-12-16,40.74693,-73.9692725,3,0,2.0,,1,0,0.0,0.0,0.0,0.0,0.0,51,-0.1416105093871293,0.9899224533422392,3.407142857142857,26.6,65.35119047619048,30.0,1023.2791666666666,missing,primary
42426865,2024-12-16,40.7374172,-73.974504,3,0,4.0,40.0,1,0,0.0,0.0,0.0,0.0,0.0,12,-0.1416105093871293,0.9899224533422392,3.407142857142857,26.6,65.35119047619048,30.0,1023.2791666666666,motorway_junction,motorway
42426875,2024-12-16,40.7369776,-73.9749044,3,0,1.0,25.0,1,0,0.0,0.0,0.0,0.0,0.0,51,-0.1416105093871293,0.9899224533422392,3.407142857142857,26.6,65.35119047619048,30.0,1023.2791666666666,missing,primary
42426957,2024-12-16,40.806301,-73.9348501,3,0,2.0,,1,0,0.0,0.0,0.0,0.0,0.0,51,-0.1416105093871293,0.9899224533422392,3.407142857142857,26.6,65.35119047619048,30.0,1023.2791666666666,missing,primary_link
42426968,2024-12-16,40.8179047,-73.9342503,3,0,1.0,25.0,1,0,0.0,0.0,0.0,0.0,0.0,51,-0.1416105093871293,0.9899224533422392,3.407142857142857,26.6,65.35119047619048,30.0,1023.2791666666666,missing,secondary
42426971,2024-12-16,40.8188825,-73.9343644,3,0,3.0,50.0,1,0,0.0,0.0,0.0,0.0,0.0,51,-0.1416105093871293,0.9899224533422392,3.407142857142857,26.6,65.35119047619048,30.0,1023.2791666666666,motorway_junction,motorway
42427009,2024-12-16,40.7904084,-73.9367296,3,0,3.0,40.0,1,0,0.0,0.0,0.0,0.0,0.0,51,-0.1416105093871293,0.9899224533422392,3.407142857142857,26.6,65.35119047619048,30.0,1023.2791666666666,motorway_junction,motorway
42427030,2024-12-16,40.7652696,-73.9521462,3,0,2.0,25.0,1,0,0.0,0.0,0.0,0.0,0.0,11,-0.1416105093871293,0.9899224533422392,3.407142857142857,26.6,65.35119047619048,30.0,1023.2791666666666,missing,tertiary
42427036,2024-12-16,40.7665323,-73.9510157,3,0,1.0,25.0,1,1,1.0,1.0,1.0,1.0,0.0,0,-0.1416105093871293,0.9899224533422392,3.407142857142857,26.6,65.35119047619048,30.0,1023.2791666666666,missing,tertiary
42427086,2024-12-16,40.8353625,-73.9440835,4,1,3.0,25.0,1,0,0.0,0.0,0.0,0.0,0.0,45,-0.1416105093871293,0.9899224533422392,3.407142857142857,26.6,65.35119047619048,30.0,1023.2791666666666,traffic_signals,primary
42427112,2024-12-16,40.8363811,-73.9445746,4,1,,,1,0,0.0,0.0,0.0,0.0,0.0,27,-0.1416105093871293,0.9899224533422392,3.407142857142857,26.6,65.35119047619048,30.0,1023.2791666666666,traffic_signals,secondary
42427115,2024-12-16,40.8370771,-73.9442977,4,1,,,1,0,0.0,0.0,0.0,0.0,0.0,9,-0.1416105093871293,0.9899224533422392,3.407142857142857,26.6,65.35119047619048,30.0,1023.2791666666666,traffic_signals,secondary
42427122,2024-12-16,40.8377866,-73.9440172,4,1,,,1,0,0.0,1.0,0.0,0.0,0.0,5,-0.1416105093871293,0.9899224533422392,3.407142857142857,26.6,65.35119047619048,30.0,1023.2791666666666,traffic_signals,secondary
42427126,2024-12-16,40.8384634,-73.9437512,4,1,,,1,0,0.0,0.0,0.0,0.0,0.0,17,-0.1416105093871293,0.9899224533422392,3.407142857142857,26.6,65.35119047619048,30.0,1023.2791666666666,traffic_signals,secondary
42427128,2024-12-16,40.839174,-73.943465,3,1,,,1,0,1.0,1.0,0.0,0.0,0.0,3,-0.1416105093871293,0.9899224533422392,3.407142857142857,26.6,65.35119047619048,30.0,1023.2791666666666,traffic_signals,secondary
42427133,2024-12-16,40.8401941,-73.9430682,4,1,2.0,,0,0,0.0,2.0,0.0,0.0,0.0,6,-0.1416105093871293,0.9899224533422392,3.407142857142857,26.6,65.35119047619048,30.0,1023.2791666666666,traffic_signals,secondary
42427136,2024-12-16,40.8421541,-73.9422847,3,1,2.0,25.0,0,0,0.0,0.0,0.0,0.0,0.0,13,-0.1416105093871293,0.9899224533422392,3.407142857142857,26.6,65.35119047619048,30.0,1023.2791666666666,traffic_signals,secondary
42427139,2024-12-16,40.8428216,-73.9420178,4,1,2.0,25.0,1,0,2.0,2.0,2.0,1.0,1.0,1,-0.1416105093871293,0.9899224533422392,3.407142857142857,26.6,65.35119047619048,30.0,1023.2791666666666,traffic_signals,secondary
42427143,2024-12-16,40.8434507,-73.9416342,4,1,2.0,25.0,1,1,1.0,1.0,0.0,0.0,0.0,0,-0.1416105093871293,0.9899224533422392,3.407142857142857,26.6,65.35119047619048,30.0,1023.2791666666666,traffic_signals,secondary
42427146,2024-12-16,40.8440509,-73.9411456,4,1,2.0,25.0,1,0,0.0,0.0,0.0,0.0,0.0,25,-0.1416105093871293,0.9899224533422392,3.407142857142857,26.6,65.35119047619048,30.0,1023.2791666666666,traffic_signals,secondary
42427150,2024-12-16,40.844695,-73.9408022,4,1,2.0,25.0,1,0,0.0,0.0,0.0,0.0,0.0,51,-0.1416105093871293,0.9899224533422392,3.407142857142857,26.6,65.35119047619048,30.0,1023.2791666666666,traffic_signals,secondary
42427152,2024-12-16,40.8453757,-73.9405244,4,1,2.0,25.0,1,0,0.0,0.0,0.0,0.0,0.0,11,-0.1416105093871293,0.9899224533422392,3.407142857142857,26.6,65.35119047619048,30.0,1023.2791666666666,traffic_signals,secondary
42427156,2024-12-16,40.8460446,-73.9402488,3,1,2.0,25.0,1,0,0.0,0.0,0.0,0.0,0.0,27,-0.1416105093871293,0.9899224533422392,3.407142857142857,26.6,65.35119047619048,30.0,1023.2791666666666,traffic_signals,secondary
42427159,2024-12-16,40.8465308,-73.9400565,3,1,2.0,25.0,1,0,0.0,0.0,0.0,0.0,0.0,51,-0.1416105093871293,0.9899224533422392,3.407142857142857,26.6,65.35119047619048,30.0,1023.2791666666666,traffic_signals,secondary
42427164,2024-12-16,40.8472122,-73.9397798,4,1,2.0,25.0,1,0,0.0,1.0,0.0,1.0,0.0,4,-0.1416105093871293,0.9899224533422392,3.407142857142857,26.6,65.35119047619048,30.0,1023.2791666666666,traffic_signals,secondary
42427168,2024-12-16,40.847842,-73.9395229,4,1,2.0,25.0,1,0,0.0,0.0,0.0,0.0,0.0,34,-0.1416105093871293,0.9899224533422392,3.407142857142857,26.6,65.35119047619048,30.0,1023.2791666666666,traffic_signals,secondary
42427185,2024-12-16,40.8499993,-73.9386521,4,1,2.0,20.0,1,0,0.0,1.0,0.0,0.0,0.0,7,-0.1416105093871293,0.9899224533422392,3.407142857142857,26.6,65.35119047619048,30.0,1023.2791666666666,traffic_signals,secondary
42427190,2024-12-16,40.850909,-73.938284,4,1,2.0,20.0,0,0,1.0,1.0,0.0,0.0,0.0,1,-0.1416105093871293,0.9899224533422392,3.407142857142857,26.6,65.35119047619048,30.0,1023.2791666666666,traffic_signals,secondary
42427196,2024-12-16,40.8521285,-73.9378214,4,1,2.0,20.0,1,0,0.0,1.0,0.0,0.0,0.0,6,-0.1416105093871293,0.9899224533422392,3.407142857142857,26.6,65.35119047619048,30.0,1023.2791666666666,traffic_signals,secondary
42427206,2024-12-16,40.85338,-73.937435,3,1,2.0,20.0,0,0,0.0,0.0,0.0,0.0,0.0,51,-0.1416105093871293,0.9899224533422392,3.407142857142857,26.6,65.35119047619048,30.0,1023.2791666666666,traffic_signals,secondary
42427212,2024-12-16,40.8551136,-73.9369042,3,1,2.0,20.0,0,0,2.0,2.0,1.0,1.0,0.0,1,-0.1416105093871293,0.9899224533422392,3.407142857142857,26.6,65.35119047619048,30.0,1023.2791666666666,traffic_signals,secondary
42427216,2024-12-16,40.857109,-73.935602,4,1,2.0,20.0,0,0,0.0,1.0,0.0,0.0,0.0,6,-0.1416105093871293,0.9899224533422392,3.407142857142857,26.6,65.35119047619048,30.0,1023.2791666666666,traffic_signals,secondary
42427236,2024-12-16,40.7116883,-74.0058474,3,1,1.0,20.0,1,0,0.0,0.0,0.0,0.0,0.0,51,-0.1416105093871293,0.9899224533422392,3.407142857142857,26.6,65.35119047619048,30.0,1023.2791666666666,traffic_signals,residential
42427242,2024-12-16,40.7101781,-74.0042431,3,1,3.0,20.0,1,0,0.0,0.0,0.0,0.0,0.0,30,-0.1416105093871293,0.9899224533422392,3.407142857142857,26.6,65.35119047619048,30.0,1023.2791666666666,traffic_signals,residential
42427249,2024-12-16,40.7070101,-74.0064417,3,0,1.0,20.0,1,0,0.0,0.0,0.0,0.0,0.0,33,-0.1416105093871293,0.9899224533422392,3.407142857142857,26.6,65.35119047619048,30.0,1023.2791666666666,missing,residential
42427251,2024-12-16,40.7063813,-74.0056937,4,0,4.0,20.0,1,0,0.0,0.0,0.0,0.0,0.0,51,-0.1416105093871293,0.9899224533422392,3.407142857142857,26.6,65.35119047619048,30.0,1023.2791666666666,missing,primary
42427254,2024-12-16,40.7060012,-74.0052076,4,0,1.0,20.0,1,1,1.0,1.0,1.0,0.0,0.0,0,-0.1416105093871293,0.9899224533422392,3.407142857142857,26.6,65.35119047619048,30.0,1023.2791666666666,missing,residential
42427256,2024-12-16,40.705408,-74.0044743,3,0,2.0,20.0,1,0,0.0,0.0,0.0,0.0,0.0,51,-0.1416105093871293,0.9899224533422392,3.407142857142857,26.6,65.35119047619048,30.0,1023.2791666666666,missing,primary
42427278,2024-12-16,40.7136103,-74.0035418,3,1,2.0,20.0,1,0,0.0,0.0,0.0,0.0,0.0,51,-0.1416105093871293,0.9899224533422392,3.407142857142857,26.6,65.35119047619048,30.0,1023.2791666666666,traffic_signals,secondary
42427300,2024-12-16,40.7151561,-74.0021038,4,1,3.0,20.0,1,0,0.0,0.0,0.0,0.0,0.0,14,-0.1416105093871293,0.9899224533422392,3.407142857142857,26.6,65.35119047619048,30.0,1023.2791666666666,traffic_signals,secondary
42427305,2024-12-16,40.7157492,-74.0016779,4,1,1.0,20.0,1,0,0.0,0.0,0.0,0.0,0.0,8,-0.1416105093871293,0.9899224533422392,3.407142857142857,26.6,65.35119047619048,30.0,1023.2791666666666,traffic_signals,secondary
42427307,2024-12-16,40.7169298,-74.0008126,3,0,1.0,20.0,1,0,0.0,0.0,0.0,0.0,0.0,35,-0.1416105093871293,0.9899224533422392,3.407142857142857,26.6,65.35119047619048,30.0,1023.2791666666666,missing,secondary
42427311,2024-12-16,40.7176217,-74.0002647,4,0,2.0,20.0,1,0,0.0,0.0,0.0,0.0,0.0,17,-0.1416105093871293,0.9899224533422392,3.407142857142857,26.6,65.35119047619048,30.0,1023.2791666666666,missing,secondary
42427316,2024-12-16,40.7180188,-73.9999527,4,0,6.0,25.0,1,0,1.0,1.0,0.0,0.0,0.0,3,-0.1416105093871293,0.9899224533422392,3.407142857142857,26.6,65.35119047619048,30.0,1023.2791666666666,missing,primary
42427319,2024-12-16,40.718687,-73.9994121,3,0,1.0,25.0,1,0,0.0,0.0,0.0,0.0,0.0,51,-0.1416105093871293,0.9899224533422392,3.407142857142857,26.6,65.35119047619048,30.0,1023.2791666666666,missing,primary
42427322,2024-12-16,40.7189132,-73.9992327,3,0,1.0,25.0,1,0,0.0,1.0,0.0,0.0,0.0,7,-0.1416105093871293,0.9899224533422392,3.407142857142857,26.6,65.35119047619048,30.0,1023.2791666666666,missing,primary
42427324,2024-12-16,40.7197918,-73.9985146,4,0,1.0,25.0,1,0,2.0,2.0,1.0,0.0,0.0,1,-0.1416105093871293,0.9899224533422392,3.407142857142857,26.6,65.35119047619048,30.0,1023.2791666666666,missing,primary
42427327,2024-12-16,40.7208346,-73.9976388,4,1,2.0,25.0,1,0,0.0,0.0,0.0,0.0,0.0,10,-0.1416105093871293,0.9899224533422392,3.407142857142857,26.6,65.35119047619048,30.0,1023.2791666666666,traffic_signals,primary
42427335,2024-12-16,40.7152425,-73.9842337,4,1,3.0,25.0,1,0,0.0,0.0,0.0,0.0,0.0,51,-0.1416105093871293,0.9899224533422392,3.407142857142857,26.6,65.35119047619048,30.0,1023.2791666666666,traffic_signals,primary
42427337,2024-12-16,40.7161377,-73.9836386,3,0,2.0,25.0,1,0,0.0,0.0,0.0,0.0,0.0,28,-0.1416105093871293,0.9899224533422392,3.407142857142857,26.6,65.35119047619048,30.0,1023.2791666666666,missing,residential
42427340,2024-12-16,40.71669,-73.9833893,4,0,2.0,25.0,1,0,0.0,0.0,0.0,0.0,0.0,51,-0.1416105093871293,0.9899224533422392,3.407142857142857,26.6,65.35119047619048,30.0,1023.2791666666666,missing,residential
42427345,2024-12-16,40.7171684,-73.9831408,4,0,1.0,25.0,1,0,0.0,0.0,0.0,0.0,0.0,32,-0.1416105093871293,0.9899224533422392,3.407142857142857,26.6,65.35119047619048,30.0,1023.2791666666666,missing,residential
42427346,2024-12-16,40.7183141,-73.9825206,3,1,2.0,25.0,1,0,0.0,0.0,0.0,0.0,0.0,37,-0.1416105093871293,0.9899224533422392,3.407142857142857,26.6,65.35119047619048,30.0,1023.2791666666666,traffic_signals,residential
42427352,2024-12-16,40.7194618,-73.9819415,4,1,2.0,25.0,1,1,1.0,1.0,0.0,0.0,0.0,0,-0.1416105093871293,0.9899224533422392,3.407142857142857,26.6,65.35119047619048,30.0,1023.2791666666666,traffic_signals,residential
42427358,2024-12-16,40.7206496,-73.9813453,4,1,2.0,25.0,1,0,0.0,0.0,0.0,0.0,0.0,15,-0.1416105093871293,0.9899224533422392,3.407142857142857,26.6,65.35119047619048,30.0,1023.2791666666666,traffic_signals,primary
42427369,2024-12-16,40.7396764,-73.9909614,4,0,3.0,25.0,1,0,0.0,0.0,0.0,0.0,0.0,14,-0.1416105093871293,0.9899224533422392,3.407142857142857,26.6,65.35119047619048,30.0,1023.2791666666666,missing,secondary
42427371,2024-12-16,40.7410305,-73.9941671,4,0,5.0,25.0,1,0,0.0,0.0,0.0,0.0,0.0,42,-0.1416105093871293,0.9899224533422392,3.407142857142857,26.6,65.35119047619048,30.0,1023.2791666666666,missing,secondary
42427374,2024-12-16,40.7422336,-73.9970019,4,1,3.0,25.0,1,0,0.0,0.0,0.0,0.0,0.0,20,-0.1416105093871293,0.9899224533422392,3.407142857142857,26.6,65.35119047619048,30.0,1023.2791666666666,traffic_signals,secondary
42427381,2024-12-16,40.7434291,-73.9998503,4,1,3.0,25.0,1,0,0.0,0.0,0.0,0.0,0.0,10,-0.1416105093871293,0.9899224533422392,3.407142857142857,26.6,65.35119047619048,30.0,1023.2791666666666,traffic_signals,secondary
42427386,2024-12-16,40.744639,-74.0027325,4,0,3.0,25.0,1,0,0.0,0.0,0.0,0.0,0.0,9,-0.1416105093871293,0.9899224533422392,3.407142857142857,26.6,65.35119047619048,30.0,1023.2791666666666,missing,secondary
42427390,2024-12-16,40.7458171,-74.005534,4,0,4.0,25.0,1,0,0.0,0.0,0.0,0.0,0.0,14,-0.1416105093871293,0.9899224533422392,3.407142857142857,26.6,65.35119047619048,30.0,1023.2791666666666,missing,primary
42427393,2024-12-16,40.7468041,-74.0078822,3,0,3.0,30.0,1,0,0.0,0.0,0.0,0.0,0.0,20,-0.1416105093871293,0.9899224533422392,3.407142857142857,26.6,65.35119047619048,30.0,1023.2791666666666,missing,trunk
42427411,2024-12-16,40.7081724,-74.0166109,3,0,2.0,20.0,1,0,0.0,0.0,0.0,0.0,0.0,51,-0.1416105093871293,0.9899224533422392,3.407142857142857,26.6,65.35119047619048,30.0,1023.2791666666666,missing,residential
42427412,2024-12-16,40.708457,-74.017398,5,0,2.0,20.0,1,0,0.0,0.0,0.0,0.0,0.0,29,-0.1416105093871293,0.9899224533422392,3.407142857142857,26.6,65.35119047619048,30.0,1023.2791666666666,missing,residential
42427423,2024-12-16,40.7435682,-73.9923179,4,1,4.0,25.0,1,0,1.0,1.0,0.0,0.0,0.0,2,-0.1416105093871293,0.9899224533422392,3.407142857142857,26.6,65.35119047619048,30.0,1023.2791666666666,traffic_signals,secondary
42427426,2024-12-16,40.744765,-73.9951595,4,1,5.0,25.0,1,0,0.0,0.0,0.0,0.0,0.0,14,-0.1416105093871293,0.9899224533422392,3.407142857142857,26.6,65.35119047619048,30.0,1023.2791666666666,traffic_signals,secondary
42427427,2024-12-16,40.7459651,-73.9979896,4,0,5.0,25.0,1,1,1.0,1.0,1.0,1.0,0.0,0,-0.1416105093871293,0.9899224533422392,3.407142857142857,26.6,65.35119047619048,30.0,1023.2791666666666,missing,secondary
42427477,2024-12-16,40.747171,-74.0008681,4,1,5.0,25.0,1,0,1.0,2.0,1.0,0.0,2.0,1,-0.1416105093871293,0.9899224533422392,3.407142857142857,26.6,65.35119047619048,30.0,1023.2791666666666,traffic_signals,secondary
42427483,2024-12-16,40.748355,-74.003684,4,1,5.0,25.0,1,0,0.0,0.0,0.0,0.0,0.0,13,-0.1416105093871293,0.9899224533422392,3.407142857142857,26.6,65.35119047619048,30.0,1023.2791666666666,traffic_signals,primary
42427494,2024-12-16,40.7502621,-74.0083005,4,1,5.0,30.0,1,0,1.0,4.0,1.0,0.0,0.0,3,-0.1416105093871293,0.9899224533422392,3.407142857142857,26.6,65.35119047619048,30.0,1023.2791666666666,traffic_signals,trunk
42427504,2024-12-16,40.8716544,-73.9112343,3,0,,,1,0,0.0,0.0,0.0,0.0,0.0,51,-0.1416105093871293,0.9899224533422392,3.407142857142857,26.6,65.35119047619048,30.0,1023.2791666666666,missing,tertiary
42427507,2024-12-16,40.8722414,-73.9126036,4,1,2.0,,1,0,0.0,0.0,0.0,0.0,0.0,51,-0.1416105093871293,0.9899224533422392,3.407142857142857,26.6,65.35119047619048,30.0,1023.2791666666666,traffic_signals,primary
42427519,2024-12-16,40.8123183,-73.9522263,3,0,,,1,1,1.0,1.0,3.0,0.0,0.0,0,-0.1416105093871293,0.9899224533422392,3.407142857142857,26.6,65.35119047619048,30.0,1023.2791666666666,missing,residential
42427523,2024-12-16,40.81294,-73.95177,3,0,,,1,0,0.0,0.0,0.0,0.0,0.0,51,-0.1416105093871293,0.9899224533422392,3.407142857142857,26.6,65.35119047619048,30.0,1023.2791666666666,missing,residential
42427531,2024-12-16,40.813567,-73.951322,3,0,,,1,0,0.0,0.0,0.0,0.0,0.0,12,-0.1416105093871293,0.9899224533422392,3.407142857142857,26.6,65.35119047619048,30.0,1023.2791666666666,missing,residential
42427538,2024-12-16,40.814187,-73.95086,3,0,,,1,0,0.0,0.0,0.0,0.0,0.0,25,-0.1416105093871293,0.9899224533422392,3.407142857142857,26.6,65.35119047619048,30.0,1023.2791666666666,missing,residential
42427649,2024-12-16,40.8179231,-73.9497399,3,0,,,1,0,0.0,0.0,0.0,0.0,0.0,21,-0.1416105093871293,0.9899224533422392,3.407142857142857,26.6,65.35119047619048,30.0,1023.2791666666666,missing,tertiary
42427735,2024-12-16,40.8214914,-73.948539,4,1,2.0,,1,0,0.0,0.0,0.0,0.0,0.0,14,-0.1416105093871293,0.9899224533422392,3.407142857142857,26.6,65.35119047619048,30.0,1023.2791666666666,traffic_signals,tertiary
42427742,2024-12-16,40.714251,-73.9808938,3,1,2.0,25.0,1,0,0.0,0.0,0.0,0.0,0.0,9,-0.1416105093871293,0.9899224533422392,3.407142857142857,26.6,65.35119047619048,30.0,1023.2791666666666,traffic_signals,primary
42427744,2024-12-16,40.7135531,-73.9808346,4,1,2.0,25.0,1,0,0.0,0.0,0.0,0.0,0.0,31,-0.1416105093871293,0.9899224533422392,3.407142857142857,26.6,65.35119047619048,30.0,1023.2791666666666,traffic_signals,residential
42427750,2024-12-16,40.7115248,-73.980623,3,0,2.0,25.0,1,0,0.0,0.0,0.0,0.0,0.0,19,-0.1416105093871293,0.9899224533422392,3.407142857142857,26.6,65.35119047619048,30.0,1023.2791666666666,missing,residential
42427762,2024-12-16,40.7636536,-73.9734832,4,1,4.0,25.0,1,0,0.0,0.0,0.0,0.0,0.0,13,-0.1416105093871293,0.9899224533422392,3.407142857142857,26.6,65.35119047619048,30.0,1023.2791666666666,traffic_signals,secondary
42427764,2024-12-16,40.7639136,-73.9741072,3,1,3.0,25.0,1,0,0.0,0.0,0.0,0.0,0.0,8,-0.1416105093871293,0.9899224533422392,3.407142857142857,26.6,65.35119047619048,30.0,1023.2791666666666,traffic_signals,residential
42427768,2024-12-16,40.855598,-73.927319,3,0,2.0,20.0,1,0,0.0,1.0,0.0,0.0,0.0,7,-0.1416105093871293,0.9899224533422392,3.407142857142857,26.6,65.35119047619048,30.0,1023.2791666666666,missing,tertiary
42427769,2024-12-16,40.856182,-73.928716,4,1,2.0,25.0,1,0,0.0,0.0,0.0,0.0,0.0,50,-0.1416105093871293,0.9899224533422392,3.407142857142857,26.6,65.35119047619048,30.0,1023.2791666666666,traffic_signals,secondary
42427773,2024-12-16,40.8566083,-73.9297266,3,0,2.0,25.0,1,1,1.0,1.0,0.0,0.0,0.0,0,-0.1416105093871293,0.9899224533422392,3.407142857142857,26.6,65.35119047619048,30.0,1023.2791666666666,missing,tertiary
42427780,2024-12-16,40.857841,-73.932043,3,1,4.0,20.0,0,0,0.0,0.0,0.0,0.0,0.0,27,-0.1416105093871293,0.9899224533422392,3.407142857142857,26.6,65.35119047619048,30.0,1023.2791666666666,traffic_signals,primary
42427782,2024-12-16,40.8581161,-73.932977,3,0,,20.0,1,0,0.0,1.0,0.0,0.0,0.0,7,-0.1416105093871293,0.9899224533422392,3.407142857142857,26.6,65.35119047619048,30.0,1023.2791666666666,missing,residential
42427786,2024-12-16,40.745301,-73.986846,4,1,1.0,25.0,1,0,0.0,0.0,0.0,0.0,0.0,21,-0.1416105093871293,0.9899224533422392,3.407142857142857,26.6,65.35119047619048,30.0,1023.2791666666666,traffic_signals,secondary
42427787,2024-12-16,40.7460483,-73.9886101,4,1,1.0,25.0,1,0,0.0,0.0,0.0,0.0,0.0,51,-0.1416105093871293,0.9899224533422392,3.407142857142857,26.6,65.35119047619048,30.0,1023.2791666666666,traffic_signals,residential
42427797,2024-12-16,40.7466658,-73.9900676,4,1,5.0,25.0,1,0,0.0,1.0,0.0,1.0,0.0,4,-0.1416105093871293,0.9899224533422392,3.407142857142857,26.6,65.35119047619048,30.0,1023.2791666666666,traffic_signals,secondary
42427805,2024-12-16,40.7478634,-73.9929048,4,1,4.0,25.0,1,0,1.0,2.0,1.0,0.0,0.0,1,-0.1416105093871293,0.9899224533422392,3.407142857142857,26.6,65.35119047619048,30.0,1023.2791666666666,traffic_signals,secondary
42427812,2024-12-16,40.749056,-73.9957286,4,1,5.0,25.0,1,0,0.0,0.0,0.0,0.0,0.0,25,-0.1416105093871293,0.9899224533422392,3.407142857142857,26.6,65.35119047619048,30.0,1023.2791666666666,traffic_signals,secondary
42427821,2024-12-16,40.7514585,-74.0014183,4,0,5.0,25.0,1,1,2.0,2.0,0.0,0.0,0.0,0,-0.1416105093871293,0.9899224533422392,3.407142857142857,26.6,65.35119047619048,30.0,1023.2791666666666,missing,primary
42427824,2024-12-16,40.7526648,-74.0042686,4,0,6.0,25.0,1,0,1.0,1.0,1.0,1.0,0.0,3,-0.1416105093871293,0.9899224533422392,3.407142857142857,26.6,65.35119047619048,30.0,1023.2791666666666,missing,secondary
42427844,2024-12-16,40.8621121,-73.9300037,3,1,4.0,,1,0,0.0,0.0,0.0,0.0,0.0,51,-0.1416105093871293,0.9899224533422392,3.407142857142857,26.6,65.35119047619048,30.0,1023.2791666666666,traffic_signals,primary
42427846,2024-12-16,40.8622107,-73.9296676,3,0,,,1,0,0.0,0.0,0.0,0.0,0.0,51,-0.1416105093871293,0.9899224533422392,3.407142857142857,26.6,65.35119047619048,30.0,1023.2791666666666,missing,secondary
42427849,2024-12-16,40.8626215,-73.9286059,3,0,2.0,,1,0,0.0,0.0,0.0,0.0,0.0,49,-0.1416105093871293,0.9899224533422392,3.407142857142857,26.6,65.35119047619048,30.0,1023.2791666666666,missing,secondary
42427852,2024-12-16,40.862926,-73.927766,4,1,3.0,,1,0,0.0,0.0,0.0,0.0,0.0,14,-0.1416105093871293,0.9899224533422392,3.407142857142857,26.6,65.35119047619048,30.0,1023.2791666666666,traffic_signals,secondary
42427855,2024-12-16,40.863238,-73.926923,4,1,3.0,,1,0,0.0,0.0,0.0,0.0,0.0,51,-0.1416105093871293,0.9899224533422392,3.407142857142857,26.6,65.35119047619048,30.0,1023.2791666666666,traffic_signals,secondary
42427859,2024-12-16,40.8635745,-73.9260124,4,1,3.0,,0,0,1.0,1.0,0.0,0.0,0.0,1,-0.1416105093871293,0.9899224533422392,3.407142857142857,26.6,65.35119047619048,30.0,1023.2791666666666,traffic_signals,primary
42427863,2024-12-16,40.864403,-73.923767,4,1,3.0,,0,0,0.0,0.0,0.0,0.0,0.0,9,-0.1416105093871293,0.9899224533422392,3.407142857142857,26.6,65.35119047619048,30.0,1023.2791666666666,traffic_signals,secondary
42427867,2024-12-16,40.8651,-73.921884,4,1,4.0,,0,0,0.0,0.0,0.0,0.0,0.0,13,-0.1416105093871293,0.9899224533422392,3.407142857142857,26.6,65.35119047619048,30.0,1023.2791666666666,traffic_signals,secondary
42427870,2024-12-16,40.865797,-73.919996,4,1,4.0,,0,0,1.0,2.0,1.0,1.0,0.0,3,-0.1416105093871293,0.9899224533422392,3.407142857142857,26.6,65.35119047619048,30.0,1023.2791666666666,traffic_signals,primary
42427873,2024-12-16,40.866315,-73.918596,4,1,4.0,,0,0,1.0,2.0,0.0,0.0,0.0,1,-0.1416105093871293,0.9899224533422392,3.407142857142857,26.6,65.35119047619048,30.0,1023.2791666666666,traffic_signals,secondary
42427877,2024-12-16,40.866813,-73.917205,3,1,2.0,,0,0,0.0,0.0,0.0,0.0,0.0,10,-0.1416105093871293,0.9899224533422392,3.407142857142857,26.6,65.35119047619048,30.0,1023.2791666666666,traffic_signals,primary
42427881,2024-12-16,40.8271984,-73.9424324,4,1,1.0,25.0,1,0,0.0,0.0,0.0,0.0,0.0,18,-0.1416105093871293,0.9899224533422392,3.407142857142857,26.6,65.35119047619048,30.0,1023.2791666666666,traffic_signals,tertiary
42427883,2024-12-16,40.827823,-73.941997,3,0,,,1,0,0.0,0.0,0.0,0.0,0.0,51,-0.1416105093871293,0.9899224533422392,3.407142857142857,26.6,65.35119047619048,30.0,1023.2791666666666,missing,tertiary
42427888,2024-12-16,40.828447,-73.94154,3,0,,,1,0,0.0,0.0,0.0,0.0,0.0,33,-0.1416105093871293,0.9899224533422392,3.407142857142857,26.6,65.35119047619048,30.0,1023.2791666666666,missing,tertiary
42427891,2024-12-16,40.829083,-73.941078,3,0,,,1,0,0.0,0.0,0.0,0.0,0.0,51,-0.1416105093871293,0.9899224533422392,3.407142857142857,26.6,65.35119047619048,30.0,1023.2791666666666,missing,tertiary
42427894,2024-12-16,40.8302773,-73.9402064,4,1,,,1,0,0.0,0.0,0.0,0.0,0.0,51,-0.1416105093871293,0.9899224533422392,3.407142857142857,26.6,65.35119047619048,30.0,1023.2791666666666,traffic_signals,tertiary
42427915,2024-12-16,40.7820388,-73.9717224,4,1,5.0,25.0,0,1,1.0,2.0,0.0,0.0,0.0,0,-0.1416105093871293,0.9899224533422392,3.407142857142857,26.6,65.35119047619048,30.0,1023.2791666666666,traffic_signals,secondary
42427926,2024-12-16,40.8745523,-73.9096352,3,1,3.0,,1,0,0.0,0.0,0.0,0.0,0.0,51,-0.1416105093871293,0.9899224533422392,3.407142857142857,26.6,65.35119047619048,30.0,1023.2791666666666,traffic_signals,primary
42427934,2024-12-16,40.8746713,-73.9110993,3,0,1.0,,1,0,0.0,0.0,0.0,0.0,0.0,51,-0.1416105093871293,0.9899224533422392,3.407142857142857,26.6,65.35119047619048,30.0,1023.2791666666666,missing,residential
42427936,2024-12-16,40.8750497,-73.9122655,3,0,2.0,,1,0,0.0,0.0,0.0,0.0,0.0,51,-0.1416105093871293,0.9899224533422392,3.407142857142857,26.6,65.35119047619048,30.0,1023.2791666666666,missing,residential
42427939,2024-12-16,40.8756706,-73.9128004,3,0,1.0,,1,0,0.0,0.0,0.0,0.0,0.0,51,-0.1416105093871293,0.9899224533422392,3.407142857142857,26.6,65.35119047619048,30.0,1023.2791666666666,missing,residential
42427956,2024-12-16,40.7045596,-74.0094849,4,0,2.0,20.0,1,0,0.0,0.0,0.0,0.0,0.0,35,-0.1416105093871293,0.9899224533422392,3.407142857142857,26.6,65.35119047619048,30.0,1023.2791666666666,missing,residential
42427965,2024-12-16,40.7599137,-73.9588108,4,1,4.0,25.0,1,0,0.0,0.0,0.0,0.0,0.0,16,-0.1416105093871293,0.9899224533422392,3.407142857142857,26.6,65.35119047619048,30.0,1023.2791666666666,traffic_signals,secondary
42427968,2024-12-16,40.7605391,-73.9583585,4,1,4.0,25.0,1,0,1.0,4.0,0.0,0.0,0.0,2,-0.1416105093871293,0.9899224533422392,3.407142857142857,26.6,65.35119047619048,30.0,1023.2791666666666,traffic_signals,secondary
42427970,2024-12-16,40.7611816,-73.9579018,5,1,5.0,25.0,1,0,0.0,2.0,0.0,0.0,0.0,7,-0.1416105093871293,0.9899224533422392,3.407142857142857,26.6,65.35119047619048,30.0,1023.2791666666666,traffic_signals,secondary
42427972,2024-12-16,40.7617963,-73.9574532,3,1,6.0,,1,0,0.0,1.0,0.0,0.0,0.0,6,-0.1416105093871293,0.9899224533422392,3.407142857142857,26.6,65.35119047619048,30.0,1023.2791666666666,traffic_signals,secondary
42427975,2024-12-16,40.7624248,-73.9569931,3,1,6.0,25.0,1,1,1.0,1.0,0.0,0.0,0.0,0,-0.1416105093871293,0.9899224533422392,3.407142857142857,26.6,65.35119047619048,30.0,1023.2791666666666,traffic_signals,secondary
42427979,2024-12-16,40.7630517,-73.9565342,3,1,6.0,25.0,1,0,1.0,2.0,1.0,0.0,0.0,1,-0.1416105093871293,0.9899224533422392,3.407142857142857,26.6,65.35119047619048,30.0,1023.2791666666666,traffic_signals,secondary
42427985,2024-12-16,40.7636731,-73.9560793,3,1,6.0,25.0,1,0,0.0,0.0,0.0,0.0,0.0,51,-0.1416105093871293,0.9899224533422392,3.407142857142857,26.6,65.35119047619048,30.0,1023.2791666666666,traffic_signals,secondary
42427991,2024-12-16,40.7642988,-73.9556211,4,1,4.0,,1,0,1.0,2.0,1.0,0.0,1.0,1,-0.1416105093871293,0.9899224533422392,3.407142857142857,26.6,65.35119047619048,30.0,1023.2791666666666,traffic_signals,secondary
42427996,2024-12-16,40.7649207,-73.9551666,3,1,4.0,,1,0,0.0,1.0,0.0,1.0,0.0,6,-0.1416105093871293,0.9899224533422392,3.407142857142857,26.6,65.35119047619048,30.0,1023.2791666666666,traffic_signals,secondary
42428003,2024-12-16,40.7655447,-73.9547105,4,1,4.0,25.0,1,0,0.0,0.0,0.0,0.0,0.0,34,-0.1416105093871293,0.9899224533422392,3.407142857142857,26.6,65.35119047619048,30.0,1023.2791666666666,traffic_signals,secondary
42428005,2024-12-16,40.7661832,-73.9542439,4,1,4.0,25.0,1,0,1.0,1.0,1.0,0.0,0.0,2,-0.1416105093871293,0.9899224533422392,3.407142857142857,26.6,65.35119047619048,30.0,1023.2791666666666,traffic_signals,secondary
42428007,2024-12-16,40.7668593,-73.9537482,4,1,4.0,,0,0,0.0,0.0,0.0,0.0,0.0,22,-0.1416105093871293,0.9899224533422392,3.407142857142857,26.6,65.35119047619048,30.0,1023.2791666666666,traffic_signals,secondary
42428010,2024-12-16,40.7675409,-73.9532494,4,1,4.0,25.0,1,0,0.0,0.0,0.0,0.0,0.0,35,-0.1416105093871293,0.9899224533422392,3.407142857142857,26.6,65.35119047619048,30.0,1023.2791666666666,traffic_signals,secondary
42428012,2024-12-16,40.7681722,-73.9527922,4,1,4.0,25.0,1,1,1.0,1.0,0.0,0.0,0.0,0,-0.1416105093871293,0.9899224533422392,3.407142857142857,26.6,65.35119047619048,30.0,1023.2791666666666,traffic_signals,secondary
42428013,2024-12-16,40.768811,-73.9523297,4,1,4.0,,1,0,0.0,0.0,0.0,0.0,0.0,51,-0.1416105093871293,0.9899224533422392,3.407142857142857,26.6,65.35119047619048,30.0,1023.2791666666666,traffic_signals,secondary
42428014,2024-12-16,40.7694509,-73.9518664,4,1,4.0,,1,0,0.0,0.0,0.0,0.0,0.0,14,-0.1416105093871293,0.9899224533422392,3.407142857142857,26.6,65.35119047619048,30.0,1023.2791666666666,traffic_signals,secondary
42428015,2024-12-16,40.770088,-73.951405,4,1,4.0,25.0,1,0,0.0,0.0,0.0,0.0,0.0,41,-0.1416105093871293,0.9899224533422392,3.407142857142857,26.6,65.35119047619048,30.0,1023.2791666666666,traffic_signals,secondary
42428016,2024-12-16,40.7707171,-73.950941,4,1,4.0,25.0,1,0,0.0,0.0,0.0,0.0,0.0,32,-0.1416105093871293,0.9899224533422392,3.407142857142857,26.6,65.35119047619048,30.0,1023.2791666666666,traffic_signals,secondary
42428020,2024-12-16,40.771399,-73.9504381,4,1,4.0,25.0,0,0,1.0,3.0,1.0,1.0,0.0,2,-0.1416105093871293,0.9899224533422392,3.407142857142857,26.6,65.35119047619048,30.0,1023.2791666666666,traffic_signals,secondary
42428022,2024-12-16,40.7720762,-73.9499354,4,1,4.0,25.0,1,0,0.0,0.0,0.0,0.0,0.0,28,-0.1416105093871293,0.9899224533422392,3.407142857142857,26.6,65.35119047619048,30.0,1023.2791666666666,traffic_signals,secondary
42428024,2024-12-16,40.7727093,-73.9494733,4,1,4.0,,1,0,0.0,0.0,0.0,0.0,0.0,15,-0.1416105093871293,0.9899224533422392,3.407142857142857,26.6,65.35119047619048,30.0,1023.2791666666666,traffic_signals,secondary
42428027,2024-12-16,40.7733435,-73.9490103,4,1,4.0,,1,0,0.0,0.0,0.0,0.0,0.0,49,-0.1416105093871293,0.9899224533422392,3.407142857142857,26.6,65.35119047619048,30.0,1023.2791666666666,traffic_signals,secondary
42428029,2024-12-16,40.7739755,-73.9485489,4,1,4.0,,1,0,0.0,1.0,0.0,1.0,0.0,6,-0.1416105093871293,0.9899224533422392,3.407142857142857,26.6,65.35119047619048,30.0,1023.2791666666666,traffic_signals,secondary
42428032,2024-12-16,40.7746144,-73.9480825,4,1,4.0,,1,1,1.0,1.0,0.0,0.0,0.0,0,-0.1416105093871293,0.9899224533422392,3.407142857142857,26.6,65.35119047619048,30.0,1023.2791666666666,traffic_signals,secondary
42428034,2024-12-16,40.775245,-73.9476222,4,1,4.0,,1,0,0.0,0.0,0.0,0.0,0.0,51,-0.1416105093871293,0.9899224533422392,3.407142857142857,26.6,65.35119047619048,30.0,1023.2791666666666,traffic_signals,secondary
42428037,2024-12-16,40.775932,-73.9471206,4,1,4.0,25.0,0,0,0.0,1.0,0.0,0.0,0.0,4,-0.1416105093871293,0.9899224533422392,3.407142857142857,26.6,65.35119047619048,30.0,1023.2791666666666,traffic_signals,secondary
42428039,2024-12-16,40.7766022,-73.9466326,4,1,4.0,25.0,1,0,0.0,0.0,0.0,0.0,0.0,37,-0.1416105093871293,0.9899224533422392,3.407142857142857,26.6,65.35119047619048,30.0,1023.2791666666666,traffic_signals,secondary
42428043,2024-12-16,40.7772288,-73.9461764,4,1,4.0,25.0,1,0,2.0,2.0,1.0,0.0,0.0,1,-0.1416105093871293,0.9899224533422392,3.407142857142857,26.6,65.35119047619048,30.0,1023.2791666666666,traffic_signals,secondary
42428045,2024-12-16,40.777874,-73.9457066,4,1,4.0,25.0,1,0,0.0,0.0,0.0,0.0,0.0,45,-0.1416105093871293,0.9899224533422392,3.407142857142857,26.6,65.35119047619048,30.0,1023.2791666666666,traffic_signals,secondary
42428047,2024-12-16,40.7784878,-73.9452597,4,1,5.0,25.0,1,0,0.0,0.0,0.0,0.0,0.0,16,-0.1416105093871293,0.9899224533422392,3.407142857142857,26.6,65.35119047619048,30.0,1023.2791666666666,traffic_signals,secondary
42428049,2024-12-16,40.779149,-73.944779,3,1,6.0,25.0,1,0,0.0,0.0,0.0,0.0,0.0,35,-0.1416105093871293,0.9899224533422392,3.407142857142857,26.6,65.35119047619048,30.0,1023.2791666666666,traffic_signals,secondary
42428052,2024-12-16,40.7797423,-73.9442883,4,1,3.0,25.0,1,0,0.0,0.0,0.0,0.0,0.0,51,-0.1416105093871293,0.9899224533422392,3.407142857142857,26.6,65.35119047619048,30.0,1023.2791666666666,traffic_signals,secondary
42428061,2024-12-16,40.7812798,-73.9759984,3,1,3.0,25.0,1,0,0.0,0.0,0.0,0.0,0.0,51,-0.1416105093871293,0.9899224533422392,3.407142857142857,26.6,65.35119047619048,30.0,1023.2791666666666,traffic_signals,primary
42428063,2024-12-16,40.7824641,-73.9788209,4,1,3.0,,1,0,0.0,0.0,0.0,0.0,0.0,8,-0.1416105093871293,0.9899224533422392,3.407142857142857,26.6,65.35119047619048,30.0,1023.2791666666666,traffic_signals,primary
42428065,2024-12-16,40.7832069,-73.9805809,4,1,4.0,25.0,1,0,0.0,0.0,0.0,0.0,0.0,51,-0.1416105093871293,0.9899224533422392,3.407142857142857,26.6,65.35119047619048,30.0,1023.2791666666666,traffic_signals,primary
42428068,2024-12-16,40.7836663,-73.9816706,4,1,3.0,25.0,1,0,0.0,0.0,0.0,0.0,0.0,8,-0.1416105093871293,0.9899224533422392,3.407142857142857,26.6,65.35119047619048,30.0,1023.2791666666666,traffic_signals,tertiary
42428072,2024-12-16,40.7843551,-73.9832997,3,1,2.0,,1,0,0.0,0.0,0.0,0.0,0.0,51,-0.1416105093871293,0.9899224533422392,3.407142857142857,26.6,65.35119047619048,30.0,1023.2791666666666,traffic_signals,secondary
42428080,2024-12-16,40.8474296,-73.9313968,3,1,4.0,25.0,1,1,1.0,2.0,0.0,0.0,0.0,0,-0.1416105093871293,0.9899224533422392,3.407142857142857,26.6,65.35119047619048,30.0,1023.2791666666666,traffic_signals,secondary
42428082,2024-12-16,40.848038,-73.932849,4,1,2.0,25.0,1,0,0.0,0.0,0.0,0.0,0.0,8,-0.1416105093871293,0.9899224533422392,3.407142857142857,26.6,65.35119047619048,30.0,1023.2791666666666,traffic_signals,tertiary
42428086,2024-12-16,40.848626,-73.934239,4,1,2.0,25.0,1,0,0.0,1.0,0.0,0.0,0.0,7,-0.1416105093871293,0.9899224533422392,3.407142857142857,26.6,65.35119047619048,30.0,1023.2791666666666,traffic_signals,secondary
42428090,2024-12-16,40.8491457,-73.9354726,4,1,,25.0,1,0,0.0,1.0,0.0,0.0,0.0,6,-0.1416105093871293,0.9899224533422392,3.407142857142857,26.6,65.35119047619048,30.0,1023.2791666666666,traffic_signals,tertiary
42428094,2024-12-16,40.849541,-73.936397,4,1,4.0,25.0,1,0,0.0,2.0,0.0,0.0,0.0,4,-0.1416105093871293,0.9899224533422392,3.407142857142857,26.6,65.35119047619048,30.0,1023.2791666666666,traffic_signals,primary
42428103,2024-12-16,40.8501945,-73.9396343,4,0,,20.0,1,0,1.0,1.0,0.0,0.0,0.0,1,-0.1416105093871293,0.9899224533422392,3.407142857142857,26.6,65.35119047619048,30.0,1023.2791666666666,missing,residential
42428107,2024-12-16,40.8503859,-73.9405973,3,0,1.0,20.0,1,0,0.0,0.0,0.0,0.0,0.0,51,-0.1416105093871293,0.9899224533422392,3.407142857142857,26.6,65.35119047619048,30.0,1023.2791666666666,missing,residential
42428114,2024-12-16,40.8482164,-73.94141,3,0,1.0,25.0,1,0,0.0,0.0,0.0,0.0,0.0,44,-0.1416105093871293,0.9899224533422392,3.407142857142857,26.6,65.35119047619048,30.0,1023.2791666666666,missing,residential
42428124,2024-12-16,40.8513413,-73.940223,4,0,2.0,20.0,1,0,0.0,0.0,0.0,0.0,0.0,9,-0.1416105093871293,0.9899224533422392,3.407142857142857,26.6,65.35119047619048,30.0,1023.2791666666666,missing,secondary
42428130,2024-12-16,40.854677,-73.938652,3,0,,20.0,1,1,1.0,1.0,0.0,0.0,0.0,0,-0.1416105093871293,0.9899224533422392,3.407142857142857,26.6,65.35119047619048,30.0,1023.2791666666666,missing,residential
42428134,2024-12-16,40.8556073,-73.937921,4,1,,20.0,1,0,0.0,0.0,0.0,0.0,0.0,51,-0.1416105093871293,0.9899224533422392,3.407142857142857,26.6,65.35119047619048,30.0,1023.2791666666666,traffic_signals,residential
42428144,2024-12-16,40.8573519,-73.936584,3,0,,20.0,1,0,0.0,0.0,0.0,0.0,0.0,23,-0.1416105093871293,0.9899224533422392,3.407142857142857,26.6,65.35119047619048,30.0,1023.2791666666666,missing,residential
42428174,2024-12-16,40.7378047,-73.9901393,3,1,1.0,25.0,1,0,0.0,0.0,0.0,0.0,0.0,16,-0.1416105093871293,0.9899224533422392,3.407142857142857,26.6,65.35119047619048,30.0,1023.2791666666666,traffic_signals,residential
42428179,2024-12-16,40.7384929,-73.9899534,4,1,1.0,25.0,1,0,0.0,0.0,0.0,0.0,0.0,12,-0.1416105093871293,0.9899224533422392,3.407142857142857,26.6,65.35119047619048,30.0,1023.2791666666666,traffic_signals,residential
42428183,2024-12-16,40.7391688,-73.9897506,4,0,1.0,25.0,1,0,0.0,1.0,0.0,0.0,0.0,4,-0.1416105093871293,0.9899224533422392,3.407142857142857,26.6,65.35119047619048,30.0,1023.2791666666666,missing,residential
42428192,2024-12-16,40.7398722,-73.9895636,4,0,1.0,25.0,1,0,0.0,1.0,0.0,0.0,0.0,4,-0.1416105093871293,0.9899224533422392,3.407142857142857,26.6,65.35119047619048,30.0,1023.2791666666666,missing,residential
42428198,2024-12-16,40.7406193,-73.9894421,4,1,1.0,25.0,1,0,0.0,0.0,0.0,0.0,0.0,51,-0.1416105093871293,0.9899224533422392,3.407142857142857,26.6,65.35119047619048,30.0,1023.2791666666666,traffic_signals,residential
42428201,2024-12-16,40.7413643,-73.9891378,4,1,5.0,25.0,1,0,0.0,0.0,0.0,0.0,0.0,10,-0.1416105093871293,0.9899224533422392,3.407142857142857,26.6,65.35119047619048,30.0,1023.2791666666666,traffic_signals,secondary
42428206,2024-12-16,40.7422186,-73.9891071,3,1,3.0,25.0,1,0,0.0,0.0,0.0,0.0,0.0,51,-0.1416105093871293,0.9899224533422392,3.407142857142857,26.6,65.35119047619048,30.0,1023.2791666666666,traffic_signals,secondary
42428212,2024-12-16,40.7430428,-73.9891631,3,1,1.0,25.0,1,0,0.0,0.0,0.0,0.0,0.0,51,-0.1416105093871293,0.9899224533422392,3.407142857142857,26.6,65.35119047619048,30.0,1023.2791666666666,traffic_signals,residential
42428220,2024-12-16,40.7445363,-73.9888917,3,1,2.0,25.0,1,0,0.0,0.0,0.0,0.0,0.0,22,-0.1416105093871293,0.9899224533422392,3.407142857142857,26.6,65.35119047619048,30.0,1023.2791666666666,traffic_signals,residential
42428223,2024-12-16,40.7452886,-73.9887531,4,1,1.0,25.0,1,0,0.0,0.0,0.0,0.0,0.0,9,-0.1416105093871293,0.9899224533422392,3.407142857142857,26.6,65.35119047619048,30.0,1023.2791666666666,traffic_signals,residential
42428227,2024-12-16,40.7467961,-73.9884727,4,1,1.0,25.0,1,0,0.0,0.0,0.0,0.0,0.0,16,-0.1416105093871293,0.9899224533422392,3.407142857142857,26.6,65.35119047619048,30.0,1023.2791666666666,traffic_signals,tertiary
42428232,2024-12-16,40.7475458,-73.9883326,4,1,1.0,25.0,1,0,0.0,0.0,0.0,0.0,0.0,19,-0.1416105093871293,0.9899224533422392,3.407142857142857,26.6,65.35119047619048,30.0,1023.2791666666666,traffic_signals,tertiary
42428258,2024-12-16,40.7514446,-73.9876865,3,1,3.0,25.0,1,0,0.0,0.0,0.0,0.0,0.0,22,-0.1416105093871293,0.9899224533422392,3.407142857142857,26.6,65.35119047619048,30.0,1023.2791666666666,traffic_signals,secondary
42428264,2024-12-16,40.7521903,-73.9875372,4,1,2.0,25.0,1,0,0.0,1.0,0.0,1.0,0.0,6,-0.1416105093871293,0.9899224533422392,3.407142857142857,26.6,65.35119047619048,30.0,1023.2791666666666,traffic_signals,secondary
42428268,2024-12-16,40.7528867,-73.9873437,4,1,2.0,10.0,1,0,0.0,0.0,0.0,0.0,0.0,18,-0.1416105093871293,0.9899224533422392,3.407142857142857,26.6,65.35119047619048,30.0,1023.2791666666666,traffic_signals,residential
42428272,2024-12-16,40.7536222,-73.9870696,3,1,2.0,10.0,1,1,1.0,1.0,0.0,0.0,0.0,0,-0.1416105093871293,0.9899224533422392,3.407142857142857,26.6,65.35119047619048,30.0,1023.2791666666666,traffic_signals,residential
42428277,2024-12-16,40.7543353,-73.9868976,3,1,3.0,25.0,1,0,0.0,1.0,0.0,1.0,0.0,6,-0.1416105093871293,0.9899224533422392,3.407142857142857,26.6,65.35119047619048,30.0,1023.2791666666666,traffic_signals,residential
42428283,2024-12-16,40.7550539,-73.9866712,4,1,1.0,25.0,1,0,0.0,0.0,0.0,0.0,0.0,51,-0.1416105093871293,0.9899224533422392,3.407142857142857,26.6,65.35119047619048,30.0,1023.2791666666666,traffic_signals,residential
42428287,2024-12-16,40.7558193,-73.9864249,3,1,5.0,25.0,1,0,1.0,2.0,0.0,0.0,0.0,2,-0.1416105093871293,0.9899224533422392,3.407142857142857,26.6,65.35119047619048,30.0,1023.2791666666666,traffic_signals,primary
42428297,2024-12-16,40.7579634,-73.9855335,4,1,5.0,25.0,1,0,0.0,0.0,0.0,0.0,0.0,16,-0.1416105093871293,0.9899224533422392,3.407142857142857,26.6,65.35119047619048,30.0,1023.2791666666666,traffic_signals,secondary
42428303,2024-12-16,40.759438,-73.9851371,3,1,2.0,25.0,1,0,0.0,0.0,0.0,0.0,0.0,13,-0.1416105093871293,0.9899224533422392,3.407142857142857,26.6,65.35119047619048,30.0,1023.2791666666666,traffic_signals,residential
42428305,2024-12-16,40.7601126,-73.9848196,5,1,3.0,10.0,1,0,0.0,1.0,0.0,0.0,0.0,7,-0.1416105093871293,0.9899224533422392,3.407142857142857,26.6,65.35119047619048,30.0,1023.2791666666666,traffic_signals,residential
42428307,2024-12-16,40.760804,-73.9845206,4,1,1.0,25.0,1,0,1.0,1.0,0.0,0.0,0.0,3,-0.1416105093871293,0.9899224533422392,3.407142857142857,26.6,65.35119047619048,30.0,1023.2791666666666,traffic_signals,secondary
42428308,2024-12-16,40.7614503,-73.9840983,4,1,2.0,,1,0,1.0,1.0,0.0,0.0,0.0,2,-0.1416105093871293,0.9899224533422392,3.407142857142857,26.6,65.35119047619048,30.0,1023.2791666666666,traffic_signals,secondary
42428310,2024-12-16,40.7620858,-73.9836782,4,1,2.0,,1,0,1.0,2.0,0.0,0.0,0.0,1,-0.1416105093871293,0.9899224533422392,3.407142857142857,26.6,65.35119047619048,30.0,1023.2791666666666,traffic_signals,tertiary
42428312,2024-12-16,40.7627381,-73.9832608,4,1,2.0,25.0,1,0,0.0,0.0,0.0,0.0,0.0,32,-0.1416105093871293,0.9899224533422392,3.407142857142857,26.6,65.35119047619048,30.0,1023.2791666666666,traffic_signals,tertiary
42428313,2024-12-16,40.763382,-73.9829033,4,1,2.0,,1,1,2.0,2.0,2.0,1.0,0.0,0,-0.1416105093871293,0.9899224533422392,3.407142857142857,26.6,65.35119047619048,30.0,1023.2791666666666,traffic_signals,secondary
42428315,2024-12-16,40.764058,-73.9825176,4,1,2.0,,1,0,1.0,1.0,1.0,0.0,1.0,2,-0.1416105093871293,0.9899224533422392,3.407142857142857,26.6,65.35119047619048,30.0,1023.2791666666666,traffic_signals,secondary
42428321,2024-12-16,40.7647849,-73.9822551,4,1,2.0,,1,0,0.0,1.0,0.0,0.0,1.0,4,-0.1416105093871293,0.9899224533422392,3.407142857142857,26.6,65.35119047619048,30.0,1023.2791666666666,traffic_signals,tertiary
42428328,2024-12-16,40.7654683,-73.9820384,4,1,2.0,,1,0,2.0,2.0,0.0,0.0,0.0,1,-0.1416105093871293,0.9899224533422392,3.407142857142857,26.6,65.35119047619048,30.0,1023.2791666666666,traffic_signals,tertiary
42428329,2024-12-16,40.7663005,-73.9818935,4,1,2.0,25.0,1,0,0.0,1.0,0.0,0.0,0.0,4,-0.1416105093871293,0.9899224533422392,3.407142857142857,26.6,65.35119047619048,30.0,1023.2791666666666,traffic_signals,primary
42428332,2024-12-16,40.7671354,-73.9817493,4,1,3.0,25.0,1,0,0.0,0.0,0.0,0.0,0.0,42,-0.1416105093871293,0.9899224533422392,3.407142857142857,26.6,65.35119047619048,30.0,1023.2791666666666,traffic_signals,primary
42428365,2024-12-16,40.705888,-74.0132806,3,1,2.0,20.0,1,0,0.0,0.0,0.0,0.0,0.0,15,-0.1416105093871293,0.9899224533422392,3.407142857142857,26.6,65.35119047619048,30.0,1023.2791666666666,traffic_signals,secondary
42428371,2024-12-16,40.7083242,-74.0112699,3,1,2.0,20.0,1,0,0.0,0.0,0.0,0.0,0.0,51,-0.1416105093871293,0.9899224533422392,3.407142857142857,26.6,65.35119047619048,30.0,1023.2791666666666,traffic_signals,secondary
42428373,2024-12-16,40.7085915,-74.0110462,3,0,2.0,20.0,1,0,0.0,0.0,0.0,0.0,0.0,51,-0.1416105093871293,0.9899224533422392,3.407142857142857,26.6,65.35119047619048,30.0,1023.2791666666666,missing,secondary
42428374,2024-12-16,40.7088206,-74.0108604,4,1,2.0,20.0,1,0,0.0,0.0,0.0,0.0,0.0,28,-0.1416105093871293,0.9899224533422392,3.407142857142857,26.6,65.35119047619048,30.0,1023.2791666666666,traffic_signals,secondary
42428376,2024-12-16,40.7098263,-74.0100172,4,1,2.0,20.0,1,0,0.0,0.0,0.0,0.0,0.0,12,-0.1416105093871293,0.9899224533422392,3.407142857142857,26.6,65.35119047619048,30.0,1023.2791666666666,traffic_signals,secondary
42428377,2024-12-16,40.7103389,-74.0095729,3,0,3.0,20.0,1,0,0.0,0.0,0.0,0.0,0.0,12,-0.1416105093871293,0.9899224533422392,3.407142857142857,26.6,65.35119047619048,30.0,1023.2791666666666,missing,secondary
42428379,2024-12-16,40.7104309,-74.0094861,3,1,3.0,20.0,1,0,0.0,0.0,0.0,0.0,0.0,30,-0.1416105093871293,0.9899224533422392,3.407142857142857,26.6,65.35119047619048,30.0,1023.2791666666666,traffic_signals,secondary
42428385,2024-12-16,40.710913,-74.0090985,4,1,3.0,20.0,1,0,0.0,2.0,0.0,1.0,0.0,5,-0.1416105093871293,0.9899224533422392,3.407142857142857,26.6,65.35119047619048,30.0,1023.2791666666666,traffic_signals,secondary
42428391,2024-12-16,40.7113948,-74.0086548,5,1,3.0,20.0,1,0,0.0,1.0,0.0,0.0,0.0,7,-0.1416105093871293,0.9899224533422392,3.407142857142857,26.6,65.35119047619048,30.0,1023.2791666666666,traffic_signals,secondary
42428402,2024-12-16,40.7146811,-74.0058866,4,1,3.0,20.0,1,0,2.0,2.0,1.0,1.0,0.0,1,-0.1416105093871293,0.9899224533422392,3.407142857142857,26.6,65.35119047619048,30.0,1023.2791666666666,traffic_signals,secondary
42428405,2024-12-16,40.715236,-74.00542,4,1,2.0,20.0,1,0,0.0,0.0,0.0,0.0,0.0,38,-0.1416105093871293,0.9899224533422392,3.407142857142857,26.6,65.35119047619048,30.0,1023.2791666666666,traffic_signals,secondary
42428408,2024-12-16,40.7157586,-74.0049777,3,1,2.0,20.0,1,1,1.0,1.0,0.0,0.0,0.0,0,-0.1416105093871293,0.9899224533422392,3.407142857142857,26.6,65.35119047619048,30.0,1023.2791666666666,traffic_signals,secondary
42428411,2024-12-16,40.7162939,-74.0045248,4,1,2.0,20.0,1,0,0.0,0.0,0.0,0.0,0.0,28,-0.1416105093871293,0.9899224533422392,3.407142857142857,26.6,65.35119047619048,30.0,1023.2791666666666,traffic_signals,secondary
42428420,2024-12-16,40.717449,-74.003533,4,1,2.0,20.0,1,0,0.0,0.0,0.0,0.0,0.0,10,-0.1416105093871293,0.9899224533422392,3.407142857142857,26.6,65.35119047619048,30.0,1023.2791666666666,traffic_signals,secondary
42428425,2024-12-16,40.7180338,-74.003043,4,1,2.0,20.0,1,0,0.0,0.0,0.0,0.0,0.0,31,-0.1416105093871293,0.9899224533422392,3.407142857142857,26.6,65.35119047619048,30.0,1023.2791666666666,traffic_signals,secondary
42428428,2024-12-16,40.7186389,-74.0025285,4,1,2.0,20.0,1,0,0.0,0.0,0.0,0.0,0.0,42,-0.1416105093871293,0.9899224533422392,3.407142857142857,26.6,65.35119047619048,30.0,1023.2791666666666,traffic_signals,secondary
42428431,2024-12-16,40.719153,-74.002091,3,0,2.0,20.0,1,0,0.0,1.0,0.0,0.0,0.0,4,-0.1416105093871293,0.9899224533422392,3.407142857142857,26.6,65.35119047619048,30.0,1023.2791666666666,missing,secondary
42428433,2024-12-16,40.7194015,-74.0018814,4,1,6.0,25.0,1,0,0.0,2.0,0.0,0.0,0.0,5,-0.1416105093871293,0.9899224533422392,3.407142857142857,26.6,65.35119047619048,30.0,1023.2791666666666,traffic_signals,primary
42428434,2024-12-16,40.7199362,-74.0014266,4,1,4.0,25.0,1,0,0.0,0.0,0.0,0.0,0.0,51,-0.1416105093871293,0.9899224533422392,3.407142857142857,26.6,65.35119047619048,30.0,1023.2791666666666,traffic_signals,secondary
42428436,2024-12-16,40.7208456,-74.0006622,4,1,2.0,25.0,1,0,1.0,2.0,1.0,1.0,0.0,1,-0.1416105093871293,0.9899224533422392,3.407142857142857,26.6,65.35119047619048,30.0,1023.2791666666666,traffic_signals,primary
42428438,2024-12-16,40.7217942,-73.9998623,4,0,2.0,25.0,1,1,2.0,3.0,0.0,0.0,0.0,0,-0.1416105093871293,0.9899224533422392,3.407142857142857,26.6,65.35119047619048,30.0,1023.2791666666666,missing,primary
42428441,2024-12-16,40.723021,-73.998812,4,1,2.0,25.0,1,0,0.0,0.0,0.0,0.0,0.0,9,-0.1416105093871293,0.9899224533422392,3.407142857142857,26.6,65.35119047619048,30.0,1023.2791666666666,traffic_signals,secondary
42428444,2024-12-16,40.724235,-73.997785,4,1,2.0,25.0,1,0,0.0,0.0,0.0,0.0,0.0,30,-0.1416105093871293,0.9899224533422392,3.407142857142857,26.6,65.35119047619048,30.0,1023.2791666666666,traffic_signals,secondary
42428447,2024-12-16,40.7255012,-73.9967146,4,1,3.0,25.0,1,0,0.0,0.0,0.0,0.0,0.0,51,-0.1416105093871293,0.9899224533422392,3.407142857142857,26.6,65.35119047619048,30.0,1023.2791666666666,traffic_signals,primary
42428454,2024-12-16,40.727212,-73.99527,3,1,2.0,25.0,1,0,0.0,0.0,0.0,0.0,0.0,29,-0.1416105093871293,0.9899224533422392,3.407142857142857,26.6,65.35119047619048,30.0,1023.2791666666666,traffic_signals,primary
42428458,2024-12-16,40.7278276,-73.9947496,4,1,2.0,25.0,1,0,0.0,1.0,0.0,0.0,0.0,4,-0.1416105093871293,0.9899224533422392,3.407142857142857,26.6,65.35119047619048,30.0,1023.2791666666666,traffic_signals,primary
42428460,2024-12-16,40.728413,-73.994252,4,1,2.0,25.0,1,0,0.0,0.0,0.0,0.0,0.0,45,-0.1416105093871293,0.9899224533422392,3.407142857142857,26.6,65.35119047619048,30.0,1023.2791666666666,traffic_signals,primary
42428464,2024-12-16,40.729009,-73.993747,3,1,2.0,25.0,1,0,0.0,0.0,0.0,0.0,0.0,12,-0.1416105093871293,0.9899224533422392,3.407142857142857,26.6,65.35119047619048,30.0,1023.2791666666666,traffic_signals,primary
42428468,2024-12-16,40.729581,-73.993262,3,1,2.0,25.0,1,0,0.0,0.0,0.0,0.0,0.0,18,-0.1416105093871293,0.9899224533422392,3.407142857142857,26.6,65.35119047619048,30.0,1023.2791666666666,traffic_signals,primary
42428471,2024-12-16,40.73008,-73.992841,3,1,2.0,25.0,1,0,0.0,1.0,0.0,0.0,0.0,6,-0.1416105093871293,0.9899224533422392,3.407142857142857,26.6,65.35119047619048,30.0,1023.2791666666666,traffic_signals,primary
42428473,2024-12-16,40.7306005,-73.9924142,4,1,2.0,25.0,1,0,0.0,0.0,0.0,0.0,0.0,19,-0.1416105093871293,0.9899224533422392,3.407142857142857,26.6,65.35119047619048,30.0,1023.2791666666666,traffic_signals,primary
42428476,2024-12-16,40.7311834,-73.9919247,4,1,2.0,25.0,1,1,1.0,3.0,1.0,0.0,0.0,0,-0.1416105093871293,0.9899224533422392,3.407142857142857,26.6,65.35119047619048,30.0,1023.2791666666666,traffic_signals,primary
42428480,2024-12-16,40.7317437,-73.9914641,4,0,2.0,25.0,1,0,0.0,0.0,0.0,0.0,0.0,18,-0.1416105093871293,0.9899224533422392,3.407142857142857,26.6,65.35119047619048,30.0,1023.2791666666666,missing,primary
42428483,2024-12-16,40.732449,-73.991289,3,1,2.0,25.0,1,0,0.0,0.0,0.0,0.0,0.0,22,-0.1416105093871293,0.9899224533422392,3.407142857142857,26.6,65.35119047619048,30.0,1023.2791666666666,traffic_signals,primary
42428489,2024-12-16,40.733214,-73.991114,4,1,2.0,25.0,1,0,0.0,0.0,0.0,0.0,0.0,20,-0.1416105093871293,0.9899224533422392,3.407142857142857,26.6,65.35119047619048,30.0,1023.2791666666666,traffic_signals,primary
42428491,2024-12-16,40.7339814,-73.990953,4,1,2.0,25.0,1,0,0.0,0.0,0.0,0.0,0.0,10,-0.1416105093871293,0.9899224533422392,3.407142857142857,26.6,65.35119047619048,30.0,1023.2791666666666,traffic_signals,primary
42428493,2024-12-16,40.7347875,-73.9907407,4,0,2.0,25.0,1,0,1.0,1.0,0.0,0.0,0.0,2,-0.1416105093871293,0.9899224533422392,3.407142857142857,26.6,65.35119047619048,30.0,1023.2791666666666,missing,primary
42428524,2024-12-16,40.7040707,-74.0132054,3,1,1.0,20.0,1,0,0.0,0.0,0.0,0.0,0.0,35,-0.1416105093871293,0.9899224533422392,3.407142857142857,26.6,65.35119047619048,30.0,1023.2791666666666,traffic_signals,residential
42428529,2024-12-16,40.7050087,-74.0133273,3,1,1.0,20.0,1,0,0.0,0.0,0.0,0.0,0.0,18,-0.1416105093871293,0.9899224533422392,3.407142857142857,26.6,65.35119047619048,30.0,1023.2791666666666,traffic_signals,residential
42428570,2024-12-16,40.7689504,-73.9822001,4,1,4.0,25.0,1,1,2.0,2.0,1.0,1.0,0.0,0,-0.1416105093871293,0.9899224533422392,3.407142857142857,26.6,65.35119047619048,30.0,1023.2791666666666,traffic_signals,primary
42428575,2024-12-16,40.7706115,-73.9822476,4,1,4.0,25.0,1,0,0.0,0.0,0.0,0.0,0.0,11,-0.1416105093871293,0.9899224533422392,3.407142857142857,26.6,65.35119047619048,30.0,1023.2791666666666,traffic_signals,primary
42428579,2024-12-16,40.7714348,-73.9822603,4,1,4.0,25.0,1,1,1.0,2.0,1.0,1.0,0.0,0,-0.1416105093871293,0.9899224533422392,3.407142857142857,26.6,65.35119047619048,30.0,1023.2791666666666,traffic_signals,primary
42428588,2024-12-16,40.7726558,-73.9822863,4,0,3.0,25.0,1,0,0.0,0.0,0.0,0.0,0.0,51,-0.1416105093871293,0.9899224533422392,3.407142857142857,26.6,65.35119047619048,30.0,1023.2791666666666,missing,primary
42428595,2024-12-16,40.7739227,-73.9823188,4,1,3.0,25.0,1,0,0.0,0.0,0.0,0.0,0.0,12,-0.1416105093871293,0.9899224533422392,3.407142857142857,26.6,65.35119047619048,30.0,1023.2791666666666,traffic_signals,primary
42428598,2024-12-16,40.7747214,-73.9822972,4,1,3.0,25.0,1,0,0.0,0.0,0.0,0.0,0.0,51,-0.1416105093871293,0.9899224533422392,3.407142857142857,26.6,65.35119047619048,30.0,1023.2791666666666,traffic_signals,primary
42428601,2024-12-16,40.7755283,-73.9822622,4,1,3.0,25.0,1,0,0.0,0.0,0.0,0.0,0.0,46,-0.1416105093871293,0.9899224533422392,3.407142857142857,26.6,65.35119047619048,30.0,1023.2791666666666,traffic_signals,primary
42428604,2024-12-16,40.7763295,-73.9822243,4,1,3.0,25.0,1,0,0.0,0.0,0.0,0.0,0.0,18,-0.1416105093871293,0.9899224533422392,3.407142857142857,26.6,65.35119047619048,30.0,1023.2791666666666,traffic_signals,primary
42428610,2024-12-16,40.7771434,-73.9822172,4,1,3.0,25.0,1,0,0.0,0.0,0.0,0.0,0.0,51,-0.1416105093871293,0.9899224533422392,3.407142857142857,26.6,65.35119047619048,30.0,1023.2791666666666,traffic_signals,primary
42428634,2024-12-16,40.7787867,-73.9820522,4,1,6.0,25.0,1,0,0.0,0.0,0.0,0.0,0.0,20,-0.1416105093871293,0.9899224533422392,3.407142857142857,26.6,65.35119047619048,30.0,1023.2791666666666,traffic_signals,primary
42428637,2024-12-16,40.7795842,-73.9818317,4,1,4.0,25.0,1,0,0.0,0.0,0.0,0.0,0.0,51,-0.1416105093871293,0.9899224533422392,3.407142857142857,26.6,65.35119047619048,30.0,1023.2791666666666,traffic_signals,primary
42428640,2024-12-16,40.7803341,-73.9816325,4,1,4.0,25.0,1,0,0.0,0.0,0.0,0.0,0.0,51,-0.1416105093871293,0.9899224533422392,3.407142857142857,26.6,65.35119047619048,30.0,1023.2791666666666,traffic_signals,primary
42428645,2024-12-16,40.7818019,-73.9811764,4,1,4.0,25.0,1,0,1.0,1.0,0.0,0.0,0.0,1,-0.1416105093871293,0.9899224533422392,3.407142857142857,26.6,65.35119047619048,30.0,1023.2791666666666,traffic_signals,primary
42428648,2024-12-16,40.7825317,-73.9809157,4,1,4.0,25.0,1,0,0.0,0.0,0.0,0.0,0.0,51,-0.1416105093871293,0.9899224533422392,3.407142857142857,26.6,65.35119047619048,30.0,1023.2791666666666,traffic_signals,primary
42428653,2024-12-16,40.783893,-73.9800838,4,1,4.0,25.0,1,0,2.0,2.0,1.0,0.0,1.0,1,-0.1416105093871293,0.9899224533422392,3.407142857142857,26.6,65.35119047619048,30.0,1023.2791666666666,traffic_signals,primary
42428657,2024-12-16,40.7852101,-73.9791163,4,1,4.0,25.0,1,0,0.0,0.0,0.0,0.0,0.0,14,-0.1416105093871293,0.9899224533422392,3.407142857142857,26.6,65.35119047619048,30.0,1023.2791666666666,traffic_signals,primary
42428661,2024-12-16,40.7858381,-73.9786335,4,1,4.0,25.0,1,0,0.0,0.0,0.0,0.0,0.0,47,-0.1416105093871293,0.9899224533422392,3.407142857142857,26.6,65.35119047619048,30.0,1023.2791666666666,traffic_signals,primary
42428663,2024-12-16,40.7864652,-73.9781723,4,1,4.0,25.0,1,0,0.0,0.0,0.0,0.0,0.0,51,-0.1416105093871293,0.9899224533422392,3.407142857142857,26.6,65.35119047619048,30.0,1023.2791666666666,traffic_signals,primary
42428670,2024-12-16,40.7877015,-73.9771707,4,1,4.0,25.0,1,0,0.0,0.0,0.0,0.0,0.0,51,-0.1416105093871293,0.9899224533422392,3.407142857142857,26.6,65.35119047619048,30.0,1023.2791666666666,traffic_signals,primary
42428674,2024-12-16,40.7883617,-73.9766064,4,1,4.0,25.0,1,0,0.0,0.0,0.0,0.0,0.0,51,-0.1416105093871293,0.9899224533422392,3.407142857142857,26.6,65.35119047619048,30.0,1023.2791666666666,traffic_signals,primary
42428678,2024-12-16,40.7890078,-73.976052,4,1,4.0,25.0,1,0,0.0,0.0,0.0,0.0,0.0,22,-0.1416105093871293,0.9899224533422392,3.407142857142857,26.6,65.35119047619048,30.0,1023.2791666666666,traffic_signals,primary
42428682,2024-12-16,40.7896363,-73.9755873,4,1,4.0,25.0,1,0,0.0,0.0,0.0,0.0,0.0,51,-0.1416105093871293,0.9899224533422392,3.407142857142857,26.6,65.35119047619048,30.0,1023.2791666666666,traffic_signals,primary
42428689,2024-12-16,40.7908834,-73.9746726,4,1,4.0,25.0,1,0,0.0,0.0,0.0,0.0,0.0,51,-0.1416105093871293,0.9899224533422392,3.407142857142857,26.6,65.35119047619048,30.0,1023.2791666666666,traffic_signals,primary
42428695,2024-12-16,40.7915225,-73.9742027,4,1,4.0,25.0,1,0,0.0,0.0,0.0,0.0,0.0,51,-0.1416105093871293,0.9899224533422392,3.407142857142857,26.6,65.35119047619048,30.0,1023.2791666666666,traffic_signals,primary
42428701,2024-12-16,40.7921405,-73.9737451,4,1,4.0,25.0,1,0,0.0,0.0,0.0,0.0,0.0,51,-0.1416105093871293,0.9899224533422392,3.407142857142857,26.6,65.35119047619048,30.0,1023.2791666666666,traffic_signals,primary
42428705,2024-12-16,40.7927728,-73.9733006,4,1,4.0,25.0,1,0,0.0,0.0,0.0,0.0,0.0,51,-0.1416105093871293,0.9899224533422392,3.407142857142857,26.6,65.35119047619048,30.0,1023.2791666666666,traffic_signals,primary
42428709,2024-12-16,40.7933995,-73.972839,4,1,2.0,25.0,1,0,1.0,1.0,0.0,0.0,0.0,3,-0.1416105093871293,0.9899224533422392,3.407142857142857,26.6,65.35119047619048,30.0,1023.2791666666666,traffic_signals,primary
42428711,2024-12-16,40.7940312,-73.972399,4,1,3.0,25.0,1,0,0.0,0.0,0.0,0.0,0.0,28,-0.1416105093871293,0.9899224533422392,3.407142857142857,26.6,65.35119047619048,30.0,1023.2791666666666,traffic_signals,primary
42428714,2024-12-16,40.7947149,-73.9718975,4,1,5.0,25.0,1,0,0.0,0.0,0.0,0.0,0.0,51,-0.1416105093871293,0.9899224533422392,3.407142857142857,26.6,65.35119047619048,30.0,1023.2791666666666,traffic_signals,primary
42428716,2024-12-16,40.7953849,-73.9714074,4,1,2.0,25.0,1,0,0.0,0.0,0.0,0.0,0.0,51,-0.1416105093871293,0.9899224533422392,3.407142857142857,26.6,65.35119047619048,30.0,1023.2791666666666,traffic_signals,primary
42428720,2024-12-16,40.7960068,-73.9709423,4,1,2.0,25.0,1,0,0.0,0.0,0.0,0.0,0.0,51,-0.1416105093871293,0.9899224533422392,3.407142857142857,26.6,65.35119047619048,30.0,1023.2791666666666,traffic_signals,primary
42428723,2024-12-16,40.7966367,-73.9704799,4,1,2.0,25.0,1,0,0.0,0.0,0.0,0.0,0.0,51,-0.1416105093871293,0.9899224533422392,3.407142857142857,26.6,65.35119047619048,30.0,1023.2791666666666,traffic_signals,primary
42428725,2024-12-16,40.7972636,-73.9700162,4,1,4.0,25.0,1,0,1.0,1.0,1.0,1.0,0.0,2,-0.1416105093871293,0.9899224533422392,3.407142857142857,26.6,65.35119047619048,30.0,1023.2791666666666,traffic_signals,primary
42428728,2024-12-16,40.7978923,-73.9695597,4,1,4.0,25.0,1,0,0.0,0.0,0.0,0.0,0.0,51,-0.1416105093871293,0.9899224533422392,3.407142857142857,26.6,65.35119047619048,30.0,1023.2791666666666,traffic_signals,primary
42428737,2024-12-16,40.7985155,-73.9691051,4,1,4.0,25.0,1,0,0.0,0.0,0.0,0.0,0.0,37,-0.1416105093871293,0.9899224533422392,3.407142857142857,26.6,65.35119047619048,30.0,1023.2791666666666,traffic_signals,primary
42428742,2024-12-16,40.7991535,-73.9686546,4,1,4.0,25.0,1,0,0.0,0.0,0.0,0.0,0.0,51,-0.1416105093871293,0.9899224533422392,3.407142857142857,26.6,65.35119047619048,30.0,1023.2791666666666,traffic_signals,primary
42428746,2024-12-16,40.7998235,-73.9683098,4,1,4.0,25.0,1,0,0.0,0.0,0.0,0.0,0.0,13,-0.1416105093871293,0.9899224533422392,3.407142857142857,26.6,65.35119047619048,30.0,1023.2791666666666,traffic_signals,primary
42428760,2024-12-16,40.8022515,-73.9679062,4,1,3.0,25.0,1,0,0.0,0.0,0.0,0.0,0.0,51,-0.1416105093871293,0.9899224533422392,3.407142857142857,26.6,65.35119047619048,30.0,1023.2791666666666,traffic_signals,primary
42428770,2024-12-16,40.8036102,-73.9672442,4,1,4.0,,1,0,0.0,0.0,0.0,0.0,0.0,19,-0.1416105093871293,0.9899224533422392,3.407142857142857,26.6,65.35119047619048,30.0,1023.2791666666666,traffic_signals,primary
42428782,2024-12-16,40.8042152,-73.9667983,4,0,4.0,25.0,1,0,0.0,0.0,0.0,0.0,0.0,14,-0.1416105093871293,0.9899224533422392,3.407142857142857,26.6,65.35119047619048,30.0,1023.2791666666666,missing,primary
42428790,2024-12-16,40.8048633,-73.9663136,4,1,4.0,,1,0,0.0,0.0,0.0,0.0,0.0,10,-0.1416105093871293,0.9899224533422392,3.407142857142857,26.6,65.35119047619048,30.0,1023.2791666666666,traffic_signals,primary
42428799,2024-12-16,40.8054904,-73.9658601,4,1,4.0,,1,0,1.0,2.0,3.0,0.0,0.0,1,-0.1416105093871293,0.9899224533422392,3.407142857142857,26.6,65.35119047619048,30.0,1023.2791666666666,traffic_signals,primary
42428807,2024-12-16,40.8061176,-73.9654027,4,1,4.0,,1,0,1.0,1.0,0.0,0.0,0.0,3,-0.1416105093871293,0.9899224533422392,3.407142857142857,26.6,65.35119047619048,30.0,1023.2791666666666,traffic_signals,primary
42428814,2024-12-16,40.8067507,-73.9649437,4,1,4.0,,1,0,0.0,0.0,0.0,0.0,0.0,12,-0.1416105093871293,0.9899224533422392,3.407142857142857,26.6,65.35119047619048,30.0,1023.2791666666666,traffic_signals,primary
42428833,2024-12-16,40.8073865,-73.9644893,4,1,4.0,,1,0,0.0,1.0,0.0,0.0,0.0,5,-0.1416105093871293,0.9899224533422392,3.407142857142857,26.6,65.35119047619048,30.0,1023.2791666666666,traffic_signals,primary
42428844,2024-12-16,40.8112551,-73.9616769,3,1,3.0,,1,0,0.0,0.0,0.0,0.0,0.0,51,-0.1416105093871293,0.9899224533422392,3.407142857142857,26.6,65.35119047619048,30.0,1023.2791666666666,traffic_signals,primary
42428858,2024-12-16,40.8151597,-73.9588371,4,1,2.0,,1,0,0.0,0.0,0.0,0.0,0.0,51,-0.1416105093871293,0.9899224533422392,3.407142857142857,26.6,65.35119047619048,30.0,1023.2791666666666,traffic_signals,primary
42428863,2024-12-16,40.8158098,-73.9583906,5,1,5.0,25.0,1,0,0.0,0.0,0.0,0.0,0.0,41,-0.1416105093871293,0.9899224533422392,3.407142857142857,26.6,65.35119047619048,30.0,1023.2791666666666,traffic_signals,primary
42428873,2024-12-16,40.8176025,-73.957044,4,1,3.0,,1,0,0.0,0.0,0.0,0.0,0.0,51,-0.1416105093871293,0.9899224533422392,3.407142857142857,26.6,65.35119047619048,30.0,1023.2791666666666,traffic_signals,primary
42428876,2024-12-16,40.8182287,-73.9565816,4,1,3.0,,1,0,0.0,0.0,0.0,0.0,0.0,25,-0.1416105093871293,0.9899224533422392,3.407142857142857,26.6,65.35119047619048,30.0,1023.2791666666666,traffic_signals,primary
42428892,2024-12-16,40.8201617,-73.9551864,4,1,3.0,,1,0,0.0,0.0,0.0,0.0,0.0,27,-0.1416105093871293,0.9899224533422392,3.407142857142857,26.6,65.35119047619048,30.0,1023.2791666666666,traffic_signals,primary
42428912,2024-12-16,40.8214361,-73.9542488,4,1,3.0,,1,0,0.0,0.0,0.0,0.0,0.0,25,-0.1416105093871293,0.9899224533422392,3.407142857142857,26.6,65.35119047619048,30.0,1023.2791666666666,traffic_signals,primary
42428913,2024-12-16,40.8220717,-73.9537903,4,1,3.0,,1,0,0.0,0.0,0.0,0.0,0.0,51,-0.1416105093871293,0.9899224533422392,3.407142857142857,26.6,65.35119047619048,30.0,1023.2791666666666,traffic_signals,primary
42428914,2024-12-16,40.8226911,-73.9533268,4,1,3.0,,1,0,0.0,0.0,0.0,0.0,0.0,37,-0.1416105093871293,0.9899224533422392,3.407142857142857,26.6,65.35119047619048,30.0,1023.2791666666666,traffic_signals,primary
42428917,2024-12-16,40.8233117,-73.9528694,4,1,3.0,,1,0,0.0,1.0,0.0,0.0,1.0,7,-0.1416105093871293,0.9899224533422392,3.407142857142857,26.6,65.35119047619048,30.0,1023.2791666666666,traffic_signals,primary
42428919,2024-12-16,40.8239367,-73.9524172,4,1,3.0,,1,0,0.0,0.0,0.0,0.0,0.0,33,-0.1416105093871293,0.9899224533422392,3.407142857142857,26.6,65.35119047619048,30.0,1023.2791666666666,traffic_signals,primary
42428922,2024-12-16,40.8245675,-73.9519566,4,1,3.0,,1,0,0.0,0.0,0.0,0.0,0.0,38,-0.1416105093871293,0.9899224533422392,3.407142857142857,26.6,65.35119047619048,30.0,1023.2791666666666,traffic_signals,primary
42428926,2024-12-16,40.8251862,-73.9515057,4,1,2.0,,1,0,0.0,0.0,0.0,0.0,0.0,28,-0.1416105093871293,0.9899224533422392,3.407142857142857,26.6,65.35119047619048,30.0,1023.2791666666666,traffic_signals,primary
42428928,2024-12-16,40.8258004,-73.951049,4,1,2.0,,1,0,0.0,0.0,0.0,0.0,0.0,26,-0.1416105093871293,0.9899224533422392,3.407142857142857,26.6,65.35119047619048,30.0,1023.2791666666666,traffic_signals,primary
42428931,2024-12-16,40.8264888,-73.950564,4,1,4.0,25.0,1,0,1.0,1.0,1.0,0.0,1.0,2,-0.1416105093871293,0.9899224533422392,3.407142857142857,26.6,65.35119047619048,30.0,1023.2791666666666,traffic_signals,primary
42428934,2024-12-16,40.8271527,-73.9500743,4,1,3.0,,1,0,0.0,0.0,0.0,0.0,0.0,51,-0.1416105093871293,0.9899224533422392,3.407142857142857,26.6,65.35119047619048,30.0,1023.2791666666666,traffic_signals,primary
42428936,2024-12-16,40.8277777,-73.9496148,4,1,3.0,,1,0,0.0,0.0,0.0,0.0,0.0,18,-0.1416105093871293,0.9899224533422392,3.407142857142857,26.6,65.35119047619048,30.0,1023.2791666666666,traffic_signals,primary
42428939,2024-12-16,40.8284002,-73.9491568,4,1,2.0,,1,0,0.0,0.0,0.0,0.0,0.0,51,-0.1416105093871293,0.9899224533422392,3.407142857142857,26.6,65.35119047619048,30.0,1023.2791666666666,traffic_signals,primary
42428941,2024-12-16,40.8290276,-73.9486953,4,1,2.0,,1,0,0.0,0.0,0.0,0.0,0.0,51,-0.1416105093871293,0.9899224533422392,3.407142857142857,26.6,65.35119047619048,30.0,1023.2791666666666,traffic_signals,primary
42428944,2024-12-16,40.8296454,-73.9482407,4,1,2.0,,1,0,0.0,0.0,0.0,0.0,0.0,51,-0.1416105093871293,0.9899224533422392,3.407142857142857,26.6,65.35119047619048,30.0,1023.2791666666666,traffic_signals,primary
42428947,2024-12-16,40.8302605,-73.9477882,4,1,3.0,,1,0,0.0,0.0,0.0,0.0,0.0,51,-0.1416105093871293,0.9899224533422392,3.407142857142857,26.6,65.35119047619048,30.0,1023.2791666666666,traffic_signals,primary
42428951,2024-12-16,40.8308954,-73.9473375,4,1,3.0,,1,0,0.0,0.0,0.0,0.0,0.0,11,-0.1416105093871293,0.9899224533422392,3.407142857142857,26.6,65.35119047619048,30.0,1023.2791666666666,traffic_signals,primary
42428953,2024-12-16,40.8315206,-73.946872,4,1,3.0,25.0,1,0,0.0,0.0,0.0,0.0,0.0,23,-0.1416105093871293,0.9899224533422392,3.407142857142857,26.6,65.35119047619048,30.0,1023.2791666666666,traffic_signals,primary
42428956,2024-12-16,40.8328147,-73.9459388,4,1,3.0,25.0,1,0,0.0,0.0,0.0,0.0,0.0,51,-0.1416105093871293,0.9899224533422392,3.407142857142857,26.6,65.35119047619048,30.0,1023.2791666666666,traffic_signals,primary
42428958,2024-12-16,40.8334848,-73.9454338,4,1,3.0,25.0,1,0,0.0,0.0,0.0,0.0,0.0,51,-0.1416105093871293,0.9899224533422392,3.407142857142857,26.6,65.35119047619048,30.0,1023.2791666666666,traffic_signals,primary
42428961,2024-12-16,40.8341125,-73.9449805,4,1,3.0,25.0,1,0,0.0,0.0,0.0,0.0,0.0,26,-0.1416105093871293,0.9899224533422392,3.407142857142857,26.6,65.35119047619048,30.0,1023.2791666666666,traffic_signals,primary
42428962,2024-12-16,40.8347297,-73.9445301,4,1,3.0,25.0,1,0,0.0,0.0,0.0,0.0,0.0,12,-0.1416105093871293,0.9899224533422392,3.407142857142857,26.6,65.35119047619048,30.0,1023.2791666666666,traffic_signals,primary
42428964,2024-12-16,40.8359859,-73.9436263,4,1,3.0,25.0,1,0,0.0,0.0,0.0,0.0,0.0,9,-0.1416105093871293,0.9899224533422392,3.407142857142857,26.6,65.35119047619048,30.0,1023.2791666666666,traffic_signals,primary
42428965,2024-12-16,40.8366058,-73.9431703,4,1,3.0,,1,0,0.0,0.0,0.0,0.0,0.0,51,-0.1416105093871293,0.9899224533422392,3.407142857142857,26.6,65.35119047619048,30.0,1023.2791666666666,traffic_signals,primary
42428966,2024-12-16,40.8372403,-73.9427148,4,1,3.0,,1,0,0.0,0.0,0.0,0.0,0.0,38,-0.1416105093871293,0.9899224533422392,3.407142857142857,26.6,65.35119047619048,30.0,1023.2791666666666,traffic_signals,primary
42428967,2024-12-16,40.837855,-73.942259,4,1,3.0,,1,0,1.0,1.0,0.0,0.0,0.0,1,-0.1416105093871293,0.9899224533422392,3.407142857142857,26.6,65.35119047619048,30.0,1023.2791666666666,traffic_signals,primary
42428970,2024-12-16,40.8384885,-73.9418259,4,1,3.0,,1,0,0.0,0.0,0.0,0.0,0.0,51,-0.1416105093871293,0.9899224533422392,3.407142857142857,26.6,65.35119047619048,30.0,1023.2791666666666,traffic_signals,primary
42428973,2024-12-16,40.8392425,-73.9412769,4,1,2.0,,1,0,0.0,0.0,0.0,0.0,0.0,22,-0.1416105093871293,0.9899224533422392,3.407142857142857,26.6,65.35119047619048,30.0,1023.2791666666666,traffic_signals,primary
42428975,2024-12-16,40.8399295,-73.9407749,3,1,2.0,,1,0,0.0,0.0,0.0,0.0,0.0,51,-0.1416105093871293,0.9899224533422392,3.407142857142857,26.6,65.35119047619048,30.0,1023.2791666666666,traffic_signals,primary
42428978,2024-12-16,40.8411223,-73.9398646,4,1,2.0,,1,1,2.0,3.0,0.0,0.0,0.0,0,-0.1416105093871293,0.9899224533422392,3.407142857142857,26.6,65.35119047619048,30.0,1023.2791666666666,traffic_signals,primary
42428980,2024-12-16,40.8416786,-73.9392999,4,1,2.0,,1,0,0.0,0.0,0.0,0.0,0.0,21,-0.1416105093871293,0.9899224533422392,3.407142857142857,26.6,65.35119047619048,30.0,1023.2791666666666,traffic_signals,primary
42428984,2024-12-16,40.8424468,-73.9392536,4,1,1.0,25.0,1,0,1.0,1.0,0.0,0.0,0.0,2,-0.1416105093871293,0.9899224533422392,3.407142857142857,26.6,65.35119047619048,30.0,1023.2791666666666,traffic_signals,primary
42428985,2024-12-16,40.843223,-73.939177,4,1,,,1,0,0.0,0.0,0.0,0.0,0.0,12,-0.1416105093871293,0.9899224533422392,3.407142857142857,26.6,65.35119047619048,30.0,1023.2791666666666,traffic_signals,primary
42428989,2024-12-16,40.843942,-73.939025,4,1,,,1,0,0.0,0.0,0.0,0.0,0.0,27,-0.1416105093871293,0.9899224533422392,3.407142857142857,26.6,65.35119047619048,30.0,1023.2791666666666,traffic_signals,primary
42428994,2024-12-16,40.8446886,-73.9388653,4,1,1.0,,1,0,0.0,0.0,0.0,0.0,0.0,16,-0.1416105093871293,0.9899224533422392,3.407142857142857,26.6,65.35119047619048,30.0,1023.2791666666666,traffic_signals,primary
42428998,2024-12-16,40.8454318,-73.9386774,4,1,,,1,0,0.0,0.0,0.0,0.0,0.0,8,-0.1416105093871293,0.9899224533422392,3.407142857142857,26.6,65.35119047619048,30.0,1023.2791666666666,traffic_signals,primary
42429002,2024-12-16,40.8462182,-73.9384437,3,1,,,1,0,0.0,0.0,0.0,0.0,0.0,12,-0.1416105093871293,0.9899224533422392,3.407142857142857,26.6,65.35119047619048,30.0,1023.2791666666666,traffic_signals,primary
42429006,2024-12-16,40.8469437,-73.938228,4,1,1.0,25.0,1,0,1.0,1.0,0.0,0.0,0.0,2,-0.1416105093871293,0.9899224533422392,3.407142857142857,26.6,65.35119047619048,30.0,1023.2791666666666,traffic_signals,primary
42429011,2024-12-16,40.8475489,-73.9380371,3,1,1.0,25.0,1,0,0.0,0.0,0.0,0.0,0.0,12,-0.1416105093871293,0.9899224533422392,3.407142857142857,26.6,65.35119047619048,30.0,1023.2791666666666,traffic_signals,primary
42429013,2024-12-16,40.847711,-73.937975,3,1,,25.0,1,0,0.0,0.0,0.0,0.0,0.0,51,-0.1416105093871293,0.9899224533422392,3.407142857142857,26.6,65.35119047619048,30.0,1023.2791666666666,traffic_signals,primary
42429017,2024-12-16,40.8483863,-73.9376884,4,1,4.0,25.0,1,0,2.0,2.0,0.0,0.0,0.0,1,-0.1416105093871293,0.9899224533422392,3.407142857142857,26.6,65.35119047619048,30.0,1023.2791666666666,traffic_signals,primary
42429023,2024-12-16,40.8489521,-73.9370618,4,1,4.0,25.0,1,0,0.0,1.0,0.0,1.0,0.0,7,-0.1416105093871293,0.9899224533422392,3.407142857142857,26.6,65.35119047619048,30.0,1023.2791666666666,traffic_signals,primary
42429029,2024-12-16,40.8501764,-73.9357231,4,1,4.0,25.0,0,0,0.0,1.0,0.0,1.0,0.0,5,-0.1416105093871293,0.9899224533422392,3.407142857142857,26.6,65.35119047619048,30.0,1023.2791666666666,traffic_signals,primary
42429032,2024-12-16,40.850774,-73.935426,3,1,4.0,15.0,1,0,0.0,0.0,0.0,0.0,0.0,25,-0.1416105093871293,0.9899224533422392,3.407142857142857,26.6,65.35119047619048,30.0,1023.2791666666666,traffic_signals,primary
42429035,2024-12-16,40.851434,-73.935083,3,1,4.0,,0,0,1.0,2.0,1.0,0.0,0.0,1,-0.1416105093871293,0.9899224533422392,3.407142857142857,26.6,65.35119047619048,30.0,1023.2791666666666,traffic_signals,primary
42429044,2024-12-16,40.852058,-73.934776,4,1,4.0,20.0,0,0,0.0,0.0,0.0,0.0,0.0,17,-0.1416105093871293,0.9899224533422392,3.407142857142857,26.6,65.35119047619048,30.0,1023.2791666666666,traffic_signals,primary
42429058,2024-12-16,40.852729,-73.93443,3,0,4.0,,1,0,0.0,0.0,0.0,0.0,0.0,51,-0.1416105093871293,0.9899224533422392,3.407142857142857,26.6,65.35119047619048,30.0,1023.2791666666666,missing,primary
42429072,2024-12-16,40.8532,-73.934193,3,1,4.0,20.0,0,0,0.0,0.0,0.0,0.0,0.0,51,-0.1416105093871293,0.9899224533422392,3.407142857142857,26.6,65.35119047619048,30.0,1023.2791666666666,traffic_signals,primary
42429083,2024-12-16,40.8541572,-73.9337034,4,1,4.0,20.0,1,0,0.0,0.0,0.0,0.0,0.0,38,-0.1416105093871293,0.9899224533422392,3.407142857142857,26.6,65.35119047619048,30.0,1023.2791666666666,traffic_signals,primary
42429094,2024-12-16,40.855335,-73.933312,3,1,4.0,20.0,1,0,0.0,2.0,0.0,0.0,0.0,4,-0.1416105093871293,0.9899224533422392,3.407142857142857,26.6,65.35119047619048,30.0,1023.2791666666666,traffic_signals,primary
42429100,2024-12-16,40.856503,-73.932761,3,0,4.0,20.0,0,0,0.0,0.0,0.0,0.0,0.0,28,-0.1416105093871293,0.9899224533422392,3.407142857142857,26.6,65.35119047619048,30.0,1023.2791666666666,missing,primary
42429104,2024-12-16,40.856716,-73.932631,3,1,4.0,,0,0,0.0,0.0,0.0,0.0,0.0,22,-0.1416105093871293,0.9899224533422392,3.407142857142857,26.6,65.35119047619048,30.0,1023.2791666666666,traffic_signals,primary
42429109,2024-12-16,40.858271,-73.931818,3,1,4.0,,1,0,0.0,0.0,0.0,0.0,0.0,9,-0.1416105093871293,0.9899224533422392,3.407142857142857,26.6,65.35119047619048,30.0,1023.2791666666666,traffic_signals,primary
42429174,2024-12-16,40.860641,-73.930771,3,1,4.0,,0,0,0.0,1.0,0.0,0.0,0.0,5,-0.1416105093871293,0.9899224533422392,3.407142857142857,26.6,65.35119047619048,30.0,1023.2791666666666,traffic_signals,primary
42429184,2024-12-16,40.8634187,-73.9300194,3,1,4.0,,1,0,0.0,1.0,0.0,0.0,0.0,5,-0.1416105093871293,0.9899224533422392,3.407142857142857,26.6,65.35119047619048,30.0,1023.2791666666666,traffic_signals,primary
42429211,2024-12-16,40.8646634,-73.9289023,3,1,4.0,,1,0,0.0,0.0,0.0,0.0,0.0,14,-0.1416105093871293,0.9899224533422392,3.407142857142857,26.6,65.35119047619048,30.0,1023.2791666666666,traffic_signals,primary
42429212,2024-12-16,40.8650807,-73.9281126,3,1,4.0,,1,0,0.0,0.0,0.0,0.0,0.0,51,-0.1416105093871293,0.9899224533422392,3.407142857142857,26.6,65.35119047619048,30.0,1023.2791666666666,traffic_signals,primary
42429215,2024-12-16,40.8655306,-73.9272714,5,1,4.0,,1,0,1.0,2.0,1.0,1.0,0.0,3,-0.1416105093871293,0.9899224533422392,3.407142857142857,26.6,65.35119047619048,30.0,1023.2791666666666,traffic_signals,primary
42429216,2024-12-16,40.866025,-73.925872,3,1,4.0,20.0,1,0,0.0,1.0,0.0,0.0,0.0,4,-0.1416105093871293,0.9899224533422392,3.407142857142857,26.6,65.35119047619048,30.0,1023.2791666666666,traffic_signals,primary
42429217,2024-12-16,40.866336,-73.925005,4,1,4.0,20.0,0,1,2.0,2.0,5.0,1.0,0.0,0,-0.1416105093871293,0.9899224533422392,3.407142857142857,26.6,65.35119047619048,30.0,1023.2791666666666,traffic_signals,primary
42429220,2024-12-16,40.867016,-73.92311,4,1,4.0,20.0,0,0,2.0,2.0,0.0,0.0,0.0,3,-0.1416105093871293,0.9899224533422392,3.407142857142857,26.6,65.35119047619048,30.0,1023.2791666666666,traffic_signals,primary
42429222,2024-12-16,40.867707,-73.9212171,4,1,4.0,20.0,0,0,0.0,0.0,0.0,0.0,0.0,21,-0.1416105093871293,0.9899224533422392,3.407142857142857,26.6,65.35119047619048,30.0,1023.2791666666666,traffic_signals,primary
42429226,2024-12-16,40.8681187,-73.9197555,4,1,4.0,20.0,0,0,0.0,0.0,0.0,0.0,0.0,45,-0.1416105093871293,0.9899224533422392,3.407142857142857,26.6,65.35119047619048,30.0,1023.2791666666666,traffic_signals,primary
42429228,2024-12-16,40.8685048,-73.918505,3,1,4.0,,1,0,1.0,1.0,0.0,0.0,0.0,3,-0.1416105093871293,0.9899224533422392,3.407142857142857,26.6,65.35119047619048,30.0,1023.2791666666666,traffic_signals,primary
42429231,2024-12-16,40.8689088,-73.9175456,3,1,4.0,,1,0,0.0,1.0,0.0,0.0,0.0,5,-0.1416105093871293,0.9899224533422392,3.407142857142857,26.6,65.35119047619048,30.0,1023.2791666666666,traffic_signals,primary
42429236,2024-12-16,40.8693238,-73.9167458,3,0,4.0,,1,0,0.0,0.0,0.0,0.0,0.0,25,-0.1416105093871293,0.9899224533422392,3.407142857142857,26.6,65.35119047619048,30.0,1023.2791666666666,missing,primary
42429242,2024-12-16,40.8698643,-73.9158491,3,1,4.0,,0,0,0.0,0.0,0.0,0.0,0.0,51,-0.1416105093871293,0.9899224533422392,3.407142857142857,26.6,65.35119047619048,30.0,1023.2791666666666,traffic_signals,primary
42429244,2024-12-16,40.8704145,-73.9151316,3,0,4.0,,0,0,0.0,0.0,0.0,0.0,0.0,51,-0.1416105093871293,0.9899224533422392,3.407142857142857,26.6,65.35119047619048,30.0,1023.2791666666666,missing,primary
42429255,2024-12-16,40.871714,-73.9132764,3,0,3.0,,1,0,0.0,0.0,0.0,0.0,0.0,51,-0.1416105093871293,0.9899224533422392,3.407142857142857,26.6,65.35119047619048,30.0,1023.2791666666666,missing,primary
42429314,2024-12-16,40.7815342,-73.9604148,3,1,4.0,25.0,1,0,0.0,1.0,0.0,0.0,0.0,4,-0.1416105093871293,0.9899224533422392,3.407142857142857,26.6,65.35119047619048,30.0,1023.2791666666666,traffic_signals,secondary
42429324,2024-12-16,40.7808601,-73.9588013,4,1,4.0,25.0,1,0,0.0,0.0,0.0,0.0,0.0,33,-0.1416105093871293,0.9899224533422392,3.407142857142857,26.6,65.35119047619048,30.0,1023.2791666666666,traffic_signals,secondary
42429330,2024-12-16,40.7801496,-73.9571181,4,1,4.0,25.0,1,1,2.0,3.0,2.0,2.0,0.0,0,-0.1416105093871293,0.9899224533422392,3.407142857142857,26.6,65.35119047619048,30.0,1023.2791666666666,traffic_signals,primary
42429334,2024-12-16,40.7795073,-73.9555832,4,1,4.0,25.0,1,0,1.0,2.0,0.0,1.0,0.0,3,-0.1416105093871293,0.9899224533422392,3.407142857142857,26.6,65.35119047619048,30.0,1023.2791666666666,traffic_signals,secondary
42429338,2024-12-16,40.7788275,-73.9539771,4,1,6.0,25.0,1,1,1.0,1.0,0.0,0.0,0.0,0,-0.1416105093871293,0.9899224533422392,3.407142857142857,26.6,65.35119047619048,30.0,1023.2791666666666,traffic_signals,primary
42429340,2024-12-16,40.7778838,-73.9517401,4,1,4.0,25.0,1,0,1.0,1.0,1.0,1.0,0.0,1,-0.1416105093871293,0.9899224533422392,3.407142857142857,26.6,65.35119047619048,30.0,1023.2791666666666,traffic_signals,primary
42429342,2024-12-16,40.776888,-73.9493698,4,1,5.0,25.0,1,0,0.0,0.0,0.0,0.0,0.0,17,-0.1416105093871293,0.9899224533422392,3.407142857142857,26.6,65.35119047619048,30.0,1023.2791666666666,traffic_signals,primary
42429348,2024-12-16,40.7749461,-73.9447748,3,1,4.0,25.0,0,0,0.0,1.0,0.0,0.0,0.0,7,-0.1416105093871293,0.9899224533422392,3.407142857142857,26.6,65.35119047619048,30.0,1023.2791666666666,traffic_signals,residential
42429353,2024-12-16,40.7072083,-74.0059779,3,0,1.0,20.0,1,0,1.0,1.0,0.0,0.0,0.0,2,-0.1416105093871293,0.9899224533422392,3.407142857142857,26.6,65.35119047619048,30.0,1023.2791666666666,missing,residential
42429354,2024-12-16,40.7078606,-74.0068365,4,0,1.0,20.0,1,0,0.0,1.0,0.0,0.0,0.0,5,-0.1416105093871293,0.9899224533422392,3.407142857142857,26.6,65.35119047619048,30.0,1023.2791666666666,missing,unclassified
42429373,2024-12-16,40.735313,-73.994118,4,1,2.0,25.0,1,0,0.0,1.0,0.0,0.0,1.0,4,-0.1416105093871293,0.9899224533422392,3.407142857142857,26.6,65.35119047619048,30.0,1023.2791666666666,traffic_signals,secondary
42429374,2024-12-16,40.736668,-73.997341,4,1,3.0,25.0,1,0,0.0,0.0,0.0,0.0,0.0,18,-0.1416105093871293,0.9899224533422392,3.407142857142857,26.6,65.35119047619048,30.0,1023.2791666666666,traffic_signals,secondary
42429375,2024-12-16,40.7378614,-74.0001742,4,1,3.0,25.0,1,0,2.0,2.0,1.0,0.0,1.0,1,-0.1416105093871293,0.9899224533422392,3.407142857142857,26.6,65.35119047619048,30.0,1023.2791666666666,traffic_signals,secondary
42429378,2024-12-16,40.7387436,-74.0024001,4,1,1.0,25.0,1,0,0.0,1.0,0.0,0.0,0.0,4,-0.1416105093871293,0.9899224533422392,3.407142857142857,26.6,65.35119047619048,30.0,1023.2791666666666,traffic_signals,secondary
42429388,2024-12-16,40.7390953,-74.0030301,3,0,3.0,25.0,1,0,0.0,0.0,0.0,0.0,0.0,51,-0.1416105093871293,0.9899224533422392,3.407142857142857,26.6,65.35119047619048,30.0,1023.2791666666666,missing,secondary
42429390,2024-12-16,40.7393719,-74.0037552,3,0,2.0,25.0,1,0,0.0,0.0,0.0,0.0,0.0,51,-0.1416105093871293,0.9899224533422392,3.407142857142857,26.6,65.35119047619048,30.0,1023.2791666666666,missing,residential
42429394,2024-12-16,40.7400297,-74.0053043,4,1,3.0,25.0,1,0,0.0,0.0,0.0,0.0,0.0,51,-0.1416105093871293,0.9899224533422392,3.407142857142857,26.6,65.35119047619048,30.0,1023.2791666666666,traffic_signals,residential
42429412,2024-12-16,40.7409542,-74.0074898,4,0,2.0,25.0,1,0,0.0,0.0,0.0,0.0,0.0,32,-0.1416105093871293,0.9899224533422392,3.407142857142857,26.6,65.35119047619048,30.0,1023.2791666666666,missing,residential
42429431,2024-12-16,40.7414615,-74.0087032,3,0,,25.0,1,0,0.0,0.0,0.0,0.0,0.0,51,-0.1416105093871293,0.9899224533422392,3.407142857142857,26.6,65.35119047619048,30.0,1023.2791666666666,missing,secondary
42429452,2024-12-16,40.8429382,-73.9346816,3,1,3.0,,1,0,0.0,0.0,0.0,0.0,0.0,10,-0.1416105093871293,0.9899224533422392,3.407142857142857,26.6,65.35119047619048,30.0,1023.2791666666666,traffic_signals,secondary
42429457,2024-12-16,40.84355,-73.936126,4,1,2.0,20.0,1,0,1.0,1.0,0.0,0.0,0.0,1,-0.1416105093871293,0.9899224533422392,3.407142857142857,26.6,65.35119047619048,30.0,1023.2791666666666,traffic_signals,tertiary
42429466,2024-12-16,40.844137,-73.937518,4,1,3.0,25.0,1,0,0.0,1.0,0.0,0.0,0.0,6,-0.1416105093871293,0.9899224533422392,3.407142857142857,26.6,65.35119047619048,30.0,1023.2791666666666,traffic_signals,secondary
42429474,2024-12-16,40.8446487,-73.9387288,3,1,1.0,,1,0,0.0,0.0,0.0,0.0,0.0,51,-0.1416105093871293,0.9899224533422392,3.407142857142857,26.6,65.35119047619048,30.0,1023.2791666666666,traffic_signals,tertiary
42429479,2024-12-16,40.8462601,-73.9426268,3,0,1.0,25.0,1,0,0.0,0.0,0.0,0.0,0.0,51,-0.1416105093871293,0.9899224533422392,3.407142857142857,26.6,65.35119047619048,30.0,1023.2791666666666,missing,residential
42429504,2024-12-16,40.7053168,-74.0090373,4,0,1.0,20.0,1,0,0.0,0.0,0.0,0.0,0.0,11,-0.1416105093871293,0.9899224533422392,3.407142857142857,26.6,65.35119047619048,30.0,1023.2791666666666,stop,residential
42429507,2024-12-16,40.7055699,-74.0090526,3,0,1.0,20.0,1,0,0.0,0.0,0.0,0.0,0.0,51,-0.1416105093871293,0.9899224533422392,3.407142857142857,26.6,65.35119047619048,30.0,1023.2791666666666,missing,residential
42429521,2024-12-16,40.7064948,-74.0167254,3,0,2.0,20.0,1,0,0.0,0.0,0.0,0.0,0.0,51,-0.1416105093871293,0.9899224533422392,3.407142857142857,26.6,65.35119047619048,30.0,1023.2791666666666,missing,residential
42429530,2024-12-16,40.8108543,-73.9390289,4,1,2.0,25.0,1,0,0.0,1.0,0.0,0.0,0.0,7,-0.1416105093871293,0.9899224533422392,3.407142857142857,26.6,65.35119047619048,30.0,1023.2791666666666,traffic_signals,secondary
42429532,2024-12-16,40.8121691,-73.9421726,4,1,2.0,,1,0,0.0,0.0,0.0,0.0,0.0,51,-0.1416105093871293,0.9899224533422392,3.407142857142857,26.6,65.35119047619048,30.0,1023.2791666666666,traffic_signals,secondary
42429536,2024-12-16,40.8134231,-73.9451787,4,1,2.0,25.0,1,0,0.0,0.0,0.0,0.0,0.0,12,-0.1416105093871293,0.9899224533422392,3.407142857142857,26.6,65.35119047619048,30.0,1023.2791666666666,traffic_signals,primary
42429538,2024-12-16,40.81458,-73.947947,3,1,4.0,25.0,1,0,0.0,0.0,0.0,0.0,0.0,19,-0.1416105093871293,0.9899224533422392,3.407142857142857,26.6,65.35119047619048,30.0,1023.2791666666666,traffic_signals,secondary
42429541,2024-12-16,40.8193928,-73.9593653,4,1,,25.0,0,0,0.0,0.0,0.0,0.0,0.0,37,-0.1416105093871293,0.9899224533422392,3.407142857142857,26.6,65.35119047619048,30.0,1023.2791666666666,traffic_signals,residential
42429552,2024-12-16,40.8032304,-73.9446222,3,1,2.0,,1,0,0.0,0.0,0.0,0.0,0.0,51,-0.1416105093871293,0.9899224533422392,3.407142857142857,26.6,65.35119047619048,30.0,1023.2791666666666,traffic_signals,secondary
42429557,2024-12-16,40.7985815,-73.9731448,3,0,1.0,25.0,1,0,0.0,0.0,0.0,0.0,0.0,51,-0.1416105093871293,0.9899224533422392,3.407142857142857,26.6,65.35119047619048,30.0,1023.2791666666666,missing,residential
42429562,2024-12-16,40.7137935,-74.0088231,4,1,3.0,20.0,1,0,0.0,0.0,0.0,0.0,0.0,29,-0.1416105093871293,0.9899224533422392,3.407142857142857,26.6,65.35119047619048,30.0,1023.2791666666666,traffic_signals,secondary
42429563,2024-12-16,40.7143998,-74.010163,4,1,2.0,20.0,1,0,0.0,0.0,0.0,0.0,0.0,12,-0.1416105093871293,0.9899224533422392,3.407142857142857,26.6,65.35119047619048,30.0,1023.2791666666666,traffic_signals,secondary
42429565,2024-12-16,40.714913,-74.0113363,4,1,2.0,20.0,1,0,0.0,0.0,0.0,0.0,0.0,9,-0.1416105093871293,0.9899224533422392,3.407142857142857,26.6,65.35119047619048,30.0,1023.2791666666666,traffic_signals,secondary
42429570,2024-12-16,40.7152226,-74.0132124,4,1,5.0,30.0,1,0,0.0,0.0,0.0,0.0,0.0,51,-0.1416105093871293,0.9899224533422392,3.407142857142857,26.6,65.35119047619048,30.0,1023.2791666666666,traffic_signals,trunk
42429595,2024-12-16,40.7155687,-74.0155973,3,1,4.0,20.0,1,0,0.0,0.0,0.0,0.0,0.0,51,-0.1416105093871293,0.9899224533422392,3.407142857142857,26.6,65.35119047619048,30.0,1023.2791666666666,traffic_signals,residential
42429630,2024-12-16,40.7158297,-74.0153827,4,1,4.0,25.0,1,0,0.0,0.0,0.0,0.0,0.0,51,-0.1416105093871293,0.9899224533422392,3.407142857142857,26.6,65.35119047619048,30.0,1023.2791666666666,traffic_signals,residential
42429633,2024-12-16,40.7162867,-74.0164449,3,0,2.0,25.0,0,0,0.0,0.0,0.0,0.0,0.0,51,-0.1416105093871293,0.9899224533422392,3.407142857142857,26.6,65.35119047619048,30.0,1023.2791666666666,missing,residential
42429636,2024-12-16,40.7142862,-73.9939355,4,1,2.0,20.0,1,0,0.0,0.0,0.0,0.0,0.0,41,-0.1416105093871293,0.9899224533422392,3.407142857142857,26.6,65.35119047619048,30.0,1023.2791666666666,traffic_signals,secondary
42429641,2024-12-16,40.7164855,-73.9928237,4,1,1.0,25.0,1,0,0.0,0.0,0.0,0.0,0.0,8,-0.1416105093871293,0.9899224533422392,3.407142857142857,26.6,65.35119047619048,30.0,1023.2791666666666,traffic_signals,residential
42429643,2024-12-16,40.717668,-73.9922172,4,1,2.0,25.0,1,0,1.0,1.0,1.0,0.0,0.0,1,-0.1416105093871293,0.9899224533422392,3.407142857142857,26.6,65.35119047619048,30.0,1023.2791666666666,traffic_signals,secondary
42429644,2024-12-16,40.7185836,-73.9917491,4,0,,25.0,1,0,0.0,0.0,0.0,0.0,0.0,10,-0.1416105093871293,0.9899224533422392,3.407142857142857,26.6,65.35119047619048,30.0,1023.2791666666666,stop,residential
42429645,2024-12-16,40.7195624,-73.9912489,4,0,4.0,25.0,1,0,0.0,0.0,0.0,0.0,0.0,14,-0.1416105093871293,0.9899224533422392,3.407142857142857,26.6,65.35119047619048,30.0,1023.2791666666666,missing,primary
42429646,2024-12-16,40.72077,-73.9906316,4,0,1.0,25.0,1,0,0.0,0.0,0.0,0.0,0.0,19,-0.1416105093871293,0.9899224533422392,3.407142857142857,26.6,65.35119047619048,30.0,1023.2791666666666,missing,residential
42429647,2024-12-16,40.7219217,-73.990042,4,0,1.0,25.0,1,0,0.0,0.0,0.0,0.0,0.0,16,-0.1416105093871293,0.9899224533422392,3.407142857142857,26.6,65.35119047619048,30.0,1023.2791666666666,missing,residential
42429657,2024-12-16,40.7385111,-73.9918061,4,1,3.0,25.0,1,0,0.0,1.0,0.0,0.0,0.0,7,-0.1416105093871293,0.9899224533422392,3.407142857142857,26.6,65.35119047619048,30.0,1023.2791666666666,traffic_signals,secondary
42429659,2024-12-16,40.73986,-73.995018,4,1,5.0,25.0,1,0,0.0,0.0,0.0,0.0,0.0,8,-0.1416105093871293,0.9899224533422392,3.407142857142857,26.6,65.35119047619048,30.0,1023.2791666666666,traffic_signals,secondary
42429661,2024-12-16,40.741056,-73.997862,4,1,3.0,25.0,1,0,0.0,0.0,0.0,0.0,0.0,9,-0.1416105093871293,0.9899224533422392,3.407142857142857,26.6,65.35119047619048,30.0,1023.2791666666666,traffic_signals,secondary
42429662,2024-12-16,40.7422581,-74.0006951,4,1,3.0,25.0,1,0,0.0,0.0,0.0,0.0,0.0,13,-0.1416105093871293,0.9899224533422392,3.407142857142857,26.6,65.35119047619048,30.0,1023.2791666666666,traffic_signals,secondary
42429663,2024-12-16,40.7434761,-74.0035806,4,1,3.0,25.0,1,0,0.0,0.0,0.0,0.0,0.0,18,-0.1416105093871293,0.9899224533422392,3.407142857142857,26.6,65.35119047619048,30.0,1023.2791666666666,traffic_signals,secondary
42429664,2024-12-16,40.744646,-74.006385,4,1,4.0,25.0,1,0,0.0,0.0,0.0,0.0,0.0,39,-0.1416105093871293,0.9899224533422392,3.407142857142857,26.6,65.35119047619048,30.0,1023.2791666666666,traffic_signals,primary
42429680,2024-12-16,40.771147,-73.967994,3,1,3.0,25.0,1,0,0.0,1.0,0.0,1.0,0.0,6,-0.1416105093871293,0.9899224533422392,3.407142857142857,26.6,65.35119047619048,30.0,1023.2791666666666,traffic_signals,secondary
42429682,2024-12-16,40.7704755,-73.9663944,4,1,4.0,25.0,1,0,0.0,1.0,0.0,0.0,0.0,7,-0.1416105093871293,0.9899224533422392,3.407142857142857,26.6,65.35119047619048,30.0,1023.2791666666666,traffic_signals,secondary
42429685,2024-12-16,40.7697588,-73.9646978,4,1,3.0,25.0,1,0,0.0,0.0,0.0,0.0,0.0,51,-0.1416105093871293,0.9899224533422392,3.407142857142857,26.6,65.35119047619048,30.0,1023.2791666666666,traffic_signals,primary
42429688,2024-12-16,40.7691137,-73.9631686,4,1,3.0,25.0,1,0,0.0,0.0,0.0,0.0,0.0,13,-0.1416105093871293,0.9899224533422392,3.407142857142857,26.6,65.35119047619048,30.0,1023.2791666666666,traffic_signals,secondary
42429690,2024-12-16,40.7684416,-73.9615751,4,1,4.0,25.0,1,0,0.0,0.0,0.0,0.0,0.0,21,-0.1416105093871293,0.9899224533422392,3.407142857142857,26.6,65.35119047619048,30.0,1023.2791666666666,traffic_signals,primary
42429693,2024-12-16,40.7675009,-73.9593404,4,1,5.0,25.0,1,0,0.0,0.0,0.0,0.0,0.0,11,-0.1416105093871293,0.9899224533422392,3.407142857142857,26.6,65.35119047619048,30.0,1023.2791666666666,traffic_signals,primary
42429694,2024-12-16,40.7664881,-73.9569436,4,1,5.0,25.0,1,0,0.0,0.0,0.0,0.0,0.0,51,-0.1416105093871293,0.9899224533422392,3.407142857142857,26.6,65.35119047619048,30.0,1023.2791666666666,traffic_signals,primary
42429700,2024-12-16,40.7317982,-74.0011515,3,0,,25.0,1,0,0.0,0.0,0.0,0.0,0.0,44,-0.1416105093871293,0.9899224533422392,3.407142857142857,26.6,65.35119047619048,30.0,1023.2791666666666,stop,residential
42429701,2024-12-16,40.7311376,-74.0029381,3,0,1.0,25.0,1,0,0.0,0.0,0.0,0.0,0.0,51,-0.1416105093871293,0.9899224533422392,3.407142857142857,26.6,65.35119047619048,30.0,1023.2791666666666,missing,residential
42429703,2024-12-16,40.8703989,-73.9121747,3,0,,,0,0,0.0,0.0,0.0,0.0,0.0,51,-0.1416105093871293,0.9899224533422392,3.407142857142857,26.6,65.35119047619048,30.0,1023.2791666666666,missing,tertiary
42429704,2024-12-16,40.8711588,-73.9139795,5,1,3.0,,1,0,0.0,0.0,0.0,0.0,0.0,40,-0.1416105093871293,0.9899224533422392,3.407142857142857,26.6,65.35119047619048,30.0,1023.2791666666666,traffic_signals,primary
42429705,2024-12-16,40.871603,-73.915056,3,0,,20.0,1,0,0.0,0.0,0.0,0.0,0.0,51,-0.1416105093871293,0.9899224533422392,3.407142857142857,26.6,65.35119047619048,30.0,1023.2791666666666,missing,tertiary
42429707,2024-12-16,40.872116,-73.916278,3,0,,20.0,1,0,0.0,0.0,0.0,0.0,0.0,51,-0.1416105093871293,0.9899224533422392,3.407142857142857,26.6,65.35119047619048,30.0,1023.2791666666666,missing,tertiary
42429708,2024-12-16,40.872499,-73.917176,3,0,,20.0,0,0,0.0,0.0,0.0,0.0,0.0,51,-0.1416105093871293,0.9899224533422392,3.407142857142857,26.6,65.35119047619048,30.0,1023.2791666666666,stop,tertiary
42429727,2024-12-16,40.8045555,-73.947737,4,1,2.0,,1,0,0.0,0.0,0.0,0.0,0.0,51,-0.1416105093871293,0.9899224533422392,3.407142857142857,26.6,65.35119047619048,30.0,1023.2791666666666,traffic_signals,secondary
42429735,2024-12-16,40.806709,-73.952857,4,1,3.0,25.0,1,0,0.0,0.0,0.0,0.0,0.0,19,-0.1416105093871293,0.9899224533422392,3.407142857142857,26.6,65.35119047619048,30.0,1023.2791666666666,traffic_signals,secondary
42429741,2024-12-16,40.8069824,-73.9534985,4,1,2.0,25.0,1,0,0.0,1.0,0.0,0.0,1.0,5,-0.1416105093871293,0.9899224533422392,3.407142857142857,26.6,65.35119047619048,30.0,1023.2791666666666,traffic_signals,secondary
42429744,2024-12-16,40.8075988,-73.9549478,4,1,2.0,25.0,1,0,0.0,1.0,0.0,0.0,0.0,4,-0.1416105093871293,0.9899224533422392,3.407142857142857,26.6,65.35119047619048,30.0,1023.2791666666666,traffic_signals,residential
42429747,2024-12-16,40.808178,-73.9563424,3,1,3.0,,1,1,1.0,1.0,0.0,0.0,0.0,0,-0.1416105093871293,0.9899224533422392,3.407142857142857,26.6,65.35119047619048,30.0,1023.2791666666666,traffic_signals,residential
42429752,2024-12-16,40.7203425,-73.9941129,4,0,3.0,25.0,1,0,0.0,0.0,0.0,0.0,0.0,33,-0.1416105093871293,0.9899224533422392,3.407142857142857,26.6,65.35119047619048,30.0,1023.2791666666666,missing,primary
42429754,2024-12-16,40.7199105,-73.9929475,4,0,3.0,25.0,1,0,0.0,0.0,0.0,0.0,0.0,10,-0.1416105093871293,0.9899224533422392,3.407142857142857,26.6,65.35119047619048,30.0,1023.2791666666666,missing,primary
42429756,2024-12-16,40.7198217,-73.9921037,4,0,4.0,25.0,1,0,0.0,0.0,0.0,0.0,0.0,51,-0.1416105093871293,0.9899224533422392,3.407142857142857,26.6,65.35119047619048,30.0,1023.2791666666666,missing,primary
42429762,2024-12-16,40.7191029,-73.9902811,4,0,3.0,25.0,1,0,2.0,5.0,1.0,0.0,0.0,1,-0.1416105093871293,0.9899224533422392,3.407142857142857,26.6,65.35119047619048,30.0,1023.2791666666666,missing,primary
42429766,2024-12-16,40.7191062,-73.9897345,4,0,4.0,25.0,1,0,0.0,0.0,0.0,0.0,0.0,51,-0.1416105093871293,0.9899224533422392,3.407142857142857,26.6,65.35119047619048,30.0,1023.2791666666666,missing,primary
42429769,2024-12-16,40.7188741,-73.9889795,4,0,4.0,25.0,1,0,0.0,0.0,0.0,0.0,0.0,33,-0.1416105093871293,0.9899224533422392,3.407142857142857,26.6,65.35119047619048,30.0,1023.2791666666666,missing,primary
42429773,2024-12-16,40.7186305,-73.9881675,4,0,4.0,25.0,1,2,3.0,3.0,1.0,1.0,0.0,0,-0.1416105093871293,0.9899224533422392,3.407142857142857,26.6,65.35119047619048,30.0,1023.2791666666666,missing,primary
42429782,2024-12-16,40.7183916,-73.9873785,4,0,4.0,25.0,1,0,0.0,2.0,0.0,0.0,0.0,4,-0.1416105093871293,0.9899224533422392,3.407142857142857,26.6,65.35119047619048,30.0,1023.2791666666666,missing,primary
42429806,2024-12-16,40.717431,-73.9839974,4,1,1.0,25.0,1,0,0.0,0.0,0.0,0.0,0.0,16,-0.1416105093871293,0.9899224533422392,3.407142857142857,26.6,65.35119047619048,30.0,1023.2791666666666,traffic_signals,residential
42429809,2024-12-16,40.716976,-73.982289,3,0,2.0,25.0,1,0,0.0,0.0,0.0,0.0,0.0,51,-0.1416105093871293,0.9899224533422392,3.407142857142857,26.6,65.35119047619048,30.0,1023.2791666666666,missing,residential
42429811,2024-12-16,40.716718,-73.981438,3,0,2.0,25.0,1,0,0.0,0.0,0.0,0.0,0.0,51,-0.1416105093871293,0.9899224533422392,3.407142857142857,26.6,65.35119047619048,30.0,1023.2791666666666,missing,residential
42429812,2024-12-16,40.716454,-73.9805736,4,1,2.0,25.0,1,0,0.0,0.0,0.0,0.0,0.0,18,-0.1416105093871293,0.9899224533422392,3.407142857142857,26.6,65.35119047619048,30.0,1023.2791666666666,traffic_signals,residential
42429814,2024-12-16,40.715957,-73.9789246,3,1,,25.0,1,0,0.0,0.0,0.0,0.0,0.0,51,-0.1416105093871293,0.9899224533422392,3.407142857142857,26.6,65.35119047619048,30.0,1023.2791666666666,traffic_signals,residential
42429819,2024-12-16,40.7156979,-73.9780769,3,0,,25.0,1,0,0.0,0.0,0.0,0.0,0.0,51,-0.1416105093871293,0.9899224533422392,3.407142857142857,26.6,65.35119047619048,30.0,1023.2791666666666,missing,residential
42429825,2024-12-16,40.8110093,-73.9542758,4,1,,,1,0,0.0,0.0,0.0,0.0,0.0,12,-0.1416105093871293,0.9899224533422392,3.407142857142857,26.6,65.35119047619048,30.0,1023.2791666666666,traffic_signals,residential
42429829,2024-12-16,40.7163185,-74.0061911,3,0,1.0,20.0,1,0,0.0,0.0,0.0,0.0,0.0,26,-0.1416105093871293,0.9899224533422392,3.407142857142857,26.6,65.35119047619048,30.0,1023.2791666666666,missing,residential
42429830,2024-12-16,40.7165336,-74.006667,4,1,3.0,20.0,1,0,0.0,0.0,0.0,0.0,0.0,51,-0.1416105093871293,0.9899224533422392,3.407142857142857,26.6,65.35119047619048,30.0,1023.2791666666666,traffic_signals,secondary
42429832,2024-12-16,40.7171326,-74.0079807,4,1,2.0,20.0,1,0,0.0,0.0,0.0,0.0,0.0,51,-0.1416105093871293,0.9899224533422392,3.407142857142857,26.6,65.35119047619048,30.0,1023.2791666666666,traffic_signals,secondary
42429833,2024-12-16,40.717598,-74.009,3,0,,20.0,1,0,0.0,0.0,0.0,0.0,0.0,51,-0.1416105093871293,0.9899224533422392,3.407142857142857,26.6,65.35119047619048,30.0,1023.2791666666666,missing,secondary
42429838,2024-12-16,40.7077053,-74.0102034,3,0,1.0,20.0,1,0,0.0,0.0,0.0,0.0,0.0,51,-0.1416105093871293,0.9899224533422392,3.407142857142857,26.6,65.35119047619048,30.0,1023.2791666666666,stop,residential
42429840,2024-12-16,40.7069579,-74.0090037,4,0,1.0,20.0,1,0,0.0,1.0,0.0,0.0,0.0,6,-0.1416105093871293,0.9899224533422392,3.407142857142857,26.6,65.35119047619048,30.0,1023.2791666666666,missing,residential
42429842,2024-12-16,40.7060628,-74.0074544,4,0,1.0,20.0,1,0,0.0,0.0,0.0,0.0,0.0,16,-0.1416105093871293,0.9899224533422392,3.407142857142857,26.6,65.35119047619048,30.0,1023.2791666666666,missing,residential
42429844,2024-12-16,40.705634,-74.0067527,3,1,4.0,20.0,1,0,0.0,0.0,0.0,0.0,0.0,51,-0.1416105093871293,0.9899224533422392,3.407142857142857,26.6,65.35119047619048,30.0,1023.2791666666666,traffic_signals,primary
42429874,2024-12-16,40.7434569,-73.9881911,4,1,4.0,25.0,1,0,0.0,0.0,0.0,0.0,0.0,21,-0.1416105093871293,0.9899224533422392,3.407142857142857,26.6,65.35119047619048,30.0,1023.2791666666666,traffic_signals,secondary
42429876,2024-12-16,40.7427711,-73.9865977,4,1,3.0,25.0,1,0,1.0,1.0,0.0,0.0,0.0,2,-0.1416105093871293,0.9899224533422392,3.407142857142857,26.6,65.35119047619048,30.0,1023.2791666666666,traffic_signals,secondary
42429888,2024-12-16,40.7420713,-73.9849181,4,0,3.0,25.0,1,0,0.0,0.0,0.0,0.0,0.0,21,-0.1416105093871293,0.9899224533422392,3.407142857142857,26.6,65.35119047619048,30.0,1023.2791666666666,missing,primary
42429890,2024-12-16,40.7414165,-73.9833669,4,0,3.0,25.0,1,0,1.0,1.0,1.0,1.0,0.0,2,-0.1416105093871293,0.9899224533422392,3.407142857142857,26.6,65.35119047619048,30.0,1023.2791666666666,missing,secondary
42429896,2024-12-16,40.7407511,-73.9817646,4,0,5.0,25.0,1,0,0.0,0.0,0.0,0.0,0.0,35,-0.1416105093871293,0.9899224533422392,3.407142857142857,26.6,65.35119047619048,30.0,1023.2791666666666,missing,primary
42429900,2024-12-16,40.7397948,-73.9795312,4,1,5.0,25.0,1,0,0.0,1.0,0.0,0.0,0.0,6,-0.1416105093871293,0.9899224533422392,3.407142857142857,26.6,65.35119047619048,30.0,1023.2791666666666,traffic_signals,primary
42429910,2024-12-16,40.7392336,-73.9781918,3,0,2.0,25.0,1,0,0.0,2.0,0.0,1.0,0.0,4,-0.1416105093871293,0.9899224533422392,3.407142857142857,26.6,65.35119047619048,30.0,1023.2791666666666,missing,residential
42429918,2024-12-16,40.738796,-73.977148,4,1,4.0,25.0,1,1,1.0,1.0,1.0,0.0,0.0,0,-0.1416105093871293,0.9899224533422392,3.407142857142857,26.6,65.35119047619048,30.0,1023.2791666666666,traffic_signals,primary
42429946,2024-12-16,40.8709736,-73.9192577,3,0,,20.0,1,1,1.0,1.0,0.0,0.0,0.0,0,-0.1416105093871293,0.9899224533422392,3.407142857142857,26.6,65.35119047619048,30.0,1023.2791666666666,crossing,tertiary
42429960,2024-12-16,40.868889,-73.915681,3,0,2.0,,1,0,0.0,0.0,0.0,0.0,0.0,14,-0.1416105093871293,0.9899224533422392,3.407142857142857,26.6,65.35119047619048,30.0,1023.2791666666666,missing,primary
42429970,2024-12-16,40.766767,-73.971189,3,1,3.0,25.0,1,0,0.0,0.0,0.0,0.0,0.0,51,-0.1416105093871293,0.9899224533422392,3.407142857142857,26.6,65.35119047619048,30.0,1023.2791666666666,traffic_signals,secondary
42429971,2024-12-16,40.7660912,-73.9695848,4,1,3.0,25.0,1,0,0.0,0.0,0.0,0.0,0.0,51,-0.1416105093871293,0.9899224533422392,3.407142857142857,26.6,65.35119047619048,30.0,1023.2791666666666,traffic_signals,secondary
42429974,2024-12-16,40.7653837,-73.9678898,4,0,3.0,25.0,1,1,1.0,1.0,0.0,0.0,0.0,0,-0.1416105093871293,0.9899224533422392,3.407142857142857,26.6,65.35119047619048,30.0,1023.2791666666666,missing,primary
42429976,2024-12-16,40.764739,-73.9663609,4,1,4.0,25.0,1,1,2.0,2.0,1.0,1.0,0.0,0,-0.1416105093871293,0.9899224533422392,3.407142857142857,26.6,65.35119047619048,30.0,1023.2791666666666,traffic_signals,secondary
42429980,2024-12-16,40.764057,-73.9647558,4,1,4.0,,1,0,0.0,0.0,0.0,0.0,0.0,12,-0.1416105093871293,0.9899224533422392,3.407142857142857,26.6,65.35119047619048,30.0,1023.2791666666666,traffic_signals,primary
42429981,2024-12-16,40.763113,-73.962515,4,1,5.0,25.0,1,2,2.0,5.0,0.0,0.0,1.0,0,-0.1416105093871293,0.9899224533422392,3.407142857142857,26.6,65.35119047619048,30.0,1023.2791666666666,traffic_signals,primary
42429986,2024-12-16,40.762118,-73.9601302,4,1,5.0,25.0,1,1,2.0,3.0,1.0,0.0,2.0,0,-0.1416105093871293,0.9899224533422392,3.407142857142857,26.6,65.35119047619048,30.0,1023.2791666666666,traffic_signals,primary
42429999,2024-12-16,40.7754121,-73.9839423,3,1,3.0,25.0,1,0,0.0,1.0,0.0,0.0,0.0,4,-0.1416105093871293,0.9899224533422392,3.407142857142857,26.6,65.35119047619048,30.0,1023.2791666666666,traffic_signals,primary
42430004,2024-12-16,40.7132501,-74.0092488,4,1,3.0,20.0,1,0,0.0,2.0,0.0,0.0,1.0,5,-0.1416105093871293,0.9899224533422392,3.407142857142857,26.6,65.35119047619048,30.0,1023.2791666666666,traffic_signals,secondary
42430007,2024-12-16,40.7138581,-74.0105746,4,1,2.0,20.0,1,0,0.0,0.0,0.0,0.0,0.0,35,-0.1416105093871293,0.9899224533422392,3.407142857142857,26.6,65.35119047619048,30.0,1023.2791666666666,traffic_signals,residential
42430009,2024-12-16,40.7143259,-74.0115197,3,1,1.0,20.0,1,0,0.0,0.0,0.0,0.0,0.0,51,-0.1416105093871293,0.9899224533422392,3.407142857142857,26.6,65.35119047619048,30.0,1023.2791666666666,traffic_signals,residential
42430023,2024-12-16,40.8473921,-73.940691,4,0,1.0,25.0,1,0,0.0,0.0,0.0,0.0,0.0,23,-0.1416105093871293,0.9899224533422392,3.407142857142857,26.6,65.35119047619048,30.0,1023.2791666666666,missing,residential
42430030,2024-12-16,40.7206316,-73.9949663,4,1,2.0,25.0,1,0,0.0,0.0,0.0,0.0,0.0,24,-0.1416105093871293,0.9899224533422392,3.407142857142857,26.6,65.35119047619048,30.0,1023.2791666666666,traffic_signals,primary
42430034,2024-12-16,40.7208958,-73.9957503,4,1,2.0,25.0,1,2,2.0,3.0,1.0,1.0,0.0,0,-0.1416105093871293,0.9899224533422392,3.407142857142857,26.6,65.35119047619048,30.0,1023.2791666666666,traffic_signals,primary
42430038,2024-12-16,40.7211736,-73.9965747,4,1,2.0,25.0,1,0,0.0,0.0,0.0,0.0,0.0,15,-0.1416105093871293,0.9899224533422392,3.407142857142857,26.6,65.35119047619048,30.0,1023.2791666666666,traffic_signals,primary
42430041,2024-12-16,40.7214592,-73.9973963,4,1,2.0,25.0,1,0,0.0,0.0,0.0,0.0,0.0,51,-0.1416105093871293,0.9899224533422392,3.407142857142857,26.6,65.35119047619048,30.0,1023.2791666666666,traffic_signals,primary
42430044,2024-12-16,40.7215953,-73.9977932,3,1,3.0,25.0,1,0,0.0,0.0,0.0,0.0,0.0,51,-0.1416105093871293,0.9899224533422392,3.407142857142857,26.6,65.35119047619048,30.0,1023.2791666666666,traffic_signals,primary
42430050,2024-12-16,40.7744056,-73.9656083,3,1,3.0,25.0,1,0,0.0,0.0,0.0,0.0,0.0,51,-0.1416105093871293,0.9899224533422392,3.407142857142857,26.6,65.35119047619048,30.0,1023.2791666666666,traffic_signals,secondary
42430052,2024-12-16,40.7737351,-73.9640105,4,1,3.0,25.0,1,0,0.0,0.0,0.0,0.0,0.0,28,-0.1416105093871293,0.9899224533422392,3.407142857142857,26.6,65.35119047619048,30.0,1023.2791666666666,traffic_signals,secondary
42430056,2024-12-16,40.7730236,-73.9623161,4,1,3.0,25.0,1,0,0.0,0.0,0.0,0.0,0.0,16,-0.1416105093871293,0.9899224533422392,3.407142857142857,26.6,65.35119047619048,30.0,1023.2791666666666,traffic_signals,primary
42430060,2024-12-16,40.7723765,-73.9607791,4,1,3.0,25.0,1,0,1.0,1.0,0.0,0.0,0.0,1,-0.1416105093871293,0.9899224533422392,3.407142857142857,26.6,65.35119047619048,30.0,1023.2791666666666,traffic_signals,secondary
42430063,2024-12-16,40.7717042,-73.9591761,4,1,5.0,25.0,1,0,0.0,0.0,0.0,0.0,0.0,8,-0.1416105093871293,0.9899224533422392,3.407142857142857,26.6,65.35119047619048,30.0,1023.2791666666666,traffic_signals,primary
42430068,2024-12-16,40.7707623,-73.9569342,4,1,5.0,25.0,1,0,0.0,0.0,0.0,0.0,0.0,25,-0.1416105093871293,0.9899224533422392,3.407142857142857,26.6,65.35119047619048,30.0,1023.2791666666666,traffic_signals,primary
42430075,2024-12-16,40.7697673,-73.9545657,4,1,5.0,25.0,1,0,0.0,0.0,0.0,0.0,0.0,20,-0.1416105093871293,0.9899224533422392,3.407142857142857,26.6,65.35119047619048,30.0,1023.2791666666666,traffic_signals,primary
42430108,2024-12-16,40.7242643,-74.0047442,3,0,1.0,25.0,1,0,0.0,0.0,0.0,0.0,0.0,14,-0.1416105093871293,0.9899224533422392,3.407142857142857,26.6,65.35119047619048,30.0,1023.2791666666666,missing,residential
42430115,2024-12-16,40.7182917,-74.0053562,4,1,2.0,20.0,1,0,0.0,0.0,0.0,0.0,0.0,31,-0.1416105093871293,0.9899224533422392,3.407142857142857,26.6,65.35119047619048,30.0,1023.2791666666666,traffic_signals,secondary
42430118,2024-12-16,40.7190003,-74.0051464,4,1,3.0,20.0,1,0,0.0,0.0,0.0,0.0,0.0,51,-0.1416105093871293,0.9899224533422392,3.407142857142857,26.6,65.35119047619048,30.0,1023.2791666666666,traffic_signals,secondary
42430122,2024-12-16,40.7198425,-74.0051699,4,1,3.0,20.0,1,0,1.0,1.0,0.0,0.0,0.0,3,-0.1416105093871293,0.9899224533422392,3.407142857142857,26.6,65.35119047619048,30.0,1023.2791666666666,traffic_signals,secondary
42430126,2024-12-16,40.7206562,-74.0052237,5,1,3.0,20.0,1,0,0.0,0.0,0.0,0.0,0.0,13,-0.1416105093871293,0.9899224533422392,3.407142857142857,26.6,65.35119047619048,30.0,1023.2791666666666,traffic_signals,trunk
42430131,2024-12-16,40.7210318,-74.0052509,3,0,3.0,20.0,1,0,0.0,0.0,0.0,0.0,0.0,33,-0.1416105093871293,0.9899224533422392,3.407142857142857,26.6,65.35119047619048,30.0,1023.2791666666666,missing,trunk
42430136,2024-12-16,40.7222252,-74.0053623,3,0,3.0,25.0,1,0,0.0,0.0,0.0,0.0,0.0,51,-0.1416105093871293,0.9899224533422392,3.407142857142857,26.6,65.35119047619048,30.0,1023.2791666666666,missing,trunk
42430143,2024-12-16,40.7236306,-74.0047955,4,1,4.0,25.0,1,0,1.0,1.0,0.0,0.0,0.0,2,-0.1416105093871293,0.9899224533422392,3.407142857142857,26.6,65.35119047619048,30.0,1023.2791666666666,traffic_signals,trunk
42430147,2024-12-16,40.7241732,-74.0045754,4,1,3.0,25.0,1,0,0.0,0.0,0.0,0.0,0.0,51,-0.1416105093871293,0.9899224533422392,3.407142857142857,26.6,65.35119047619048,30.0,1023.2791666666666,traffic_signals,primary
42430154,2024-12-16,40.725513,-74.004031,4,1,3.0,25.0,1,0,0.0,0.0,0.0,0.0,0.0,47,-0.1416105093871293,0.9899224533422392,3.407142857142857,26.6,65.35119047619048,30.0,1023.2791666666666,traffic_signals,primary
42430160,2024-12-16,40.72625,-74.00373,3,1,3.0,25.0,1,0,0.0,0.0,0.0,0.0,0.0,33,-0.1416105093871293,0.9899224533422392,3.407142857142857,26.6,65.35119047619048,30.0,1023.2791666666666,traffic_signals,primary
42430164,2024-12-16,40.726958,-74.003445,4,1,3.0,25.0,1,0,0.0,1.0,0.0,1.0,0.0,4,-0.1416105093871293,0.9899224533422392,3.407142857142857,26.6,65.35119047619048,30.0,1023.2791666666666,traffic_signals,primary
42430167,2024-12-16,40.727664,-74.003155,4,1,3.0,25.0,1,0,0.0,0.0,0.0,0.0,0.0,28,-0.1416105093871293,0.9899224533422392,3.407142857142857,26.6,65.35119047619048,30.0,1023.2791666666666,traffic_signals,primary
42430187,2024-12-16,40.7297532,-74.0021622,5,0,3.0,25.0,1,0,0.0,0.0,0.0,0.0,0.0,51,-0.1416105093871293,0.9899224533422392,3.407142857142857,26.6,65.35119047619048,30.0,1023.2791666666666,missing,secondary
42430205,2024-12-16,40.7305503,-74.0017,4,1,3.0,25.0,1,0,0.0,1.0,0.0,0.0,0.0,7,-0.1416105093871293,0.9899224533422392,3.407142857142857,26.6,65.35119047619048,30.0,1023.2791666666666,traffic_signals,secondary
42430217,2024-12-16,40.7310625,-74.0014113,3,1,3.0,25.0,1,0,0.0,0.0,0.0,0.0,0.0,51,-0.1416105093871293,0.9899224533422392,3.407142857142857,26.6,65.35119047619048,30.0,1023.2791666666666,traffic_signals,secondary
42430231,2024-12-16,40.731706,-74.000954,4,1,3.0,25.0,1,0,0.0,1.0,0.0,0.0,0.0,6,-0.1416105093871293,0.9899224533422392,3.407142857142857,26.6,65.35119047619048,30.0,1023.2791666666666,traffic_signals,secondary
42430233,2024-12-16,40.732315,-74.000511,4,1,3.0,25.0,1,0,0.0,0.0,0.0,0.0,0.0,24,-0.1416105093871293,0.9899224533422392,3.407142857142857,26.6,65.35119047619048,30.0,1023.2791666666666,traffic_signals,secondary
42430235,2024-12-16,40.732929,-74.000066,4,1,3.0,25.0,1,0,0.0,0.0,0.0,0.0,0.0,18,-0.1416105093871293,0.9899224533422392,3.407142857142857,26.6,65.35119047619048,30.0,1023.2791666666666,traffic_signals,secondary
42430237,2024-12-16,40.7336634,-73.9995234,4,1,3.0,25.0,1,0,0.0,2.0,0.0,1.0,0.0,7,-0.1416105093871293,0.9899224533422392,3.407142857142857,26.6,65.35119047619048,30.0,1023.2791666666666,traffic_signals,secondary
42430241,2024-12-16,40.7347874,-73.9987127,4,0,3.0,25.0,1,0,0.0,0.0,0.0,0.0,0.0,28,-0.1416105093871293,0.9899224533422392,3.407142857142857,26.6,65.35119047619048,30.0,1023.2791666666666,missing,secondary
42430247,2024-12-16,40.735391,-73.998274,4,1,3.0,25.0,1,0,0.0,0.0,0.0,0.0,0.0,22,-0.1416105093871293,0.9899224533422392,3.407142857142857,26.6,65.35119047619048,30.0,1023.2791666666666,traffic_signals,secondary
42430249,2024-12-16,40.736032,-73.997805,4,1,3.0,25.0,1,1,2.0,3.0,0.0,0.0,0.0,0,-0.1416105093871293,0.9899224533422392,3.407142857142857,26.6,65.35119047619048,30.0,1023.2791666666666,traffic_signals,secondary
42430253,2024-12-16,40.737361,-73.99684,4,1,4.0,25.0,1,0,0.0,2.0,0.0,0.0,0.0,4,-0.1416105093871293,0.9899224533422392,3.407142857142857,26.6,65.35119047619048,30.0,1023.2791666666666,traffic_signals,secondary
42430255,2024-12-16,40.738044,-73.996337,4,1,4.0,25.0,1,1,1.0,1.0,1.0,0.0,1.0,0,-0.1416105093871293,0.9899224533422392,3.407142857142857,26.6,65.35119047619048,30.0,1023.2791666666666,traffic_signals,secondary
42430257,2024-12-16,40.738686,-73.995874,4,1,5.0,25.0,1,0,1.0,2.0,1.0,0.0,0.0,2,-0.1416105093871293,0.9899224533422392,3.407142857142857,26.6,65.35119047619048,30.0,1023.2791666666666,traffic_signals,secondary
42430259,2024-12-16,40.739272,-73.995446,4,1,5.0,25.0,1,0,0.0,2.0,0.0,0.0,0.0,4,-0.1416105093871293,0.9899224533422392,3.407142857142857,26.6,65.35119047619048,30.0,1023.2791666666666,traffic_signals,secondary
42430263,2024-12-16,40.740442,-73.994593,4,1,5.0,25.0,1,0,0.0,0.0,0.0,0.0,0.0,17,-0.1416105093871293,0.9899224533422392,3.407142857142857,26.6,65.35119047619048,30.0,1023.2791666666666,traffic_signals,secondary
42430265,2024-12-16,40.7416288,-73.9937317,4,0,5.0,25.0,1,0,0.0,1.0,0.0,0.0,0.0,7,-0.1416105093871293,0.9899224533422392,3.407142857142857,26.6,65.35119047619048,30.0,1023.2791666666666,missing,secondary
42430269,2024-12-16,40.7422328,-73.9932916,4,1,6.0,25.0,1,0,0.0,0.0,0.0,0.0,0.0,20,-0.1416105093871293,0.9899224533422392,3.407142857142857,26.6,65.35119047619048,30.0,1023.2791666666666,traffic_signals,secondary
42430271,2024-12-16,40.7429103,-73.9927979,4,1,6.0,25.0,1,0,2.0,2.0,1.0,1.0,0.0,1,-0.1416105093871293,0.9899224533422392,3.407142857142857,26.6,65.35119047619048,30.0,1023.2791666666666,traffic_signals,secondary
42430274,2024-12-16,40.744186,-73.991871,4,1,4.0,25.0,1,0,0.0,0.0,0.0,0.0,0.0,9,-0.1416105093871293,0.9899224533422392,3.407142857142857,26.6,65.35119047619048,30.0,1023.2791666666666,traffic_signals,secondary
42430277,2024-12-16,40.7448186,-73.9914085,4,1,5.0,25.0,1,0,1.0,1.0,0.0,0.0,0.0,3,-0.1416105093871293,0.9899224533422392,3.407142857142857,26.6,65.35119047619048,30.0,1023.2791666666666,traffic_signals,secondary
42430279,2024-12-16,40.745421,-73.990968,4,1,5.0,25.0,1,0,1.0,1.0,0.0,0.0,0.0,1,-0.1416105093871293,0.9899224533422392,3.407142857142857,26.6,65.35119047619048,30.0,1023.2791666666666,traffic_signals,secondary
42430282,2024-12-16,40.746038,-73.990518,4,1,5.0,25.0,1,0,0.0,0.0,0.0,0.0,0.0,14,-0.1416105093871293,0.9899224533422392,3.407142857142857,26.6,65.35119047619048,30.0,1023.2791666666666,traffic_signals,secondary
42430288,2024-12-16,40.747277,-73.989617,4,1,5.0,25.0,1,0,1.0,2.0,1.0,1.0,0.0,1,-0.1416105093871293,0.9899224533422392,3.407142857142857,26.6,65.35119047619048,30.0,1023.2791666666666,traffic_signals,secondary
42430292,2024-12-16,40.7478958,-73.9891568,4,1,5.0,25.0,1,0,0.0,1.0,0.0,0.0,0.0,6,-0.1416105093871293,0.9899224533422392,3.407142857142857,26.6,65.35119047619048,30.0,1023.2791666666666,traffic_signals,secondary
42430295,2024-12-16,40.7485081,-73.9886948,4,1,4.0,25.0,1,0,0.0,1.0,0.0,0.0,0.0,5,-0.1416105093871293,0.9899224533422392,3.407142857142857,26.6,65.35119047619048,30.0,1023.2791666666666,traffic_signals,secondary
42430298,2024-12-16,40.7491217,-73.9882353,4,1,4.0,25.0,1,0,0.0,0.0,0.0,0.0,0.0,12,-0.1416105093871293,0.9899224533422392,3.407142857142857,26.6,65.35119047619048,30.0,1023.2791666666666,traffic_signals,secondary
42430304,2024-12-16,40.7498011,-73.9877463,4,1,5.0,25.0,1,0,0.0,1.0,0.0,1.0,0.0,7,-0.1416105093871293,0.9899224533422392,3.407142857142857,26.6,65.35119047619048,30.0,1023.2791666666666,traffic_signals,primary
42430308,2024-12-16,40.7504574,-73.9872874,4,1,4.0,25.0,1,1,1.0,1.0,0.0,0.0,0.0,0,-0.1416105093871293,0.9899224533422392,3.407142857142857,26.6,65.35119047619048,30.0,1023.2791666666666,traffic_signals,secondary
42430311,2024-12-16,40.7510824,-73.986828,4,1,3.0,25.0,1,0,1.0,2.0,1.0,1.0,0.0,3,-0.1416105093871293,0.9899224533422392,3.407142857142857,26.6,65.35119047619048,30.0,1023.2791666666666,traffic_signals,secondary
42430314,2024-12-16,40.7517,-73.986399,4,1,3.0,25.0,1,0,1.0,3.0,0.0,0.0,0.0,1,-0.1416105093871293,0.9899224533422392,3.407142857142857,26.6,65.35119047619048,30.0,1023.2791666666666,traffic_signals,secondary
42430317,2024-12-16,40.752317,-73.985947,4,1,3.0,25.0,1,0,1.0,1.0,0.0,0.0,0.0,1,-0.1416105093871293,0.9899224533422392,3.407142857142857,26.6,65.35119047619048,30.0,1023.2791666666666,traffic_signals,secondary
42430320,2024-12-16,40.7529437,-73.9854836,4,1,3.0,25.0,1,0,0.0,1.0,0.0,1.0,0.0,5,-0.1416105093871293,0.9899224533422392,3.407142857142857,26.6,65.35119047619048,30.0,1023.2791666666666,traffic_signals,secondary
42430324,2024-12-16,40.7535585,-73.9850397,4,1,4.0,25.0,1,0,0.0,1.0,0.0,0.0,0.0,5,-0.1416105093871293,0.9899224533422392,3.407142857142857,26.6,65.35119047619048,30.0,1023.2791666666666,traffic_signals,secondary
42430329,2024-12-16,40.754177,-73.984596,3,1,5.0,,1,0,2.0,2.0,0.0,0.0,0.0,2,-0.1416105093871293,0.9899224533422392,3.407142857142857,26.6,65.35119047619048,30.0,1023.2791666666666,traffic_signals,secondary
42430333,2024-12-16,40.754842,-73.984118,4,1,5.0,25.0,1,1,1.0,3.0,0.0,1.0,0.0,0,-0.1416105093871293,0.9899224533422392,3.407142857142857,26.6,65.35119047619048,30.0,1023.2791666666666,traffic_signals,primary
42430338,2024-12-16,40.755516,-73.983624,4,1,4.0,,1,0,0.0,0.0,0.0,0.0,0.0,21,-0.1416105093871293,0.9899224533422392,3.407142857142857,26.6,65.35119047619048,30.0,1023.2791666666666,traffic_signals,secondary
42430342,2024-12-16,40.7561421,-73.9831665,4,1,4.0,,1,0,2.0,2.0,0.0,0.0,0.0,1,-0.1416105093871293,0.9899224533422392,3.407142857142857,26.6,65.35119047619048,30.0,1023.2791666666666,traffic_signals,secondary
42430344,2024-12-16,40.7567712,-73.9827118,4,1,4.0,,1,0,0.0,0.0,0.0,0.0,0.0,8,-0.1416105093871293,0.9899224533422392,3.407142857142857,26.6,65.35119047619048,30.0,1023.2791666666666,traffic_signals,secondary
42430347,2024-12-16,40.7573902,-73.9822537,4,1,4.0,,1,0,1.0,1.0,1.0,1.0,0.0,1,-0.1416105093871293,0.9899224533422392,3.407142857142857,26.6,65.35119047619048,30.0,1023.2791666666666,traffic_signals,secondary
42430350,2024-12-16,40.7580163,-73.9817975,4,1,4.0,25.0,1,0,0.0,0.0,0.0,0.0,0.0,17,-0.1416105093871293,0.9899224533422392,3.407142857142857,26.6,65.35119047619048,30.0,1023.2791666666666,traffic_signals,secondary
42430352,2024-12-16,40.758645,-73.981341,4,1,4.0,,1,1,1.0,2.0,0.0,0.0,0.0,0,-0.1416105093871293,0.9899224533422392,3.407142857142857,26.6,65.35119047619048,30.0,1023.2791666666666,traffic_signals,secondary
42430356,2024-12-16,40.7592744,-73.9808828,4,1,4.0,,1,1,2.0,3.0,0.0,0.0,0.0,0,-0.1416105093871293,0.9899224533422392,3.407142857142857,26.6,65.35119047619048,30.0,1023.2791666666666,traffic_signals,secondary
42430358,2024-12-16,40.7599106,-73.9804176,4,1,4.0,,1,0,0.0,1.0,0.0,0.0,1.0,6,-0.1416105093871293,0.9899224533422392,3.407142857142857,26.6,65.35119047619048,30.0,1023.2791666666666,traffic_signals,secondary
42430361,2024-12-16,40.7605248,-73.9799722,4,1,4.0,,1,0,0.0,1.0,0.0,0.0,1.0,5,-0.1416105093871293,0.9899224533422392,3.407142857142857,26.6,65.35119047619048,30.0,1023.2791666666666,traffic_signals,secondary
42430363,2024-12-16,40.7611565,-73.9795126,4,1,4.0,25.0,1,0,0.0,0.0,0.0,0.0,0.0,10,-0.1416105093871293,0.9899224533422392,3.407142857142857,26.6,65.35119047619048,30.0,1023.2791666666666,traffic_signals,secondary
42430367,2024-12-16,40.7617737,-73.9790635,4,1,4.0,,1,0,0.0,0.0,0.0,0.0,0.0,10,-0.1416105093871293,0.9899224533422392,3.407142857142857,26.6,65.35119047619048,30.0,1023.2791666666666,traffic_signals,secondary
42430371,2024-12-16,40.7623991,-73.9786085,4,1,4.0,,1,0,0.0,0.0,0.0,0.0,0.0,18,-0.1416105093871293,0.9899224533422392,3.407142857142857,26.6,65.35119047619048,30.0,1023.2791666666666,traffic_signals,secondary
42430375,2024-12-16,40.7630416,-73.978141,4,1,4.0,,1,0,0.0,0.0,0.0,0.0,0.0,24,-0.1416105093871293,0.9899224533422392,3.407142857142857,26.6,65.35119047619048,30.0,1023.2791666666666,traffic_signals,secondary
42430378,2024-12-16,40.7636495,-73.977693,4,1,4.0,,1,0,1.0,2.0,0.0,0.0,0.0,1,-0.1416105093871293,0.9899224533422392,3.407142857142857,26.6,65.35119047619048,30.0,1023.2791666666666,traffic_signals,secondary
42430384,2024-12-16,40.764324,-73.977196,4,1,4.0,,1,0,3.0,5.0,2.0,2.0,0.0,1,-0.1416105093871293,0.9899224533422392,3.407142857142857,26.6,65.35119047619048,30.0,1023.2791666666666,traffic_signals,primary
42430390,2024-12-16,40.7650041,-73.9767052,4,1,3.0,25.0,1,1,1.0,1.0,0.0,0.0,0.0,0,-0.1416105093871293,0.9899224533422392,3.407142857142857,26.6,65.35119047619048,30.0,1023.2791666666666,traffic_signals,secondary
42430394,2024-12-16,40.7656797,-73.976244,3,1,5.0,25.0,1,0,0.0,0.0,0.0,0.0,0.0,14,-0.1416105093871293,0.9899224533422392,3.407142857142857,26.6,65.35119047619048,30.0,1023.2791666666666,traffic_signals,secondary
42430468,2024-12-16,40.7283967,-74.0030772,3,0,2.0,25.0,1,0,0.0,0.0,0.0,0.0,0.0,45,-0.1416105093871293,0.9899224533422392,3.407142857142857,26.6,65.35119047619048,30.0,1023.2791666666666,missing,primary
42430474,2024-12-16,40.7910474,-73.9513807,4,1,5.0,25.0,1,0,1.0,2.0,1.0,2.0,0.0,3,-0.1416105093871293,0.9899224533422392,3.407142857142857,26.6,65.35119047619048,30.0,1023.2791666666666,traffic_signals,secondary
42430477,2024-12-16,40.7903128,-73.9496374,4,1,1.0,25.0,1,0,0.0,0.0,0.0,0.0,0.0,51,-0.1416105093871293,0.9899224533422392,3.407142857142857,26.6,65.35119047619048,30.0,1023.2791666666666,traffic_signals,primary
42430479,2024-12-16,40.7896902,-73.9481549,4,1,3.0,25.0,1,2,3.0,4.0,0.0,0.0,0.0,0,-0.1416105093871293,0.9899224533422392,3.407142857142857,26.6,65.35119047619048,30.0,1023.2791666666666,traffic_signals,secondary
42430482,2024-12-16,40.7890006,-73.9465498,4,1,4.0,,1,0,0.0,0.0,0.0,0.0,0.0,18,-0.1416105093871293,0.9899224533422392,3.407142857142857,26.6,65.35119047619048,30.0,1023.2791666666666,traffic_signals,primary
42430485,2024-12-16,40.7880579,-73.9443285,4,1,5.0,25.0,1,0,0.0,1.0,0.0,0.0,1.0,5,-0.1416105093871293,0.9899224533422392,3.407142857142857,26.6,65.35119047619048,30.0,1023.2791666666666,traffic_signals,primary
42430488,2024-12-16,40.7870603,-73.9419364,4,1,4.0,25.0,1,0,0.0,0.0,0.0,0.0,0.0,13,-0.1416105093871293,0.9899224533422392,3.407142857142857,26.6,65.35119047619048,30.0,1023.2791666666666,traffic_signals,primary
42430519,2024-12-16,40.7174659,-74.0106308,3,1,1.0,20.0,1,0,0.0,0.0,0.0,0.0,0.0,51,-0.1416105093871293,0.9899224533422392,3.407142857142857,26.6,65.35119047619048,30.0,1023.2791666666666,traffic_signals,residential
42430521,2024-12-16,40.7174024,-74.0100927,3,0,1.0,20.0,1,0,0.0,0.0,0.0,0.0,0.0,51,-0.1416105093871293,0.9899224533422392,3.407142857142857,26.6,65.35119047619048,30.0,1023.2791666666666,missing,residential
42430529,2024-12-16,40.7172754,-74.0090579,3,1,1.0,20.0,1,0,0.0,0.0,0.0,0.0,0.0,51,-0.1416105093871293,0.9899224533422392,3.407142857142857,26.6,65.35119047619048,30.0,1023.2791666666666,traffic_signals,secondary
42430535,2024-12-16,40.7141387,-74.0034162,4,1,2.0,20.0,1,0,0.0,1.0,0.0,0.0,0.0,4,-0.1416105093871293,0.9899224533422392,3.407142857142857,26.6,65.35119047619048,30.0,1023.2791666666666,traffic_signals,secondary
42430540,2024-12-16,40.7145774,-74.004013,3,0,2.0,20.0,1,0,0.0,0.0,0.0,0.0,0.0,17,-0.1416105093871293,0.9899224533422392,3.407142857142857,26.6,65.35119047619048,30.0,1023.2791666666666,stop,unclassified
42430550,2024-12-16,40.7160045,-74.0070792,4,1,4.0,20.0,1,0,1.0,1.0,1.0,0.0,0.0,3,-0.1416105093871293,0.9899224533422392,3.407142857142857,26.6,65.35119047619048,30.0,1023.2791666666666,traffic_signals,secondary
42430557,2024-12-16,40.7166109,-74.0083863,4,1,3.0,20.0,1,0,0.0,0.0,0.0,0.0,0.0,51,-0.1416105093871293,0.9899224533422392,3.407142857142857,26.6,65.35119047619048,30.0,1023.2791666666666,traffic_signals,secondary
42430571,2024-12-16,40.716928,-74.0091078,4,1,1.0,20.0,1,0,0.0,0.0,0.0,0.0,0.0,51,-0.1416105093871293,0.9899224533422392,3.407142857142857,26.6,65.35119047619048,30.0,1023.2791666666666,traffic_signals,secondary
42430589,2024-12-16,40.7488909,-74.0070027,4,1,6.0,25.0,1,0,0.0,1.0,0.0,0.0,0.0,7,-0.1416105093871293,0.9899224533422392,3.407142857142857,26.6,65.35119047619048,30.0,1023.2791666666666,traffic_signals,secondary
42430594,2024-12-16,40.7501781,-74.0060705,3,1,6.0,25.0,1,0,0.0,0.0,0.0,0.0,0.0,25,-0.1416105093871293,0.9899224533422392,3.407142857142857,26.6,65.35119047619048,30.0,1023.2791666666666,traffic_signals,secondary
42430597,2024-12-16,40.7508082,-74.0056216,4,1,6.0,25.0,1,0,0.0,0.0,0.0,0.0,0.0,39,-0.1416105093871293,0.9899224533422392,3.407142857142857,26.6,65.35119047619048,30.0,1023.2791666666666,traffic_signals,secondary
42430600,2024-12-16,40.7514035,-74.0051771,4,1,6.0,25.0,1,0,1.0,1.0,1.0,1.0,0.0,1,-0.1416105093871293,0.9899224533422392,3.407142857142857,26.6,65.35119047619048,30.0,1023.2791666666666,traffic_signals,secondary
42430603,2024-12-16,40.7520312,-74.0047222,4,1,6.0,25.0,1,0,0.0,1.0,0.0,0.0,0.0,7,-0.1416105093871293,0.9899224533422392,3.407142857142857,26.6,65.35119047619048,30.0,1023.2791666666666,traffic_signals,secondary
42430607,2024-12-16,40.7532765,-74.0038197,4,1,6.0,25.0,1,0,0.0,0.0,0.0,0.0,0.0,32,-0.1416105093871293,0.9899224533422392,3.407142857142857,26.6,65.35119047619048,30.0,1023.2791666666666,traffic_signals,primary
42430629,2024-12-16,40.7551246,-74.0024796,3,1,6.0,25.0,1,0,0.0,0.0,0.0,0.0,0.0,21,-0.1416105093871293,0.9899224533422392,3.407142857142857,26.6,65.35119047619048,30.0,1023.2791666666666,traffic_signals,secondary
42430633,2024-12-16,40.7557816,-74.0019763,4,1,6.0,25.0,1,1,3.0,3.0,6.0,1.0,1.0,0,-0.1416105093871293,0.9899224533422392,3.407142857142857,26.6,65.35119047619048,30.0,1023.2791666666666,traffic_signals,primary
42430639,2024-12-16,40.7564645,-74.0014663,3,1,6.0,25.0,1,0,0.0,0.0,0.0,0.0,0.0,37,-0.1416105093871293,0.9899224533422392,3.407142857142857,26.6,65.35119047619048,30.0,1023.2791666666666,traffic_signals,primary
42430643,2024-12-16,40.7570547,-74.0010329,3,1,6.0,25.0,1,0,0.0,0.0,0.0,0.0,0.0,12,-0.1416105093871293,0.9899224533422392,3.407142857142857,26.6,65.35119047619048,30.0,1023.2791666666666,traffic_signals,primary
42430646,2024-12-16,40.7576744,-74.0005846,3,1,6.0,25.0,1,0,0.0,0.0,0.0,0.0,0.0,42,-0.1416105093871293,0.9899224533422392,3.407142857142857,26.6,65.35119047619048,30.0,1023.2791666666666,traffic_signals,primary
42430651,2024-12-16,40.7582961,-74.0001285,3,1,6.0,25.0,1,0,0.0,0.0,0.0,0.0,0.0,36,-0.1416105093871293,0.9899224533422392,3.407142857142857,26.6,65.35119047619048,30.0,1023.2791666666666,traffic_signals,primary
42430664,2024-12-16,40.7595749,-73.9992852,4,1,3.0,25.0,1,0,0.0,0.0,0.0,0.0,0.0,51,-0.1416105093871293,0.9899224533422392,3.407142857142857,26.6,65.35119047619048,30.0,1023.2791666666666,traffic_signals,primary
42430669,2024-12-16,40.7601736,-73.9988397,4,1,2.0,25.0,1,0,0.0,0.0,0.0,0.0,0.0,19,-0.1416105093871293,0.9899224533422392,3.407142857142857,26.6,65.35119047619048,30.0,1023.2791666666666,traffic_signals,primary
42430673,2024-12-16,40.7608557,-73.9983473,4,1,3.0,25.0,1,2,3.0,3.0,0.0,0.0,0.0,0,-0.1416105093871293,0.9899224533422392,3.407142857142857,26.6,65.35119047619048,30.0,1023.2791666666666,traffic_signals,primary
42430677,2024-12-16,40.7614999,-73.9978033,4,1,5.0,25.0,1,0,0.0,0.0,0.0,0.0,0.0,37,-0.1416105093871293,0.9899224533422392,3.407142857142857,26.6,65.35119047619048,30.0,1023.2791666666666,traffic_signals,secondary
42430680,2024-12-16,40.7621145,-73.9973436,4,1,5.0,25.0,1,0,0.0,0.0,0.0,0.0,0.0,25,-0.1416105093871293,0.9899224533422392,3.407142857142857,26.6,65.35119047619048,30.0,1023.2791666666666,traffic_signals,secondary
42430685,2024-12-16,40.7627398,-73.99689,4,1,4.0,25.0,1,0,0.0,0.0,0.0,0.0,0.0,14,-0.1416105093871293,0.9899224533422392,3.407142857142857,26.6,65.35119047619048,30.0,1023.2791666666666,traffic_signals,secondary
42430688,2024-12-16,40.7633667,-73.9964368,4,1,4.0,25.0,1,0,0.0,2.0,0.0,2.0,0.0,6,-0.1416105093871293,0.9899224533422392,3.407142857142857,26.6,65.35119047619048,30.0,1023.2791666666666,traffic_signals,secondary
42430691,2024-12-16,40.7639924,-73.9959815,4,1,4.0,25.0,1,0,0.0,0.0,0.0,0.0,0.0,34,-0.1416105093871293,0.9899224533422392,3.407142857142857,26.6,65.35119047619048,30.0,1023.2791666666666,traffic_signals,secondary
42430694,2024-12-16,40.7646184,-73.9955216,4,1,4.0,25.0,1,0,0.0,0.0,0.0,0.0,0.0,11,-0.1416105093871293,0.9899224533422392,3.407142857142857,26.6,65.35119047619048,30.0,1023.2791666666666,traffic_signals,secondary
42430698,2024-12-16,40.7652498,-73.995066,4,1,4.0,25.0,1,0,0.0,0.0,0.0,0.0,0.0,36,-0.1416105093871293,0.9899224533422392,3.407142857142857,26.6,65.35119047619048,30.0,1023.2791666666666,traffic_signals,secondary
42430704,2024-12-16,40.765878,-73.9946061,4,1,4.0,25.0,1,0,0.0,0.0,0.0,0.0,0.0,28,-0.1416105093871293,0.9899224533422392,3.407142857142857,26.6,65.35119047619048,30.0,1023.2791666666666,traffic_signals,secondary
42430707,2024-12-16,40.7664978,-73.9941564,4,1,4.0,25.0,1,0,0.0,0.0,0.0,0.0,0.0,8,-0.1416105093871293,0.9899224533422392,3.407142857142857,26.6,65.35119047619048,30.0,1023.2791666666666,traffic_signals,secondary
42430713,2024-12-16,40.767131,-73.9936874,4,1,4.0,25.0,1,0,0.0,0.0,0.0,0.0,0.0,51,-0.1416105093871293,0.9899224533422392,3.407142857142857,26.6,65.35119047619048,30.0,1023.2791666666666,traffic_signals,secondary
42430722,2024-12-16,40.767752,-73.9932376,3,1,4.0,25.0,1,0,0.0,0.0,0.0,0.0,0.0,8,-0.1416105093871293,0.9899224533422392,3.407142857142857,26.6,65.35119047619048,30.0,1023.2791666666666,traffic_signals,secondary
42430736,2024-12-16,40.76837,-73.992786,4,1,4.0,25.0,1,0,0.0,0.0,0.0,0.0,0.0,11,-0.1416105093871293,0.9899224533422392,3.407142857142857,26.6,65.35119047619048,30.0,1023.2791666666666,traffic_signals,secondary
42430739,2024-12-16,40.769017,-73.9923216,4,1,5.0,25.0,1,0,0.0,3.0,0.0,0.0,1.0,4,-0.1416105093871293,0.9899224533422392,3.407142857142857,26.6,65.35119047619048,30.0,1023.2791666666666,traffic_signals,secondary
42430742,2024-12-16,40.7696336,-73.9918836,4,1,5.0,25.0,1,0,0.0,0.0,0.0,0.0,0.0,51,-0.1416105093871293,0.9899224533422392,3.407142857142857,26.6,65.35119047619048,30.0,1023.2791666666666,traffic_signals,secondary
42430745,2024-12-16,40.7703169,-73.9913932,4,1,5.0,25.0,1,0,0.0,3.0,0.0,1.0,0.0,4,-0.1416105093871293,0.9899224533422392,3.407142857142857,26.6,65.35119047619048,30.0,1023.2791666666666,traffic_signals,primary
42430747,2024-12-16,40.7709867,-73.9909124,4,1,5.0,,1,0,0.0,0.0,0.0,0.0,0.0,37,-0.1416105093871293,0.9899224533422392,3.407142857142857,26.6,65.35119047619048,30.0,1023.2791666666666,traffic_signals,secondary
42430749,2024-12-16,40.7716133,-73.9904508,4,1,5.0,25.0,1,1,2.0,3.0,2.0,2.0,0.0,0,-0.1416105093871293,0.9899224533422392,3.407142857142857,26.6,65.35119047619048,30.0,1023.2791666666666,traffic_signals,secondary
42430761,2024-12-16,40.7294638,-74.0051849,4,1,4.0,25.0,1,0,0.0,0.0,0.0,0.0,0.0,51,-0.1416105093871293,0.9899224533422392,3.407142857142857,26.6,65.35119047619048,30.0,1023.2791666666666,traffic_signals,secondary
42430770,2024-12-16,40.730321,-74.004688,4,1,4.0,25.0,1,0,0.0,0.0,0.0,0.0,0.0,25,-0.1416105093871293,0.9899224533422392,3.407142857142857,26.6,65.35119047619048,30.0,1023.2791666666666,traffic_signals,secondary
42430782,2024-12-16,40.730719,-74.00446,4,1,3.0,25.0,1,0,1.0,3.0,0.0,1.0,0.0,3,-0.1416105093871293,0.9899224533422392,3.407142857142857,26.6,65.35119047619048,30.0,1023.2791666666666,traffic_signals,secondary
42430791,2024-12-16,40.7311289,-74.0042257,4,1,3.0,25.0,1,0,0.0,0.0,0.0,0.0,0.0,25,-0.1416105093871293,0.9899224533422392,3.407142857142857,26.6,65.35119047619048,30.0,1023.2791666666666,traffic_signals,secondary
42430796,2024-12-16,40.7318924,-74.0037892,3,0,3.0,25.0,1,0,0.0,0.0,0.0,0.0,0.0,51,-0.1416105093871293,0.9899224533422392,3.407142857142857,26.6,65.35119047619048,30.0,1023.2791666666666,missing,secondary
42430803,2024-12-16,40.7332265,-74.0030292,4,1,4.0,25.0,1,0,1.0,1.0,1.0,1.0,0.0,3,-0.1416105093871293,0.9899224533422392,3.407142857142857,26.6,65.35119047619048,30.0,1023.2791666666666,traffic_signals,secondary
42430805,2024-12-16,40.7336094,-74.0028114,5,1,4.0,25.0,1,0,1.0,2.0,0.0,0.0,1.0,2,-0.1416105093871293,0.9899224533422392,3.407142857142857,26.6,65.35119047619048,30.0,1023.2791666666666,traffic_signals,secondary
42430811,2024-12-16,40.7343413,-74.002395,4,1,3.0,25.0,1,0,0.0,0.0,0.0,0.0,0.0,10,-0.1416105093871293,0.9899224533422392,3.407142857142857,26.6,65.35119047619048,30.0,1023.2791666666666,traffic_signals,secondary
42430813,2024-12-16,40.7350811,-74.0019681,4,1,3.0,25.0,1,0,1.0,1.0,0.0,0.0,0.0,1,-0.1416105093871293,0.9899224533422392,3.407142857142857,26.6,65.35119047619048,30.0,1023.2791666666666,traffic_signals,secondary
42430818,2024-12-16,40.7355352,-74.0016967,3,0,3.0,25.0,1,0,0.0,0.0,0.0,0.0,0.0,51,-0.1416105093871293,0.9899224533422392,3.407142857142857,26.6,65.35119047619048,30.0,1023.2791666666666,missing,secondary
42430824,2024-12-16,40.7357944,-74.0015452,4,1,3.0,25.0,1,0,0.0,0.0,0.0,0.0,0.0,18,-0.1416105093871293,0.9899224533422392,3.407142857142857,26.6,65.35119047619048,30.0,1023.2791666666666,traffic_signals,secondary
42430828,2024-12-16,40.7365975,-74.0011098,5,1,4.0,25.0,1,0,0.0,0.0,0.0,0.0,0.0,10,-0.1416105093871293,0.9899224533422392,3.407142857142857,26.6,65.35119047619048,30.0,1023.2791666666666,traffic_signals,secondary
42430848,2024-12-16,40.7094179,-74.0051228,3,0,2.0,20.0,1,0,0.0,0.0,0.0,0.0,0.0,18,-0.1416105093871293,0.9899224533422392,3.407142857142857,26.6,65.35119047619048,30.0,1023.2791666666666,missing,residential
42430857,2024-12-16,40.7334463,-73.9955159,4,0,2.0,25.0,1,0,1.0,2.0,0.0,1.0,0.0,1,-0.1416105093871293,0.9899224533422392,3.407142857142857,26.6,65.35119047619048,30.0,1023.2791666666666,missing,secondary
42430861,2024-12-16,40.7327322,-73.9938168,4,0,1.0,25.0,1,0,0.0,0.0,0.0,0.0,0.0,24,-0.1416105093871293,0.9899224533422392,3.407142857142857,26.6,65.35119047619048,30.0,1023.2791666666666,missing,residential
42430872,2024-12-16,40.7312878,-73.990388,4,1,2.0,25.0,1,0,0.0,0.0,0.0,0.0,0.0,25,-0.1416105093871293,0.9899224533422392,3.407142857142857,26.6,65.35119047619048,30.0,1023.2791666666666,traffic_signals,secondary
42430886,2024-12-16,40.7307259,-73.9890608,4,0,4.0,25.0,1,0,1.0,1.0,1.0,0.0,1.0,1,-0.1416105093871293,0.9899224533422392,3.407142857142857,26.6,65.35119047619048,30.0,1023.2791666666666,missing,primary
42430898,2024-12-16,40.729779,-73.986812,4,0,3.0,25.0,1,0,0.0,1.0,0.0,0.0,1.0,6,-0.1416105093871293,0.9899224533422392,3.407142857142857,26.6,65.35119047619048,30.0,1023.2791666666666,missing,primary
42430903,2024-12-16,40.728779,-73.9844432,4,0,4.0,25.0,1,0,1.0,1.0,1.0,1.0,0.0,3,-0.1416105093871293,0.9899224533422392,3.407142857142857,26.6,65.35119047619048,30.0,1023.2791666666666,missing,primary
42430914,2024-12-16,40.7278454,-73.982238,4,0,2.0,20.0,1,0,0.0,0.0,0.0,0.0,0.0,39,-0.1416105093871293,0.9899224533422392,3.407142857142857,26.6,65.35119047619048,30.0,1023.2791666666666,missing,secondary
42430924,2024-12-16,40.7268652,-73.9799131,4,0,2.0,20.0,1,0,0.0,1.0,0.0,0.0,0.0,6,-0.1416105093871293,0.9899224533422392,3.407142857142857,26.6,65.35119047619048,30.0,1023.2791666666666,missing,tertiary
42430938,2024-12-16,40.7258818,-73.9775411,4,0,3.0,20.0,0,0,0.0,0.0,0.0,0.0,0.0,15,-0.1416105093871293,0.9899224533422392,3.407142857142857,26.6,65.35119047619048,30.0,1023.2791666666666,missing,secondary
42430942,2024-12-16,40.7248848,-73.9751696,4,1,2.0,20.0,0,0,0.0,0.0,0.0,0.0,0.0,24,-0.1416105093871293,0.9899224533422392,3.407142857142857,26.6,65.35119047619048,30.0,1023.2791666666666,traffic_signals,tertiary
42430951,2024-12-16,40.8506515,-73.9373618,3,0,2.0,20.0,1,0,0.0,0.0,0.0,0.0,0.0,19,-0.1416105093871293,0.9899224533422392,3.407142857142857,26.6,65.35119047619048,30.0,1023.2791666666666,missing,secondary
42430973,2024-12-16,40.7177589,-73.9753295,3,0,2.0,40.0,1,0,0.0,0.0,0.0,0.0,0.0,51,-0.1416105093871293,0.9899224533422392,3.407142857142857,26.6,65.35119047619048,30.0,1023.2791666666666,missing,primary
42430981,2024-12-16,40.7734893,-73.9890814,3,1,5.0,25.0,0,0,0.0,0.0,0.0,0.0,0.0,51,-0.1416105093871293,0.9899224533422392,3.407142857142857,26.6,65.35119047619048,30.0,1023.2791666666666,traffic_signals,secondary
42430983,2024-12-16,40.7741192,-73.9886248,4,1,5.0,25.0,0,0,0.0,0.0,0.0,0.0,0.0,14,-0.1416105093871293,0.9899224533422392,3.407142857142857,26.6,65.35119047619048,30.0,1023.2791666666666,traffic_signals,secondary
42430984,2024-12-16,40.7747427,-73.9881703,4,1,5.0,25.0,1,0,0.0,0.0,0.0,0.0,0.0,9,-0.1416105093871293,0.9899224533422392,3.407142857142857,26.6,65.35119047619048,30.0,1023.2791666666666,traffic_signals,secondary
42430985,2024-12-16,40.7753734,-73.987714,3,1,5.0,25.0,1,0,0.0,0.0,0.0,0.0,0.0,23,-0.1416105093871293,0.9899224533422392,3.407142857142857,26.6,65.35119047619048,30.0,1023.2791666666666,traffic_signals,secondary
42430989,2024-12-16,40.7760235,-73.9872396,4,1,5.0,25.0,1,0,0.0,0.0,0.0,0.0,0.0,10,-0.1416105093871293,0.9899224533422392,3.407142857142857,26.6,65.35119047619048,30.0,1023.2791666666666,traffic_signals,secondary
42431000,2024-12-16,40.7784773,-73.9854454,4,1,4.0,25.0,1,0,1.0,1.0,0.0,0.0,0.0,1,-0.1416105093871293,0.9899224533422392,3.407142857142857,26.6,65.35119047619048,30.0,1023.2791666666666,traffic_signals,secondary
42431002,2024-12-16,40.7791258,-73.9849751,4,1,5.0,25.0,1,0,0.0,0.0,0.0,0.0,0.0,26,-0.1416105093871293,0.9899224533422392,3.407142857142857,26.6,65.35119047619048,30.0,1023.2791666666666,traffic_signals,secondary
42431004,2024-12-16,40.7798127,-73.9844806,4,1,6.0,25.0,0,1,1.0,1.0,1.0,1.0,0.0,0,-0.1416105093871293,0.9899224533422392,3.407142857142857,26.6,65.35119047619048,30.0,1023.2791666666666,traffic_signals,secondary
42431005,2024-12-16,40.7804948,-73.9839842,4,1,3.0,25.0,1,0,0.0,0.0,0.0,0.0,0.0,16,-0.1416105093871293,0.9899224533422392,3.407142857142857,26.6,65.35119047619048,30.0,1023.2791666666666,traffic_signals,tertiary
42431007,2024-12-16,40.7811287,-73.9835232,4,1,3.0,25.0,1,0,0.0,0.0,0.0,0.0,0.0,51,-0.1416105093871293,0.9899224533422392,3.407142857142857,26.6,65.35119047619048,30.0,1023.2791666666666,traffic_signals,tertiary
42431008,2024-12-16,40.7817655,-73.9830559,4,1,3.0,25.0,1,0,0.0,0.0,0.0,0.0,0.0,51,-0.1416105093871293,0.9899224533422392,3.407142857142857,26.6,65.35119047619048,30.0,1023.2791666666666,traffic_signals,tertiary
42431009,2024-12-16,40.7824008,-73.9825964,4,1,3.0,25.0,1,1,1.0,1.0,1.0,0.0,1.0,0,-0.1416105093871293,0.9899224533422392,3.407142857142857,26.6,65.35119047619048,30.0,1023.2791666666666,traffic_signals,tertiary
42431015,2024-12-16,40.7830455,-73.9821238,4,1,3.0,25.0,1,0,0.0,0.0,0.0,0.0,0.0,51,-0.1416105093871293,0.9899224533422392,3.407142857142857,26.6,65.35119047619048,30.0,1023.2791666666666,traffic_signals,tertiary
42431019,2024-12-16,40.7843536,-73.9811697,4,1,4.0,25.0,0,0,0.0,0.0,0.0,0.0,0.0,46,-0.1416105093871293,0.9899224533422392,3.407142857142857,26.6,65.35119047619048,30.0,1023.2791666666666,traffic_signals,secondary
42431024,2024-12-16,40.7856725,-73.9802092,4,1,3.0,25.0,1,0,0.0,0.0,0.0,0.0,0.0,51,-0.1416105093871293,0.9899224533422392,3.407142857142857,26.6,65.35119047619048,30.0,1023.2791666666666,traffic_signals,tertiary
42431027,2024-12-16,40.786304,-73.9797464,4,1,3.0,25.0,1,0,0.0,0.0,0.0,0.0,0.0,51,-0.1416105093871293,0.9899224533422392,3.407142857142857,26.6,65.35119047619048,30.0,1023.2791666666666,traffic_signals,tertiary
42431030,2024-12-16,40.7869367,-73.979288,4,1,3.0,25.0,1,0,0.0,1.0,0.0,0.0,0.0,7,-0.1416105093871293,0.9899224533422392,3.407142857142857,26.6,65.35119047619048,30.0,1023.2791666666666,traffic_signals,tertiary
42431034,2024-12-16,40.7882037,-73.9783631,4,1,3.0,25.0,1,0,0.0,0.0,0.0,0.0,0.0,51,-0.1416105093871293,0.9899224533422392,3.407142857142857,26.6,65.35119047619048,30.0,1023.2791666666666,traffic_signals,tertiary
42431037,2024-12-16,40.7888916,-73.9778597,4,1,4.0,25.0,0,0,0.0,0.0,0.0,0.0,0.0,14,-0.1416105093871293,0.9899224533422392,3.407142857142857,26.6,65.35119047619048,30.0,1023.2791666666666,traffic_signals,secondary
42431039,2024-12-16,40.7895635,-73.9773679,4,1,3.0,25.0,1,0,0.0,0.0,0.0,0.0,0.0,51,-0.1416105093871293,0.9899224533422392,3.407142857142857,26.6,65.35119047619048,30.0,1023.2791666666666,traffic_signals,tertiary
42431044,2024-12-16,40.7901949,-73.9769096,4,1,3.0,25.0,1,0,0.0,0.0,0.0,0.0,0.0,37,-0.1416105093871293,0.9899224533422392,3.407142857142857,26.6,65.35119047619048,30.0,1023.2791666666666,traffic_signals,tertiary
42431057,2024-12-16,40.7914429,-73.9759966,4,1,3.0,25.0,1,1,1.0,1.0,0.0,0.0,0.0,0,-0.1416105093871293,0.9899224533422392,3.407142857142857,26.6,65.35119047619048,30.0,1023.2791666666666,traffic_signals,tertiary
42431067,2024-12-16,40.7920832,-73.9755293,4,1,3.0,25.0,1,0,1.0,2.0,0.0,1.0,0.0,1,-0.1416105093871293,0.9899224533422392,3.407142857142857,26.6,65.35119047619048,30.0,1023.2791666666666,traffic_signals,tertiary
42431078,2024-12-16,40.7927,-73.9750829,4,1,3.0,25.0,1,0,0.0,1.0,0.0,0.0,0.0,6,-0.1416105093871293,0.9899224533422392,3.407142857142857,26.6,65.35119047619048,30.0,1023.2791666666666,traffic_signals,tertiary
42431089,2024-12-16,40.7933289,-73.9746223,4,1,3.0,25.0,1,0,0.0,0.0,0.0,0.0,0.0,51,-0.1416105093871293,0.9899224533422392,3.407142857142857,26.6,65.35119047619048,30.0,1023.2791666666666,traffic_signals,tertiary
42431094,2024-12-16,40.7939557,-73.9741657,4,1,3.0,25.0,1,0,0.0,1.0,0.0,0.0,0.0,5,-0.1416105093871293,0.9899224533422392,3.407142857142857,26.6,65.35119047619048,30.0,1023.2791666666666,traffic_signals,tertiary
42431096,2024-12-16,40.794589,-73.9737051,4,1,3.0,25.0,1,0,0.0,0.0,0.0,0.0,0.0,10,-0.1416105093871293,0.9899224533422392,3.407142857142857,26.6,65.35119047619048,30.0,1023.2791666666666,traffic_signals,secondary
42431099,2024-12-16,40.7952567,-73.9732163,4,1,5.0,25.0,0,0,0.0,1.0,0.0,0.0,0.0,5,-0.1416105093871293,0.9899224533422392,3.407142857142857,26.6,65.35119047619048,30.0,1023.2791666666666,traffic_signals,secondary
42431102,2024-12-16,40.7959381,-73.972717,4,1,2.0,25.0,1,0,0.0,0.0,0.0,0.0,0.0,21,-0.1416105093871293,0.9899224533422392,3.407142857142857,26.6,65.35119047619048,30.0,1023.2791666666666,traffic_signals,tertiary
42431104,2024-12-16,40.7965612,-73.9722665,4,1,3.0,25.0,1,0,0.0,0.0,0.0,0.0,0.0,28,-0.1416105093871293,0.9899224533422392,3.407142857142857,26.6,65.35119047619048,30.0,1023.2791666666666,traffic_signals,tertiary
42431106,2024-12-16,40.7971932,-73.9718028,4,1,3.0,25.0,1,0,0.0,0.0,0.0,0.0,0.0,51,-0.1416105093871293,0.9899224533422392,3.407142857142857,26.6,65.35119047619048,30.0,1023.2791666666666,traffic_signals,tertiary
42431107,2024-12-16,40.7978263,-73.9713433,4,1,3.0,25.0,1,0,0.0,0.0,0.0,0.0,0.0,13,-0.1416105093871293,0.9899224533422392,3.407142857142857,26.6,65.35119047619048,30.0,1023.2791666666666,traffic_signals,tertiary
42431108,2024-12-16,40.7984503,-73.970885,4,1,3.0,25.0,1,0,0.0,0.0,0.0,0.0,0.0,48,-0.1416105093871293,0.9899224533422392,3.407142857142857,26.6,65.35119047619048,30.0,1023.2791666666666,traffic_signals,tertiary
42431111,2024-12-16,40.7990793,-73.9704265,4,1,3.0,25.0,1,0,0.0,0.0,0.0,0.0,0.0,14,-0.1416105093871293,0.9899224533422392,3.407142857142857,26.6,65.35119047619048,30.0,1023.2791666666666,traffic_signals,tertiary
42431113,2024-12-16,40.799705,-73.9699722,4,1,3.0,25.0,1,0,0.0,1.0,0.0,0.0,0.0,5,-0.1416105093871293,0.9899224533422392,3.407142857142857,26.6,65.35119047619048,30.0,1023.2791666666666,traffic_signals,tertiary
42431116,2024-12-16,40.8003353,-73.9695103,4,1,3.0,25.0,1,0,0.0,0.0,0.0,0.0,0.0,51,-0.1416105093871293,0.9899224533422392,3.407142857142857,26.6,65.35119047619048,30.0,1023.2791666666666,traffic_signals,tertiary
42431118,2024-12-16,40.8009668,-73.9690527,4,1,3.0,25.0,1,0,0.0,1.0,0.0,1.0,0.0,7,-0.1416105093871293,0.9899224533422392,3.407142857142857,26.6,65.35119047619048,30.0,1023.2791666666666,traffic_signals,tertiary
42431121,2024-12-16,40.8023404,-73.9681138,4,1,1.0,25.0,1,0,0.0,0.0,0.0,0.0,0.0,51,-0.1416105093871293,0.9899224533422392,3.407142857142857,26.6,65.35119047619048,30.0,1023.2791666666666,traffic_signals,tertiary
42431151,2024-12-16,40.7396572,-74.0063902,3,0,1.0,25.0,1,0,1.0,1.0,1.0,1.0,0.0,1,-0.1416105093871293,0.9899224533422392,3.407142857142857,26.6,65.35119047619048,30.0,1023.2791666666666,missing,residential
42431154,2024-12-16,40.7403058,-74.0079432,4,0,2.0,25.0,1,0,0.0,0.0,0.0,0.0,0.0,32,-0.1416105093871293,0.9899224533422392,3.407142857142857,26.6,65.35119047619048,30.0,1023.2791666666666,missing,residential
42431156,2024-12-16,40.7407313,-74.00896,3,0,2.0,25.0,1,0,0.0,0.0,0.0,0.0,0.0,51,-0.1416105093871293,0.9899224533422392,3.407142857142857,26.6,65.35119047619048,30.0,1023.2791666666666,missing,secondary
42431165,2024-12-16,40.7272894,-73.9936231,4,1,1.0,25.0,1,0,0.0,0.0,0.0,0.0,0.0,8,-0.1416105093871293,0.9899224533422392,3.407142857142857,26.6,65.35119047619048,30.0,1023.2791666666666,traffic_signals,secondary
42431168,2024-12-16,40.7264229,-73.9918457,4,0,2.0,25.0,1,0,0.0,0.0,0.0,0.0,0.0,51,-0.1416105093871293,0.9899224533422392,3.407142857142857,26.6,65.35119047619048,30.0,1023.2791666666666,missing,primary
42431177,2024-12-16,40.860956,-73.926502,3,0,4.0,,1,0,0.0,0.0,0.0,0.0,0.0,29,-0.1416105093871293,0.9899224533422392,3.407142857142857,26.6,65.35119047619048,30.0,1023.2791666666666,missing,primary
42431180,2024-12-16,40.863614,-73.928206,3,0,,,1,0,0.0,0.0,0.0,0.0,0.0,51,-0.1416105093871293,0.9899224533422392,3.407142857142857,26.6,65.35119047619048,30.0,1023.2791666666666,missing,residential
42431186,2024-12-16,40.8039853,-73.9603251,3,0,2.0,25.0,0,0,0.0,0.0,0.0,0.0,0.0,10,-0.1416105093871293,0.9899224533422392,3.407142857142857,26.6,65.35119047619048,30.0,1023.2791666666666,missing,tertiary
42431193,2024-12-16,40.8068579,-73.9671331,4,1,1.0,,1,0,0.0,0.0,0.0,0.0,0.0,50,-0.1416105093871293,0.9899224533422392,3.407142857142857,26.6,65.35119047619048,30.0,1023.2791666666666,traffic_signals,residential
42431200,2024-12-16,40.800073,-73.9510373,3,1,2.0,,1,0,0.0,0.0,0.0,0.0,0.0,51,-0.1416105093871293,0.9899224533422392,3.407142857142857,26.6,65.35119047619048,30.0,1023.2791666666666,traffic_signals,secondary
42431201,2024-12-16,40.8006859,-73.9525112,4,1,,,1,0,0.0,0.0,0.0,0.0,0.0,15,-0.1416105093871293,0.9899224533422392,3.407142857142857,26.6,65.35119047619048,30.0,1023.2791666666666,traffic_signals,tertiary
42431203,2024-12-16,40.801325,-73.9540205,4,1,2.0,25.0,1,0,0.0,0.0,0.0,0.0,0.0,51,-0.1416105093871293,0.9899224533422392,3.407142857142857,26.6,65.35119047619048,30.0,1023.2791666666666,traffic_signals,primary
42431207,2024-12-16,40.8024899,-73.9567756,4,1,2.0,25.0,1,0,0.0,0.0,0.0,0.0,0.0,15,-0.1416105093871293,0.9899224533422392,3.407142857142857,26.6,65.35119047619048,30.0,1023.2791666666666,traffic_signals,secondary
42431210,2024-12-16,40.8031025,-73.9582337,4,1,2.0,25.0,1,0,0.0,0.0,0.0,0.0,0.0,19,-0.1416105093871293,0.9899224533422392,3.407142857142857,26.6,65.35119047619048,30.0,1023.2791666666666,traffic_signals,residential
42431230,2024-12-16,40.86915,-73.922145,4,1,2.0,20.0,0,0,0.0,0.0,0.0,0.0,0.0,21,-0.1416105093871293,0.9899224533422392,3.407142857142857,26.6,65.35119047619048,30.0,1023.2791666666666,traffic_signals,tertiary
42431234,2024-12-16,40.868509,-73.9217178,4,1,2.0,20.0,1,0,0.0,0.0,0.0,0.0,0.0,50,-0.1416105093871293,0.9899224533422392,3.407142857142857,26.6,65.35119047619048,30.0,1023.2791666666666,traffic_signals,tertiary
42431242,2024-12-16,40.866759,-73.920612,4,1,4.0,,0,0,1.0,2.0,1.0,0.0,0.0,2,-0.1416105093871293,0.9899224533422392,3.407142857142857,26.6,65.35119047619048,30.0,1023.2791666666666,traffic_signals,primary
42431252,2024-12-16,40.864809,-73.919362,4,1,4.0,,1,0,1.0,2.0,1.0,1.0,0.0,3,-0.1416105093871293,0.9899224533422392,3.407142857142857,26.6,65.35119047619048,30.0,1023.2791666666666,traffic_signals,primary
42431257,2024-12-16,40.8644793,-73.9189398,4,1,4.0,25.0,0,0,1.0,7.0,0.0,1.0,0.0,1,-0.1416105093871293,0.9899224533422392,3.407142857142857,26.6,65.35119047619048,30.0,1023.2791666666666,traffic_signals,primary
42431260,2024-12-16,40.8636939,-73.9170603,3,1,4.0,25.0,0,0,1.0,3.0,0.0,0.0,0.0,3,-0.1416105093871293,0.9899224533422392,3.407142857142857,26.6,65.35119047619048,30.0,1023.2791666666666,traffic_signals,primary
42431273,2024-12-16,40.7315444,-74.0049377,4,0,1.0,20.0,1,0,0.0,0.0,0.0,0.0,0.0,45,-0.1416105093871293,0.9899224533422392,3.407142857142857,26.6,65.35119047619048,30.0,1023.2791666666666,missing,residential
42431275,2024-12-16,40.7316248,-74.0060166,3,0,1.0,20.0,1,0,0.0,0.0,0.0,0.0,0.0,51,-0.1416105093871293,0.9899224533422392,3.407142857142857,26.6,65.35119047619048,30.0,1023.2791666666666,missing,residential
42431293,2024-12-16,40.7917087,-73.962752,3,0,2.0,25.0,1,0,0.0,0.0,0.0,0.0,0.0,30,-0.1416105093871293,0.9899224533422392,3.407142857142857,26.6,65.35119047619048,30.0,1023.2791666666666,missing,secondary
42431447,2024-12-16,40.7878716,-73.9674683,3,1,4.0,25.0,1,0,0.0,0.0,0.0,0.0,0.0,51,-0.1416105093871293,0.9899224533422392,3.407142857142857,26.6,65.35119047619048,30.0,1023.2791666666666,traffic_signals,secondary
42431452,2024-12-16,40.735317,-73.9898706,4,0,2.0,25.0,1,0,0.0,0.0,0.0,0.0,0.0,38,-0.1416105093871293,0.9899224533422392,3.407142857142857,26.6,65.35119047619048,30.0,1023.2791666666666,missing,primary
42431453,2024-12-16,40.7346528,-73.9882945,4,0,2.0,25.0,1,0,0.0,0.0,0.0,0.0,0.0,16,-0.1416105093871293,0.9899224533422392,3.407142857142857,26.6,65.35119047619048,30.0,1023.2791666666666,missing,residential
42431459,2024-12-16,40.7339818,-73.9866911,4,0,5.0,25.0,1,0,0.0,1.0,0.0,0.0,0.0,7,-0.1416105093871293,0.9899224533422392,3.407142857142857,26.6,65.35119047619048,30.0,1023.2791666666666,missing,primary
42431461,2024-12-16,40.733372,-73.985242,3,0,1.0,25.0,1,0,0.0,0.0,0.0,0.0,0.0,51,-0.1416105093871293,0.9899224533422392,3.407142857142857,26.6,65.35119047619048,30.0,1023.2791666666666,missing,residential
42431467,2024-12-16,40.732699,-73.983646,3,0,1.0,25.0,1,0,0.0,0.0,0.0,0.0,0.0,31,-0.1416105093871293,0.9899224533422392,3.407142857142857,26.6,65.35119047619048,30.0,1023.2791666666666,missing,residential
42431470,2024-12-16,40.7320287,-73.982061,3,1,5.0,25.0,1,0,2.0,3.0,0.0,0.0,0.0,1,-0.1416105093871293,0.9899224533422392,3.407142857142857,26.6,65.35119047619048,30.0,1023.2791666666666,traffic_signals,primary
42431482,2024-12-16,40.7291391,-73.9751868,3,0,2.0,25.0,0,0,0.0,0.0,0.0,0.0,0.0,47,-0.1416105093871293,0.9899224533422392,3.407142857142857,26.6,65.35119047619048,30.0,1023.2791666666666,missing,secondary
42431490,2024-12-16,40.736691,-73.99312,4,1,3.0,25.0,1,0,0.0,0.0,0.0,0.0,0.0,8,-0.1416105093871293,0.9899224533422392,3.407142857142857,26.6,65.35119047619048,30.0,1023.2791666666666,traffic_signals,secondary
42431497,2024-12-16,40.7387661,-74.0034031,3,1,3.0,25.0,1,0,0.0,0.0,0.0,0.0,0.0,34,-0.1416105093871293,0.9899224533422392,3.407142857142857,26.6,65.35119047619048,30.0,1023.2791666666666,traffic_signals,secondary
42431500,2024-12-16,40.7387561,-74.00386,3,0,,25.0,1,0,0.0,0.0,0.0,0.0,0.0,51,-0.1416105093871293,0.9899224533422392,3.407142857142857,26.6,65.35119047619048,30.0,1023.2791666666666,stop,residential
42431503,2024-12-16,40.7387641,-74.0055102,4,1,2.0,25.0,1,0,0.0,0.0,0.0,0.0,0.0,18,-0.1416105093871293,0.9899224533422392,3.407142857142857,26.6,65.35119047619048,30.0,1023.2791666666666,traffic_signals,residential
42431505,2024-12-16,40.7387625,-74.006448,4,0,1.0,25.0,1,0,0.0,0.0,0.0,0.0,0.0,51,-0.1416105093871293,0.9899224533422392,3.407142857142857,26.6,65.35119047619048,30.0,1023.2791666666666,missing,residential
42431508,2024-12-16,40.738765,-74.008111,3,0,1.0,25.0,1,0,0.0,0.0,0.0,0.0,0.0,51,-0.1416105093871293,0.9899224533422392,3.407142857142857,26.6,65.35119047619048,30.0,1023.2791666666666,missing,residential
42431517,2024-12-16,40.729344,-74.003657,4,0,1.0,25.0,1,0,0.0,0.0,0.0,0.0,0.0,51,-0.1416105093871293,0.9899224533422392,3.407142857142857,26.6,65.35119047619048,30.0,1023.2791666666666,missing,residential
42431519,2024-12-16,40.7298634,-74.0039573,4,1,,25.0,1,1,1.0,2.0,0.0,0.0,0.0,0,-0.1416105093871293,0.9899224533422392,3.407142857142857,26.6,65.35119047619048,30.0,1023.2791666666666,traffic_signals,residential
42431524,2024-12-16,40.730447,-74.004303,4,0,1.0,25.0,1,0,0.0,0.0,0.0,0.0,0.0,51,-0.1416105093871293,0.9899224533422392,3.407142857142857,26.6,65.35119047619048,30.0,1023.2791666666666,missing,residential
42431528,2024-12-16,40.7310034,-74.0046246,4,1,1.0,20.0,1,0,0.0,0.0,0.0,0.0,0.0,51,-0.1416105093871293,0.9899224533422392,3.407142857142857,26.6,65.35119047619048,30.0,1023.2791666666666,traffic_signals,residential
42431531,2024-12-16,40.7318361,-74.0051065,4,0,1.0,20.0,1,0,0.0,0.0,0.0,0.0,0.0,51,-0.1416105093871293,0.9899224533422392,3.407142857142857,26.6,65.35119047619048,30.0,1023.2791666666666,missing,residential
42431536,2024-12-16,40.7324485,-74.005461,4,0,1.0,20.0,1,0,0.0,0.0,0.0,0.0,0.0,51,-0.1416105093871293,0.9899224533422392,3.407142857142857,26.6,65.35119047619048,30.0,1023.2791666666666,missing,residential
42431544,2024-12-16,40.7622903,-73.9744717,3,1,5.0,,1,0,2.0,3.0,1.0,0.0,0.0,2,-0.1416105093871293,0.9899224533422392,3.407142857142857,26.6,65.35119047619048,30.0,1023.2791666666666,traffic_signals,secondary
42431549,2024-12-16,40.7648393,-73.9805314,4,1,3.0,25.0,1,0,0.0,0.0,0.0,0.0,0.0,15,-0.1416105093871293,0.9899224533422392,3.407142857142857,26.6,65.35119047619048,30.0,1023.2791666666666,traffic_signals,secondary
42431556,2024-12-16,40.7660319,-73.9833766,4,1,5.0,,1,0,1.0,2.0,1.0,1.0,0.0,2,-0.1416105093871293,0.9899224533422392,3.407142857142857,26.6,65.35119047619048,30.0,1023.2791666666666,traffic_signals,secondary
42431560,2024-12-16,40.7672471,-73.9862074,4,1,5.0,,1,0,0.0,0.0,0.0,0.0,0.0,16,-0.1416105093871293,0.9899224533422392,3.407142857142857,26.6,65.35119047619048,30.0,1023.2791666666666,traffic_signals,primary
42431563,2024-12-16,40.7684455,-73.9890489,4,1,3.0,25.0,1,1,1.0,2.0,1.0,0.0,0.0,0,-0.1416105093871293,0.9899224533422392,3.407142857142857,26.6,65.35119047619048,30.0,1023.2791666666666,traffic_signals,primary
42431602,2024-12-16,40.7134819,-74.0048174,3,0,3.0,20.0,1,0,0.0,0.0,0.0,0.0,0.0,10,-0.1416105093871293,0.9899224533422392,3.407142857142857,26.6,65.35119047619048,30.0,1023.2791666666666,missing,unclassified
42431611,2024-12-16,40.7149277,-74.007932,4,1,3.0,20.0,1,0,1.0,2.0,1.0,0.0,1.0,2,-0.1416105093871293,0.9899224533422392,3.407142857142857,26.6,65.35119047619048,30.0,1023.2791666666666,traffic_signals,secondary
42431614,2024-12-16,40.7155294,-74.0092468,4,1,2.0,20.0,1,0,0.0,0.0,0.0,0.0,0.0,9,-0.1416105093871293,0.9899224533422392,3.407142857142857,26.6,65.35119047619048,30.0,1023.2791666666666,traffic_signals,secondary
42431617,2024-12-16,40.7163041,-74.0109232,4,1,3.0,20.0,1,0,0.0,1.0,0.0,0.0,0.0,7,-0.1416105093871293,0.9899224533422392,3.407142857142857,26.6,65.35119047619048,30.0,1023.2791666666666,traffic_signals,secondary
42431626,2024-12-16,40.7171351,-74.0127568,4,1,4.0,30.0,1,0,1.0,2.0,1.0,0.0,1.0,3,-0.1416105093871293,0.9899224533422392,3.407142857142857,26.6,65.35119047619048,30.0,1023.2791666666666,traffic_signals,trunk
42431629,2024-12-16,40.7176193,-74.0138194,3,0,2.0,20.0,1,0,0.0,0.0,0.0,0.0,0.0,51,-0.1416105093871293,0.9899224533422392,3.407142857142857,26.6,65.35119047619048,30.0,1023.2791666666666,missing,residential
42431630,2024-12-16,40.7177265,-74.0140548,3,0,2.0,20.0,1,0,0.0,0.0,0.0,0.0,0.0,15,-0.1416105093871293,0.9899224533422392,3.407142857142857,26.6,65.35119047619048,30.0,1023.2791666666666,missing,residential
42431643,2024-12-16,40.8266537,-73.9430556,3,1,3.0,25.0,1,0,0.0,0.0,0.0,0.0,0.0,8,-0.1416105093871293,0.9899224533422392,3.407142857142857,26.6,65.35119047619048,30.0,1023.2791666666666,traffic_signals,secondary
42431649,2024-12-16,40.767394,-73.970728,3,1,3.0,25.0,1,0,0.0,0.0,0.0,0.0,0.0,9,-0.1416105093871293,0.9899224533422392,3.407142857142857,26.6,65.35119047619048,30.0,1023.2791666666666,traffic_signals,secondary
42431650,2024-12-16,40.7667187,-73.969127,4,1,3.0,25.0,1,0,0.0,0.0,0.0,0.0,0.0,51,-0.1416105093871293,0.9899224533422392,3.407142857142857,26.6,65.35119047619048,30.0,1023.2791666666666,traffic_signals,secondary
42431652,2024-12-16,40.7660116,-73.9674335,4,0,3.0,25.0,1,0,0.0,1.0,0.0,0.0,0.0,4,-0.1416105093871293,0.9899224533422392,3.407142857142857,26.6,65.35119047619048,30.0,1023.2791666666666,missing,primary
42431654,2024-12-16,40.7653629,-73.965901,4,1,4.0,25.0,1,0,0.0,0.0,0.0,0.0,0.0,12,-0.1416105093871293,0.9899224533422392,3.407142857142857,26.6,65.35119047619048,30.0,1023.2791666666666,traffic_signals,secondary
42431656,2024-12-16,40.7646823,-73.9642995,4,1,4.0,,1,0,1.0,3.0,0.0,0.0,0.0,1,-0.1416105093871293,0.9899224533422392,3.407142857142857,26.6,65.35119047619048,30.0,1023.2791666666666,traffic_signals,primary
42431659,2024-12-16,40.7637382,-73.9620616,4,1,5.0,25.0,1,0,0.0,1.0,0.0,0.0,1.0,6,-0.1416105093871293,0.9899224533422392,3.407142857142857,26.6,65.35119047619048,30.0,1023.2791666666666,traffic_signals,primary
42431661,2024-12-16,40.7627398,-73.9596948,4,1,5.0,25.0,1,0,0.0,0.0,0.0,0.0,0.0,51,-0.1416105093871293,0.9899224533422392,3.407142857142857,26.6,65.35119047619048,30.0,1023.2791666666666,traffic_signals,primary
42431666,2024-12-16,40.8678058,-73.9300052,3,0,2.0,20.0,1,0,0.0,0.0,0.0,0.0,0.0,45,-0.1416105093871293,0.9899224533422392,3.407142857142857,26.6,65.35119047619048,30.0,1023.2791666666666,missing,secondary
42431671,2024-12-16,40.769901,-73.968904,3,1,3.0,25.0,1,0,0.0,0.0,0.0,0.0,0.0,51,-0.1416105093871293,0.9899224533422392,3.407142857142857,26.6,65.35119047619048,30.0,1023.2791666666666,traffic_signals,secondary
42431674,2024-12-16,40.7692257,-73.9673032,4,1,4.0,25.0,1,0,0.0,0.0,0.0,0.0,0.0,51,-0.1416105093871293,0.9899224533422392,3.407142857142857,26.6,65.35119047619048,30.0,1023.2791666666666,traffic_signals,secondary
42431677,2024-12-16,40.7685108,-73.9656086,4,1,3.0,25.0,1,0,0.0,0.0,0.0,0.0,0.0,9,-0.1416105093871293,0.9899224533422392,3.407142857142857,26.6,65.35119047619048,30.0,1023.2791666666666,traffic_signals,primary
42431678,2024-12-16,40.7678647,-73.9640765,4,1,3.0,25.0,1,0,0.0,0.0,0.0,0.0,0.0,12,-0.1416105093871293,0.9899224533422392,3.407142857142857,26.6,65.35119047619048,30.0,1023.2791666666666,traffic_signals,secondary
42431680,2024-12-16,40.767188,-73.9624718,4,1,5.0,25.0,1,0,0.0,0.0,0.0,0.0,0.0,42,-0.1416105093871293,0.9899224533422392,3.407142857142857,26.6,65.35119047619048,30.0,1023.2791666666666,traffic_signals,primary
42431681,2024-12-16,40.7662419,-73.9602285,4,1,5.0,25.0,1,0,0.0,0.0,0.0,0.0,0.0,17,-0.1416105093871293,0.9899224533422392,3.407142857142857,26.6,65.35119047619048,30.0,1023.2791666666666,traffic_signals,primary
42431684,2024-12-16,40.7652359,-73.9578431,4,1,5.0,25.0,1,0,2.0,2.0,1.0,1.0,0.0,3,-0.1416105093871293,0.9899224533422392,3.407142857142857,26.6,65.35119047619048,30.0,1023.2791666666666,traffic_signals,primary
42431724,2024-12-16,40.8778412,-73.9100278,3,0,1.0,,1,0,0.0,0.0,0.0,0.0,0.0,51,-0.1416105093871293,0.9899224533422392,3.407142857142857,26.6,65.35119047619048,30.0,1023.2791666666666,missing,residential
42431729,2024-12-16,40.8767499,-73.9126886,3,0,1.0,,1,0,0.0,0.0,0.0,0.0,0.0,51,-0.1416105093871293,0.9899224533422392,3.407142857142857,26.6,65.35119047619048,30.0,1023.2791666666666,missing,residential
42431773,2024-12-16,40.7303374,-74.0024762,4,1,1.0,25.0,1,0,1.0,1.0,0.0,0.0,0.0,1,-0.1416105093871293,0.9899224533422392,3.407142857142857,26.6,65.35119047619048,30.0,1023.2791666666666,traffic_signals,residential
42431777,2024-12-16,40.730922,-74.0028182,3,0,1.0,25.0,1,0,0.0,0.0,0.0,0.0,0.0,51,-0.1416105093871293,0.9899224533422392,3.407142857142857,26.6,65.35119047619048,30.0,1023.2791666666666,missing,residential
42431785,2024-12-16,40.7314683,-74.0031289,3,0,1.0,25.0,1,0,1.0,1.0,0.0,0.0,0.0,2,-0.1416105093871293,0.9899224533422392,3.407142857142857,26.6,65.35119047619048,30.0,1023.2791666666666,missing,residential
42431789,2024-12-16,40.7317466,-74.0032895,3,0,1.0,25.0,1,0,0.0,0.0,0.0,0.0,0.0,14,-0.1416105093871293,0.9899224533422392,3.407142857142857,26.6,65.35119047619048,30.0,1023.2791666666666,missing,residential
42431797,2024-12-16,40.732925,-74.0039756,4,1,1.0,20.0,1,0,0.0,0.0,0.0,0.0,0.0,27,-0.1416105093871293,0.9899224533422392,3.407142857142857,26.6,65.35119047619048,30.0,1023.2791666666666,traffic_signals,residential
42431802,2024-12-16,40.7333991,-74.0042514,4,1,1.0,20.0,1,0,0.0,0.0,0.0,0.0,0.0,39,-0.1416105093871293,0.9899224533422392,3.407142857142857,26.6,65.35119047619048,30.0,1023.2791666666666,traffic_signals,residential
42431804,2024-12-16,40.73401,-74.004561,4,1,,20.0,1,0,0.0,0.0,0.0,0.0,0.0,10,-0.1416105093871293,0.9899224533422392,3.407142857142857,26.6,65.35119047619048,30.0,1023.2791666666666,traffic_signals,residential
42431805,2024-12-16,40.7346517,-74.0047458,4,1,,20.0,1,0,1.0,1.0,0.0,0.0,0.0,1,-0.1416105093871293,0.9899224533422392,3.407142857142857,26.6,65.35119047619048,30.0,1023.2791666666666,traffic_signals,residential
42431812,2024-12-16,40.7352971,-74.0049302,4,1,,20.0,1,0,0.0,0.0,0.0,0.0,0.0,51,-0.1416105093871293,0.9899224533422392,3.407142857142857,26.6,65.35119047619048,30.0,1023.2791666666666,traffic_signals,residential
42431814,2024-12-16,40.735971,-74.0051285,4,1,,20.0,1,0,0.0,0.0,0.0,0.0,0.0,51,-0.1416105093871293,0.9899224533422392,3.407142857142857,26.6,65.35119047619048,30.0,1023.2791666666666,traffic_signals,residential
42431822,2024-12-16,40.7254617,-73.9930426,3,0,1.0,25.0,1,0,0.0,0.0,0.0,0.0,0.0,36,-0.1416105093871293,0.9899224533422392,3.407142857142857,26.6,65.35119047619048,30.0,1023.2791666666666,missing,residential
42431868,2024-12-16,40.7049939,-74.0115415,3,1,1.0,20.0,1,0,0.0,1.0,0.0,0.0,0.0,7,-0.1416105093871293,0.9899224533422392,3.407142857142857,26.6,65.35119047619048,30.0,1023.2791666666666,traffic_signals,residential
42431875,2024-12-16,40.7042465,-74.0115763,3,0,2.0,20.0,1,0,0.0,0.0,0.0,0.0,0.0,48,-0.1416105093871293,0.9899224533422392,3.407142857142857,26.6,65.35119047619048,30.0,1023.2791666666666,missing,residential
42431877,2024-12-16,40.7040261,-74.0115861,3,1,2.0,20.0,1,0,0.0,0.0,0.0,0.0,0.0,51,-0.1416105093871293,0.9899224533422392,3.407142857142857,26.6,65.35119047619048,30.0,1023.2791666666666,traffic_signals,residential
42431889,2024-12-16,40.7034746,-74.0115948,4,1,2.0,20.0,1,0,0.0,0.0,0.0,0.0,0.0,15,-0.1416105093871293,0.9899224533422392,3.407142857142857,26.6,65.35119047619048,30.0,1023.2791666666666,traffic_signals,residential
42431898,2024-12-16,40.7029659,-74.0115133,4,1,3.0,20.0,0,0,0.0,0.0,0.0,0.0,0.0,8,-0.1416105093871293,0.9899224533422392,3.407142857142857,26.6,65.35119047619048,30.0,1023.2791666666666,traffic_signals,primary
42431902,2024-12-16,40.7017865,-74.0111627,3,0,3.0,20.0,1,0,0.0,1.0,0.0,0.0,0.0,6,-0.1416105093871293,0.9899224533422392,3.407142857142857,26.6,65.35119047619048,30.0,1023.2791666666666,missing,primary
42431990,2024-12-16,40.7127254,-73.9979907,3,0,2.0,20.0,1,0,0.0,0.0,0.0,0.0,0.0,51,-0.1416105093871293,0.9899224533422392,3.407142857142857,26.6,65.35119047619048,30.0,1023.2791666666666,missing,residential
42431992,2024-12-16,40.7119737,-73.9977759,3,1,2.0,20.0,1,0,0.0,0.0,0.0,0.0,0.0,10,-0.1416105093871293,0.9899224533422392,3.407142857142857,26.6,65.35119047619048,30.0,1023.2791666666666,traffic_signals,secondary
42432000,2024-12-16,40.7131988,-73.9838874,3,1,,25.0,1,0,0.0,0.0,0.0,0.0,0.0,42,-0.1416105093871293,0.9899224533422392,3.407142857142857,26.6,65.35119047619048,30.0,1023.2791666666666,traffic_signals,residential
42432002,2024-12-16,40.711317,-73.983616,3,0,1.0,25.0,1,0,0.0,0.0,0.0,0.0,0.0,51,-0.1416105093871293,0.9899224533422392,3.407142857142857,26.6,65.35119047619048,30.0,1023.2791666666666,missing,residential
42432054,2024-12-16,40.7221822,-73.9908923,3,0,1.0,25.0,1,0,0.0,0.0,0.0,0.0,0.0,51,-0.1416105093871293,0.9899224533422392,3.407142857142857,26.6,65.35119047619048,30.0,1023.2791666666666,missing,residential
42432057,2024-12-16,40.7216851,-73.9892792,3,1,2.0,25.0,1,0,0.0,0.0,0.0,0.0,0.0,36,-0.1416105093871293,0.9899224533422392,3.407142857142857,26.6,65.35119047619048,30.0,1023.2791666666666,traffic_signals,primary
42432060,2024-12-16,40.7216145,-73.9890209,3,1,2.0,25.0,1,1,1.0,1.0,0.0,0.0,0.0,0,-0.1416105093871293,0.9899224533422392,3.407142857142857,26.6,65.35119047619048,30.0,1023.2791666666666,traffic_signals,primary
42432063,2024-12-16,40.7214626,-73.9885157,4,0,1.0,25.0,1,0,0.0,1.0,0.0,0.0,0.0,7,-0.1416105093871293,0.9899224533422392,3.407142857142857,26.6,65.35119047619048,30.0,1023.2791666666666,stop,residential
42432066,2024-12-16,40.7212346,-73.9877644,4,0,1.0,25.0,1,0,0.0,2.0,0.0,0.0,0.0,5,-0.1416105093871293,0.9899224533422392,3.407142857142857,26.6,65.35119047619048,30.0,1023.2791666666666,stop,residential
42432068,2024-12-16,40.7209878,-73.986948,4,1,3.0,25.0,1,0,1.0,2.0,2.0,1.0,1.0,2,-0.1416105093871293,0.9899224533422392,3.407142857142857,26.6,65.35119047619048,30.0,1023.2791666666666,traffic_signals,primary
42432071,2024-12-16,40.7207483,-73.986157,4,1,1.0,25.0,1,0,0.0,0.0,0.0,0.0,0.0,14,-0.1416105093871293,0.9899224533422392,3.407142857142857,26.6,65.35119047619048,30.0,1023.2791666666666,traffic_signals,residential
42432073,2024-12-16,40.7204937,-73.9853164,4,1,1.0,25.0,1,0,0.0,0.0,0.0,0.0,0.0,24,-0.1416105093871293,0.9899224533422392,3.407142857142857,26.6,65.35119047619048,30.0,1023.2791666666666,traffic_signals,residential
42432075,2024-12-16,40.7202373,-73.9844697,4,1,1.0,25.0,1,0,1.0,1.0,0.0,0.0,0.0,1,-0.1416105093871293,0.9899224533422392,3.407142857142857,26.6,65.35119047619048,30.0,1023.2791666666666,traffic_signals,residential
42432078,2024-12-16,40.7197245,-73.9827973,4,1,1.0,25.0,1,0,0.0,0.0,0.0,0.0,0.0,11,-0.1416105093871293,0.9899224533422392,3.407142857142857,26.6,65.35119047619048,30.0,1023.2791666666666,traffic_signals,residential
42432082,2024-12-16,40.7228311,-73.993165,3,0,3.0,25.0,1,0,0.0,1.0,0.0,0.0,1.0,5,-0.1416105093871293,0.9899224533422392,3.407142857142857,26.6,65.35119047619048,30.0,1023.2791666666666,missing,primary
42432083,2024-12-16,40.7224213,-73.9916699,3,0,4.0,25.0,1,0,1.0,1.0,0.0,0.0,0.0,1,-0.1416105093871293,0.9899224533422392,3.407142857142857,26.6,65.35119047619048,30.0,1023.2791666666666,missing,secondary
42432085,2024-12-16,40.7190796,-73.9933726,3,0,4.0,25.0,1,0,0.0,0.0,0.0,0.0,0.0,8,-0.1416105093871293,0.9899224533422392,3.407142857142857,26.6,65.35119047619048,30.0,1023.2791666666666,missing,secondary
42432091,2024-12-16,40.7163967,-73.9845346,3,0,,25.0,1,0,0.0,0.0,0.0,0.0,0.0,9,-0.1416105093871293,0.9899224533422392,3.407142857142857,26.6,65.35119047619048,30.0,1023.2791666666666,missing,residential
42432094,2024-12-16,40.7168982,-73.986194,4,0,1.0,25.0,1,0,0.0,0.0,0.0,0.0,0.0,20,-0.1416105093871293,0.9899224533422392,3.407142857142857,26.6,65.35119047619048,30.0,1023.2791666666666,missing,residential
42432095,2024-12-16,40.7171547,-73.9870412,4,0,1.0,25.0,1,0,0.0,0.0,0.0,0.0,0.0,27,-0.1416105093871293,0.9899224533422392,3.407142857142857,26.6,65.35119047619048,30.0,1023.2791666666666,missing,residential
42432097,2024-12-16,40.71741,-73.9878823,4,1,1.0,25.0,1,0,0.0,0.0,0.0,0.0,0.0,10,-0.1416105093871293,0.9899224533422392,3.407142857142857,26.6,65.35119047619048,30.0,1023.2791666666666,traffic_signals,primary
42432099,2024-12-16,40.71765,-73.988671,4,1,5.0,25.0,1,0,1.0,1.0,0.0,0.0,0.0,3,-0.1416105093871293,0.9899224533422392,3.407142857142857,26.6,65.35119047619048,30.0,1023.2791666666666,traffic_signals,residential
42432102,2024-12-16,40.7178944,-73.9894779,4,0,1.0,25.0,1,0,0.0,0.0,0.0,0.0,0.0,51,-0.1416105093871293,0.9899224533422392,3.407142857142857,26.6,65.35119047619048,30.0,1023.2791666666666,missing,residential
42432103,2024-12-16,40.7181237,-73.9902319,4,0,1.0,25.0,1,0,0.0,0.0,0.0,0.0,0.0,11,-0.1416105093871293,0.9899224533422392,3.407142857142857,26.6,65.35119047619048,30.0,1023.2791666666666,missing,residential
42432105,2024-12-16,40.7182673,-73.99071,3,1,2.0,25.0,1,0,0.0,0.0,0.0,0.0,0.0,51,-0.1416105093871293,0.9899224533422392,3.407142857142857,26.6,65.35119047619048,30.0,1023.2791666666666,traffic_signals,primary
42432108,2024-12-16,40.7183505,-73.9909824,3,1,2.0,25.0,1,0,0.0,0.0,0.0,0.0,0.0,30,-0.1416105093871293,0.9899224533422392,3.407142857142857,26.6,65.35119047619048,30.0,1023.2791666666666,traffic_signals,primary
42432111,2024-12-16,40.7188452,-73.9926039,3,0,1.0,25.0,1,0,0.0,0.0,0.0,0.0,0.0,51,-0.1416105093871293,0.9899224533422392,3.407142857142857,26.6,65.35119047619048,30.0,1023.2791666666666,missing,residential
42432127,2024-12-16,40.724055,-74.00438,3,1,1.0,25.0,1,0,0.0,0.0,0.0,0.0,0.0,30,-0.1416105093871293,0.9899224533422392,3.407142857142857,26.6,65.35119047619048,30.0,1023.2791666666666,traffic_signals,residential
42432135,2024-12-16,40.7236874,-74.0036454,4,1,1.0,25.0,1,0,0.0,0.0,0.0,0.0,0.0,20,-0.1416105093871293,0.9899224533422392,3.407142857142857,26.6,65.35119047619048,30.0,1023.2791666666666,traffic_signals,residential
42432142,2024-12-16,40.7233168,-74.0029951,5,1,4.0,25.0,1,0,0.0,0.0,0.0,0.0,0.0,25,-0.1416105093871293,0.9899224533422392,3.407142857142857,26.6,65.35119047619048,30.0,1023.2791666666666,traffic_signals,primary
42432148,2024-12-16,40.7229396,-74.0021789,4,0,2.0,25.0,1,0,0.0,0.0,0.0,0.0,0.0,51,-0.1416105093871293,0.9899224533422392,3.407142857142857,26.6,65.35119047619048,30.0,1023.2791666666666,missing,primary
42432152,2024-12-16,40.7225657,-74.0014195,4,0,2.0,25.0,1,0,0.0,0.0,0.0,0.0,0.0,51,-0.1416105093871293,0.9899224533422392,3.407142857142857,26.6,65.35119047619048,30.0,1023.2791666666666,missing,primary
42432156,2024-12-16,40.7221954,-74.0006646,4,0,2.0,25.0,1,0,0.0,0.0,0.0,0.0,0.0,51,-0.1416105093871293,0.9899224533422392,3.407142857142857,26.6,65.35119047619048,30.0,1023.2791666666666,missing,primary
42432161,2024-12-16,40.7214242,-73.9990287,4,0,2.0,25.0,1,0,0.0,0.0,0.0,0.0,0.0,16,-0.1416105093871293,0.9899224533422392,3.407142857142857,26.6,65.35119047619048,30.0,1023.2791666666666,missing,primary
42432165,2024-12-16,40.7210819,-73.9982238,4,0,3.0,25.0,1,0,0.0,1.0,0.0,0.0,0.0,7,-0.1416105093871293,0.9899224533422392,3.407142857142857,26.6,65.35119047619048,30.0,1023.2791666666666,missing,primary
42432171,2024-12-16,40.7207124,-73.9973444,3,0,2.0,25.0,1,0,0.0,0.0,0.0,0.0,0.0,26,-0.1416105093871293,0.9899224533422392,3.407142857142857,26.6,65.35119047619048,30.0,1023.2791666666666,missing,secondary
42432174,2024-12-16,40.7205066,-73.9968358,4,0,2.0,25.0,1,0,0.0,0.0,0.0,0.0,0.0,42,-0.1416105093871293,0.9899224533422392,3.407142857142857,26.6,65.35119047619048,30.0,1023.2791666666666,missing,secondary
42432178,2024-12-16,40.7201804,-73.9960274,4,1,1.0,25.0,1,0,0.0,0.0,0.0,0.0,0.0,21,-0.1416105093871293,0.9899224533422392,3.407142857142857,26.6,65.35119047619048,30.0,1023.2791666666666,traffic_signals,secondary
42432181,2024-12-16,40.7198711,-73.9952571,4,1,1.0,25.0,1,0,0.0,0.0,0.0,0.0,0.0,51,-0.1416105093871293,0.9899224533422392,3.407142857142857,26.6,65.35119047619048,30.0,1023.2791666666666,traffic_signals,secondary
42432184,2024-12-16,40.7194667,-73.9943946,4,0,4.0,25.0,1,0,1.0,3.0,0.0,1.0,0.0,1,-0.1416105093871293,0.9899224533422392,3.407142857142857,26.6,65.35119047619048,30.0,1023.2791666666666,missing,primary
42432191,2024-12-16,40.7340784,-73.9996733,4,0,2.0,25.0,1,0,0.0,0.0,0.0,0.0,0.0,18,-0.1416105093871293,0.9899224533422392,3.407142857142857,26.6,65.35119047619048,30.0,1023.2791666666666,missing,secondary
42432194,2024-12-16,40.7346949,-73.9999737,4,0,2.0,25.0,1,0,0.0,0.0,0.0,0.0,0.0,20,-0.1416105093871293,0.9899224533422392,3.407142857142857,26.6,65.35119047619048,30.0,1023.2791666666666,missing,secondary
42432199,2024-12-16,40.7353213,-74.0003548,3,1,2.0,25.0,1,0,0.0,0.0,0.0,0.0,0.0,23,-0.1416105093871293,0.9899224533422392,3.407142857142857,26.6,65.35119047619048,30.0,1023.2791666666666,traffic_signals,secondary
42432201,2024-12-16,40.735926,-74.000722,3,0,2.0,25.0,1,0,0.0,0.0,0.0,0.0,0.0,37,-0.1416105093871293,0.9899224533422392,3.407142857142857,26.6,65.35119047619048,30.0,1023.2791666666666,missing,secondary
42432205,2024-12-16,40.737168,-74.001463,3,0,2.0,25.0,1,0,0.0,0.0,0.0,0.0,0.0,51,-0.1416105093871293,0.9899224533422392,3.407142857142857,26.6,65.35119047619048,30.0,1023.2791666666666,missing,secondary
42432208,2024-12-16,40.7376609,-74.001755,4,1,2.0,25.0,1,0,0.0,0.0,0.0,0.0,0.0,37,-0.1416105093871293,0.9899224533422392,3.407142857142857,26.6,65.35119047619048,30.0,1023.2791666666666,traffic_signals,secondary
42432211,2024-12-16,40.7381445,-74.0020422,3,0,,25.0,1,0,0.0,0.0,0.0,0.0,0.0,51,-0.1416105093871293,0.9899224533422392,3.407142857142857,26.6,65.35119047619048,30.0,1023.2791666666666,missing,secondary
42432214,2024-12-16,40.739375,-74.0027775,3,1,4.0,25.0,1,0,0.0,0.0,0.0,0.0,0.0,27,-0.1416105093871293,0.9899224533422392,3.407142857142857,26.6,65.35119047619048,30.0,1023.2791666666666,traffic_signals,secondary
42432218,2024-12-16,40.8381008,-73.9362457,3,0,2.0,,1,0,1.0,1.0,0.0,0.0,0.0,1,-0.1416105093871293,0.9899224533422392,3.407142857142857,26.6,65.35119047619048,30.0,1023.2791666666666,missing,tertiary
42432220,2024-12-16,40.838668,-73.93665,3,0,,,1,0,0.0,0.0,0.0,0.0,0.0,12,-0.1416105093871293,0.9899224533422392,3.407142857142857,26.6,65.35119047619048,30.0,1023.2791666666666,missing,residential
42432223,2024-12-16,40.8394631,-73.9372062,3,1,5.0,,0,0,0.0,0.0,0.0,0.0,0.0,51,-0.1416105093871293,0.9899224533422392,3.407142857142857,26.6,65.35119047619048,30.0,1023.2791666666666,traffic_signals,secondary
42432226,2024-12-16,40.8398976,-73.9388015,4,1,,20.0,1,0,0.0,0.0,0.0,0.0,0.0,51,-0.1416105093871293,0.9899224533422392,3.407142857142857,26.6,65.35119047619048,30.0,1023.2791666666666,traffic_signals,tertiary
42432228,2024-12-16,40.8402585,-73.9396778,3,1,1.0,25.0,1,0,0.0,0.0,0.0,0.0,0.0,51,-0.1416105093871293,0.9899224533422392,3.407142857142857,26.6,65.35119047619048,30.0,1023.2791666666666,traffic_signals,secondary
42432238,2024-12-16,40.7145118,-73.9987971,3,0,1.0,20.0,1,0,0.0,0.0,0.0,0.0,0.0,30,-0.1416105093871293,0.9899224533422392,3.407142857142857,26.6,65.35119047619048,30.0,1023.2791666666666,missing,residential
42432241,2024-12-16,40.714995,-73.998866,3,0,1.0,20.0,1,1,1.0,1.0,0.0,0.0,0.0,0,-0.1416105093871293,0.9899224533422392,3.407142857142857,26.6,65.35119047619048,30.0,1023.2791666666666,missing,residential
42432244,2024-12-16,40.7156303,-73.9984926,4,1,1.0,20.0,1,0,0.0,0.0,0.0,0.0,0.0,29,-0.1416105093871293,0.9899224533422392,3.407142857142857,26.6,65.35119047619048,30.0,1023.2791666666666,traffic_signals,residential
42432246,2024-12-16,40.7168306,-73.9977656,4,1,5.0,25.0,1,0,1.0,1.0,0.0,0.0,0.0,3,-0.1416105093871293,0.9899224533422392,3.407142857142857,26.6,65.35119047619048,30.0,1023.2791666666666,traffic_signals,primary
42432250,2024-12-16,40.7178782,-73.9971031,4,1,1.0,25.0,1,0,1.0,2.0,0.0,0.0,0.0,2,-0.1416105093871293,0.9899224533422392,3.407142857142857,26.6,65.35119047619048,30.0,1023.2791666666666,traffic_signals,residential
42432282,2024-12-16,40.7190617,-73.9964718,4,1,1.0,25.0,1,0,0.0,0.0,0.0,0.0,0.0,29,-0.1416105093871293,0.9899224533422392,3.407142857142857,26.6,65.35119047619048,30.0,1023.2791666666666,traffic_signals,secondary
42432302,2024-12-16,40.7216242,-73.9954604,4,1,1.0,25.0,1,0,0.0,0.0,0.0,0.0,0.0,9,-0.1416105093871293,0.9899224533422392,3.407142857142857,26.6,65.35119047619048,30.0,1023.2791666666666,traffic_signals,residential
42432305,2024-12-16,40.723036,-73.994909,4,1,1.0,25.0,1,0,0.0,0.0,0.0,0.0,0.0,37,-0.1416105093871293,0.9899224533422392,3.407142857142857,26.6,65.35119047619048,30.0,1023.2791666666666,traffic_signals,residential
42432308,2024-12-16,40.7247637,-73.9941491,4,1,4.0,25.0,1,0,0.0,0.0,0.0,0.0,0.0,51,-0.1416105093871293,0.9899224533422392,3.407142857142857,26.6,65.35119047619048,30.0,1023.2791666666666,traffic_signals,primary
42432352,2024-12-16,40.797101,-73.9490776,4,1,3.0,25.0,1,0,0.0,0.0,0.0,0.0,0.0,51,-0.1416105093871293,0.9899224533422392,3.407142857142857,26.6,65.35119047619048,30.0,1023.2791666666666,traffic_signals,secondary
42432376,2024-12-16,40.7967335,-73.9488554,3,0,1.0,25.0,1,0,0.0,0.0,0.0,0.0,0.0,51,-0.1416105093871293,0.9899224533422392,3.407142857142857,26.6,65.35119047619048,30.0,1023.2791666666666,stop,residential
42432395,2024-12-16,40.7966362,-73.9494082,4,1,2.0,25.0,1,0,0.0,0.0,0.0,0.0,0.0,51,-0.1416105093871293,0.9899224533422392,3.407142857142857,26.6,65.35119047619048,30.0,1023.2791666666666,traffic_signals,secondary
42432436,2024-12-16,40.7528159,-73.9813803,3,1,5.0,25.0,1,0,0.0,0.0,0.0,0.0,0.0,8,-0.1416105093871293,0.9899224533422392,3.407142857142857,26.6,65.35119047619048,30.0,1023.2791666666666,traffic_signals,secondary
42432438,2024-12-16,40.7521404,-73.9797786,4,1,4.0,25.0,1,0,1.0,1.0,1.0,0.0,0.0,3,-0.1416105093871293,0.9899224533422392,3.407142857142857,26.6,65.35119047619048,30.0,1023.2791666666666,traffic_signals,secondary
42432444,2024-12-16,40.7507849,-73.9765398,4,0,4.0,25.0,1,0,0.0,0.0,0.0,0.0,0.0,20,-0.1416105093871293,0.9899224533422392,3.407142857142857,26.6,65.35119047619048,30.0,1023.2791666666666,missing,secondary
42432451,2024-12-16,40.7501166,-73.974954,4,0,5.0,25.0,1,0,1.0,2.0,1.0,0.0,0.0,2,-0.1416105093871293,0.9899224533422392,3.407142857142857,26.6,65.35119047619048,30.0,1023.2791666666666,missing,primary
42432458,2024-12-16,40.7497428,-73.9740737,3,0,3.0,25.0,1,0,0.0,0.0,0.0,0.0,0.0,12,-0.1416105093871293,0.9899224533422392,3.407142857142857,26.6,65.35119047619048,30.0,1023.2791666666666,missing,residential
42432464,2024-12-16,40.7491639,-73.9727006,4,1,6.0,25.0,1,0,0.0,2.0,0.0,1.0,1.0,5,-0.1416105093871293,0.9899224533422392,3.407142857142857,26.6,65.35119047619048,30.0,1023.2791666666666,traffic_signals,primary
42432540,2024-12-16,40.7484102,-73.9709247,4,0,3.0,25.0,1,0,0.0,0.0,0.0,0.0,0.0,27,-0.1416105093871293,0.9899224533422392,3.407142857142857,26.6,65.35119047619048,30.0,1023.2791666666666,missing,residential
42432556,2024-12-16,40.7769031,-73.9754712,3,1,4.0,25.0,1,0,1.0,1.0,1.0,1.0,0.0,1,-0.1416105093871293,0.9899224533422392,3.407142857142857,26.6,65.35119047619048,30.0,1023.2791666666666,traffic_signals,secondary
42432558,2024-12-16,40.7781042,-73.9783086,4,1,3.0,25.0,1,0,0.0,1.0,0.0,0.0,1.0,6,-0.1416105093871293,0.9899224533422392,3.407142857142857,26.6,65.35119047619048,30.0,1023.2791666666666,traffic_signals,primary
42432564,2024-12-16,40.779284,-73.9811164,4,1,4.0,,1,0,0.0,1.0,0.0,0.0,0.0,6,-0.1416105093871293,0.9899224533422392,3.407142857142857,26.6,65.35119047619048,30.0,1023.2791666666666,traffic_signals,primary
42432572,2024-12-16,40.7810707,-73.9853731,3,1,,,1,0,0.0,0.0,0.0,0.0,0.0,21,-0.1416105093871293,0.9899224533422392,3.407142857142857,26.6,65.35119047619048,30.0,1023.2791666666666,traffic_signals,secondary
42432580,2024-12-16,40.7579096,-73.9776624,4,1,4.0,,1,1,3.0,3.0,0.0,0.0,0.0,0,-0.1416105093871293,0.9899224533422392,3.407142857142857,26.6,65.35119047619048,30.0,1023.2791666666666,traffic_signals,secondary
42432585,2024-12-16,40.7604633,-73.9837062,4,1,3.0,25.0,1,0,0.0,0.0,0.0,0.0,0.0,18,-0.1416105093871293,0.9899224533422392,3.407142857142857,26.6,65.35119047619048,30.0,1023.2791666666666,traffic_signals,secondary
42432589,2024-12-16,40.7616677,-73.9865661,4,1,3.0,25.0,1,0,0.0,1.0,0.0,0.0,0.0,4,-0.1416105093871293,0.9899224533422392,3.407142857142857,26.6,65.35119047619048,30.0,1023.2791666666666,traffic_signals,secondary
42432594,2024-12-16,40.7628617,-73.9894017,4,1,4.0,25.0,1,1,2.0,2.0,1.0,0.0,0.0,0,-0.1416105093871293,0.9899224533422392,3.407142857142857,26.6,65.35119047619048,30.0,1023.2791666666666,traffic_signals,primary
42432598,2024-12-16,40.7640575,-73.9922415,4,1,3.0,25.0,1,0,0.0,2.0,0.0,1.0,1.0,5,-0.1416105093871293,0.9899224533422392,3.407142857142857,26.6,65.35119047619048,30.0,1023.2791666666666,traffic_signals,primary
42432659,2024-12-16,40.8204475,-73.9362503,4,1,4.0,25.0,1,0,1.0,1.0,1.0,0.0,1.0,3,-0.1416105093871293,0.9899224533422392,3.407142857142857,26.6,65.35119047619048,30.0,1023.2791666666666,traffic_signals,secondary
42432665,2024-12-16,40.8211204,-73.9357506,3,1,,,1,0,0.0,0.0,0.0,0.0,0.0,34,-0.1416105093871293,0.9899224533422392,3.407142857142857,26.6,65.35119047619048,30.0,1023.2791666666666,traffic_signals,residential
42432679,2024-12-16,40.7058008,-74.0098642,3,0,1.0,20.0,1,0,0.0,0.0,0.0,0.0,0.0,49,-0.1416105093871293,0.9899224533422392,3.407142857142857,26.6,65.35119047619048,30.0,1023.2791666666666,missing,residential
42432693,2024-12-16,40.7554134,-73.9794895,4,1,5.0,,1,0,0.0,0.0,0.0,0.0,0.0,15,-0.1416105093871293,0.9899224533422392,3.407142857142857,26.6,65.35119047619048,30.0,1023.2791666666666,traffic_signals,secondary
42432700,2024-12-16,40.7591595,-73.9883858,4,1,3.0,25.0,1,0,0.0,0.0,0.0,0.0,0.0,15,-0.1416105093871293,0.9899224533422392,3.407142857142857,26.6,65.35119047619048,30.0,1023.2791666666666,traffic_signals,secondary
42432703,2024-12-16,40.7603553,-73.9912267,4,1,4.0,,1,0,1.0,2.0,1.0,0.0,1.0,3,-0.1416105093871293,0.9899224533422392,3.407142857142857,26.6,65.35119047619048,30.0,1023.2791666666666,traffic_signals,primary
42432706,2024-12-16,40.7615516,-73.9940688,4,1,3.0,25.0,1,0,1.0,1.0,0.0,0.0,0.0,1,-0.1416105093871293,0.9899224533422392,3.407142857142857,26.6,65.35119047619048,30.0,1023.2791666666666,traffic_signals,primary
42432722,2024-12-16,40.859898,-73.919846,3,0,,,1,0,0.0,0.0,0.0,0.0,0.0,51,-0.1416105093871293,0.9899224533422392,3.407142857142857,26.6,65.35119047619048,30.0,1023.2791666666666,missing,residential
42432736,2024-12-16,40.7987264,-73.9595472,3,1,4.0,25.0,1,1,1.0,1.0,1.0,0.0,1.0,0,-0.1416105093871293,0.9899224533422392,3.407142857142857,26.6,65.35119047619048,30.0,1023.2791666666666,traffic_signals,secondary
42432737,2024-12-16,40.7993297,-73.9609777,4,1,1.0,25.0,1,0,0.0,0.0,0.0,0.0,0.0,18,-0.1416105093871293,0.9899224533422392,3.407142857142857,26.6,65.35119047619048,30.0,1023.2791666666666,traffic_signals,residential
42432744,2024-12-16,40.7999222,-73.9623828,4,1,3.0,25.0,1,0,0.0,0.0,0.0,0.0,0.0,16,-0.1416105093871293,0.9899224533422392,3.407142857142857,26.6,65.35119047619048,30.0,1023.2791666666666,traffic_signals,primary
42432756,2024-12-16,40.8011081,-73.9651949,4,1,3.0,25.0,1,0,0.0,0.0,0.0,0.0,0.0,35,-0.1416105093871293,0.9899224533422392,3.407142857142857,26.6,65.35119047619048,30.0,1023.2791666666666,traffic_signals,primary
42432764,2024-12-16,40.802938,-73.96956,3,0,1.0,25.0,1,0,0.0,0.0,0.0,0.0,0.0,18,-0.1416105093871293,0.9899224533422392,3.407142857142857,26.6,65.35119047619048,30.0,1023.2791666666666,missing,residential
42432785,2024-12-16,40.8615543,-73.9247102,4,1,3.0,,1,0,0.0,0.0,0.0,0.0,0.0,20,-0.1416105093871293,0.9899224533422392,3.407142857142857,26.6,65.35119047619048,30.0,1023.2791666666666,traffic_signals,primary
42432789,2024-12-16,40.8625949,-73.9253818,3,1,3.0,,0,0,0.0,0.0,0.0,0.0,0.0,10,-0.1416105093871293,0.9899224533422392,3.407142857142857,26.6,65.35119047619048,30.0,1023.2791666666666,traffic_signals,primary
42432795,2024-12-16,40.8645441,-73.9266364,3,1,3.0,,0,0,0.0,0.0,0.0,0.0,0.0,20,-0.1416105093871293,0.9899224533422392,3.407142857142857,26.6,65.35119047619048,30.0,1023.2791666666666,traffic_signals,primary
42432799,2024-12-16,40.8661784,-73.9280465,3,1,2.0,20.0,0,0,1.0,1.0,0.0,0.0,0.0,3,-0.1416105093871293,0.9899224533422392,3.407142857142857,26.6,65.35119047619048,30.0,1023.2791666666666,traffic_signals,secondary
42432802,2024-12-16,40.866743,-73.928722,4,1,,20.0,1,0,0.0,0.0,0.0,0.0,0.0,24,-0.1416105093871293,0.9899224533422392,3.407142857142857,26.6,65.35119047619048,30.0,1023.2791666666666,traffic_signals,secondary
42432805,2024-12-16,40.8672563,-73.9293463,3,0,,20.0,1,0,1.0,1.0,0.0,0.0,0.0,1,-0.1416105093871293,0.9899224533422392,3.407142857142857,26.6,65.35119047619048,30.0,1023.2791666666666,missing,secondary
42432818,2024-12-16,40.7629723,-73.9739744,4,1,5.0,25.0,1,0,0.0,2.0,0.0,0.0,0.0,4,-0.1416105093871293,0.9899224533422392,3.407142857142857,26.6,65.35119047619048,30.0,1023.2791666666666,traffic_signals,primary
42432825,2024-12-16,40.7622945,-73.9723653,4,1,5.0,25.0,1,1,1.0,1.0,0.0,0.0,0.0,0,-0.1416105093871293,0.9899224533422392,3.407142857142857,26.6,65.35119047619048,30.0,1023.2791666666666,traffic_signals,primary
42432834,2024-12-16,40.7615775,-73.970671,4,0,4.0,25.0,1,0,0.0,2.0,0.0,0.0,0.0,4,-0.1416105093871293,0.9899224533422392,3.407142857142857,26.6,65.35119047619048,30.0,1023.2791666666666,missing,primary
42432847,2024-12-16,40.7609304,-73.9691328,4,1,4.0,25.0,1,0,0.0,0.0,0.0,0.0,0.0,9,-0.1416105093871293,0.9899224533422392,3.407142857142857,26.6,65.35119047619048,30.0,1023.2791666666666,traffic_signals,primary
42432856,2024-12-16,40.7602748,-73.9675757,4,1,3.0,25.0,1,0,0.0,0.0,0.0,0.0,0.0,10,-0.1416105093871293,0.9899224533422392,3.407142857142857,26.6,65.35119047619048,30.0,1023.2791666666666,traffic_signals,primary
42432861,2024-12-16,40.7593168,-73.9653081,4,1,6.0,25.0,1,0,1.0,3.0,1.0,0.0,1.0,3,-0.1416105093871293,0.9899224533422392,3.407142857142857,26.6,65.35119047619048,30.0,1023.2791666666666,traffic_signals,primary
42432871,2024-12-16,40.7573667,-73.9606728,4,1,6.0,25.0,0,0,0.0,0.0,0.0,0.0,0.0,51,-0.1416105093871293,0.9899224533422392,3.407142857142857,26.6,65.35119047619048,30.0,1023.2791666666666,traffic_signals,secondary
42432882,2024-12-16,40.872249,-73.919458,3,0,,20.0,1,0,0.0,0.0,0.0,0.0,0.0,51,-0.1416105093871293,0.9899224533422392,3.407142857142857,26.6,65.35119047619048,30.0,1023.2791666666666,missing,residential
42432889,2024-12-16,40.8032537,-73.952608,4,1,2.0,25.0,1,0,0.0,0.0,0.0,0.0,0.0,8,-0.1416105093871293,0.9899224533422392,3.407142857142857,26.6,65.35119047619048,30.0,1023.2791666666666,traffic_signals,primary
42432894,2024-12-16,40.8041987,-73.9527337,4,1,3.0,25.0,1,0,0.0,0.0,0.0,0.0,0.0,20,-0.1416105093871293,0.9899224533422392,3.407142857142857,26.6,65.35119047619048,30.0,1023.2791666666666,traffic_signals,secondary
42432897,2024-12-16,40.8050309,-73.9527655,4,1,3.0,25.0,1,0,0.0,0.0,0.0,0.0,0.0,40,-0.1416105093871293,0.9899224533422392,3.407142857142857,26.6,65.35119047619048,30.0,1023.2791666666666,traffic_signals,secondary
42432900,2024-12-16,40.8058775,-73.9527966,4,1,3.0,25.0,1,0,0.0,0.0,0.0,0.0,0.0,51,-0.1416105093871293,0.9899224533422392,3.407142857142857,26.6,65.35119047619048,30.0,1023.2791666666666,traffic_signals,secondary
42432905,2024-12-16,40.8075507,-73.9529047,4,1,3.0,25.0,1,0,0.0,0.0,0.0,0.0,0.0,17,-0.1416105093871293,0.9899224533422392,3.407142857142857,26.6,65.35119047619048,30.0,1023.2791666666666,traffic_signals,secondary
42432917,2024-12-16,40.8083967,-73.9529558,4,1,3.0,25.0,1,0,0.0,0.0,0.0,0.0,0.0,40,-0.1416105093871293,0.9899224533422392,3.407142857142857,26.6,65.35119047619048,30.0,1023.2791666666666,traffic_signals,secondary
42432926,2024-12-16,40.8092377,-73.953005,4,1,3.0,25.0,1,0,0.0,0.0,0.0,0.0,0.0,18,-0.1416105093871293,0.9899224533422392,3.407142857142857,26.6,65.35119047619048,30.0,1023.2791666666666,traffic_signals,secondary
42432928,2024-12-16,40.8100741,-73.9530446,5,1,3.0,25.0,1,0,0.0,1.0,0.0,0.0,1.0,4,-0.1416105093871293,0.9899224533422392,3.407142857142857,26.6,65.35119047619048,30.0,1023.2791666666666,traffic_signals,secondary
42432929,2024-12-16,40.8107673,-73.9525905,4,1,5.0,25.0,0,0,2.0,6.0,1.0,2.0,0.0,2,-0.1416105093871293,0.9899224533422392,3.407142857142857,26.6,65.35119047619048,30.0,1023.2791666666666,traffic_signals,primary
42432931,2024-12-16,40.811442,-73.952101,4,0,3.0,25.0,1,0,0.0,1.0,0.0,0.0,0.0,6,-0.1416105093871293,0.9899224533422392,3.407142857142857,26.6,65.35119047619048,30.0,1023.2791666666666,missing,secondary
42432932,2024-12-16,40.8120151,-73.9515008,4,1,3.0,25.0,1,0,0.0,0.0,0.0,0.0,0.0,11,-0.1416105093871293,0.9899224533422392,3.407142857142857,26.6,65.35119047619048,30.0,1023.2791666666666,traffic_signals,secondary
42432933,2024-12-16,40.812575,-73.950927,3,1,3.0,25.0,1,0,0.0,0.0,0.0,0.0,0.0,51,-0.1416105093871293,0.9899224533422392,3.407142857142857,26.6,65.35119047619048,30.0,1023.2791666666666,traffic_signals,secondary
42432936,2024-12-16,40.813159,-73.95035,3,1,3.0,25.0,1,0,0.0,0.0,0.0,0.0,0.0,8,-0.1416105093871293,0.9899224533422392,3.407142857142857,26.6,65.35119047619048,30.0,1023.2791666666666,traffic_signals,secondary
42432949,2024-12-16,40.815692,-73.948677,3,1,2.0,25.0,1,0,0.0,0.0,0.0,0.0,0.0,51,-0.1416105093871293,0.9899224533422392,3.407142857142857,26.6,65.35119047619048,30.0,1023.2791666666666,traffic_signals,secondary
42432950,2024-12-16,40.816374,-73.948356,3,1,3.0,25.0,1,0,0.0,0.0,0.0,0.0,0.0,16,-0.1416105093871293,0.9899224533422392,3.407142857142857,26.6,65.35119047619048,30.0,1023.2791666666666,traffic_signals,secondary
42432954,2024-12-16,40.8178547,-73.9476667,3,1,3.0,25.0,1,0,0.0,0.0,0.0,0.0,0.0,40,-0.1416105093871293,0.9899224533422392,3.407142857142857,26.6,65.35119047619048,30.0,1023.2791666666666,traffic_signals,secondary
42432955,2024-12-16,40.8185359,-73.9473494,3,1,3.0,25.0,1,0,0.0,0.0,0.0,0.0,0.0,34,-0.1416105093871293,0.9899224533422392,3.407142857142857,26.6,65.35119047619048,30.0,1023.2791666666666,traffic_signals,secondary
42432956,2024-12-16,40.8192188,-73.9470312,3,1,3.0,25.0,1,0,0.0,0.0,0.0,0.0,0.0,51,-0.1416105093871293,0.9899224533422392,3.407142857142857,26.6,65.35119047619048,30.0,1023.2791666666666,traffic_signals,secondary
42432957,2024-12-16,40.819903,-73.9467125,3,1,3.0,25.0,1,0,0.0,0.0,0.0,0.0,0.0,27,-0.1416105093871293,0.9899224533422392,3.407142857142857,26.6,65.35119047619048,30.0,1023.2791666666666,traffic_signals,secondary
42432960,2024-12-16,40.8205827,-73.9463959,3,1,3.0,25.0,1,0,0.0,0.0,0.0,0.0,0.0,30,-0.1416105093871293,0.9899224533422392,3.407142857142857,26.6,65.35119047619048,30.0,1023.2791666666666,traffic_signals,secondary
42432961,2024-12-16,40.8212637,-73.9460787,4,1,3.0,25.0,0,0,2.0,3.0,2.0,1.0,2.0,2,-0.1416105093871293,0.9899224533422392,3.407142857142857,26.6,65.35119047619048,30.0,1023.2791666666666,traffic_signals,secondary
42432963,2024-12-16,40.8240402,-73.9447637,4,1,4.0,25.0,0,0,1.0,4.0,1.0,1.0,0.0,3,-0.1416105093871293,0.9899224533422392,3.407142857142857,26.6,65.35119047619048,30.0,1023.2791666666666,traffic_signals,secondary
42432967,2024-12-16,40.825332,-73.943813,3,1,3.0,25.0,1,0,0.0,1.0,0.0,1.0,0.0,5,-0.1416105093871293,0.9899224533422392,3.407142857142857,26.6,65.35119047619048,30.0,1023.2791666666666,traffic_signals,secondary
42432970,2024-12-16,40.825956,-73.943357,4,1,3.0,25.0,1,0,0.0,0.0,0.0,0.0,0.0,19,-0.1416105093871293,0.9899224533422392,3.407142857142857,26.6,65.35119047619048,30.0,1023.2791666666666,traffic_signals,secondary
42432974,2024-12-16,40.8273441,-73.9427817,4,1,3.0,25.0,1,0,0.0,0.0,0.0,0.0,0.0,47,-0.1416105093871293,0.9899224533422392,3.407142857142857,26.6,65.35119047619048,30.0,1023.2791666666666,traffic_signals,secondary
42432980,2024-12-16,40.8294451,-73.9419432,4,1,3.0,25.0,1,0,0.0,0.0,0.0,0.0,0.0,51,-0.1416105093871293,0.9899224533422392,3.407142857142857,26.6,65.35119047619048,30.0,1023.2791666666666,traffic_signals,secondary
42432983,2024-12-16,40.83016,-73.941667,3,1,3.0,25.0,1,1,1.0,1.0,0.0,0.0,0.0,0,-0.1416105093871293,0.9899224533422392,3.407142857142857,26.6,65.35119047619048,30.0,1023.2791666666666,traffic_signals,secondary
42432985,2024-12-16,40.830891,-73.941368,4,1,4.0,25.0,0,1,2.0,6.0,1.0,0.0,3.0,0,-0.1416105093871293,0.9899224533422392,3.407142857142857,26.6,65.35119047619048,30.0,1023.2791666666666,traffic_signals,primary
42432990,2024-12-16,40.8323747,-73.9408792,4,1,3.0,25.0,1,0,0.0,0.0,0.0,0.0,0.0,51,-0.1416105093871293,0.9899224533422392,3.407142857142857,26.6,65.35119047619048,30.0,1023.2791666666666,traffic_signals,secondary
42432992,2024-12-16,40.833098,-73.940653,4,1,2.0,25.0,1,0,0.0,0.0,0.0,0.0,0.0,16,-0.1416105093871293,0.9899224533422392,3.407142857142857,26.6,65.35119047619048,30.0,1023.2791666666666,traffic_signals,secondary
42432994,2024-12-16,40.833786,-73.94036,4,1,2.0,25.0,1,0,0.0,0.0,0.0,0.0,0.0,17,-0.1416105093871293,0.9899224533422392,3.407142857142857,26.6,65.35119047619048,30.0,1023.2791666666666,traffic_signals,secondary
42432999,2024-12-16,40.8344923,-73.940048,4,1,2.0,25.0,1,0,0.0,0.0,0.0,0.0,0.0,20,-0.1416105093871293,0.9899224533422392,3.407142857142857,26.6,65.35119047619048,30.0,1023.2791666666666,traffic_signals,secondary
42433011,2024-12-16,40.8350754,-73.9397872,3,0,3.0,25.0,1,0,0.0,0.0,0.0,0.0,0.0,51,-0.1416105093871293,0.9899224533422392,3.407142857142857,26.6,65.35119047619048,30.0,1023.2791666666666,missing,secondary
42433014,2024-12-16,40.8358221,-73.9398835,4,1,4.0,,1,0,0.0,0.0,0.0,0.0,0.0,51,-0.1416105093871293,0.9899224533422392,3.407142857142857,26.6,65.35119047619048,30.0,1023.2791666666666,traffic_signals,secondary
42433017,2024-12-16,40.8361153,-73.9400362,3,0,1.0,,1,0,0.0,0.0,0.0,0.0,0.0,51,-0.1416105093871293,0.9899224533422392,3.407142857142857,26.6,65.35119047619048,30.0,1023.2791666666666,missing,secondary
42433020,2024-12-16,40.8369673,-73.9401365,4,1,2.0,25.0,1,0,0.0,0.0,0.0,0.0,0.0,12,-0.1416105093871293,0.9899224533422392,3.407142857142857,26.6,65.35119047619048,30.0,1023.2791666666666,traffic_signals,secondary
42433024,2024-12-16,40.837714,-73.939994,4,1,3.0,25.0,1,0,0.0,0.0,0.0,0.0,0.0,13,-0.1416105093871293,0.9899224533422392,3.407142857142857,26.6,65.35119047619048,30.0,1023.2791666666666,traffic_signals,secondary
42433027,2024-12-16,40.8385135,-73.9398455,4,1,3.0,25.0,1,0,0.0,0.0,0.0,0.0,0.0,20,-0.1416105093871293,0.9899224533422392,3.407142857142857,26.6,65.35119047619048,30.0,1023.2791666666666,traffic_signals,secondary
42433030,2024-12-16,40.8395698,-73.9398826,4,1,3.0,25.0,1,0,0.0,0.0,0.0,0.0,0.0,19,-0.1416105093871293,0.9899224533422392,3.407142857142857,26.6,65.35119047619048,30.0,1023.2791666666666,traffic_signals,secondary
42433035,2024-12-16,40.8409552,-73.9394727,4,1,2.0,25.0,1,0,0.0,0.0,0.0,0.0,0.0,17,-0.1416105093871293,0.9899224533422392,3.407142857142857,26.6,65.35119047619048,30.0,1023.2791666666666,traffic_signals,secondary
42433041,2024-12-16,40.8422438,-73.9388621,3,1,2.0,25.0,1,0,0.0,0.0,0.0,0.0,0.0,51,-0.1416105093871293,0.9899224533422392,3.407142857142857,26.6,65.35119047619048,30.0,1023.2791666666666,traffic_signals,secondary
42433043,2024-12-16,40.8429055,-73.9384302,5,1,2.0,25.0,1,0,0.0,0.0,0.0,0.0,0.0,13,-0.1416105093871293,0.9899224533422392,3.407142857142857,26.6,65.35119047619048,30.0,1023.2791666666666,traffic_signals,secondary
42433044,2024-12-16,40.843501,-73.937982,4,1,3.0,25.0,1,0,0.0,1.0,0.0,0.0,0.0,6,-0.1416105093871293,0.9899224533422392,3.407142857142857,26.6,65.35119047619048,30.0,1023.2791666666666,traffic_signals,secondary
42433046,2024-12-16,40.844788,-73.937043,4,1,2.0,25.0,1,0,0.0,0.0,0.0,0.0,0.0,51,-0.1416105093871293,0.9899224533422392,3.407142857142857,26.6,65.35119047619048,30.0,1023.2791666666666,traffic_signals,secondary
42433057,2024-12-16,40.845434,-73.93657,4,1,2.0,25.0,1,0,0.0,1.0,0.0,0.0,0.0,4,-0.1416105093871293,0.9899224533422392,3.407142857142857,26.6,65.35119047619048,30.0,1023.2791666666666,traffic_signals,secondary
42433058,2024-12-16,40.846105,-73.936078,4,1,3.0,25.0,1,0,0.0,0.0,0.0,0.0,0.0,20,-0.1416105093871293,0.9899224533422392,3.407142857142857,26.6,65.35119047619048,30.0,1023.2791666666666,traffic_signals,secondary
42433060,2024-12-16,40.846727,-73.935622,4,1,3.0,25.0,1,2,2.0,2.0,1.0,0.0,1.0,0,-0.1416105093871293,0.9899224533422392,3.407142857142857,26.6,65.35119047619048,30.0,1023.2791666666666,traffic_signals,secondary
42433062,2024-12-16,40.847358,-73.935172,4,1,2.0,25.0,1,0,1.0,1.0,0.0,0.0,0.0,1,-0.1416105093871293,0.9899224533422392,3.407142857142857,26.6,65.35119047619048,30.0,1023.2791666666666,traffic_signals,secondary
42433064,2024-12-16,40.8480005,-73.9346936,4,1,2.0,25.0,1,0,1.0,1.0,0.0,0.0,0.0,1,-0.1416105093871293,0.9899224533422392,3.407142857142857,26.6,65.35119047619048,30.0,1023.2791666666666,traffic_signals,secondary
42433066,2024-12-16,40.849321,-73.933731,4,1,2.0,25.0,0,0,1.0,1.0,1.0,1.0,0.0,2,-0.1416105093871293,0.9899224533422392,3.407142857142857,26.6,65.35119047619048,30.0,1023.2791666666666,traffic_signals,secondary
42433068,2024-12-16,40.849895,-73.93331,4,1,2.0,25.0,1,0,0.0,0.0,0.0,0.0,0.0,26,-0.1416105093871293,0.9899224533422392,3.407142857142857,26.6,65.35119047619048,30.0,1023.2791666666666,traffic_signals,secondary
42433069,2024-12-16,40.850506,-73.932861,4,1,2.0,25.0,0,0,1.0,1.0,0.0,0.0,0.0,3,-0.1416105093871293,0.9899224533422392,3.407142857142857,26.6,65.35119047619048,30.0,1023.2791666666666,traffic_signals,secondary
42433072,2024-12-16,40.851095,-73.932433,4,1,2.0,25.0,1,0,0.0,0.0,0.0,0.0,0.0,13,-0.1416105093871293,0.9899224533422392,3.407142857142857,26.6,65.35119047619048,30.0,1023.2791666666666,traffic_signals,secondary
42433075,2024-12-16,40.851696,-73.931995,4,1,2.0,25.0,0,0,0.0,0.0,0.0,0.0,0.0,8,-0.1416105093871293,0.9899224533422392,3.407142857142857,26.6,65.35119047619048,30.0,1023.2791666666666,traffic_signals,secondary
42433077,2024-12-16,40.85238,-73.931495,4,1,3.0,25.0,1,0,0.0,0.0,0.0,0.0,0.0,27,-0.1416105093871293,0.9899224533422392,3.407142857142857,26.6,65.35119047619048,30.0,1023.2791666666666,traffic_signals,secondary
42433080,2024-12-16,40.853062,-73.930996,4,1,3.0,25.0,1,0,0.0,0.0,0.0,0.0,0.0,26,-0.1416105093871293,0.9899224533422392,3.407142857142857,26.6,65.35119047619048,30.0,1023.2791666666666,traffic_signals,secondary
42433097,2024-12-16,40.853685,-73.930539,4,1,3.0,25.0,1,0,0.0,0.0,0.0,0.0,0.0,9,-0.1416105093871293,0.9899224533422392,3.407142857142857,26.6,65.35119047619048,30.0,1023.2791666666666,traffic_signals,secondary
42433107,2024-12-16,40.85431,-73.930082,4,1,3.0,25.0,1,0,0.0,0.0,0.0,0.0,0.0,8,-0.1416105093871293,0.9899224533422392,3.407142857142857,26.6,65.35119047619048,30.0,1023.2791666666666,traffic_signals,secondary
42433115,2024-12-16,40.854908,-73.929644,4,1,2.0,25.0,1,0,1.0,1.0,0.0,0.0,0.0,2,-0.1416105093871293,0.9899224533422392,3.407142857142857,26.6,65.35119047619048,30.0,1023.2791666666666,traffic_signals,secondary
42433138,2024-12-16,40.856606,-73.928411,3,1,3.0,25.0,0,0,0.0,0.0,0.0,0.0,0.0,51,-0.1416105093871293,0.9899224533422392,3.407142857142857,26.6,65.35119047619048,30.0,1023.2791666666666,traffic_signals,secondary
42433151,2024-12-16,40.8568009,-73.928266,4,1,3.0,25.0,1,0,0.0,0.0,0.0,0.0,0.0,38,-0.1416105093871293,0.9899224533422392,3.407142857142857,26.6,65.35119047619048,30.0,1023.2791666666666,traffic_signals,secondary
42433161,2024-12-16,40.7990263,-73.9524352,3,1,,,1,0,1.0,1.0,1.0,0.0,0.0,2,-0.1416105093871293,0.9899224533422392,3.407142857142857,26.6,65.35119047619048,30.0,1023.2791666666666,traffic_signals,tertiary
42433163,2024-12-16,40.7998583,-73.9524733,4,1,,,1,0,0.0,0.0,0.0,0.0,0.0,14,-0.1416105093871293,0.9899224533422392,3.407142857142857,26.6,65.35119047619048,30.0,1023.2791666666666,traffic_signals,tertiary
42433165,2024-12-16,40.8015271,-73.9525498,4,1,,,1,0,0.0,0.0,0.0,0.0,0.0,12,-0.1416105093871293,0.9899224533422392,3.407142857142857,26.6,65.35119047619048,30.0,1023.2791666666666,traffic_signals,tertiary
42433173,2024-12-16,40.802366,-73.9525882,4,1,,,1,0,1.0,1.0,1.0,1.0,0.0,3,-0.1416105093871293,0.9899224533422392,3.407142857142857,26.6,65.35119047619048,30.0,1023.2791666666666,traffic_signals,tertiary
42433205,2024-12-16,40.7081931,-74.0020637,3,0,1.0,20.0,1,0,0.0,0.0,0.0,0.0,0.0,51,-0.1416105093871293,0.9899224533422392,3.407142857142857,26.6,65.35119047619048,30.0,1023.2791666666666,missing,residential
42433212,2024-12-16,40.7077643,-74.0016856,3,0,1.0,20.0,1,0,0.0,0.0,0.0,0.0,0.0,51,-0.1416105093871293,0.9899224533422392,3.407142857142857,26.6,65.35119047619048,30.0,1023.2791666666666,missing,residential
42433218,2024-12-16,40.7072908,-74.0013145,4,0,2.0,20.0,1,0,0.0,0.0,0.0,0.0,0.0,51,-0.1416105093871293,0.9899224533422392,3.407142857142857,26.6,65.35119047619048,30.0,1023.2791666666666,missing,primary
42433229,2024-12-16,40.708846,-74.002503,3,1,4.0,20.0,1,0,0.0,0.0,0.0,0.0,0.0,31,-0.1416105093871293,0.9899224533422392,3.407142857142857,26.6,65.35119047619048,30.0,1023.2791666666666,traffic_signals,primary
42433231,2024-12-16,40.7082744,-74.0018996,4,0,1.0,25.0,1,0,0.0,0.0,0.0,0.0,0.0,51,-0.1416105093871293,0.9899224533422392,3.407142857142857,26.6,65.35119047619048,30.0,1023.2791666666666,missing,residential
42433237,2024-12-16,40.707871,-74.0014617,3,0,1.0,25.0,1,0,0.0,0.0,0.0,0.0,0.0,51,-0.1416105093871293,0.9899224533422392,3.407142857142857,26.6,65.35119047619048,30.0,1023.2791666666666,missing,residential
42433243,2024-12-16,40.7074606,-74.0010414,4,0,1.0,20.0,1,0,0.0,0.0,0.0,0.0,0.0,51,-0.1416105093871293,0.9899224533422392,3.407142857142857,26.6,65.35119047619048,30.0,1023.2791666666666,missing,primary
42433252,2024-12-16,40.7953672,-73.9694159,3,1,3.0,25.0,1,1,1.0,4.0,0.0,0.0,1.0,0,-0.1416105093871293,0.9899224533422392,3.407142857142857,26.6,65.35119047619048,30.0,1023.2791666666666,traffic_signals,primary
42433256,2024-12-16,40.7971483,-73.9736411,3,0,1.0,25.0,1,0,0.0,0.0,0.0,0.0,0.0,51,-0.1416105093871293,0.9899224533422392,3.407142857142857,26.6,65.35119047619048,30.0,1023.2791666666666,missing,residential
42433260,2024-12-16,40.733439,-74.001103,3,0,,25.0,1,0,0.0,0.0,0.0,0.0,0.0,24,-0.1416105093871293,0.9899224533422392,3.407142857142857,26.6,65.35119047619048,30.0,1023.2791666666666,missing,residential
42433261,2024-12-16,40.733847,-74.0012059,5,0,1.0,25.0,1,0,0.0,0.0,0.0,0.0,0.0,36,-0.1416105093871293,0.9899224533422392,3.407142857142857,26.6,65.35119047619048,30.0,1023.2791666666666,missing,residential
42433264,2024-12-16,40.7344915,-74.0013916,4,0,1.0,25.0,1,0,0.0,0.0,0.0,0.0,0.0,51,-0.1416105093871293,0.9899224533422392,3.407142857142857,26.6,65.35119047619048,30.0,1023.2791666666666,missing,residential
42433269,2024-12-16,40.7351323,-74.00158,4,0,1.0,25.0,1,0,0.0,0.0,0.0,0.0,0.0,51,-0.1416105093871293,0.9899224533422392,3.407142857142857,26.6,65.35119047619048,30.0,1023.2791666666666,missing,residential
42433272,2024-12-16,40.7357626,-74.0017616,3,1,,20.0,1,0,0.0,0.0,0.0,0.0,0.0,51,-0.1416105093871293,0.9899224533422392,3.407142857142857,26.6,65.35119047619048,30.0,1023.2791666666666,traffic_signals,residential
42433275,2024-12-16,40.7364234,-74.0019508,4,0,,20.0,1,0,0.0,0.0,0.0,0.0,0.0,29,-0.1416105093871293,0.9899224533422392,3.407142857142857,26.6,65.35119047619048,30.0,1023.2791666666666,missing,residential
42433278,2024-12-16,40.737066,-74.002136,3,0,,20.0,1,0,0.0,0.0,0.0,0.0,0.0,17,-0.1416105093871293,0.9899224533422392,3.407142857142857,26.6,65.35119047619048,30.0,1023.2791666666666,missing,residential
42433281,2024-12-16,40.732218,-73.998616,4,1,1.0,25.0,1,0,0.0,0.0,0.0,0.0,0.0,36,-0.1416105093871293,0.9899224533422392,3.407142857142857,26.6,65.35119047619048,30.0,1023.2791666666666,traffic_signals,residential
42433282,2024-12-16,40.7332427,-74.0007095,3,0,,25.0,1,0,0.0,0.0,0.0,0.0,0.0,51,-0.1416105093871293,0.9899224533422392,3.407142857142857,26.6,65.35119047619048,30.0,1023.2791666666666,missing,residential
42433286,2024-12-16,40.733706,-74.001613,3,0,1.0,25.0,1,0,0.0,0.0,0.0,0.0,0.0,51,-0.1416105093871293,0.9899224533422392,3.407142857142857,26.6,65.35119047619048,30.0,1023.2791666666666,missing,residential
42433292,2024-12-16,40.729978,-73.994064,4,0,1.0,25.0,1,0,1.0,1.0,0.0,0.0,0.0,3,-0.1416105093871293,0.9899224533422392,3.407142857142857,26.6,65.35119047619048,30.0,1023.2791666666666,missing,residential
42433295,2024-12-16,40.7303546,-73.9948305,4,0,1.0,25.0,1,0,0.0,0.0,0.0,0.0,0.0,51,-0.1416105093871293,0.9899224533422392,3.407142857142857,26.6,65.35119047619048,30.0,1023.2791666666666,missing,residential
42433298,2024-12-16,40.730721,-73.9955665,4,1,2.0,25.0,1,0,0.0,0.0,0.0,0.0,0.0,17,-0.1416105093871293,0.9899224533422392,3.407142857142857,26.6,65.35119047619048,30.0,1023.2791666666666,traffic_signals,residential
42433302,2024-12-16,40.7113738,-73.9967842,3,1,1.0,20.0,1,0,0.0,0.0,0.0,0.0,0.0,27,-0.1416105093871293,0.9899224533422392,3.407142857142857,26.6,65.35119047619048,30.0,1023.2791666666666,traffic_signals,residential
42433324,2024-12-16,40.7097436,-73.9963766,3,0,1.0,20.0,1,0,0.0,0.0,0.0,0.0,0.0,31,-0.1416105093871293,0.9899224533422392,3.407142857142857,26.6,65.35119047619048,30.0,1023.2791666666666,missing,residential
42433330,2024-12-16,40.7079259,-74.0060233,3,0,1.0,20.0,1,0,0.0,0.0,0.0,0.0,0.0,42,-0.1416105093871293,0.9899224533422392,3.407142857142857,26.6,65.35119047619048,30.0,1023.2791666666666,missing,residential
42433339,2024-12-16,40.8322331,-73.9424802,3,1,,,1,0,1.0,1.0,0.0,0.0,0.0,1,-0.1416105093871293,0.9899224533422392,3.407142857142857,26.6,65.35119047619048,30.0,1023.2791666666666,traffic_signals,secondary
42433346,2024-12-16,40.85623,-73.926863,3,0,2.0,20.0,1,0,0.0,0.0,0.0,0.0,0.0,51,-0.1416105093871293,0.9899224533422392,3.407142857142857,26.6,65.35119047619048,30.0,1023.2791666666666,missing,tertiary
42433354,2024-12-16,40.7318643,-73.9966562,3,0,2.0,25.0,1,0,0.0,0.0,0.0,0.0,0.0,19,-0.1416105093871293,0.9899224533422392,3.407142857142857,26.6,65.35119047619048,30.0,1023.2791666666666,missing,residential
42433356,2024-12-16,40.7312141,-73.9951339,3,0,1.0,25.0,1,0,0.0,1.0,0.0,0.0,0.0,6,-0.1416105093871293,0.9899224533422392,3.407142857142857,26.6,65.35119047619048,30.0,1023.2791666666666,missing,residential
42433377,2024-12-16,40.7846006,-73.9419442,3,0,1.0,25.0,1,0,0.0,0.0,0.0,0.0,0.0,34,-0.1416105093871293,0.9899224533422392,3.407142857142857,26.6,65.35119047619048,30.0,1023.2791666666666,missing,residential
42433385,2024-12-16,40.7836354,-73.9435282,3,0,2.0,25.0,1,1,1.0,2.0,0.0,0.0,0.0,0,-0.1416105093871293,0.9899224533422392,3.407142857142857,26.6,65.35119047619048,30.0,1023.2791666666666,missing,secondary
42433421,2024-12-16,40.7797186,-73.9438959,3,0,1.0,,1,0,0.0,0.0,0.0,0.0,0.0,51,-0.1416105093871293,0.9899224533422392,3.407142857142857,26.6,65.35119047619048,30.0,1023.2791666666666,missing,motorway_link
42433422,2024-12-16,40.7792164,-73.9435413,3,0,3.0,40.0,1,0,0.0,0.0,0.0,0.0,0.0,51,-0.1416105093871293,0.9899224533422392,3.407142857142857,26.6,65.35119047619048,30.0,1023.2791666666666,missing,motorway
42433431,2024-12-16,40.7949399,-73.9302797,3,0,3.0,40.0,1,0,0.0,0.0,0.0,0.0,0.0,51,-0.1416105093871293,0.9899224533422392,3.407142857142857,26.6,65.35119047619048,30.0,1023.2791666666666,motorway_junction,motorway
42433490,2024-12-16,40.7852012,-73.9405145,3,0,3.0,40.0,1,0,0.0,0.0,0.0,0.0,0.0,51,-0.1416105093871293,0.9899224533422392,3.407142857142857,26.6,65.35119047619048,30.0,1023.2791666666666,missing,motorway
42433513,2024-12-16,40.7887043,-73.9378563,3,0,2.0,25.0,1,0,0.0,1.0,0.0,0.0,0.0,4,-0.1416105093871293,0.9899224533422392,3.407142857142857,26.6,65.35119047619048,30.0,1023.2791666666666,stop,residential
42433537,2024-12-16,40.7134688,-73.9972984,4,1,3.0,20.0,1,0,1.0,1.0,0.0,0.0,0.0,2,-0.1416105093871293,0.9899224533422392,3.407142857142857,26.6,65.35119047619048,30.0,1023.2791666666666,traffic_signals,secondary
42433539,2024-12-16,40.713696,-73.9945699,4,1,2.0,20.0,1,0,0.0,0.0,0.0,0.0,0.0,9,-0.1416105093871293,0.9899224533422392,3.407142857142857,26.6,65.35119047619048,30.0,1023.2791666666666,traffic_signals,secondary
42433542,2024-12-16,40.7137475,-73.9939452,5,1,2.0,20.0,1,0,1.0,1.0,1.0,1.0,0.0,2,-0.1416105093871293,0.9899224533422392,3.407142857142857,26.6,65.35119047619048,30.0,1023.2791666666666,traffic_signals,secondary
42433543,2024-12-16,40.7138283,-73.9929765,3,0,2.0,20.0,1,0,0.0,0.0,0.0,0.0,0.0,51,-0.1416105093871293,0.9899224533422392,3.407142857142857,26.6,65.35119047619048,30.0,1023.2791666666666,missing,secondary
42433545,2024-12-16,40.713869,-73.9924861,4,1,3.0,20.0,1,0,0.0,0.0,0.0,0.0,0.0,51,-0.1416105093871293,0.9899224533422392,3.407142857142857,26.6,65.35119047619048,30.0,1023.2791666666666,traffic_signals,primary
42433550,2024-12-16,40.7141849,-73.9886961,3,1,2.0,25.0,1,0,0.0,0.0,0.0,0.0,0.0,12,-0.1416105093871293,0.9899224533422392,3.407142857142857,26.6,65.35119047619048,30.0,1023.2791666666666,traffic_signals,secondary
42433551,2024-12-16,40.714317,-73.9871695,4,1,2.0,25.0,1,0,1.0,2.0,0.0,0.0,0.0,1,-0.1416105093871293,0.9899224533422392,3.407142857142857,26.6,65.35119047619048,30.0,1023.2791666666666,traffic_signals,secondary
42433553,2024-12-16,40.7144708,-73.9853265,3,0,2.0,25.0,1,0,0.0,0.0,0.0,0.0,0.0,25,-0.1416105093871293,0.9899224533422392,3.407142857142857,26.6,65.35119047619048,30.0,1023.2791666666666,missing,secondary
42433554,2024-12-16,40.7145093,-73.9847081,4,1,3.0,25.0,1,0,0.0,0.0,0.0,0.0,0.0,51,-0.1416105093871293,0.9899224533422392,3.407142857142857,26.6,65.35119047619048,30.0,1023.2791666666666,traffic_signals,secondary
42433564,2024-12-16,40.7827163,-73.971237,3,1,4.0,25.0,1,0,0.0,0.0,0.0,0.0,0.0,51,-0.1416105093871293,0.9899224533422392,3.407142857142857,26.6,65.35119047619048,30.0,1023.2791666666666,traffic_signals,secondary
42433565,2024-12-16,40.7839166,-73.9740729,4,1,3.0,25.0,1,0,0.0,0.0,0.0,0.0,0.0,23,-0.1416105093871293,0.9899224533422392,3.407142857142857,26.6,65.35119047619048,30.0,1023.2791666666666,traffic_signals,primary
42433567,2024-12-16,40.7851032,-73.9768937,4,1,3.0,25.0,1,0,0.0,0.0,0.0,0.0,0.0,27,-0.1416105093871293,0.9899224533422392,3.407142857142857,26.6,65.35119047619048,30.0,1023.2791666666666,traffic_signals,primary
42433569,2024-12-16,40.7868921,-73.9812269,3,1,,,1,0,0.0,0.0,0.0,0.0,0.0,51,-0.1416105093871293,0.9899224533422392,3.407142857142857,26.6,65.35119047619048,30.0,1023.2791666666666,traffic_signals,secondary
42433573,2024-12-16,40.7208746,-74.0039266,3,1,6.0,25.0,1,0,0.0,1.0,0.0,0.0,0.0,5,-0.1416105093871293,0.9899224533422392,3.407142857142857,26.6,65.35119047619048,30.0,1023.2791666666666,traffic_signals,primary
42433574,2024-12-16,40.721995,-74.002971,4,1,1.0,25.0,1,0,0.0,0.0,0.0,0.0,0.0,45,-0.1416105093871293,0.9899224533422392,3.407142857142857,26.6,65.35119047619048,30.0,1023.2791666666666,traffic_signals,primary
42433577,2024-12-16,40.724166,-74.001127,4,1,1.0,25.0,1,0,1.0,1.0,0.0,0.0,0.0,1,-0.1416105093871293,0.9899224533422392,3.407142857142857,26.6,65.35119047619048,30.0,1023.2791666666666,traffic_signals,residential
42433578,2024-12-16,40.725382,-74.000101,4,0,1.0,25.0,1,0,0.0,0.0,0.0,0.0,0.0,51,-0.1416105093871293,0.9899224533422392,3.407142857142857,26.6,65.35119047619048,30.0,1023.2791666666666,missing,residential
42433581,2024-12-16,40.7266087,-73.9990701,4,0,3.0,25.0,1,0,0.0,0.0,0.0,0.0,0.0,51,-0.1416105093871293,0.9899224533422392,3.407142857142857,26.6,65.35119047619048,30.0,1023.2791666666666,missing,primary
42433587,2024-12-16,40.7295644,-73.9965723,3,1,1.0,25.0,1,0,0.0,0.0,0.0,0.0,0.0,32,-0.1416105093871293,0.9899224533422392,3.407142857142857,26.6,65.35119047619048,30.0,1023.2791666666666,traffic_signals,residential
42433604,2024-12-16,40.7509597,-73.9827265,4,1,5.0,25.0,1,1,2.0,2.0,1.0,0.0,0.0,0,-0.1416105093871293,0.9899224533422392,3.407142857142857,26.6,65.35119047619048,30.0,1023.2791666666666,traffic_signals,secondary
42433611,2024-12-16,40.7535034,-73.9887981,4,1,3.0,25.0,1,0,1.0,1.0,0.0,0.0,0.0,2,-0.1416105093871293,0.9899224533422392,3.407142857142857,26.6,65.35119047619048,30.0,1023.2791666666666,traffic_signals,secondary
42433620,2024-12-16,40.754707,-73.991633,4,1,3.0,25.0,1,0,3.0,3.0,2.0,1.0,1.0,1,-0.1416105093871293,0.9899224533422392,3.407142857142857,26.6,65.35119047619048,30.0,1023.2791666666666,traffic_signals,secondary
42433625,2024-12-16,40.7559045,-73.9944753,4,1,5.0,,1,0,0.0,0.0,0.0,0.0,0.0,14,-0.1416105093871293,0.9899224533422392,3.407142857142857,26.6,65.35119047619048,30.0,1023.2791666666666,traffic_signals,primary
42433644,2024-12-16,40.7570936,-73.9973219,4,1,4.0,25.0,1,0,0.0,0.0,0.0,0.0,0.0,51,-0.1416105093871293,0.9899224533422392,3.407142857142857,26.6,65.35119047619048,30.0,1023.2791666666666,traffic_signals,primary
42433712,2024-12-16,40.7061729,-74.0179342,3,0,2.0,20.0,1,0,0.0,0.0,0.0,0.0,0.0,51,-0.1416105093871293,0.9899224533422392,3.407142857142857,26.6,65.35119047619048,30.0,1023.2791666666666,stop,residential
42433715,2024-12-16,40.7068458,-74.0175734,4,0,2.0,20.0,0,0,0.0,0.0,0.0,0.0,0.0,51,-0.1416105093871293,0.9899224533422392,3.407142857142857,26.6,65.35119047619048,30.0,1023.2791666666666,missing,residential
42433718,2024-12-16,40.7074717,-74.0171151,4,0,2.0,20.0,1,0,0.0,0.0,0.0,0.0,0.0,26,-0.1416105093871293,0.9899224533422392,3.407142857142857,26.6,65.35119047619048,30.0,1023.2791666666666,missing,residential
42433743,2024-12-16,40.7994668,-73.955363,3,1,2.0,25.0,1,0,0.0,0.0,0.0,0.0,0.0,19,-0.1416105093871293,0.9899224533422392,3.407142857142857,26.6,65.35119047619048,30.0,1023.2791666666666,traffic_signals,primary
42433779,2024-12-16,40.8173165,-73.9386193,4,1,2.0,,1,0,0.0,0.0,0.0,0.0,0.0,51,-0.1416105093871293,0.9899224533422392,3.407142857142857,26.6,65.35119047619048,30.0,1023.2791666666666,traffic_signals,secondary
42433781,2024-12-16,40.8185042,-73.9414703,4,1,2.0,25.0,1,0,0.0,0.0,0.0,0.0,0.0,14,-0.1416105093871293,0.9899224533422392,3.407142857142857,26.6,65.35119047619048,30.0,1023.2791666666666,traffic_signals,primary
42433785,2024-12-16,40.819674,-73.9442303,4,1,4.0,25.0,1,0,0.0,0.0,0.0,0.0,0.0,12,-0.1416105093871293,0.9899224533422392,3.407142857142857,26.6,65.35119047619048,30.0,1023.2791666666666,traffic_signals,secondary
42433789,2024-12-16,40.820255,-73.945613,4,1,,,1,0,0.0,0.0,0.0,0.0,0.0,51,-0.1416105093871293,0.9899224533422392,3.407142857142857,26.6,65.35119047619048,30.0,1023.2791666666666,traffic_signals,tertiary
42433797,2024-12-16,40.8220613,-73.9499097,4,1,,,1,0,0.0,0.0,0.0,0.0,0.0,51,-0.1416105093871293,0.9899224533422392,3.407142857142857,26.6,65.35119047619048,30.0,1023.2791666666666,traffic_signals,secondary
42433800,2024-12-16,40.8226586,-73.9513037,4,1,,,1,0,0.0,0.0,0.0,0.0,0.0,9,-0.1416105093871293,0.9899224533422392,3.407142857142857,26.6,65.35119047619048,30.0,1023.2791666666666,traffic_signals,residential
42433811,2024-12-16,40.824126,-73.95483,3,0,,,1,0,0.0,1.0,0.0,0.0,1.0,5,-0.1416105093871293,0.9899224533422392,3.407142857142857,26.6,65.35119047619048,30.0,1023.2791666666666,missing,residential
42433821,2024-12-16,40.7329507,-74.0018089,3,0,1.0,25.0,1,1,1.0,1.0,0.0,0.0,0.0,0,-0.1416105093871293,0.9899224533422392,3.407142857142857,26.6,65.35119047619048,30.0,1023.2791666666666,missing,residential
42433822,2024-12-16,40.7333766,-74.0025813,5,1,1.0,25.0,1,0,0.0,0.0,0.0,0.0,0.0,47,-0.1416105093871293,0.9899224533422392,3.407142857142857,26.6,65.35119047619048,30.0,1023.2791666666666,traffic_signals,residential
42433834,2024-12-16,40.7027177,-74.0122358,3,0,3.0,20.0,1,0,0.0,0.0,0.0,0.0,0.0,51,-0.1416105093871293,0.9899224533422392,3.407142857142857,26.6,65.35119047619048,30.0,1023.2791666666666,missing,primary
42433927,2024-12-16,40.7813573,-73.9624476,3,0,3.0,25.0,1,0,0.0,0.0,0.0,0.0,0.0,40,-0.1416105093871293,0.9899224533422392,3.407142857142857,26.6,65.35119047619048,30.0,1023.2791666666666,missing,secondary
42434072,2024-12-16,40.7560373,-73.9790227,4,1,5.0,,1,0,1.0,1.0,0.0,0.0,0.0,1,-0.1416105093871293,0.9899224533422392,3.407142857142857,26.6,65.35119047619048,30.0,1023.2791666666666,traffic_signals,secondary
42434074,2024-12-16,40.7553621,-73.9774077,4,1,5.0,25.0,1,0,0.0,1.0,0.0,0.0,0.0,7,-0.1416105093871293,0.9899224533422392,3.407142857142857,26.6,65.35119047619048,30.0,1023.2791666666666,traffic_signals,secondary
42434077,2024-12-16,40.7549885,-73.9765138,4,1,2.0,25.0,1,0,1.0,2.0,0.0,0.0,0.0,3,-0.1416105093871293,0.9899224533422392,3.407142857142857,26.6,65.35119047619048,30.0,1023.2791666666666,traffic_signals,secondary
42434085,2024-12-16,40.7539937,-73.9741902,4,1,3.0,,1,0,0.0,0.0,0.0,0.0,0.0,9,-0.1416105093871293,0.9899224533422392,3.407142857142857,26.6,65.35119047619048,30.0,1023.2791666666666,traffic_signals,secondary
42434087,2024-12-16,40.753332,-73.972604,4,1,4.0,25.0,1,0,0.0,1.0,0.0,0.0,0.0,4,-0.1416105093871293,0.9899224533422392,3.407142857142857,26.6,65.35119047619048,30.0,1023.2791666666666,traffic_signals,primary
42434090,2024-12-16,40.752379,-73.970341,4,1,3.0,25.0,1,0,2.0,2.0,2.0,0.0,2.0,1,-0.1416105093871293,0.9899224533422392,3.407142857142857,26.6,65.35119047619048,30.0,1023.2791666666666,traffic_signals,primary
42434092,2024-12-16,40.7513685,-73.9679588,4,1,4.0,25.0,1,0,1.0,1.0,0.0,0.0,0.0,1,-0.1416105093871293,0.9899224533422392,3.407142857142857,26.6,65.35119047619048,30.0,1023.2791666666666,traffic_signals,primary
42434097,2024-12-16,40.8172259,-73.9522674,3,1,,,0,0,1.0,1.0,0.0,0.0,0.0,1,-0.1416105093871293,0.9899224533422392,3.407142857142857,26.6,65.35119047619048,30.0,1023.2791666666666,traffic_signals,tertiary
42434098,2024-12-16,40.8175891,-73.9531759,4,1,4.0,,0,1,1.0,1.0,1.0,0.0,0.0,0,-0.1416105093871293,0.9899224533422392,3.407142857142857,26.6,65.35119047619048,30.0,1023.2791666666666,traffic_signals,secondary
42434101,2024-12-16,40.818484,-73.9552918,3,0,2.0,,0,1,1.0,1.0,0.0,0.0,0.0,0,-0.1416105093871293,0.9899224533422392,3.407142857142857,26.6,65.35119047619048,30.0,1023.2791666666666,missing,residential
42434105,2024-12-16,40.8200228,-73.9589033,4,1,2.0,25.0,1,0,0.0,0.0,0.0,0.0,0.0,46,-0.1416105093871293,0.9899224533422392,3.407142857142857,26.6,65.35119047619048,30.0,1023.2791666666666,traffic_signals,secondary
42434110,2024-12-16,40.8127869,-73.9417352,3,1,3.0,,1,0,0.0,0.0,0.0,0.0,0.0,9,-0.1416105093871293,0.9899224533422392,3.407142857142857,26.6,65.35119047619048,30.0,1023.2791666666666,traffic_signals,secondary
42434111,2024-12-16,40.8140459,-73.9447305,4,1,2.0,25.0,1,0,0.0,0.0,0.0,0.0,0.0,9,-0.1416105093871293,0.9899224533422392,3.407142857142857,26.6,65.35119047619048,30.0,1023.2791666666666,traffic_signals,primary
42434113,2024-12-16,40.815207,-73.947489,4,1,4.0,25.0,1,0,0.0,0.0,0.0,0.0,0.0,13,-0.1416105093871293,0.9899224533422392,3.407142857142857,26.6,65.35119047619048,30.0,1023.2791666666666,traffic_signals,secondary
42434117,2024-12-16,40.807089,-73.9417696,4,1,2.0,25.0,1,0,1.0,1.0,0.0,0.0,0.0,3,-0.1416105093871293,0.9899224533422392,3.407142857142857,26.6,65.35119047619048,30.0,1023.2791666666666,traffic_signals,secondary
42434122,2024-12-16,40.8064085,-73.9401645,4,1,2.0,25.0,1,0,0.0,1.0,0.0,0.0,0.0,6,-0.1416105093871293,0.9899224533422392,3.407142857142857,26.6,65.35119047619048,30.0,1023.2791666666666,traffic_signals,secondary
42434129,2024-12-16,40.8050563,-73.9369374,4,1,2.0,25.0,1,0,1.0,1.0,1.0,0.0,0.0,3,-0.1416105093871293,0.9899224533422392,3.407142857142857,26.6,65.35119047619048,30.0,1023.2791666666666,traffic_signals,secondary
42434131,2024-12-16,40.8043912,-73.935333,4,1,4.0,25.0,1,0,0.0,0.0,0.0,0.0,0.0,9,-0.1416105093871293,0.9899224533422392,3.407142857142857,26.6,65.35119047619048,30.0,1023.2791666666666,traffic_signals,secondary
42434134,2024-12-16,40.8034339,-73.9330811,4,1,6.0,25.0,1,1,1.0,2.0,1.0,1.0,0.0,0,-0.1416105093871293,0.9899224533422392,3.407142857142857,26.6,65.35119047619048,30.0,1023.2791666666666,traffic_signals,primary
42434135,2024-12-16,40.8025081,-73.9308738,3,0,1.0,25.0,1,0,0.0,0.0,0.0,0.0,0.0,30,-0.1416105093871293,0.9899224533422392,3.407142857142857,26.6,65.35119047619048,30.0,1023.2791666666666,missing,secondary
42434140,2024-12-16,40.7295679,-73.989905,4,0,5.0,25.0,1,0,0.0,2.0,0.0,0.0,0.0,5,-0.1416105093871293,0.9899224533422392,3.407142857142857,26.6,65.35119047619048,30.0,1023.2791666666666,missing,primary
42434142,2024-12-16,40.7286043,-73.9876651,4,1,3.0,25.0,1,1,1.0,2.0,1.0,0.0,0.0,0,-0.1416105093871293,0.9899224533422392,3.407142857142857,26.6,65.35119047619048,30.0,1023.2791666666666,traffic_signals,primary
42434148,2024-12-16,40.726666,-73.98309,3,1,2.0,20.0,1,0,0.0,1.0,0.0,1.0,0.0,6,-0.1416105093871293,0.9899224533422392,3.407142857142857,26.6,65.35119047619048,30.0,1023.2791666666666,traffic_signals,secondary
42434158,2024-12-16,40.7871744,-73.9716995,4,1,4.0,,1,0,0.0,0.0,0.0,0.0,0.0,51,-0.1416105093871293,0.9899224533422392,3.407142857142857,26.6,65.35119047619048,30.0,1023.2791666666666,traffic_signals,primary
42434160,2024-12-16,40.788361,-73.9745165,4,1,3.0,25.0,1,0,1.0,2.0,2.0,1.0,0.0,3,-0.1416105093871293,0.9899224533422392,3.407142857142857,26.6,65.35119047619048,30.0,1023.2791666666666,traffic_signals,primary
42434161,2024-12-16,40.7906175,-73.9798657,3,1,2.0,,1,0,0.0,0.0,0.0,0.0,0.0,11,-0.1416105093871293,0.9899224533422392,3.407142857142857,26.6,65.35119047619048,30.0,1023.2791666666666,traffic_signals,secondary
42434165,2024-12-16,40.7872265,-73.9562599,3,1,2.0,25.0,1,0,0.0,0.0,0.0,0.0,0.0,36,-0.1416105093871293,0.9899224533422392,3.407142857142857,26.6,65.35119047619048,30.0,1023.2791666666666,traffic_signals,secondary
42434166,2024-12-16,40.7865547,-73.9546527,4,1,3.0,25.0,1,0,0.0,0.0,0.0,0.0,0.0,51,-0.1416105093871293,0.9899224533422392,3.407142857142857,26.6,65.35119047619048,30.0,1023.2791666666666,traffic_signals,secondary
42434168,2024-12-16,40.7858454,-73.9529602,4,1,3.0,25.0,1,0,0.0,0.0,0.0,0.0,0.0,51,-0.1416105093871293,0.9899224533422392,3.407142857142857,26.6,65.35119047619048,30.0,1023.2791666666666,traffic_signals,primary
42434169,2024-12-16,40.7851972,-73.9514317,4,1,3.0,25.0,1,0,0.0,0.0,0.0,0.0,0.0,28,-0.1416105093871293,0.9899224533422392,3.407142857142857,26.6,65.35119047619048,30.0,1023.2791666666666,traffic_signals,secondary
42434172,2024-12-16,40.7845271,-73.9498372,4,1,4.0,25.0,1,0,0.0,1.0,0.0,0.0,0.0,7,-0.1416105093871293,0.9899224533422392,3.407142857142857,26.6,65.35119047619048,30.0,1023.2791666666666,traffic_signals,primary
42434175,2024-12-16,40.7835688,-73.947588,4,1,4.0,25.0,1,0,1.0,2.0,1.0,0.0,1.0,2,-0.1416105093871293,0.9899224533422392,3.407142857142857,26.6,65.35119047619048,30.0,1023.2791666666666,traffic_signals,primary
42434179,2024-12-16,40.7825675,-73.9452196,3,1,5.0,25.0,1,0,0.0,0.0,0.0,0.0,0.0,20,-0.1416105093871293,0.9899224533422392,3.407142857142857,26.6,65.35119047619048,30.0,1023.2791666666666,traffic_signals,primary
42434196,2024-12-16,40.7289384,-73.9903653,3,0,5.0,25.0,1,0,0.0,0.0,0.0,0.0,0.0,39,-0.1416105093871293,0.9899224533422392,3.407142857142857,26.6,65.35119047619048,30.0,1023.2791666666666,missing,primary
42434197,2024-12-16,40.7287,-73.9898044,3,0,1.0,25.0,1,1,1.0,1.0,0.0,0.0,0.0,0,-0.1416105093871293,0.9899224533422392,3.407142857142857,26.6,65.35119047619048,30.0,1023.2791666666666,missing,residential
42434201,2024-12-16,40.7279851,-73.9881196,4,1,3.0,25.0,1,0,0.0,0.0,0.0,0.0,0.0,51,-0.1416105093871293,0.9899224533422392,3.407142857142857,26.6,65.35119047619048,30.0,1023.2791666666666,traffic_signals,primary
42434205,2024-12-16,40.726988,-73.985753,4,1,4.0,25.0,1,0,0.0,0.0,0.0,0.0,0.0,26,-0.1416105093871293,0.9899224533422392,3.407142857142857,26.6,65.35119047619048,30.0,1023.2791666666666,traffic_signals,primary
42434215,2024-12-16,40.7260512,-73.9835308,4,1,2.0,20.0,1,0,0.0,0.0,0.0,0.0,0.0,9,-0.1416105093871293,0.9899224533422392,3.407142857142857,26.6,65.35119047619048,30.0,1023.2791666666666,traffic_signals,secondary
42434226,2024-12-16,40.725073,-73.981211,4,1,2.0,20.0,1,0,0.0,0.0,0.0,0.0,0.0,18,-0.1416105093871293,0.9899224533422392,3.407142857142857,26.6,65.35119047619048,30.0,1023.2791666666666,traffic_signals,tertiary
42434233,2024-12-16,40.7240792,-73.9788537,4,1,2.0,20.0,1,0,0.0,0.0,0.0,0.0,0.0,24,-0.1416105093871293,0.9899224533422392,3.407142857142857,26.6,65.35119047619048,30.0,1023.2791666666666,traffic_signals,secondary
42434237,2024-12-16,40.723078,-73.976477,3,0,3.0,20.0,1,0,1.0,2.0,0.0,0.0,0.0,2,-0.1416105093871293,0.9899224533422392,3.407142857142857,26.6,65.35119047619048,30.0,1023.2791666666666,missing,tertiary
42434246,2024-12-16,40.8216757,-73.9391536,4,1,4.0,25.0,1,0,1.0,4.0,1.0,1.0,0.0,2,-0.1416105093871293,0.9899224533422392,3.407142857142857,26.6,65.35119047619048,30.0,1023.2791666666666,traffic_signals,primary
42434249,2024-12-16,40.8228413,-73.9419205,4,1,4.0,25.0,0,0,0.0,0.0,0.0,0.0,0.0,8,-0.1416105093871293,0.9899224533422392,3.407142857142857,26.6,65.35119047619048,30.0,1023.2791666666666,traffic_signals,secondary
42434251,2024-12-16,40.8232628,-73.94292,4,1,4.0,25.0,1,0,2.0,4.0,0.0,2.0,0.0,1,-0.1416105093871293,0.9899224533422392,3.407142857142857,26.6,65.35119047619048,30.0,1023.2791666666666,traffic_signals,secondary
42434255,2024-12-16,40.823655,-73.9438503,4,1,4.0,25.0,1,0,0.0,3.0,0.0,0.0,0.0,5,-0.1416105093871293,0.9899224533422392,3.407142857142857,26.6,65.35119047619048,30.0,1023.2791666666666,traffic_signals,secondary
42434259,2024-12-16,40.8246596,-73.946223,4,1,4.0,25.0,0,0,1.0,1.0,1.0,1.0,0.0,1,-0.1416105093871293,0.9899224533422392,3.407142857142857,26.6,65.35119047619048,30.0,1023.2791666666666,traffic_signals,secondary
42434262,2024-12-16,40.825238,-73.9475961,4,1,4.0,25.0,0,1,3.0,4.0,1.0,1.0,1.0,0,-0.1416105093871293,0.9899224533422392,3.407142857142857,26.6,65.35119047619048,30.0,1023.2791666666666,traffic_signals,secondary
42434264,2024-12-16,40.8271028,-73.9520649,3,1,4.0,25.0,1,0,0.0,0.0,0.0,0.0,0.0,51,-0.1416105093871293,0.9899224533422392,3.407142857142857,26.6,65.35119047619048,30.0,1023.2791666666666,traffic_signals,secondary
42434268,2024-12-16,40.7408858,-73.9900833,4,1,3.0,25.0,1,0,0.0,1.0,0.0,0.0,0.0,4,-0.1416105093871293,0.9899224533422392,3.407142857142857,26.6,65.35119047619048,30.0,1023.2791666666666,traffic_signals,secondary
42434270,2024-12-16,40.7434315,-73.9961302,4,1,3.0,25.0,1,0,0.0,0.0,0.0,0.0,0.0,15,-0.1416105093871293,0.9899224533422392,3.407142857142857,26.6,65.35119047619048,30.0,1023.2791666666666,traffic_signals,secondary
42434271,2024-12-16,40.74463,-73.9989693,4,1,3.0,25.0,1,1,1.0,1.0,0.0,0.0,0.0,0,-0.1416105093871293,0.9899224533422392,3.407142857142857,26.6,65.35119047619048,30.0,1023.2791666666666,traffic_signals,secondary
42434279,2024-12-16,40.7458555,-74.0018592,4,1,3.0,25.0,1,0,1.0,1.0,0.0,0.0,0.0,2,-0.1416105093871293,0.9899224533422392,3.407142857142857,26.6,65.35119047619048,30.0,1023.2791666666666,traffic_signals,secondary
42434285,2024-12-16,40.747023,-74.004653,4,1,4.0,25.0,1,0,1.0,1.0,0.0,0.0,0.0,1,-0.1416105093871293,0.9899224533422392,3.407142857142857,26.6,65.35119047619048,30.0,1023.2791666666666,traffic_signals,primary
42434306,2024-12-16,40.8242206,-73.9373,4,1,2.0,25.0,1,0,0.0,1.0,0.0,0.0,0.0,7,-0.1416105093871293,0.9899224533422392,3.407142857142857,26.6,65.35119047619048,30.0,1023.2791666666666,traffic_signals,primary
42434308,2024-12-16,40.825379,-73.940054,4,1,4.0,25.0,1,0,0.0,0.0,0.0,0.0,0.0,9,-0.1416105093871293,0.9899224533422392,3.407142857142857,26.6,65.35119047619048,30.0,1023.2791666666666,traffic_signals,secondary
42434314,2024-12-16,40.8257967,-73.9410462,3,0,,,1,0,0.0,0.0,0.0,0.0,0.0,11,-0.1416105093871293,0.9899224533422392,3.407142857142857,26.6,65.35119047619048,30.0,1023.2791666666666,missing,tertiary
42434338,2024-12-16,40.8271966,-73.9443629,4,1,,,1,0,0.0,0.0,0.0,0.0,0.0,32,-0.1416105093871293,0.9899224533422392,3.407142857142857,26.6,65.35119047619048,30.0,1023.2791666666666,traffic_signals,tertiary
42434340,2024-12-16,40.8277796,-73.9457333,4,1,3.0,,1,1,1.0,2.0,1.0,2.0,0.0,0,-0.1416105093871293,0.9899224533422392,3.407142857142857,26.6,65.35119047619048,30.0,1023.2791666666666,traffic_signals,secondary
42434343,2024-12-16,40.8296117,-73.9501081,4,1,2.0,,1,0,0.0,0.0,0.0,0.0,0.0,51,-0.1416105093871293,0.9899224533422392,3.407142857142857,26.6,65.35119047619048,30.0,1023.2791666666666,traffic_signals,secondary
42434352,2024-12-16,40.7339696,-73.9887887,3,0,3.0,25.0,0,0,0.0,0.0,0.0,0.0,0.0,9,-0.1416105093871293,0.9899224533422392,3.407142857142857,26.6,65.35119047619048,30.0,1023.2791666666666,missing,residential
42434354,2024-12-16,40.7352981,-73.9878233,4,0,2.0,25.0,1,0,0.0,0.0,0.0,0.0,0.0,13,-0.1416105093871293,0.9899224533422392,3.407142857142857,26.6,65.35119047619048,30.0,1023.2791666666666,missing,residential
42434355,2024-12-16,40.7358905,-73.987395,4,0,2.0,25.0,1,0,0.0,0.0,0.0,0.0,0.0,38,-0.1416105093871293,0.9899224533422392,3.407142857142857,26.6,65.35119047619048,30.0,1023.2791666666666,missing,residential
42434357,2024-12-16,40.7364725,-73.9869684,4,0,2.0,25.0,1,0,0.0,0.0,0.0,0.0,0.0,32,-0.1416105093871293,0.9899224533422392,3.407142857142857,26.6,65.35119047619048,30.0,1023.2791666666666,missing,residential
42434358,2024-12-16,40.7370554,-73.9865427,4,0,2.0,25.0,1,0,0.0,0.0,0.0,0.0,0.0,11,-0.1416105093871293,0.9899224533422392,3.407142857142857,26.6,65.35119047619048,30.0,1023.2791666666666,missing,residential
42434360,2024-12-16,40.737639,-73.9861202,3,0,2.0,25.0,1,0,0.0,0.0,0.0,0.0,0.0,9,-0.1416105093871293,0.9899224533422392,3.407142857142857,26.6,65.35119047619048,30.0,1023.2791666666666,missing,residential
42434361,2024-12-16,40.8147543,-73.9402901,3,1,2.0,,1,0,0.0,0.0,0.0,0.0,0.0,51,-0.1416105093871293,0.9899224533422392,3.407142857142857,26.6,65.35119047619048,30.0,1023.2791666666666,traffic_signals,secondary
42434370,2024-12-16,40.8701354,-73.9170165,3,0,,20.0,1,0,0.0,0.0,0.0,0.0,0.0,51,-0.1416105093871293,0.9899224533422392,3.407142857142857,26.6,65.35119047619048,30.0,1023.2791666666666,missing,residential
42434372,2024-12-16,40.871044,-73.915746,3,0,,20.0,1,0,0.0,0.0,0.0,0.0,0.0,51,-0.1416105093871293,0.9899224533422392,3.407142857142857,26.6,65.35119047619048,30.0,1023.2791666666666,missing,residential
42434377,2024-12-16,40.7961631,-73.9476486,4,1,5.0,25.0,1,0,0.0,0.0,0.0,0.0,0.0,40,-0.1416105093871293,0.9899224533422392,3.407142857142857,26.6,65.35119047619048,30.0,1023.2791666666666,traffic_signals,secondary
42434382,2024-12-16,40.7954276,-73.9459003,4,1,1.0,25.0,1,0,0.0,0.0,0.0,0.0,0.0,11,-0.1416105093871293,0.9899224533422392,3.407142857142857,26.6,65.35119047619048,30.0,1023.2791666666666,traffic_signals,primary
42434384,2024-12-16,40.7948079,-73.9444165,4,1,2.0,25.0,1,0,0.0,0.0,0.0,0.0,0.0,24,-0.1416105093871293,0.9899224533422392,3.407142857142857,26.6,65.35119047619048,30.0,1023.2791666666666,traffic_signals,secondary
42434385,2024-12-16,40.794128,-73.9428091,4,1,4.0,,1,0,0.0,1.0,0.0,1.0,0.0,6,-0.1416105093871293,0.9899224533422392,3.407142857142857,26.6,65.35119047619048,30.0,1023.2791666666666,traffic_signals,primary
42434386,2024-12-16,40.7931803,-73.9405687,4,1,5.0,25.0,1,0,0.0,0.0,0.0,0.0,0.0,11,-0.1416105093871293,0.9899224533422392,3.407142857142857,26.6,65.35119047619048,30.0,1023.2791666666666,traffic_signals,primary
42434389,2024-12-16,40.7921784,-73.9382001,4,1,5.0,25.0,1,0,0.0,0.0,0.0,0.0,0.0,15,-0.1416105093871293,0.9899224533422392,3.407142857142857,26.6,65.35119047619048,30.0,1023.2791666666666,traffic_signals,primary
42434410,2024-12-16,40.7081076,-74.009838,3,0,1.0,20.0,1,0,0.0,2.0,0.0,0.0,0.0,4,-0.1416105093871293,0.9899224533422392,3.407142857142857,26.6,65.35119047619048,30.0,1023.2791666666666,missing,residential
42434412,2024-12-16,40.7093107,-74.011935,4,1,2.0,20.0,1,0,0.0,0.0,0.0,0.0,0.0,51,-0.1416105093871293,0.9899224533422392,3.407142857142857,26.6,65.35119047619048,30.0,1023.2791666666666,traffic_signals,secondary
42434418,2024-12-16,40.7063877,-74.007136,3,0,1.0,20.0,1,0,0.0,0.0,0.0,0.0,0.0,51,-0.1416105093871293,0.9899224533422392,3.407142857142857,26.6,65.35119047619048,30.0,1023.2791666666666,missing,residential
42434420,2024-12-16,40.7073785,-74.008622,3,0,1.0,20.0,1,0,1.0,1.0,0.0,0.0,0.0,2,-0.1416105093871293,0.9899224533422392,3.407142857142857,26.6,65.35119047619048,30.0,1023.2791666666666,missing,residential
42434427,2024-12-16,40.7539458,-73.9976109,3,1,5.0,25.0,0,0,0.0,0.0,0.0,0.0,0.0,13,-0.1416105093871293,0.9899224533422392,3.407142857142857,26.6,65.35119047619048,30.0,1023.2791666666666,traffic_signals,primary
42434429,2024-12-16,40.7552202,-73.9966484,5,1,5.0,25.0,1,0,1.0,1.0,0.0,0.0,0.0,1,-0.1416105093871293,0.9899224533422392,3.407142857142857,26.6,65.35119047619048,30.0,1023.2791666666666,traffic_signals,primary
42434434,2024-12-16,40.7583714,-73.994391,4,1,5.0,,1,0,0.0,0.0,0.0,0.0,0.0,14,-0.1416105093871293,0.9899224533422392,3.407142857142857,26.6,65.35119047619048,30.0,1023.2791666666666,traffic_signals,primary
42434439,2024-12-16,40.7589778,-73.9939368,3,1,5.0,25.0,1,1,2.0,4.0,1.0,0.0,1.0,0,-0.1416105093871293,0.9899224533422392,3.407142857142857,26.6,65.35119047619048,30.0,1023.2791666666666,traffic_signals,primary
42434465,2024-12-16,40.7512711,-73.9989993,3,0,3.0,25.0,1,0,0.0,0.0,0.0,0.0,0.0,51,-0.1416105093871293,0.9899224533422392,3.407142857142857,26.6,65.35119047619048,30.0,1023.2791666666666,missing,secondary
42434559,2024-12-16,40.8632904,-73.9325365,3,0,2.0,,1,0,0.0,0.0,0.0,0.0,0.0,51,-0.1416105093871293,0.9899224533422392,3.407142857142857,26.6,65.35119047619048,30.0,1023.2791666666666,missing,unclassified
42434722,2024-12-16,40.8646389,-73.9309931,3,0,1.0,,1,0,0.0,0.0,0.0,0.0,0.0,10,-0.1416105093871293,0.9899224533422392,3.407142857142857,26.6,65.35119047619048,30.0,1023.2791666666666,missing,residential
42434780,2024-12-16,40.8639056,-73.9314679,3,0,,,1,0,0.0,0.0,0.0,0.0,0.0,51,-0.1416105093871293,0.9899224533422392,3.407142857142857,26.6,65.35119047619048,30.0,1023.2791666666666,missing,residential
42434800,2024-12-16,40.7440672,-73.9877451,4,1,4.0,25.0,1,0,0.0,0.0,0.0,0.0,0.0,18,-0.1416105093871293,0.9899224533422392,3.407142857142857,26.6,65.35119047619048,30.0,1023.2791666666666,traffic_signals,secondary
42434807,2024-12-16,40.746618,-73.993813,4,1,5.0,25.0,1,0,0.0,0.0,0.0,0.0,0.0,13,-0.1416105093871293,0.9899224533422392,3.407142857142857,26.6,65.35119047619048,30.0,1023.2791666666666,traffic_signals,secondary
42434810,2024-12-16,40.7478363,-73.9966345,3,1,4.0,25.0,1,0,0.0,0.0,0.0,0.0,0.0,11,-0.1416105093871293,0.9899224533422392,3.407142857142857,26.6,65.35119047619048,30.0,1023.2791666666666,traffic_signals,secondary
42434821,2024-12-16,40.7502291,-74.0023139,4,1,5.0,25.0,1,0,0.0,2.0,0.0,0.0,0.0,7,-0.1416105093871293,0.9899224533422392,3.407142857142857,26.6,65.35119047619048,30.0,1023.2791666666666,traffic_signals,primary
42434827,2024-12-16,40.7524138,-74.007576,3,0,4.0,30.0,1,0,0.0,0.0,0.0,0.0,0.0,36,-0.1416105093871293,0.9899224533422392,3.407142857142857,26.6,65.35119047619048,30.0,1023.2791666666666,missing,trunk
42434832,2024-12-16,40.7108145,-73.9833045,3,0,2.0,25.0,1,0,0.0,0.0,0.0,0.0,0.0,51,-0.1416105093871293,0.9899224533422392,3.407142857142857,26.6,65.35119047619048,30.0,1023.2791666666666,missing,secondary
42434833,2024-12-16,40.7113383,-73.9833096,3,0,1.0,25.0,1,0,0.0,0.0,0.0,0.0,0.0,51,-0.1416105093871293,0.9899224533422392,3.407142857142857,26.6,65.35119047619048,30.0,1023.2791666666666,missing,residential
42434839,2024-12-16,40.7203849,-74.0060136,3,0,1.0,20.0,1,0,0.0,0.0,0.0,0.0,0.0,35,-0.1416105093871293,0.9899224533422392,3.407142857142857,26.6,65.35119047619048,30.0,1023.2791666666666,missing,trunk
42434842,2024-12-16,40.720428,-74.0064614,3,0,1.0,20.0,1,0,0.0,0.0,0.0,0.0,0.0,51,-0.1416105093871293,0.9899224533422392,3.407142857142857,26.6,65.35119047619048,30.0,1023.2791666666666,missing,trunk
42434845,2024-12-16,40.720453,-74.0066917,4,1,2.0,20.0,1,0,0.0,0.0,0.0,0.0,0.0,32,-0.1416105093871293,0.9899224533422392,3.407142857142857,26.6,65.35119047619048,30.0,1023.2791666666666,traffic_signals,trunk
42434855,2024-12-16,40.7200757,-74.0056628,3,0,2.0,20.0,1,0,0.0,0.0,0.0,0.0,0.0,51,-0.1416105093871293,0.9899224533422392,3.407142857142857,26.6,65.35119047619048,30.0,1023.2791666666666,missing,secondary
42434871,2024-12-16,40.720765,-74.010008,3,1,1.0,20.0,1,0,0.0,0.0,0.0,0.0,0.0,22,-0.1416105093871293,0.9899224533422392,3.407142857142857,26.6,65.35119047619048,30.0,1023.2791666666666,traffic_signals,residential
42434894,2024-12-16,40.7909386,-73.9491789,4,1,1.0,25.0,1,0,0.0,0.0,0.0,0.0,0.0,32,-0.1416105093871293,0.9899224533422392,3.407142857142857,26.6,65.35119047619048,30.0,1023.2791666666666,traffic_signals,primary
42434895,2024-12-16,40.7903181,-73.9476894,4,1,3.0,25.0,1,0,0.0,2.0,0.0,0.0,0.0,4,-0.1416105093871293,0.9899224533422392,3.407142857142857,26.6,65.35119047619048,30.0,1023.2791666666666,traffic_signals,secondary
42434898,2024-12-16,40.7896375,-73.9460871,3,1,4.0,,1,0,1.0,1.0,1.0,0.0,0.0,2,-0.1416105093871293,0.9899224533422392,3.407142857142857,26.6,65.35119047619048,30.0,1023.2791666666666,traffic_signals,primary
42434904,2024-12-16,40.7923469,-73.9525217,3,1,2.0,25.0,1,0,1.0,1.0,1.0,0.0,0.0,2,-0.1416105093871293,0.9899224533422392,3.407142857142857,26.6,65.35119047619048,30.0,1023.2791666666666,traffic_signals,secondary
42434905,2024-12-16,40.791675,-73.9509196,3,1,5.0,25.0,1,0,0.0,0.0,0.0,0.0,0.0,9,-0.1416105093871293,0.9899224533422392,3.407142857142857,26.6,65.35119047619048,30.0,1023.2791666666666,traffic_signals,secondary
42434910,2024-12-16,40.787692,-73.941478,3,1,4.0,25.0,1,0,0.0,0.0,0.0,0.0,0.0,10,-0.1416105093871293,0.9899224533422392,3.407142857142857,26.6,65.35119047619048,30.0,1023.2791666666666,traffic_signals,primary
42434912,2024-12-16,40.7886864,-73.9438661,3,1,5.0,25.0,1,0,0.0,1.0,0.0,1.0,0.0,5,-0.1416105093871293,0.9899224533422392,3.407142857142857,26.6,65.35119047619048,30.0,1023.2791666666666,traffic_signals,primary
42434935,2024-12-16,40.8279826,-73.9350182,4,0,2.0,25.0,1,0,0.0,0.0,0.0,0.0,0.0,51,-0.1416105093871293,0.9899224533422392,3.407142857142857,26.6,65.35119047619048,30.0,1023.2791666666666,missing,primary
42434946,2024-12-16,40.7491045,-73.9840705,4,1,5.0,25.0,1,0,0.0,0.0,0.0,0.0,0.0,8,-0.1416105093871293,0.9899224533422392,3.407142857142857,26.6,65.35119047619048,30.0,1023.2791666666666,traffic_signals,secondary
42434948,2024-12-16,40.7484303,-73.9824775,4,1,4.0,25.0,1,1,1.0,1.0,1.0,0.0,0.0,0,-0.1416105093871293,0.9899224533422392,3.407142857142857,26.6,65.35119047619048,30.0,1023.2791666666666,traffic_signals,secondary
42434951,2024-12-16,40.7477174,-73.9807655,4,1,3.0,25.0,1,0,0.0,0.0,0.0,0.0,0.0,14,-0.1416105093871293,0.9899224533422392,3.407142857142857,26.6,65.35119047619048,30.0,1023.2791666666666,traffic_signals,primary
42434954,2024-12-16,40.7470801,-73.979255,4,0,4.0,25.0,1,0,0.0,1.0,0.0,1.0,0.0,5,-0.1416105093871293,0.9899224533422392,3.407142857142857,26.6,65.35119047619048,30.0,1023.2791666666666,missing,secondary
42434959,2024-12-16,40.7464036,-73.9776454,4,0,4.0,25.0,1,0,1.0,1.0,0.0,0.0,0.0,3,-0.1416105093871293,0.9899224533422392,3.407142857142857,26.6,65.35119047619048,30.0,1023.2791666666666,missing,primary
42434962,2024-12-16,40.7460385,-73.9767875,4,1,3.0,25.0,1,0,0.0,0.0,0.0,0.0,0.0,34,-0.1416105093871293,0.9899224533422392,3.407142857142857,26.6,65.35119047619048,30.0,1023.2791666666666,traffic_signals,primary
42434965,2024-12-16,40.7454554,-73.9753989,4,1,6.0,25.0,1,0,1.0,1.0,0.0,0.0,0.0,2,-0.1416105093871293,0.9899224533422392,3.407142857142857,26.6,65.35119047619048,30.0,1023.2791666666666,traffic_signals,primary
42434969,2024-12-16,40.7451792,-73.974743,4,1,2.0,25.0,1,0,0.0,0.0,0.0,0.0,0.0,18,-0.1416105093871293,0.9899224533422392,3.407142857142857,26.6,65.35119047619048,30.0,1023.2791666666666,traffic_signals,primary
42434974,2024-12-16,40.7444485,-73.973027,4,1,5.0,25.0,1,0,1.0,1.0,0.0,0.0,0.0,1,-0.1416105093871293,0.9899224533422392,3.407142857142857,26.6,65.35119047619048,30.0,1023.2791666666666,traffic_signals,primary
42434989,2024-12-16,40.8417005,-73.9355668,3,1,3.0,,1,0,0.0,0.0,0.0,0.0,0.0,40,-0.1416105093871293,0.9899224533422392,3.407142857142857,26.6,65.35119047619048,30.0,1023.2791666666666,traffic_signals,secondary
42434992,2024-12-16,40.8423228,-73.9370346,4,1,2.0,20.0,1,0,0.0,0.0,0.0,0.0,0.0,24,-0.1416105093871293,0.9899224533422392,3.407142857142857,26.6,65.35119047619048,30.0,1023.2791666666666,traffic_signals,tertiary
42435002,2024-12-16,40.8446105,-73.9424729,3,0,1.0,25.0,1,0,0.0,0.0,0.0,0.0,0.0,32,-0.1416105093871293,0.9899224533422392,3.407142857142857,26.6,65.35119047619048,30.0,1023.2791666666666,missing,residential
42435197,2024-12-16,40.8404757,-73.9353154,3,0,,,1,0,0.0,0.0,0.0,0.0,0.0,10,-0.1416105093871293,0.9899224533422392,3.407142857142857,26.6,65.35119047619048,30.0,1023.2791666666666,missing,residential
42435198,2024-12-16,40.8410549,-73.9360373,4,1,3.0,25.0,1,0,0.0,0.0,0.0,0.0,0.0,9,-0.1416105093871293,0.9899224533422392,3.407142857142857,26.6,65.35119047619048,30.0,1023.2791666666666,traffic_signals,secondary
42435207,2024-12-16,40.8026041,-73.9450492,4,1,2.0,,1,0,0.0,0.0,0.0,0.0,0.0,51,-0.1416105093871293,0.9899224533422392,3.407142857142857,26.6,65.35119047619048,30.0,1023.2791666666666,traffic_signals,secondary
42435211,2024-12-16,40.8019202,-73.9434351,4,1,5.0,25.0,1,0,0.0,0.0,0.0,0.0,0.0,11,-0.1416105093871293,0.9899224533422392,3.407142857142857,26.6,65.35119047619048,30.0,1023.2791666666666,traffic_signals,secondary
42435222,2024-12-16,40.8011841,-73.9416979,4,1,1.0,25.0,1,1,1.0,1.0,0.0,0.0,0.0,0,-0.1416105093871293,0.9899224533422392,3.407142857142857,26.6,65.35119047619048,30.0,1023.2791666666666,traffic_signals,primary
42435230,2024-12-16,40.800568,-73.9402084,4,1,2.0,25.0,1,0,2.0,2.0,1.0,1.0,0.0,1,-0.1416105093871293,0.9899224533422392,3.407142857142857,26.6,65.35119047619048,30.0,1023.2791666666666,traffic_signals,secondary
42435231,2024-12-16,40.7998895,-73.9386013,4,1,4.0,25.0,1,0,0.0,0.0,0.0,0.0,0.0,11,-0.1416105093871293,0.9899224533422392,3.407142857142857,26.6,65.35119047619048,30.0,1023.2791666666666,traffic_signals,primary
42435234,2024-12-16,40.7989421,-73.9363574,4,1,5.0,25.0,1,1,1.0,3.0,0.0,0.0,0.0,0,-0.1416105093871293,0.9899224533422392,3.407142857142857,26.6,65.35119047619048,30.0,1023.2791666666666,traffic_signals,primary
42435237,2024-12-16,40.7979434,-73.9339919,4,1,4.0,25.0,1,0,0.0,0.0,0.0,0.0,0.0,8,-0.1416105093871293,0.9899224533422392,3.407142857142857,26.6,65.35119047619048,30.0,1023.2791666666666,traffic_signals,primary
42435240,2024-12-16,40.796992,-73.9317474,4,0,2.0,25.0,1,0,0.0,0.0,0.0,0.0,0.0,17,-0.1416105093871293,0.9899224533422392,3.407142857142857,26.6,65.35119047619048,30.0,1023.2791666666666,missing,residential
42435253,2024-12-16,40.7705364,-73.9801168,3,1,4.0,25.0,1,0,0.0,1.0,0.0,0.0,0.0,6,-0.1416105093871293,0.9899224533422392,3.407142857142857,26.6,65.35119047619048,30.0,1023.2791666666666,traffic_signals,secondary
42435257,2024-12-16,40.7711608,-73.9796589,3,1,4.0,25.0,1,0,0.0,0.0,0.0,0.0,0.0,30,-0.1416105093871293,0.9899224533422392,3.407142857142857,26.6,65.35119047619048,30.0,1023.2791666666666,traffic_signals,secondary
42435272,2024-12-16,40.7755427,-73.9764626,3,1,4.0,25.0,1,0,0.0,0.0,0.0,0.0,0.0,8,-0.1416105093871293,0.9899224533422392,3.407142857142857,26.6,65.35119047619048,30.0,1023.2791666666666,traffic_signals,secondary
42435275,2024-12-16,40.7762266,-73.975963,3,1,4.0,25.0,0,0,0.0,0.0,0.0,0.0,0.0,41,-0.1416105093871293,0.9899224533422392,3.407142857142857,26.6,65.35119047619048,30.0,1023.2791666666666,traffic_signals,secondary
42435283,2024-12-16,40.7775416,-73.9749993,3,1,4.0,25.0,1,0,0.0,0.0,0.0,0.0,0.0,51,-0.1416105093871293,0.9899224533422392,3.407142857142857,26.6,65.35119047619048,30.0,1023.2791666666666,traffic_signals,secondary
42435295,2024-12-16,40.7781744,-73.9745417,3,1,4.0,25.0,1,0,0.0,0.0,0.0,0.0,0.0,27,-0.1416105093871293,0.9899224533422392,3.407142857142857,26.6,65.35119047619048,30.0,1023.2791666666666,traffic_signals,secondary
42435301,2024-12-16,40.7788134,-73.9740803,3,1,4.0,25.0,1,0,0.0,0.0,0.0,0.0,0.0,51,-0.1416105093871293,0.9899224533422392,3.407142857142857,26.6,65.35119047619048,30.0,1023.2791666666666,traffic_signals,secondary
42435308,2024-12-16,40.7833528,-73.9707756,3,1,4.0,25.0,1,0,0.0,0.0,0.0,0.0,0.0,8,-0.1416105093871293,0.9899224533422392,3.407142857142857,26.6,65.35119047619048,30.0,1023.2791666666666,traffic_signals,secondary
42435316,2024-12-16,40.7885002,-73.967021,3,1,4.0,25.0,1,0,0.0,0.0,0.0,0.0,0.0,51,-0.1416105093871293,0.9899224533422392,3.407142857142857,26.6,65.35119047619048,30.0,1023.2791666666666,traffic_signals,secondary
42435317,2024-12-16,40.7891218,-73.9665628,3,1,4.0,25.0,1,0,0.0,0.0,0.0,0.0,0.0,51,-0.1416105093871293,0.9899224533422392,3.407142857142857,26.6,65.35119047619048,30.0,1023.2791666666666,traffic_signals,secondary
42435319,2024-12-16,40.7897447,-73.9661041,3,1,4.0,25.0,1,0,0.0,0.0,0.0,0.0,0.0,9,-0.1416105093871293,0.9899224533422392,3.407142857142857,26.6,65.35119047619048,30.0,1023.2791666666666,traffic_signals,secondary
42435323,2024-12-16,40.7903702,-73.9656483,3,1,4.0,25.0,1,0,0.0,0.0,0.0,0.0,0.0,32,-0.1416105093871293,0.9899224533422392,3.407142857142857,26.6,65.35119047619048,30.0,1023.2791666666666,traffic_signals,secondary
42435328,2024-12-16,40.7909985,-73.9651883,3,1,4.0,25.0,1,0,0.0,0.0,0.0,0.0,0.0,51,-0.1416105093871293,0.9899224533422392,3.407142857142857,26.6,65.35119047619048,30.0,1023.2791666666666,traffic_signals,secondary
42435331,2024-12-16,40.794859,-73.9623766,3,1,4.0,25.0,1,0,0.0,0.0,0.0,0.0,0.0,51,-0.1416105093871293,0.9899224533422392,3.407142857142857,26.6,65.35119047619048,30.0,1023.2791666666666,traffic_signals,secondary
42435333,2024-12-16,40.7954892,-73.9619156,3,1,4.0,25.0,1,0,0.0,0.0,0.0,0.0,0.0,51,-0.1416105093871293,0.9899224533422392,3.407142857142857,26.6,65.35119047619048,30.0,1023.2791666666666,traffic_signals,secondary
42435336,2024-12-16,40.7967492,-73.960991,3,1,4.0,25.0,1,0,0.0,0.0,0.0,0.0,0.0,51,-0.1416105093871293,0.9899224533422392,3.407142857142857,26.6,65.35119047619048,30.0,1023.2791666666666,traffic_signals,secondary
42435337,2024-12-16,40.7973764,-73.9605349,3,1,4.0,25.0,1,0,0.0,0.0,0.0,0.0,0.0,51,-0.1416105093871293,0.9899224533422392,3.407142857142857,26.6,65.35119047619048,30.0,1023.2791666666666,traffic_signals,secondary
42435341,2024-12-16,40.7993567,-73.9590861,3,1,4.0,25.0,1,0,0.0,0.0,0.0,0.0,0.0,51,-0.1416105093871293,0.9899224533422392,3.407142857142857,26.6,65.35119047619048,30.0,1023.2791666666666,traffic_signals,secondary
42435343,2024-12-16,40.7999836,-73.9586275,3,1,4.0,,1,0,1.0,2.0,1.0,0.0,1.0,2,-0.1416105093871293,0.9899224533422392,3.407142857142857,26.6,65.35119047619048,30.0,1023.2791666666666,traffic_signals,secondary
42435346,2024-12-16,40.8003679,-73.9583313,3,1,4.0,,1,0,0.0,0.0,0.0,0.0,0.0,51,-0.1416105093871293,0.9899224533422392,3.407142857142857,26.6,65.35119047619048,30.0,1023.2791666666666,traffic_signals,secondary
42435359,2024-12-16,40.8017886,-73.9610669,4,1,4.0,25.0,1,0,0.0,1.0,0.0,0.0,0.0,4,-0.1416105093871293,0.9899224533422392,3.407142857142857,26.6,65.35119047619048,30.0,1023.2791666666666,traffic_signals,primary
42435360,2024-12-16,40.8047082,-73.960077,3,0,2.0,25.0,1,0,0.0,2.0,0.0,0.0,0.0,5,-0.1416105093871293,0.9899224533422392,3.407142857142857,26.6,65.35119047619048,30.0,1023.2791666666666,missing,tertiary
42435362,2024-12-16,40.8054325,-73.9598246,3,0,2.0,25.0,1,0,0.0,0.0,0.0,0.0,0.0,51,-0.1416105093871293,0.9899224533422392,3.407142857142857,26.6,65.35119047619048,30.0,1023.2791666666666,missing,tertiary
42435380,2024-12-16,40.8093981,-73.9572467,3,0,2.0,25.0,1,0,0.0,1.0,0.0,0.0,0.0,5,-0.1416105093871293,0.9899224533422392,3.407142857142857,26.6,65.35119047619048,30.0,1023.2791666666666,missing,tertiary
42435387,2024-12-16,40.7999664,-73.9469712,4,1,2.0,,1,0,0.0,0.0,0.0,0.0,0.0,13,-0.1416105093871293,0.9899224533422392,3.407142857142857,26.6,65.35119047619048,30.0,1023.2791666666666,traffic_signals,secondary
42435388,2024-12-16,40.7992916,-73.9453586,4,1,5.0,25.0,1,0,0.0,0.0,0.0,0.0,0.0,51,-0.1416105093871293,0.9899224533422392,3.407142857142857,26.6,65.35119047619048,30.0,1023.2791666666666,traffic_signals,secondary
42435392,2024-12-16,40.7985684,-73.9436083,4,1,1.0,25.0,1,0,1.0,1.0,0.0,0.0,0.0,2,-0.1416105093871293,0.9899224533422392,3.407142857142857,26.6,65.35119047619048,30.0,1023.2791666666666,traffic_signals,primary
42435395,2024-12-16,40.79795,-73.9421243,4,1,2.0,25.0,1,0,0.0,0.0,0.0,0.0,0.0,17,-0.1416105093871293,0.9899224533422392,3.407142857142857,26.6,65.35119047619048,30.0,1023.2791666666666,traffic_signals,secondary
42435396,2024-12-16,40.7972671,-73.9405201,4,1,4.0,,1,0,0.0,1.0,0.0,0.0,0.0,5,-0.1416105093871293,0.9899224533422392,3.407142857142857,26.6,65.35119047619048,30.0,1023.2791666666666,traffic_signals,primary
42435400,2024-12-16,40.7953208,-73.9359028,4,1,5.0,25.0,1,0,0.0,1.0,0.0,0.0,0.0,5,-0.1416105093871293,0.9899224533422392,3.407142857142857,26.6,65.35119047619048,30.0,1023.2791666666666,traffic_signals,primary
42435403,2024-12-16,40.7943904,-73.9336715,3,1,2.0,25.0,1,0,0.0,0.0,0.0,0.0,0.0,9,-0.1416105093871293,0.9899224533422392,3.407142857142857,26.6,65.35119047619048,30.0,1023.2791666666666,traffic_signals,residential
42435412,2024-12-16,40.861142,-73.918927,4,0,,,1,0,1.0,2.0,0.0,0.0,0.0,3,-0.1416105093871293,0.9899224533422392,3.407142857142857,26.6,65.35119047619048,30.0,1023.2791666666666,missing,tertiary
42435415,2024-12-16,40.861936,-73.920774,3,0,3.0,,1,0,0.0,1.0,0.0,0.0,0.0,5,-0.1416105093871293,0.9899224533422392,3.407142857142857,26.6,65.35119047619048,30.0,1023.2791666666666,missing,primary
42435420,2024-12-16,40.748469,-73.9924631,4,1,4.0,25.0,1,0,0.0,1.0,0.0,0.0,0.0,5,-0.1416105093871293,0.9899224533422392,3.407142857142857,26.6,65.35119047619048,30.0,1023.2791666666666,traffic_signals,secondary
42435422,2024-12-16,40.749101,-73.992006,4,1,5.0,25.0,1,0,0.0,1.0,0.0,0.0,0.0,6,-0.1416105093871293,0.9899224533422392,3.407142857142857,26.6,65.35119047619048,30.0,1023.2791666666666,traffic_signals,secondary
42435435,2024-12-16,40.7144791,-73.9995913,3,0,1.0,20.0,1,0,0.0,0.0,0.0,0.0,0.0,47,-0.1416105093871293,0.9899224533422392,3.407142857142857,26.6,65.35119047619048,30.0,1023.2791666666666,missing,residential
42435451,2024-12-16,40.7171177,-73.9985901,4,1,5.0,25.0,1,0,1.0,1.0,0.0,0.0,0.0,2,-0.1416105093871293,0.9899224533422392,3.407142857142857,26.6,65.35119047619048,30.0,1023.2791666666666,traffic_signals,primary
42435456,2024-12-16,40.7181633,-73.9979382,4,1,1.0,25.0,1,0,1.0,1.0,1.0,1.0,0.0,1,-0.1416105093871293,0.9899224533422392,3.407142857142857,26.6,65.35119047619048,30.0,1023.2791666666666,traffic_signals,residential
42435470,2024-12-16,40.7193317,-73.9973015,4,1,1.0,25.0,1,0,0.0,0.0,0.0,0.0,0.0,8,-0.1416105093871293,0.9899224533422392,3.407142857142857,26.6,65.35119047619048,30.0,1023.2791666666666,traffic_signals,secondary
42435477,2024-12-16,40.7233679,-73.9957075,4,1,1.0,25.0,1,0,0.0,1.0,0.0,0.0,0.0,5,-0.1416105093871293,0.9899224533422392,3.407142857142857,26.6,65.35119047619048,30.0,1023.2791666666666,traffic_signals,residential
42435491,2024-12-16,40.7250225,-73.9948867,4,1,4.0,25.0,1,0,0.0,0.0,0.0,0.0,0.0,17,-0.1416105093871293,0.9899224533422392,3.407142857142857,26.6,65.35119047619048,30.0,1023.2791666666666,traffic_signals,primary
42435497,2024-12-16,40.780232,-73.9613628,4,1,3.0,25.0,1,0,1.0,1.0,0.0,0.0,0.0,3,-0.1416105093871293,0.9899224533422392,3.407142857142857,26.6,65.35119047619048,30.0,1023.2791666666666,traffic_signals,secondary
42435499,2024-12-16,40.7795447,-73.9597737,4,1,3.0,25.0,1,1,1.0,1.0,0.0,0.0,0.0,0,-0.1416105093871293,0.9899224533422392,3.407142857142857,26.6,65.35119047619048,30.0,1023.2791666666666,traffic_signals,secondary
42435504,2024-12-16,40.7788307,-73.9580801,4,1,3.0,25.0,1,1,1.0,1.0,0.0,0.0,0.0,0,-0.1416105093871293,0.9899224533422392,3.407142857142857,26.6,65.35119047619048,30.0,1023.2791666666666,traffic_signals,primary
42435509,2024-12-16,40.7781874,-73.956549,4,1,3.0,25.0,1,0,0.0,0.0,0.0,0.0,0.0,20,-0.1416105093871293,0.9899224533422392,3.407142857142857,26.6,65.35119047619048,30.0,1023.2791666666666,traffic_signals,secondary
42435514,2024-12-16,40.7775056,-73.9549422,4,1,4.0,25.0,1,0,1.0,1.0,0.0,0.0,0.0,2,-0.1416105093871293,0.9899224533422392,3.407142857142857,26.6,65.35119047619048,30.0,1023.2791666666666,traffic_signals,primary
42435516,2024-12-16,40.7765623,-73.9527041,4,1,4.0,25.0,1,0,0.0,0.0,0.0,0.0,0.0,21,-0.1416105093871293,0.9899224533422392,3.407142857142857,26.6,65.35119047619048,30.0,1023.2791666666666,traffic_signals,primary
42435518,2024-12-16,40.7755591,-73.9503323,4,1,5.0,25.0,1,0,0.0,0.0,0.0,0.0,0.0,24,-0.1416105093871293,0.9899224533422392,3.407142857142857,26.6,65.35119047619048,30.0,1023.2791666666666,traffic_signals,primary
42435522,2024-12-16,40.7736238,-73.9457297,4,1,,,1,0,0.0,0.0,0.0,0.0,0.0,51,-0.1416105093871293,0.9899224533422392,3.407142857142857,26.6,65.35119047619048,30.0,1023.2791666666666,traffic_signals,residential
42435534,2024-12-16,40.716952,-73.9842443,4,1,,25.0,1,0,0.0,0.0,0.0,0.0,0.0,51,-0.1416105093871293,0.9899224533422392,3.407142857142857,26.6,65.35119047619048,30.0,1023.2791666666666,traffic_signals,residential
42435538,2024-12-16,40.7164371,-73.9825651,4,0,,25.0,1,0,0.0,0.0,0.0,0.0,0.0,22,-0.1416105093871293,0.9899224533422392,3.407142857142857,26.6,65.35119047619048,30.0,1023.2791666666666,missing,residential
42435541,2024-12-16,40.7161801,-73.9817219,3,0,2.0,25.0,1,0,0.0,0.0,0.0,0.0,0.0,51,-0.1416105093871293,0.9899224533422392,3.407142857142857,26.6,65.35119047619048,30.0,1023.2791666666666,missing,residential
42435544,2024-12-16,40.7159233,-73.9808785,4,0,,25.0,1,0,1.0,1.0,0.0,0.0,0.0,1,-0.1416105093871293,0.9899224533422392,3.407142857142857,26.6,65.35119047619048,30.0,1023.2791666666666,missing,residential
42435550,2024-12-16,40.7154169,-73.9792153,4,1,2.0,25.0,1,0,0.0,0.0,0.0,0.0,0.0,51,-0.1416105093871293,0.9899224533422392,3.407142857142857,26.6,65.35119047619048,30.0,1023.2791666666666,traffic_signals,residential
42435553,2024-12-16,40.7151586,-73.9783672,3,0,1.0,25.0,1,0,0.0,0.0,0.0,0.0,0.0,51,-0.1416105093871293,0.9899224533422392,3.407142857142857,26.6,65.35119047619048,30.0,1023.2791666666666,missing,residential
42435556,2024-12-16,40.7148947,-73.9775558,3,0,1.0,25.0,1,0,0.0,0.0,0.0,0.0,0.0,51,-0.1416105093871293,0.9899224533422392,3.407142857142857,26.6,65.35119047619048,30.0,1023.2791666666666,missing,residential
42435567,2024-12-16,40.8772238,-73.9090578,3,1,,,1,0,0.0,0.0,0.0,0.0,0.0,51,-0.1416105093871293,0.9899224533422392,3.407142857142857,26.6,65.35119047619048,30.0,1023.2791666666666,traffic_signals,residential
42435578,2024-12-16,40.7375508,-74.004777,4,1,2.0,25.0,1,0,0.0,2.0,0.0,0.0,0.0,5,-0.1416105093871293,0.9899224533422392,3.407142857142857,26.6,65.35119047619048,30.0,1023.2791666666666,traffic_signals,secondary
42435581,2024-12-16,40.7381289,-74.0041378,4,1,2.0,25.0,1,0,0.0,0.0,0.0,0.0,0.0,51,-0.1416105093871293,0.9899224533422392,3.407142857142857,26.6,65.35119047619048,30.0,1023.2791666666666,traffic_signals,secondary
42435596,2024-12-16,40.7397428,-74.0024948,4,1,4.0,25.0,1,0,1.0,1.0,0.0,0.0,0.0,3,-0.1416105093871293,0.9899224533422392,3.407142857142857,26.6,65.35119047619048,30.0,1023.2791666666666,traffic_signals,secondary
42435598,2024-12-16,40.7404441,-74.0019879,4,1,3.0,25.0,1,0,0.0,1.0,0.0,0.0,0.0,7,-0.1416105093871293,0.9899224533422392,3.407142857142857,26.6,65.35119047619048,30.0,1023.2791666666666,traffic_signals,secondary
42435599,2024-12-16,40.74108,-74.001555,4,1,3.0,25.0,1,0,0.0,0.0,0.0,0.0,0.0,20,-0.1416105093871293,0.9899224533422392,3.407142857142857,26.6,65.35119047619048,30.0,1023.2791666666666,traffic_signals,secondary
42435603,2024-12-16,40.7416736,-74.0011226,4,1,3.0,25.0,1,0,0.0,0.0,0.0,0.0,0.0,29,-0.1416105093871293,0.9899224533422392,3.407142857142857,26.6,65.35119047619048,30.0,1023.2791666666666,traffic_signals,secondary
42435610,2024-12-16,40.7428467,-74.0002679,4,1,3.0,25.0,1,0,0.0,0.0,0.0,0.0,0.0,42,-0.1416105093871293,0.9899224533422392,3.407142857142857,26.6,65.35119047619048,30.0,1023.2791666666666,traffic_signals,secondary
42435624,2024-12-16,40.7453054,-73.998472,4,1,4.0,25.0,1,0,0.0,0.0,0.0,0.0,0.0,9,-0.1416105093871293,0.9899224533422392,3.407142857142857,26.6,65.35119047619048,30.0,1023.2791666666666,traffic_signals,secondary
42435629,2024-12-16,40.74658,-73.9975495,4,1,5.0,25.0,1,0,0.0,0.0,0.0,0.0,0.0,29,-0.1416105093871293,0.9899224533422392,3.407142857142857,26.6,65.35119047619048,30.0,1023.2791666666666,traffic_signals,secondary
42435632,2024-12-16,40.7472165,-73.9970852,4,1,4.0,25.0,1,0,0.0,0.0,0.0,0.0,0.0,9,-0.1416105093871293,0.9899224533422392,3.407142857142857,26.6,65.35119047619048,30.0,1023.2791666666666,traffic_signals,secondary
42435633,2024-12-16,40.748435,-73.996192,4,1,5.0,25.0,1,0,0.0,2.0,0.0,1.0,0.0,4,-0.1416105093871293,0.9899224533422392,3.407142857142857,26.6,65.35119047619048,30.0,1023.2791666666666,traffic_signals,secondary
42435642,2024-12-16,40.751532,-73.9939428,3,1,3.0,25.0,1,0,0.0,0.0,0.0,0.0,0.0,9,-0.1416105093871293,0.9899224533422392,3.407142857142857,26.6,65.35119047619048,30.0,1023.2791666666666,traffic_signals,secondary
42435644,2024-12-16,40.7521986,-73.993458,4,1,4.0,25.0,1,0,0.0,1.0,0.0,0.0,0.0,4,-0.1416105093871293,0.9899224533422392,3.407142857142857,26.6,65.35119047619048,30.0,1023.2791666666666,traffic_signals,primary
42435645,2024-12-16,40.7528582,-73.9929759,4,1,2.0,25.0,1,0,3.0,4.0,3.0,4.0,0.0,2,-0.1416105093871293,0.9899224533422392,3.407142857142857,26.6,65.35119047619048,30.0,1023.2791666666666,traffic_signals,secondary
42435646,2024-12-16,40.7534779,-73.9925251,4,1,3.0,25.0,1,1,1.0,1.0,0.0,0.0,0.0,0,-0.1416105093871293,0.9899224533422392,3.407142857142857,26.6,65.35119047619048,30.0,1023.2791666666666,traffic_signals,secondary
42435650,2024-12-16,40.754091,-73.992079,4,1,3.0,25.0,1,0,1.0,3.0,1.0,1.0,1.0,3,-0.1416105093871293,0.9899224533422392,3.407142857142857,26.6,65.35119047619048,30.0,1023.2791666666666,traffic_signals,secondary
42435654,2024-12-16,40.75533,-73.991177,4,1,4.0,25.0,1,0,0.0,0.0,0.0,0.0,0.0,13,-0.1416105093871293,0.9899224533422392,3.407142857142857,26.6,65.35119047619048,30.0,1023.2791666666666,traffic_signals,secondary
42435657,2024-12-16,40.7559486,-73.9907278,4,1,4.0,,1,0,1.0,1.0,0.0,0.0,0.0,3,-0.1416105093871293,0.9899224533422392,3.407142857142857,26.6,65.35119047619048,30.0,1023.2791666666666,traffic_signals,secondary
42435660,2024-12-16,40.756567,-73.990276,4,1,4.0,,1,0,0.0,1.0,0.0,0.0,0.0,4,-0.1416105093871293,0.9899224533422392,3.407142857142857,26.6,65.35119047619048,30.0,1023.2791666666666,traffic_signals,secondary
42435663,2024-12-16,40.7572335,-73.9897914,4,1,4.0,25.0,1,0,0.0,0.0,0.0,0.0,0.0,10,-0.1416105093871293,0.9899224533422392,3.407142857142857,26.6,65.35119047619048,30.0,1023.2791666666666,traffic_signals,primary
42435671,2024-12-16,40.7585323,-73.9888429,4,1,3.0,25.0,1,0,0.0,0.0,0.0,0.0,0.0,19,-0.1416105093871293,0.9899224533422392,3.407142857142857,26.6,65.35119047619048,30.0,1023.2791666666666,traffic_signals,secondary
42435675,2024-12-16,40.7597869,-73.9879285,4,1,3.0,25.0,1,0,0.0,1.0,0.0,1.0,0.0,4,-0.1416105093871293,0.9899224533422392,3.407142857142857,26.6,65.35119047619048,30.0,1023.2791666666666,traffic_signals,secondary
42435677,2024-12-16,40.7604088,-73.9874753,4,1,3.0,25.0,1,0,0.0,0.0,0.0,0.0,0.0,30,-0.1416105093871293,0.9899224533422392,3.407142857142857,26.6,65.35119047619048,30.0,1023.2791666666666,traffic_signals,secondary
42435680,2024-12-16,40.7610365,-73.9870177,4,1,3.0,25.0,1,0,2.0,2.0,1.0,1.0,0.0,2,-0.1416105093871293,0.9899224533422392,3.407142857142857,26.6,65.35119047619048,30.0,1023.2791666666666,traffic_signals,secondary
42435684,2024-12-16,40.7622941,-73.9861011,4,1,3.0,25.0,1,0,2.0,2.0,1.0,1.0,0.0,2,-0.1416105093871293,0.9899224533422392,3.407142857142857,26.6,65.35119047619048,30.0,1023.2791666666666,traffic_signals,secondary
42435687,2024-12-16,40.7629156,-73.9856481,4,1,5.0,25.0,1,1,1.0,1.0,0.0,0.0,0.0,0,-0.1416105093871293,0.9899224533422392,3.407142857142857,26.6,65.35119047619048,30.0,1023.2791666666666,traffic_signals,secondary
42435702,2024-12-16,40.7635566,-73.9851938,4,1,5.0,25.0,1,1,2.0,2.0,0.0,0.0,0.0,0,-0.1416105093871293,0.9899224533422392,3.407142857142857,26.6,65.35119047619048,30.0,1023.2791666666666,traffic_signals,secondary
42435705,2024-12-16,40.7641596,-73.9847413,4,1,5.0,25.0,1,0,1.0,1.0,0.0,0.0,0.0,2,-0.1416105093871293,0.9899224533422392,3.407142857142857,26.6,65.35119047619048,30.0,1023.2791666666666,traffic_signals,secondary
42435707,2024-12-16,40.7647981,-73.9842688,4,1,5.0,25.0,1,0,0.0,1.0,0.0,0.0,0.0,7,-0.1416105093871293,0.9899224533422392,3.407142857142857,26.6,65.35119047619048,30.0,1023.2791666666666,traffic_signals,secondary
42435710,2024-12-16,40.7654396,-73.9838209,4,1,5.0,,1,0,0.0,1.0,0.0,0.0,0.0,4,-0.1416105093871293,0.9899224533422392,3.407142857142857,26.6,65.35119047619048,30.0,1023.2791666666666,traffic_signals,secondary
42435714,2024-12-16,40.7667157,-73.9828727,4,1,5.0,25.0,1,0,0.0,1.0,0.0,1.0,0.0,4,-0.1416105093871293,0.9899224533422392,3.407142857142857,26.6,65.35119047619048,30.0,1023.2791666666666,traffic_signals,primary
42435716,2024-12-16,40.7673998,-73.9823637,4,1,5.0,25.0,1,0,0.0,0.0,0.0,0.0,0.0,46,-0.1416105093871293,0.9899224533422392,3.407142857142857,26.6,65.35119047619048,30.0,1023.2791666666666,traffic_signals,secondary
42435736,2024-12-16,40.8007934,-73.9580118,3,1,3.0,25.0,1,0,0.0,1.0,0.0,0.0,0.0,5,-0.1416105093871293,0.9899224533422392,3.407142857142857,26.6,65.35119047619048,30.0,1023.2791666666666,traffic_signals,secondary
42435743,2024-12-16,40.8012375,-73.9576916,4,1,3.0,25.0,1,0,0.0,1.0,0.0,1.0,0.0,6,-0.1416105093871293,0.9899224533422392,3.407142857142857,26.6,65.35119047619048,30.0,1023.2791666666666,traffic_signals,secondary
42435746,2024-12-16,40.8018566,-73.9572369,4,1,2.0,25.0,1,0,0.0,0.0,0.0,0.0,0.0,32,-0.1416105093871293,0.9899224533422392,3.407142857142857,26.6,65.35119047619048,30.0,1023.2791666666666,traffic_signals,secondary
42435755,2024-12-16,40.8031162,-73.95632,4,1,2.0,25.0,1,0,0.0,0.0,0.0,0.0,0.0,20,-0.1416105093871293,0.9899224533422392,3.407142857142857,26.6,65.35119047619048,30.0,1023.2791666666666,traffic_signals,secondary
42435761,2024-12-16,40.8037455,-73.9558634,4,1,2.0,25.0,1,0,0.0,1.0,0.0,0.0,1.0,6,-0.1416105093871293,0.9899224533422392,3.407142857142857,26.6,65.35119047619048,30.0,1023.2791666666666,traffic_signals,secondary
42435763,2024-12-16,40.8044178,-73.9553696,4,1,2.0,25.0,0,0,0.0,1.0,0.0,0.0,1.0,5,-0.1416105093871293,0.9899224533422392,3.407142857142857,26.6,65.35119047619048,30.0,1023.2791666666666,traffic_signals,secondary
42435766,2024-12-16,40.8050938,-73.9548742,4,1,2.0,25.0,1,0,0.0,1.0,0.0,0.0,1.0,4,-0.1416105093871293,0.9899224533422392,3.407142857142857,26.6,65.35119047619048,30.0,1023.2791666666666,traffic_signals,secondary
42435775,2024-12-16,40.8063523,-73.9539576,4,1,2.0,25.0,1,0,1.0,1.0,0.0,0.0,0.0,3,-0.1416105093871293,0.9899224533422392,3.407142857142857,26.6,65.35119047619048,30.0,1023.2791666666666,traffic_signals,secondary
42435785,2024-12-16,40.8076082,-73.9530399,4,1,2.0,25.0,1,0,0.0,0.0,0.0,0.0,0.0,16,-0.1416105093871293,0.9899224533422392,3.407142857142857,26.6,65.35119047619048,30.0,1023.2791666666666,traffic_signals,secondary
42435794,2024-12-16,40.808235,-73.9525797,4,1,4.0,,1,0,0.0,0.0,0.0,0.0,0.0,13,-0.1416105093871293,0.9899224533422392,3.407142857142857,26.6,65.35119047619048,30.0,1023.2791666666666,traffic_signals,secondary
42435802,2024-12-16,40.8088651,-73.9521304,4,1,4.0,,1,0,0.0,0.0,0.0,0.0,0.0,14,-0.1416105093871293,0.9899224533422392,3.407142857142857,26.6,65.35119047619048,30.0,1023.2791666666666,traffic_signals,secondary
42435803,2024-12-16,40.8094996,-73.9516742,4,1,4.0,,1,0,0.0,0.0,0.0,0.0,0.0,26,-0.1416105093871293,0.9899224533422392,3.407142857142857,26.6,65.35119047619048,30.0,1023.2791666666666,traffic_signals,secondary
42435805,2024-12-16,40.8101762,-73.9511777,4,1,5.0,,0,2,2.0,2.0,0.0,0.0,0.0,0,-0.1416105093871293,0.9899224533422392,3.407142857142857,26.6,65.35119047619048,30.0,1023.2791666666666,traffic_signals,primary
42435810,2024-12-16,40.811478,-73.950216,4,1,4.0,25.0,1,0,0.0,1.0,0.0,0.0,1.0,7,-0.1416105093871293,0.9899224533422392,3.407142857142857,26.6,65.35119047619048,30.0,1023.2791666666666,traffic_signals,secondary
42435814,2024-12-16,40.812103,-73.949757,3,1,4.0,25.0,1,0,0.0,0.0,0.0,0.0,0.0,51,-0.1416105093871293,0.9899224533422392,3.407142857142857,26.6,65.35119047619048,30.0,1023.2791666666666,traffic_signals,secondary
42435825,2024-12-16,40.813938,-73.948419,3,1,4.0,25.0,1,0,1.0,1.0,1.0,0.0,0.0,3,-0.1416105093871293,0.9899224533422392,3.407142857142857,26.6,65.35119047619048,30.0,1023.2791666666666,traffic_signals,secondary
42435837,2024-12-16,40.81583,-73.947034,4,1,4.0,25.0,1,0,0.0,0.0,0.0,0.0,0.0,14,-0.1416105093871293,0.9899224533422392,3.407142857142857,26.6,65.35119047619048,30.0,1023.2791666666666,traffic_signals,secondary
42435844,2024-12-16,40.8165065,-73.9465427,4,1,4.0,25.0,0,0,0.0,1.0,0.0,0.0,0.0,5,-0.1416105093871293,0.9899224533422392,3.407142857142857,26.6,65.35119047619048,30.0,1023.2791666666666,traffic_signals,secondary
42435850,2024-12-16,40.817175,-73.946055,4,1,4.0,25.0,1,1,1.0,1.0,0.0,0.0,0.0,0,-0.1416105093871293,0.9899224533422392,3.407142857142857,26.6,65.35119047619048,30.0,1023.2791666666666,traffic_signals,secondary
42435852,2024-12-16,40.8178,-73.945598,4,1,4.0,25.0,1,0,0.0,0.0,0.0,0.0,0.0,22,-0.1416105093871293,0.9899224533422392,3.407142857142857,26.6,65.35119047619048,30.0,1023.2791666666666,traffic_signals,secondary
42435856,2024-12-16,40.818424,-73.945141,4,1,4.0,25.0,1,0,0.0,0.0,0.0,0.0,0.0,21,-0.1416105093871293,0.9899224533422392,3.407142857142857,26.6,65.35119047619048,30.0,1023.2791666666666,traffic_signals,secondary
42435858,2024-12-16,40.819047,-73.944687,4,1,4.0,25.0,1,0,0.0,0.0,0.0,0.0,0.0,11,-0.1416105093871293,0.9899224533422392,3.407142857142857,26.6,65.35119047619048,30.0,1023.2791666666666,traffic_signals,secondary
42435860,2024-12-16,40.8202938,-73.9437782,4,1,4.0,25.0,1,1,1.0,1.0,1.0,1.0,0.0,0,-0.1416105093871293,0.9899224533422392,3.407142857142857,26.6,65.35119047619048,30.0,1023.2791666666666,traffic_signals,secondary
42435861,2024-12-16,40.820917,-73.943322,4,1,4.0,25.0,1,0,0.0,0.0,0.0,0.0,0.0,10,-0.1416105093871293,0.9899224533422392,3.407142857142857,26.6,65.35119047619048,30.0,1023.2791666666666,traffic_signals,secondary
42435863,2024-12-16,40.821542,-73.942865,4,1,4.0,25.0,1,0,0.0,1.0,0.0,0.0,0.0,7,-0.1416105093871293,0.9899224533422392,3.407142857142857,26.6,65.35119047619048,30.0,1023.2791666666666,traffic_signals,secondary
42435865,2024-12-16,40.822164,-73.942411,4,1,4.0,25.0,1,0,0.0,0.0,0.0,0.0,0.0,8,-0.1416105093871293,0.9899224533422392,3.407142857142857,26.6,65.35119047619048,30.0,1023.2791666666666,traffic_signals,secondary
42435869,2024-12-16,40.8235077,-73.9414281,4,1,4.0,25.0,1,0,1.0,2.0,0.0,0.0,0.0,2,-0.1416105093871293,0.9899224533422392,3.407142857142857,26.6,65.35119047619048,30.0,1023.2791666666666,traffic_signals,secondary
42435873,2024-12-16,40.824132,-73.940971,4,1,4.0,25.0,1,0,1.0,1.0,0.0,0.0,0.0,3,-0.1416105093871293,0.9899224533422392,3.407142857142857,26.6,65.35119047619048,30.0,1023.2791666666666,traffic_signals,secondary
42435876,2024-12-16,40.824757,-73.940515,4,1,4.0,25.0,1,0,1.0,1.0,0.0,0.0,0.0,3,-0.1416105093871293,0.9899224533422392,3.407142857142857,26.6,65.35119047619048,30.0,1023.2791666666666,traffic_signals,secondary
42435880,2024-12-16,40.8256133,-73.9398858,3,0,4.0,25.0,1,0,0.0,0.0,0.0,0.0,0.0,51,-0.1416105093871293,0.9899224533422392,3.407142857142857,26.6,65.35119047619048,30.0,1023.2791666666666,missing,secondary
42435881,2024-12-16,40.8260017,-73.9396061,4,1,4.0,25.0,1,0,0.0,0.0,0.0,0.0,0.0,34,-0.1416105093871293,0.9899224533422392,3.407142857142857,26.6,65.35119047619048,30.0,1023.2791666666666,traffic_signals,secondary
42435885,2024-12-16,40.826626,-73.939149,4,1,4.0,25.0,1,0,0.0,0.0,0.0,0.0,0.0,41,-0.1416105093871293,0.9899224533422392,3.407142857142857,26.6,65.35119047619048,30.0,1023.2791666666666,traffic_signals,secondary
42435891,2024-12-16,40.8272479,-73.9386938,4,1,4.0,25.0,1,0,0.0,1.0,0.0,0.0,0.0,5,-0.1416105093871293,0.9899224533422392,3.407142857142857,26.6,65.35119047619048,30.0,1023.2791666666666,traffic_signals,secondary
42435894,2024-12-16,40.827877,-73.938237,4,1,4.0,25.0,1,0,0.0,0.0,0.0,0.0,0.0,19,-0.1416105093871293,0.9899224533422392,3.407142857142857,26.6,65.35119047619048,30.0,1023.2791666666666,traffic_signals,secondary
42435898,2024-12-16,40.8285,-73.937782,4,1,4.0,25.0,1,0,0.0,0.0,0.0,0.0,0.0,18,-0.1416105093871293,0.9899224533422392,3.407142857142857,26.6,65.35119047619048,30.0,1023.2791666666666,traffic_signals,secondary
42435910,2024-12-16,40.7128003,-73.9971151,4,1,2.0,20.0,1,1,1.0,2.0,1.0,1.0,0.0,0,-0.1416105093871293,0.9899224533422392,3.407142857142857,26.6,65.35119047619048,30.0,1023.2791666666666,traffic_signals,residential
42435916,2024-12-16,40.7130272,-73.9944601,4,1,2.0,20.0,1,0,0.0,0.0,0.0,0.0,0.0,51,-0.1416105093871293,0.9899224533422392,3.407142857142857,26.6,65.35119047619048,30.0,1023.2791666666666,traffic_signals,residential
42435920,2024-12-16,40.7130924,-73.9936348,3,0,2.0,20.0,1,0,1.0,1.0,1.0,0.0,1.0,3,-0.1416105093871293,0.9899224533422392,3.407142857142857,26.6,65.35119047619048,30.0,1023.2791666666666,missing,residential
42435922,2024-12-16,40.7131929,-73.9923825,4,1,3.0,20.0,1,0,0.0,0.0,0.0,0.0,0.0,51,-0.1416105093871293,0.9899224533422392,3.407142857142857,26.6,65.35119047619048,30.0,1023.2791666666666,traffic_signals,primary
42435923,2024-12-16,40.7133803,-73.9901247,4,0,,25.0,1,0,0.0,0.0,0.0,0.0,0.0,35,-0.1416105093871293,0.9899224533422392,3.407142857142857,26.6,65.35119047619048,30.0,1023.2791666666666,missing,residential
42435925,2024-12-16,40.7135073,-73.9885984,4,0,,25.0,1,0,0.0,0.0,0.0,0.0,0.0,51,-0.1416105093871293,0.9899224533422392,3.407142857142857,26.6,65.35119047619048,30.0,1023.2791666666666,missing,residential
42435928,2024-12-16,40.7136336,-73.9870806,4,0,1.0,25.0,1,0,0.0,0.0,0.0,0.0,0.0,8,-0.1416105093871293,0.9899224533422392,3.407142857142857,26.6,65.35119047619048,30.0,1023.2791666666666,missing,residential
42435931,2024-12-16,40.7138032,-73.9850499,4,1,2.0,25.0,1,0,0.0,0.0,0.0,0.0,0.0,32,-0.1416105093871293,0.9899224533422392,3.407142857142857,26.6,65.35119047619048,30.0,1023.2791666666666,traffic_signals,secondary
42435940,2024-12-16,40.8208228,-73.9508143,3,1,,,1,0,0.0,1.0,0.0,0.0,0.0,6,-0.1416105093871293,0.9899224533422392,3.407142857142857,26.6,65.35119047619048,30.0,1023.2791666666666,traffic_signals,secondary
42435943,2024-12-16,40.8217009,-73.9529081,3,1,,,1,0,0.0,0.0,0.0,0.0,0.0,51,-0.1416105093871293,0.9899224533422392,3.407142857142857,26.6,65.35119047619048,30.0,1023.2791666666666,traffic_signals,residential
42435957,2024-12-16,40.815997,-73.9393897,4,1,3.0,,1,1,2.0,2.0,0.0,0.0,0.0,0,-0.1416105093871293,0.9899224533422392,3.407142857142857,26.6,65.35119047619048,30.0,1023.2791666666666,traffic_signals,secondary
42435967,2024-12-16,40.8172609,-73.9423832,4,1,2.0,25.0,1,0,0.0,0.0,0.0,0.0,0.0,17,-0.1416105093871293,0.9899224533422392,3.407142857142857,26.6,65.35119047619048,30.0,1023.2791666666666,traffic_signals,primary
42435981,2024-12-16,40.819006,-73.946522,4,1,,,1,0,0.0,0.0,0.0,0.0,0.0,51,-0.1416105093871293,0.9899224533422392,3.407142857142857,26.6,65.35119047619048,30.0,1023.2791666666666,traffic_signals,tertiary
42435990,2024-12-16,40.8127869,-73.9398101,3,0,,,0,0,0.0,0.0,0.0,0.0,0.0,51,-0.1416105093871293,0.9899224533422392,3.407142857142857,26.6,65.35119047619048,30.0,1023.2791666666666,missing,residential
42435997,2024-12-16,40.8182343,-73.9527209,3,1,4.0,,1,0,0.0,0.0,0.0,0.0,0.0,19,-0.1416105093871293,0.9899224533422392,3.407142857142857,26.6,65.35119047619048,30.0,1023.2791666666666,traffic_signals,secondary
42436001,2024-12-16,40.813409,-73.9412802,3,1,3.0,,1,0,0.0,0.0,0.0,0.0,0.0,12,-0.1416105093871293,0.9899224533422392,3.407142857142857,26.6,65.35119047619048,30.0,1023.2791666666666,traffic_signals,secondary
42436003,2024-12-16,40.8146691,-73.9442672,4,1,2.0,25.0,1,0,0.0,0.0,0.0,0.0,0.0,13,-0.1416105093871293,0.9899224533422392,3.407142857142857,26.6,65.35119047619048,30.0,1023.2791666666666,traffic_signals,primary
42436017,2024-12-16,40.7234406,-74.0095377,4,0,1.0,20.0,1,0,0.0,0.0,0.0,0.0,0.0,51,-0.1416105093871293,0.9899224533422392,3.407142857142857,26.6,65.35119047619048,30.0,1023.2791666666666,missing,residential
42436021,2024-12-16,40.7235227,-74.0103393,4,0,1.0,20.0,1,0,0.0,0.0,0.0,0.0,0.0,32,-0.1416105093871293,0.9899224533422392,3.407142857142857,26.6,65.35119047619048,30.0,1023.2791666666666,missing,residential
42436024,2024-12-16,40.7236301,-74.0113755,3,0,4.0,30.0,1,0,1.0,1.0,0.0,0.0,0.0,3,-0.1416105093871293,0.9899224533422392,3.407142857142857,26.6,65.35119047619048,30.0,1023.2791666666666,missing,trunk
42436050,2024-12-16,40.7181146,-74.0104803,3,0,1.0,20.0,1,0,0.0,0.0,0.0,0.0,0.0,30,-0.1416105093871293,0.9899224533422392,3.407142857142857,26.6,65.35119047619048,30.0,1023.2791666666666,missing,residential
42436055,2024-12-16,40.7194445,-74.0102398,3,1,1.0,20.0,1,0,0.0,0.0,0.0,0.0,0.0,51,-0.1416105093871293,0.9899224533422392,3.407142857142857,26.6,65.35119047619048,30.0,1023.2791666666666,traffic_signals,residential
42436056,2024-12-16,40.7201244,-74.0101194,4,1,1.0,20.0,1,0,0.0,0.0,0.0,0.0,0.0,32,-0.1416105093871293,0.9899224533422392,3.407142857142857,26.6,65.35119047619048,30.0,1023.2791666666666,traffic_signals,residential
42436060,2024-12-16,40.721468,-74.0098818,4,1,1.0,20.0,1,0,0.0,0.0,0.0,0.0,0.0,14,-0.1416105093871293,0.9899224533422392,3.407142857142857,26.6,65.35119047619048,30.0,1023.2791666666666,traffic_signals,residential
42436064,2024-12-16,40.7221396,-74.0097659,4,1,1.0,20.0,1,0,1.0,1.0,0.0,0.0,0.0,2,-0.1416105093871293,0.9899224533422392,3.407142857142857,26.6,65.35119047619048,30.0,1023.2791666666666,traffic_signals,primary
42436069,2024-12-16,40.7227945,-74.009651,4,0,1.0,20.0,1,0,0.0,0.0,0.0,0.0,0.0,51,-0.1416105093871293,0.9899224533422392,3.407142857142857,26.6,65.35119047619048,30.0,1023.2791666666666,missing,residential
42436073,2024-12-16,40.7241026,-74.0094239,4,0,1.0,20.0,1,0,1.0,1.0,0.0,0.0,0.0,2,-0.1416105093871293,0.9899224533422392,3.407142857142857,26.6,65.35119047619048,30.0,1023.2791666666666,missing,residential
42436083,2024-12-16,40.7247682,-74.0092999,4,1,1.0,25.0,1,0,0.0,0.0,0.0,0.0,0.0,51,-0.1416105093871293,0.9899224533422392,3.407142857142857,26.6,65.35119047619048,30.0,1023.2791666666666,traffic_signals,primary
42436088,2024-12-16,40.7260025,-74.0090892,4,1,1.0,25.0,1,0,0.0,0.0,0.0,0.0,0.0,51,-0.1416105093871293,0.9899224533422392,3.407142857142857,26.6,65.35119047619048,30.0,1023.2791666666666,traffic_signals,residential
42436093,2024-12-16,40.7267539,-74.00896,3,0,1.0,25.0,1,0,0.0,0.0,0.0,0.0,0.0,27,-0.1416105093871293,0.9899224533422392,3.407142857142857,26.6,65.35119047619048,30.0,1023.2791666666666,missing,residential
42436097,2024-12-16,40.7274691,-74.008842,3,0,1.0,25.0,1,0,0.0,0.0,0.0,0.0,0.0,30,-0.1416105093871293,0.9899224533422392,3.407142857142857,26.6,65.35119047619048,30.0,1023.2791666666666,missing,residential
42436100,2024-12-16,40.7281978,-74.0087206,3,0,1.0,25.0,1,0,0.0,0.0,0.0,0.0,0.0,51,-0.1416105093871293,0.9899224533422392,3.407142857142857,26.6,65.35119047619048,30.0,1023.2791666666666,missing,residential
42436109,2024-12-16,40.7289193,-74.0085913,4,0,2.0,25.0,1,0,0.0,0.0,0.0,0.0,0.0,31,-0.1416105093871293,0.9899224533422392,3.407142857142857,26.6,65.35119047619048,30.0,1023.2791666666666,missing,tertiary
42436115,2024-12-16,40.7296386,-74.0083973,4,0,1.0,25.0,1,0,0.0,0.0,0.0,0.0,0.0,51,-0.1416105093871293,0.9899224533422392,3.407142857142857,26.6,65.35119047619048,30.0,1023.2791666666666,missing,secondary
42436119,2024-12-16,40.7303583,-74.0081983,4,0,1.0,25.0,1,0,0.0,0.0,0.0,0.0,0.0,51,-0.1416105093871293,0.9899224533422392,3.407142857142857,26.6,65.35119047619048,30.0,1023.2791666666666,missing,residential
42436122,2024-12-16,40.7310785,-74.0080005,4,0,1.0,25.0,1,0,0.0,0.0,0.0,0.0,0.0,51,-0.1416105093871293,0.9899224533422392,3.407142857142857,26.6,65.35119047619048,30.0,1023.2791666666666,missing,residential
42436126,2024-12-16,40.7317892,-74.0078047,4,0,1.0,25.0,1,0,1.0,1.0,0.0,0.0,0.0,3,-0.1416105093871293,0.9899224533422392,3.407142857142857,26.6,65.35119047619048,30.0,1023.2791666666666,missing,residential
42436129,2024-12-16,40.7328774,-74.0075136,4,1,2.0,25.0,1,0,0.0,0.0,0.0,0.0,0.0,29,-0.1416105093871293,0.9899224533422392,3.407142857142857,26.6,65.35119047619048,30.0,1023.2791666666666,traffic_signals,residential
42436134,2024-12-16,40.733577,-74.0073392,4,0,1.0,25.0,1,0,0.0,0.0,0.0,0.0,0.0,51,-0.1416105093871293,0.9899224533422392,3.407142857142857,26.6,65.35119047619048,30.0,1023.2791666666666,missing,residential
42436135,2024-12-16,40.7343066,-74.0071547,4,0,1.0,25.0,1,0,0.0,0.0,0.0,0.0,0.0,21,-0.1416105093871293,0.9899224533422392,3.407142857142857,26.6,65.35119047619048,30.0,1023.2791666666666,missing,residential
42436139,2024-12-16,40.7350121,-74.0069712,4,0,1.0,25.0,1,0,0.0,0.0,0.0,0.0,0.0,51,-0.1416105093871293,0.9899224533422392,3.407142857142857,26.6,65.35119047619048,30.0,1023.2791666666666,missing,residential
42436142,2024-12-16,40.7357351,-74.0067852,4,0,1.0,25.0,1,0,0.0,0.0,0.0,0.0,0.0,19,-0.1416105093871293,0.9899224533422392,3.407142857142857,26.6,65.35119047619048,30.0,1023.2791666666666,missing,residential
42436146,2024-12-16,40.7364388,-74.0066141,4,0,1.0,25.0,1,0,2.0,2.0,1.0,1.0,0.0,1,-0.1416105093871293,0.9899224533422392,3.407142857142857,26.6,65.35119047619048,30.0,1023.2791666666666,missing,residential
42436149,2024-12-16,40.7369674,-74.0064962,4,0,1.0,25.0,1,0,0.0,0.0,0.0,0.0,0.0,51,-0.1416105093871293,0.9899224533422392,3.407142857142857,26.6,65.35119047619048,30.0,1023.2791666666666,missing,residential
42436152,2024-12-16,40.7375559,-74.0064757,4,0,1.0,25.0,1,1,1.0,1.0,0.0,0.0,0.0,0,-0.1416105093871293,0.9899224533422392,3.407142857142857,26.6,65.35119047619048,30.0,1023.2791666666666,missing,residential
42436155,2024-12-16,40.7381513,-74.0064657,4,0,1.0,25.0,1,0,0.0,0.0,0.0,0.0,0.0,51,-0.1416105093871293,0.9899224533422392,3.407142857142857,26.6,65.35119047619048,30.0,1023.2791666666666,stop,residential
42436178,2024-12-16,40.7070893,-74.0139691,3,0,2.0,25.0,1,0,0.0,0.0,0.0,0.0,0.0,12,-0.1416105093871293,0.9899224533422392,3.407142857142857,26.6,65.35119047619048,30.0,1023.2791666666666,missing,residential
42436181,2024-12-16,40.7079832,-74.0135999,4,1,2.0,20.0,1,0,0.0,0.0,0.0,0.0,0.0,46,-0.1416105093871293,0.9899224533422392,3.407142857142857,26.6,65.35119047619048,30.0,1023.2791666666666,traffic_signals,residential
42436184,2024-12-16,40.7087788,-74.0132433,3,0,1.0,20.0,1,0,0.0,0.0,0.0,0.0,0.0,18,-0.1416105093871293,0.9899224533422392,3.407142857142857,26.6,65.35119047619048,30.0,1023.2791666666666,missing,residential
42436187,2024-12-16,40.7091384,-74.013089,3,1,1.0,20.0,1,0,0.0,0.0,0.0,0.0,0.0,21,-0.1416105093871293,0.9899224533422392,3.407142857142857,26.6,65.35119047619048,30.0,1023.2791666666666,traffic_signals,residential
42436192,2024-12-16,40.7093852,-74.0129792,3,0,1.0,20.0,1,0,0.0,0.0,0.0,0.0,0.0,51,-0.1416105093871293,0.9899224533422392,3.407142857142857,26.6,65.35119047619048,30.0,1023.2791666666666,missing,residential
42436202,2024-12-16,40.7062776,-74.0142958,3,1,3.0,20.0,1,0,0.0,0.0,0.0,0.0,0.0,17,-0.1416105093871293,0.9899224533422392,3.407142857142857,26.6,65.35119047619048,30.0,1023.2791666666666,traffic_signals,secondary
42436283,2024-12-16,40.851429,-73.92708,3,0,,,0,0,0.0,0.0,0.0,0.0,0.0,51,-0.1416105093871293,0.9899224533422392,3.407142857142857,26.6,65.35119047619048,30.0,1023.2791666666666,missing,residential
42436285,2024-12-16,40.8518669,-73.9281588,4,1,3.0,25.0,1,0,0.0,0.0,0.0,0.0,0.0,23,-0.1416105093871293,0.9899224533422392,3.407142857142857,26.6,65.35119047619048,30.0,1023.2791666666666,traffic_signals,secondary
42436288,2024-12-16,40.852476,-73.929603,4,1,2.0,20.0,1,0,0.0,0.0,0.0,0.0,0.0,32,-0.1416105093871293,0.9899224533422392,3.407142857142857,26.6,65.35119047619048,30.0,1023.2791666666666,traffic_signals,tertiary
42436293,2024-12-16,40.853582,-73.932228,4,1,2.0,25.0,1,0,0.0,0.0,0.0,0.0,0.0,31,-0.1416105093871293,0.9899224533422392,3.407142857142857,26.6,65.35119047619048,30.0,1023.2791666666666,traffic_signals,tertiary
42436296,2024-12-16,40.8545099,-73.9346217,4,0,,20.0,1,0,0.0,0.0,0.0,0.0,0.0,51,-0.1416105093871293,0.9899224533422392,3.407142857142857,26.6,65.35119047619048,30.0,1023.2791666666666,stop,residential
42436297,2024-12-16,40.8549324,-73.9360382,3,0,2.0,20.0,0,0,0.0,0.0,0.0,0.0,0.0,51,-0.1416105093871293,0.9899224533422392,3.407142857142857,26.6,65.35119047619048,30.0,1023.2791666666666,stop,tertiary
42436301,2024-12-16,40.8554065,-73.9378009,3,0,1.0,20.0,1,0,0.0,0.0,0.0,0.0,0.0,39,-0.1416105093871293,0.9899224533422392,3.407142857142857,26.6,65.35119047619048,30.0,1023.2791666666666,missing,residential
42436308,2024-12-16,40.7213306,-74.0083435,4,1,5.0,20.0,1,0,0.0,0.0,0.0,0.0,0.0,51,-0.1416105093871293,0.9899224533422392,3.407142857142857,26.6,65.35119047619048,30.0,1023.2791666666666,traffic_signals;crossing,secondary
42436316,2024-12-16,40.7216368,-74.0117761,3,0,4.0,30.0,1,0,0.0,0.0,0.0,0.0,0.0,51,-0.1416105093871293,0.9899224533422392,3.407142857142857,26.6,65.35119047619048,30.0,1023.2791666666666,missing,trunk
42436322,2024-12-16,40.7161881,-74.0091888,3,1,1.0,20.0,1,0,0.0,0.0,0.0,0.0,0.0,33,-0.1416105093871293,0.9899224533422392,3.407142857142857,26.6,65.35119047619048,30.0,1023.2791666666666,traffic_signals,secondary
42436326,2024-12-16,40.7179347,-74.0089396,3,1,1.0,20.0,1,0,0.0,0.0,0.0,0.0,0.0,51,-0.1416105093871293,0.9899224533422392,3.407142857142857,26.6,65.35119047619048,30.0,1023.2791666666666,traffic_signals,secondary
42436327,2024-12-16,40.7182739,-74.0088803,3,0,3.0,20.0,1,0,0.0,0.0,0.0,0.0,0.0,51,-0.1416105093871293,0.9899224533422392,3.407142857142857,26.6,65.35119047619048,30.0,1023.2791666666666,missing,secondary
42436330,2024-12-16,40.718642,-74.008819,3,0,3.0,20.0,1,0,0.0,0.0,0.0,0.0,0.0,24,-0.1416105093871293,0.9899224533422392,3.407142857142857,26.6,65.35119047619048,30.0,1023.2791666666666,missing,secondary
42436333,2024-12-16,40.719029,-74.008747,3,0,3.0,20.0,1,0,0.0,0.0,0.0,0.0,0.0,51,-0.1416105093871293,0.9899224533422392,3.407142857142857,26.6,65.35119047619048,30.0,1023.2791666666666,missing,secondary
42436335,2024-12-16,40.719296,-74.008699,4,1,3.0,20.0,1,0,0.0,1.0,0.0,0.0,0.0,4,-0.1416105093871293,0.9899224533422392,3.407142857142857,26.6,65.35119047619048,30.0,1023.2791666666666,traffic_signals,secondary
42436336,2024-12-16,40.7199664,-74.0085815,4,1,5.0,20.0,1,0,0.0,0.0,0.0,0.0,0.0,9,-0.1416105093871293,0.9899224533422392,3.407142857142857,26.6,65.35119047619048,30.0,1023.2791666666666,traffic_signals,secondary
42436340,2024-12-16,40.7226474,-74.0081643,4,1,2.0,20.0,1,0,0.0,0.0,0.0,0.0,0.0,15,-0.1416105093871293,0.9899224533422392,3.407142857142857,26.6,65.35119047619048,30.0,1023.2791666666666,traffic_signals,primary
42436353,2024-12-16,40.7251935,-74.0076538,3,1,2.0,25.0,1,0,0.0,0.0,0.0,0.0,0.0,16,-0.1416105093871293,0.9899224533422392,3.407142857142857,26.6,65.35119047619048,30.0,1023.2791666666666,traffic_signals,secondary
42436355,2024-12-16,40.7258538,-74.0075543,4,1,2.0,25.0,1,0,0.0,0.0,0.0,0.0,0.0,51,-0.1416105093871293,0.9899224533422392,3.407142857142857,26.6,65.35119047619048,30.0,1023.2791666666666,traffic_signals,secondary
42436359,2024-12-16,40.7266017,-74.0074309,4,1,2.0,25.0,1,0,0.0,0.0,0.0,0.0,0.0,14,-0.1416105093871293,0.9899224533422392,3.407142857142857,26.6,65.35119047619048,30.0,1023.2791666666666,traffic_signals,secondary
42436364,2024-12-16,40.7273286,-74.0073112,4,1,2.0,25.0,1,0,0.0,0.0,0.0,0.0,0.0,46,-0.1416105093871293,0.9899224533422392,3.407142857142857,26.6,65.35119047619048,30.0,1023.2791666666666,traffic_signals,secondary
42436369,2024-12-16,40.728049,-74.0071926,4,1,2.0,25.0,1,0,0.0,0.0,0.0,0.0,0.0,47,-0.1416105093871293,0.9899224533422392,3.407142857142857,26.6,65.35119047619048,30.0,1023.2791666666666,traffic_signals,secondary
42436371,2024-12-16,40.7287662,-74.0070745,4,1,2.0,25.0,1,0,0.0,0.0,0.0,0.0,0.0,9,-0.1416105093871293,0.9899224533422392,3.407142857142857,26.6,65.35119047619048,30.0,1023.2791666666666,traffic_signals,secondary
42436374,2024-12-16,40.7294927,-74.0069526,4,1,2.0,25.0,1,0,1.0,1.0,1.0,1.0,0.0,2,-0.1416105093871293,0.9899224533422392,3.407142857142857,26.6,65.35119047619048,30.0,1023.2791666666666,traffic_signals,secondary
42436377,2024-12-16,40.7302239,-74.0068382,4,1,2.0,25.0,1,0,0.0,0.0,0.0,0.0,0.0,41,-0.1416105093871293,0.9899224533422392,3.407142857142857,26.6,65.35119047619048,30.0,1023.2791666666666,traffic_signals,secondary
42436381,2024-12-16,40.7309445,-74.006721,4,1,2.0,25.0,1,0,0.0,0.0,0.0,0.0,0.0,51,-0.1416105093871293,0.9899224533422392,3.407142857142857,26.6,65.35119047619048,30.0,1023.2791666666666,traffic_signals,secondary
42436384,2024-12-16,40.73167,-74.0066039,4,1,2.0,25.0,1,0,0.0,0.0,0.0,0.0,0.0,13,-0.1416105093871293,0.9899224533422392,3.407142857142857,26.6,65.35119047619048,30.0,1023.2791666666666,traffic_signals,secondary
42436390,2024-12-16,40.732425,-74.0064889,3,1,2.0,25.0,1,0,0.0,0.0,0.0,0.0,0.0,51,-0.1416105093871293,0.9899224533422392,3.407142857142857,26.6,65.35119047619048,30.0,1023.2791666666666,traffic_signals,secondary
42436393,2024-12-16,40.7330707,-74.0063829,4,1,2.0,25.0,1,0,2.0,2.0,0.0,0.0,0.0,1,-0.1416105093871293,0.9899224533422392,3.407142857142857,26.6,65.35119047619048,30.0,1023.2791666666666,traffic_signals,secondary
42436396,2024-12-16,40.7337434,-74.0062788,4,1,2.0,25.0,1,0,0.0,1.0,0.0,0.0,0.0,4,-0.1416105093871293,0.9899224533422392,3.407142857142857,26.6,65.35119047619048,30.0,1023.2791666666666,traffic_signals,secondary
42436400,2024-12-16,40.734439,-74.0061609,4,1,2.0,25.0,1,0,0.0,0.0,0.0,0.0,0.0,22,-0.1416105093871293,0.9899224533422392,3.407142857142857,26.6,65.35119047619048,30.0,1023.2791666666666,traffic_signals,secondary
42436404,2024-12-16,40.735133,-74.0060475,4,1,2.0,25.0,1,0,0.0,0.0,0.0,0.0,0.0,49,-0.1416105093871293,0.9899224533422392,3.407142857142857,26.6,65.35119047619048,30.0,1023.2791666666666,traffic_signals,secondary
42436407,2024-12-16,40.7358563,-74.0059343,4,1,2.0,25.0,1,0,0.0,2.0,0.0,0.0,0.0,5,-0.1416105093871293,0.9899224533422392,3.407142857142857,26.6,65.35119047619048,30.0,1023.2791666666666,traffic_signals,secondary
42436411,2024-12-16,40.7365313,-74.0058168,3,1,2.0,25.0,1,0,0.0,1.0,0.0,0.0,0.0,5,-0.1416105093871293,0.9899224533422392,3.407142857142857,26.6,65.35119047619048,30.0,1023.2791666666666,traffic_signals,secondary
42436414,2024-12-16,40.7372197,-74.0057682,3,0,2.0,25.0,1,0,0.0,0.0,0.0,0.0,0.0,51,-0.1416105093871293,0.9899224533422392,3.407142857142857,26.6,65.35119047619048,30.0,1023.2791666666666,missing,residential
42436423,2024-12-16,40.7375527,-74.0057088,4,1,2.0,25.0,1,0,0.0,0.0,0.0,0.0,0.0,8,-0.1416105093871293,0.9899224533422392,3.407142857142857,26.6,65.35119047619048,30.0,1023.2791666666666,traffic_signals,residential
42436427,2024-12-16,40.7381397,-74.00561,4,1,2.0,25.0,1,0,0.0,0.0,0.0,0.0,0.0,51,-0.1416105093871293,0.9899224533422392,3.407142857142857,26.6,65.35119047619048,30.0,1023.2791666666666,traffic_signals,residential
42436431,2024-12-16,40.7394127,-74.0054071,4,1,2.0,25.0,1,0,0.0,0.0,0.0,0.0,0.0,51,-0.1416105093871293,0.9899224533422392,3.407142857142857,26.6,65.35119047619048,30.0,1023.2791666666666,traffic_signals,residential
42436439,2024-12-16,40.7408488,-74.0051364,4,1,3.0,25.0,1,0,0.0,0.0,0.0,0.0,0.0,51,-0.1416105093871293,0.9899224533422392,3.407142857142857,26.6,65.35119047619048,30.0,1023.2791666666666,traffic_signals,secondary
42436475,2024-12-16,40.7724555,-73.9670325,3,1,4.0,25.0,1,0,0.0,0.0,0.0,0.0,0.0,14,-0.1416105093871293,0.9899224533422392,3.407142857142857,26.6,65.35119047619048,30.0,1023.2791666666666,traffic_signals,secondary
42436477,2024-12-16,40.7717833,-73.965434,4,1,4.0,25.0,1,0,0.0,0.0,0.0,0.0,0.0,12,-0.1416105093871293,0.9899224533422392,3.407142857142857,26.6,65.35119047619048,30.0,1023.2791666666666,traffic_signals,secondary
42436481,2024-12-16,40.7710637,-73.9637208,4,1,4.0,25.0,1,0,0.0,0.0,0.0,0.0,0.0,51,-0.1416105093871293,0.9899224533422392,3.407142857142857,26.6,65.35119047619048,30.0,1023.2791666666666,traffic_signals,primary
42436484,2024-12-16,40.7704253,-73.9622127,4,1,5.0,25.0,1,0,0.0,0.0,0.0,0.0,0.0,51,-0.1416105093871293,0.9899224533422392,3.407142857142857,26.6,65.35119047619048,30.0,1023.2791666666666,traffic_signals,secondary
42436486,2024-12-16,40.769747,-73.9606044,4,1,5.0,25.0,1,0,1.0,2.0,1.0,1.0,1.0,3,-0.1416105093871293,0.9899224533422392,3.407142857142857,26.6,65.35119047619048,30.0,1023.2791666666666,traffic_signals,primary
42436489,2024-12-16,40.7688122,-73.9583845,4,1,5.0,25.0,1,1,2.0,2.0,1.0,1.0,0.0,0,-0.1416105093871293,0.9899224533422392,3.407142857142857,26.6,65.35119047619048,30.0,1023.2791666666666,traffic_signals,primary
42436492,2024-12-16,40.7678043,-73.9559988,4,1,5.0,25.0,1,0,0.0,0.0,0.0,0.0,0.0,11,-0.1416105093871293,0.9899224533422392,3.407142857142857,26.6,65.35119047619048,30.0,1023.2791666666666,traffic_signals,primary
42436510,2024-12-16,40.7655257,-73.9721171,3,1,3.0,25.0,1,0,1.0,1.0,0.0,0.0,0.0,2,-0.1416105093871293,0.9899224533422392,3.407142857142857,26.6,65.35119047619048,30.0,1023.2791666666666,traffic_signals,secondary
42436511,2024-12-16,40.7648423,-73.9704968,4,1,3.0,25.0,1,0,0.0,0.0,0.0,0.0,0.0,17,-0.1416105093871293,0.9899224533422392,3.407142857142857,26.6,65.35119047619048,30.0,1023.2791666666666,traffic_signals,secondary
42436514,2024-12-16,40.76413,-73.9688047,4,0,3.0,25.0,1,0,0.0,0.0,0.0,0.0,0.0,8,-0.1416105093871293,0.9899224533422392,3.407142857142857,26.6,65.35119047619048,30.0,1023.2791666666666,missing,primary
42436516,2024-12-16,40.7634846,-73.9672732,4,1,3.0,25.0,1,0,1.0,1.0,1.0,1.0,0.0,1,-0.1416105093871293,0.9899224533422392,3.407142857142857,26.6,65.35119047619048,30.0,1023.2791666666666,traffic_signals,secondary
42436519,2024-12-16,40.7628079,-73.9656659,4,1,3.0,25.0,1,0,0.0,0.0,0.0,0.0,0.0,20,-0.1416105093871293,0.9899224533422392,3.407142857142857,26.6,65.35119047619048,30.0,1023.2791666666666,traffic_signals,primary
42436527,2024-12-16,40.7618673,-73.9634382,4,1,6.0,25.0,1,0,0.0,1.0,0.0,1.0,0.0,5,-0.1416105093871293,0.9899224533422392,3.407142857142857,26.6,65.35119047619048,30.0,1023.2791666666666,traffic_signals,primary
42436531,2024-12-16,40.7608639,-73.9610636,4,1,5.0,25.0,1,0,0.0,0.0,0.0,0.0,0.0,9,-0.1416105093871293,0.9899224533422392,3.407142857142857,26.6,65.35119047619048,30.0,1023.2791666666666,traffic_signals,primary
42436537,2024-12-16,40.7834629,-73.9589963,3,1,2.0,25.0,1,0,0.0,0.0,0.0,0.0,0.0,9,-0.1416105093871293,0.9899224533422392,3.407142857142857,26.6,65.35119047619048,30.0,1023.2791666666666,traffic_signals,secondary
42436539,2024-12-16,40.7827919,-73.9574044,4,1,3.0,25.0,1,0,0.0,0.0,0.0,0.0,0.0,51,-0.1416105093871293,0.9899224533422392,3.407142857142857,26.6,65.35119047619048,30.0,1023.2791666666666,traffic_signals,secondary
42436541,2024-12-16,40.7820798,-73.9557062,4,1,3.0,25.0,1,0,0.0,0.0,0.0,0.0,0.0,13,-0.1416105093871293,0.9899224533422392,3.407142857142857,26.6,65.35119047619048,30.0,1023.2791666666666,traffic_signals,primary
42436544,2024-12-16,40.7814307,-73.9541807,4,1,3.0,25.0,1,0,0.0,0.0,0.0,0.0,0.0,37,-0.1416105093871293,0.9899224533422392,3.407142857142857,26.6,65.35119047619048,30.0,1023.2791666666666,traffic_signals,secondary
42436546,2024-12-16,40.7807525,-73.9525725,4,1,4.0,25.0,1,0,0.0,1.0,0.0,0.0,0.0,4,-0.1416105093871293,0.9899224533422392,3.407142857142857,26.6,65.35119047619048,30.0,1023.2791666666666,traffic_signals,primary
42436549,2024-12-16,40.7798089,-73.9503368,4,1,4.0,25.0,1,0,0.0,1.0,0.0,0.0,0.0,5,-0.1416105093871293,0.9899224533422392,3.407142857142857,26.6,65.35119047619048,30.0,1023.2791666666666,traffic_signals,primary
42436551,2024-12-16,40.778815,-73.9479508,4,1,5.0,25.0,1,0,0.0,1.0,0.0,0.0,0.0,4,-0.1416105093871293,0.9899224533422392,3.407142857142857,26.6,65.35119047619048,30.0,1023.2791666666666,traffic_signals,primary
42436556,2024-12-16,40.7768958,-73.9433989,3,1,1.0,25.0,1,0,0.0,0.0,0.0,0.0,0.0,12,-0.1416105093871293,0.9899224533422392,3.407142857142857,26.6,65.35119047619048,30.0,1023.2791666666666,traffic_signals,residential
42436563,2024-12-16,40.7112188,-73.9899392,4,1,1.0,20.0,1,0,0.0,0.0,0.0,0.0,0.0,15,-0.1416105093871293,0.9899224533422392,3.407142857142857,26.6,65.35119047619048,30.0,1023.2791666666666,traffic_signals,residential
42436567,2024-12-16,40.725024,-74.0058223,3,1,2.0,25.0,1,0,0.0,0.0,0.0,0.0,0.0,51,-0.1416105093871293,0.9899224533422392,3.407142857142857,26.6,65.35119047619048,30.0,1023.2791666666666,traffic_signals,secondary
42436575,2024-12-16,40.7415447,-73.9875061,3,1,3.0,25.0,1,0,1.0,1.0,0.0,0.0,0.0,1,-0.1416105093871293,0.9899224533422392,3.407142857142857,26.6,65.35119047619048,30.0,1023.2791666666666,traffic_signals,secondary
42436578,2024-12-16,40.7408256,-73.9858267,4,0,2.0,25.0,1,0,0.0,0.0,0.0,0.0,0.0,17,-0.1416105093871293,0.9899224533422392,3.407142857142857,26.6,65.35119047619048,30.0,1023.2791666666666,missing,primary
42436582,2024-12-16,40.7401771,-73.9842672,4,0,3.0,25.0,1,0,1.0,1.0,0.0,0.0,0.0,2,-0.1416105093871293,0.9899224533422392,3.407142857142857,26.6,65.35119047619048,30.0,1023.2791666666666,missing,secondary
42436586,2024-12-16,40.7394995,-73.9826691,4,1,5.0,25.0,1,0,0.0,0.0,0.0,0.0,0.0,13,-0.1416105093871293,0.9899224533422392,3.407142857142857,26.6,65.35119047619048,30.0,1023.2791666666666,traffic_signals,primary
42436590,2024-12-16,40.7385557,-73.9804284,4,1,4.0,25.0,1,0,0.0,0.0,0.0,0.0,0.0,16,-0.1416105093871293,0.9899224533422392,3.407142857142857,26.6,65.35119047619048,30.0,1023.2791666666666,traffic_signals,primary
42436598,2024-12-16,40.7375593,-73.9780485,3,1,4.0,25.0,1,0,0.0,0.0,0.0,0.0,0.0,50,-0.1416105093871293,0.9899224533422392,3.407142857142857,26.6,65.35119047619048,30.0,1023.2791666666666,traffic_signals,primary
42436604,2024-12-16,40.7929817,-73.9520587,3,1,2.0,25.0,1,0,0.0,1.0,0.0,0.0,0.0,6,-0.1416105093871293,0.9899224533422392,3.407142857142857,26.6,65.35119047619048,30.0,1023.2791666666666,traffic_signals,secondary
42436610,2024-12-16,40.7923067,-73.9504667,4,1,5.0,25.0,1,0,0.0,1.0,0.0,0.0,0.0,7,-0.1416105093871293,0.9899224533422392,3.407142857142857,26.6,65.35119047619048,30.0,1023.2791666666666,traffic_signals,secondary
42436614,2024-12-16,40.7915693,-73.9487212,4,1,1.0,25.0,1,0,1.0,1.0,1.0,0.0,1.0,3,-0.1416105093871293,0.9899224533422392,3.407142857142857,26.6,65.35119047619048,30.0,1023.2791666666666,traffic_signals,primary
42436619,2024-12-16,40.7909469,-73.9472342,4,1,2.0,25.0,1,0,0.0,0.0,0.0,0.0,0.0,14,-0.1416105093871293,0.9899224533422392,3.407142857142857,26.6,65.35119047619048,30.0,1023.2791666666666,traffic_signals,secondary
42436624,2024-12-16,40.7902523,-73.9456376,4,1,4.0,25.0,1,0,0.0,0.0,0.0,0.0,0.0,17,-0.1416105093871293,0.9899224533422392,3.407142857142857,26.6,65.35119047619048,30.0,1023.2791666666666,traffic_signals,primary
42436627,2024-12-16,40.7893167,-73.9433978,4,1,5.0,25.0,1,0,0.0,0.0,0.0,0.0,0.0,8,-0.1416105093871293,0.9899224533422392,3.407142857142857,26.6,65.35119047619048,30.0,1023.2791666666666,traffic_signals,primary
42436630,2024-12-16,40.7883247,-73.9410152,3,1,5.0,25.0,1,0,0.0,2.0,0.0,1.0,0.0,5,-0.1416105093871293,0.9899224533422392,3.407142857142857,26.6,65.35119047619048,30.0,1023.2791666666666,traffic_signals,primary
42436637,2024-12-16,40.7955852,-73.950158,3,1,2.0,25.0,1,0,0.0,0.0,0.0,0.0,0.0,9,-0.1416105093871293,0.9899224533422392,3.407142857142857,26.6,65.35119047619048,30.0,1023.2791666666666,traffic_signals,secondary
42436640,2024-12-16,40.7949134,-73.9485565,4,1,5.0,25.0,1,0,0.0,1.0,0.0,0.0,1.0,4,-0.1416105093871293,0.9899224533422392,3.407142857142857,26.6,65.35119047619048,30.0,1023.2791666666666,traffic_signals,secondary
42436641,2024-12-16,40.794181,-73.9468139,4,1,1.0,25.0,1,0,0.0,0.0,0.0,0.0,0.0,19,-0.1416105093871293,0.9899224533422392,3.407142857142857,26.6,65.35119047619048,30.0,1023.2791666666666,traffic_signals,primary
42436644,2024-12-16,40.7935598,-73.9453291,4,1,2.0,25.0,1,0,0.0,0.0,0.0,0.0,0.0,18,-0.1416105093871293,0.9899224533422392,3.407142857142857,26.6,65.35119047619048,30.0,1023.2791666666666,traffic_signals,secondary
42436647,2024-12-16,40.7928745,-73.9437242,3,1,4.0,,1,0,0.0,0.0,0.0,0.0,0.0,17,-0.1416105093871293,0.9899224533422392,3.407142857142857,26.6,65.35119047619048,30.0,1023.2791666666666,traffic_signals,primary
42436651,2024-12-16,40.791908,-73.941503,3,1,5.0,25.0,1,0,0.0,0.0,0.0,0.0,0.0,16,-0.1416105093871293,0.9899224533422392,3.407142857142857,26.6,65.35119047619048,30.0,1023.2791666666666,traffic_signals,primary
42436653,2024-12-16,40.790905,-73.939132,3,1,5.0,25.0,1,0,2.0,2.0,0.0,0.0,0.0,3,-0.1416105093871293,0.9899224533422392,3.407142857142857,26.6,65.35119047619048,30.0,1023.2791666666666,traffic_signals,primary
42436700,2024-12-16,40.7604084,-73.9758441,4,1,4.0,25.0,1,0,0.0,1.0,0.0,0.0,0.0,5,-0.1416105093871293,0.9899224533422392,3.407142857142857,26.6,65.35119047619048,30.0,1023.2791666666666,traffic_signals,secondary
42436701,2024-12-16,40.7597325,-73.974231,4,1,5.0,25.0,1,0,0.0,0.0,0.0,0.0,0.0,10,-0.1416105093871293,0.9899224533422392,3.407142857142857,26.6,65.35119047619048,30.0,1023.2791666666666,traffic_signals,secondary
42436703,2024-12-16,40.7590253,-73.9725324,4,0,3.0,25.0,1,0,0.0,0.0,0.0,0.0,0.0,45,-0.1416105093871293,0.9899224533422392,3.407142857142857,26.6,65.35119047619048,30.0,1023.2791666666666,missing,primary
42436705,2024-12-16,40.7583781,-73.9709896,4,1,4.0,25.0,1,0,0.0,0.0,0.0,0.0,0.0,8,-0.1416105093871293,0.9899224533422392,3.407142857142857,26.6,65.35119047619048,30.0,1023.2791666666666,traffic_signals,secondary
42436707,2024-12-16,40.7577077,-73.9694066,4,1,4.0,25.0,1,0,0.0,1.0,0.0,0.0,0.0,5,-0.1416105093871293,0.9899224533422392,3.407142857142857,26.6,65.35119047619048,30.0,1023.2791666666666,traffic_signals,primary
42436710,2024-12-16,40.7567628,-73.9671663,4,1,4.0,25.0,1,1,2.0,2.0,1.0,1.0,0.0,0,-0.1416105093871293,0.9899224533422392,3.407142857142857,26.6,65.35119047619048,30.0,1023.2791666666666,traffic_signals,primary
42436714,2024-12-16,40.7557614,-73.9647728,4,1,5.0,25.0,1,2,2.0,2.0,2.0,1.0,0.0,0,-0.1416105093871293,0.9899224533422392,3.407142857142857,26.6,65.35119047619048,30.0,1023.2791666666666,traffic_signals,primary
42436716,2024-12-16,40.7549794,-73.9629036,3,0,3.0,25.0,1,0,0.0,0.0,0.0,0.0,0.0,34,-0.1416105093871293,0.9899224533422392,3.407142857142857,26.6,65.35119047619048,30.0,1023.2791666666666,missing,secondary
42436724,2024-12-16,40.8077113,-73.9413121,4,1,2.0,25.0,1,0,1.0,1.0,0.0,0.0,0.0,3,-0.1416105093871293,0.9899224533422392,3.407142857142857,26.6,65.35119047619048,30.0,1023.2791666666666,traffic_signals,secondary
42436726,2024-12-16,40.8090395,-73.9444657,4,1,2.0,,1,0,1.0,2.0,0.0,1.0,0.0,2,-0.1416105093871293,0.9899224533422392,3.407142857142857,26.6,65.35119047619048,30.0,1023.2791666666666,traffic_signals,secondary
42436728,2024-12-16,40.8103039,-73.9474622,4,0,2.0,25.0,1,0,0.0,0.0,0.0,0.0,0.0,27,-0.1416105093871293,0.9899224533422392,3.407142857142857,26.6,65.35119047619048,30.0,1023.2791666666666,missing,primary
42436734,2024-12-16,40.8126972,-73.9531404,4,1,,,1,0,0.0,0.0,0.0,0.0,0.0,11,-0.1416105093871293,0.9899224533422392,3.407142857142857,26.6,65.35119047619048,30.0,1023.2791666666666,traffic_signals,tertiary
42436739,2024-12-16,40.8134085,-73.9550501,3,0,,,1,0,0.0,0.0,0.0,0.0,0.0,22,-0.1416105093871293,0.9899224533422392,3.407142857142857,26.6,65.35119047619048,30.0,1023.2791666666666,missing,residential
42436746,2024-12-16,40.7446313,-73.9852432,4,1,3.0,25.0,1,0,0.0,0.0,0.0,0.0,0.0,12,-0.1416105093871293,0.9899224533422392,3.407142857142857,26.6,65.35119047619048,30.0,1023.2791666666666,traffic_signals,secondary
42436748,2024-12-16,40.7439299,-73.983567,4,1,3.0,25.0,1,0,0.0,0.0,0.0,0.0,0.0,27,-0.1416105093871293,0.9899224533422392,3.407142857142857,26.6,65.35119047619048,30.0,1023.2791666666666,traffic_signals,primary
42436751,2024-12-16,40.7432748,-73.9820126,4,0,3.0,25.0,1,0,0.0,1.0,0.0,0.0,1.0,4,-0.1416105093871293,0.9899224533422392,3.407142857142857,26.6,65.35119047619048,30.0,1023.2791666666666,missing,secondary
42436753,2024-12-16,40.7426044,-73.9804162,4,0,5.0,25.0,1,0,0.0,0.0,0.0,0.0,0.0,15,-0.1416105093871293,0.9899224533422392,3.407142857142857,26.6,65.35119047619048,30.0,1023.2791666666666,missing,primary
42436754,2024-12-16,40.7416552,-73.9781701,4,1,4.0,25.0,1,0,0.0,0.0,0.0,0.0,0.0,25,-0.1416105093871293,0.9899224533422392,3.407142857142857,26.6,65.35119047619048,30.0,1023.2791666666666,traffic_signals,primary
42436756,2024-12-16,40.7406465,-73.9757944,4,1,4.0,25.0,1,0,0.0,0.0,0.0,0.0,0.0,15,-0.1416105093871293,0.9899224533422392,3.407142857142857,26.6,65.35119047619048,30.0,1023.2791666666666,traffic_signals,primary
42436763,2024-12-16,40.7227332,-74.0044383,4,0,1.0,25.0,1,0,0.0,0.0,0.0,0.0,0.0,19,-0.1416105093871293,0.9899224533422392,3.407142857142857,26.6,65.35119047619048,30.0,1023.2791666666666,missing,primary
42436770,2024-12-16,40.7234576,-74.0038418,4,0,4.0,25.0,1,0,0.0,0.0,0.0,0.0,0.0,11,-0.1416105093871293,0.9899224533422392,3.407142857142857,26.6,65.35119047619048,30.0,1023.2791666666666,missing,primary
42436779,2024-12-16,40.72488,-74.002619,3,1,1.0,25.0,1,0,0.0,0.0,0.0,0.0,0.0,36,-0.1416105093871293,0.9899224533422392,3.407142857142857,26.6,65.35119047619048,30.0,1023.2791666666666,traffic_signals,residential
42436784,2024-12-16,40.7261202,-74.0015958,4,1,1.0,25.0,1,0,0.0,0.0,0.0,0.0,0.0,12,-0.1416105093871293,0.9899224533422392,3.407142857142857,26.6,65.35119047619048,30.0,1023.2791666666666,traffic_signals,residential
42436788,2024-12-16,40.7273529,-74.0005803,4,1,4.0,25.0,1,0,0.0,0.0,0.0,0.0,0.0,51,-0.1416105093871293,0.9899224533422392,3.407142857142857,26.6,65.35119047619048,30.0,1023.2791666666666,traffic_signals,primary
42436793,2024-12-16,40.729686,-73.9986042,4,1,1.0,25.0,1,1,1.0,1.0,0.0,0.0,0.0,0,-0.1416105093871293,0.9899224533422392,3.407142857142857,26.6,65.35119047619048,30.0,1023.2791666666666,traffic_signals,residential
42436796,2024-12-16,40.7302937,-73.9980762,3,1,1.0,25.0,1,0,0.0,0.0,0.0,0.0,0.0,10,-0.1416105093871293,0.9899224533422392,3.407142857142857,26.6,65.35119047619048,30.0,1023.2791666666666,traffic_signals,residential
42436806,2024-12-16,40.8449121,-73.933238,3,1,4.0,25.0,1,0,0.0,0.0,0.0,0.0,0.0,34,-0.1416105093871293,0.9899224533422392,3.407142857142857,26.6,65.35119047619048,30.0,1023.2791666666666,traffic_signals,secondary
42436807,2024-12-16,40.84552,-73.934686,4,1,2.0,25.0,1,0,0.0,0.0,0.0,0.0,0.0,12,-0.1416105093871293,0.9899224533422392,3.407142857142857,26.6,65.35119047619048,30.0,1023.2791666666666,traffic_signals,tertiary
42436812,2024-12-16,40.846623,-73.937313,4,1,1.0,25.0,1,0,0.0,1.0,0.0,0.0,0.0,7,-0.1416105093871293,0.9899224533422392,3.407142857142857,26.6,65.35119047619048,30.0,1023.2791666666666,traffic_signals,tertiary
42436832,2024-12-16,40.8476869,-73.9421969,3,0,1.0,25.0,1,0,0.0,0.0,0.0,0.0,0.0,51,-0.1416105093871293,0.9899224533422392,3.407142857142857,26.6,65.35119047619048,30.0,1023.2791666666666,missing,residential
42436848,2024-12-16,40.730246,-74.00102,3,0,1.0,25.0,1,0,0.0,0.0,0.0,0.0,0.0,51,-0.1416105093871293,0.9899224533422392,3.407142857142857,26.6,65.35119047619048,30.0,1023.2791666666666,missing,residential
42436856,2024-12-16,40.7339795,-74.0003725,3,0,1.0,25.0,1,0,0.0,0.0,0.0,0.0,0.0,51,-0.1416105093871293,0.9899224533422392,3.407142857142857,26.6,65.35119047619048,30.0,1023.2791666666666,missing,residential
42436894,2024-12-16,40.7326608,-74.0086473,4,0,2.0,25.0,1,0,0.0,0.0,0.0,0.0,0.0,45,-0.1416105093871293,0.9899224533422392,3.407142857142857,26.6,65.35119047619048,30.0,1023.2791666666666,missing,residential
42436899,2024-12-16,40.7324688,-74.0098677,3,0,2.0,25.0,1,0,0.0,0.0,0.0,0.0,0.0,51,-0.1416105093871293,0.9899224533422392,3.407142857142857,26.6,65.35119047619048,30.0,1023.2791666666666,missing,residential
42436903,2024-12-16,40.7324206,-74.0102359,3,0,4.0,30.0,1,1,1.0,2.0,1.0,0.0,0.0,0,-0.1416105093871293,0.9899224533422392,3.407142857142857,26.6,65.35119047619048,30.0,1023.2791666666666,missing,trunk
42436911,2024-12-16,40.7763096,-73.9642177,3,1,3.0,25.0,1,0,0.0,0.0,0.0,0.0,0.0,51,-0.1416105093871293,0.9899224533422392,3.407142857142857,26.6,65.35119047619048,30.0,1023.2791666666666,traffic_signals,secondary
42436913,2024-12-16,40.7756416,-73.9626345,4,1,3.0,25.0,1,0,1.0,1.0,0.0,0.0,0.0,1,-0.1416105093871293,0.9899224533422392,3.407142857142857,26.6,65.35119047619048,30.0,1023.2791666666666,traffic_signals,secondary
42436914,2024-12-16,40.7749247,-73.9609303,4,1,3.0,25.0,1,0,0.0,0.0,0.0,0.0,0.0,32,-0.1416105093871293,0.9899224533422392,3.407142857142857,26.6,65.35119047619048,30.0,1023.2791666666666,traffic_signals,primary
42436917,2024-12-16,40.7742796,-73.9593972,4,1,3.0,25.0,1,0,0.0,1.0,0.0,0.0,1.0,7,-0.1416105093871293,0.9899224533422392,3.407142857142857,26.6,65.35119047619048,30.0,1023.2791666666666,traffic_signals,secondary
42436919,2024-12-16,40.7736031,-73.9578018,4,1,5.0,25.0,1,0,1.0,1.0,1.0,1.0,0.0,1,-0.1416105093871293,0.9899224533422392,3.407142857142857,26.6,65.35119047619048,30.0,1023.2791666666666,traffic_signals,primary
42436921,2024-12-16,40.7726645,-73.9555742,4,1,5.0,25.0,1,0,0.0,0.0,0.0,0.0,0.0,14,-0.1416105093871293,0.9899224533422392,3.407142857142857,26.6,65.35119047619048,30.0,1023.2791666666666,traffic_signals,primary
42436922,2024-12-16,40.7716529,-73.9531803,4,1,5.0,25.0,1,0,0.0,1.0,0.0,0.0,0.0,4,-0.1416105093871293,0.9899224533422392,3.407142857142857,26.6,65.35119047619048,30.0,1023.2791666666666,traffic_signals,primary
42436929,2024-12-16,40.870923,-73.917916,4,0,,20.0,1,0,0.0,0.0,0.0,0.0,0.0,19,-0.1416105093871293,0.9899224533422392,3.407142857142857,26.6,65.35119047619048,30.0,1023.2791666666666,missing,residential
42436930,2024-12-16,40.871584,-73.917009,3,0,,20.0,1,0,0.0,0.0,0.0,0.0,0.0,51,-0.1416105093871293,0.9899224533422392,3.407142857142857,26.6,65.35119047619048,30.0,1023.2791666666666,missing,residential
42436935,2024-12-16,40.7345291,-73.9922554,4,1,1.0,25.0,1,0,1.0,2.0,0.0,0.0,0.0,2,-0.1416105093871293,0.9899224533422392,3.407142857142857,26.6,65.35119047619048,30.0,1023.2791666666666,traffic_signals,residential
42436939,2024-12-16,40.7335235,-73.989847,4,1,2.0,25.0,1,0,0.0,1.0,0.0,0.0,1.0,7,-0.1416105093871293,0.9899224533422392,3.407142857142857,26.6,65.35119047619048,30.0,1023.2791666666666,traffic_signals,secondary
42436941,2024-12-16,40.7326183,-73.9876834,4,0,4.0,25.0,1,0,0.0,1.0,0.0,0.0,1.0,7,-0.1416105093871293,0.9899224533422392,3.407142857142857,26.6,65.35119047619048,30.0,1023.2791666666666,missing,primary
42436943,2024-12-16,40.7306534,-73.9830644,4,1,5.0,25.0,1,0,1.0,3.0,0.0,0.0,1.0,1,-0.1416105093871293,0.9899224533422392,3.407142857142857,26.6,65.35119047619048,30.0,1023.2791666666666,traffic_signals,primary
42436944,2024-12-16,40.729725,-73.980858,4,1,2.0,20.0,1,0,0.0,0.0,0.0,0.0,0.0,15,-0.1416105093871293,0.9899224533422392,3.407142857142857,26.6,65.35119047619048,30.0,1023.2791666666666,traffic_signals,secondary
42436947,2024-12-16,40.728746,-73.978536,4,1,2.0,20.0,1,0,0.0,0.0,0.0,0.0,0.0,32,-0.1416105093871293,0.9899224533422392,3.407142857142857,26.6,65.35119047619048,30.0,1023.2791666666666,traffic_signals,tertiary
42436957,2024-12-16,40.7277504,-73.9761698,3,1,3.0,20.0,0,0,0.0,0.0,0.0,0.0,0.0,34,-0.1416105093871293,0.9899224533422392,3.407142857142857,26.6,65.35119047619048,30.0,1023.2791666666666,traffic_signals,secondary
42436968,2024-12-16,40.7288513,-74.0052872,3,0,3.0,25.0,1,0,0.0,0.0,0.0,0.0,0.0,15,-0.1416105093871293,0.9899224533422392,3.407142857142857,26.6,65.35119047619048,30.0,1023.2791666666666,missing,secondary
42436971,2024-12-16,40.7107814,-73.9837964,3,0,2.0,25.0,1,0,0.0,0.0,0.0,0.0,0.0,51,-0.1416105093871293,0.9899224533422392,3.407142857142857,26.6,65.35119047619048,30.0,1023.2791666666666,missing,secondary
42436974,2024-12-16,40.7112964,-73.9839123,3,0,1.0,25.0,1,0,0.0,0.0,0.0,0.0,0.0,37,-0.1416105093871293,0.9899224533422392,3.407142857142857,26.6,65.35119047619048,30.0,1023.2791666666666,missing,residential
42436985,2024-12-16,40.7915736,-73.9684954,4,1,4.0,25.0,1,0,0.0,0.0,0.0,0.0,0.0,31,-0.1416105093871293,0.9899224533422392,3.407142857142857,26.6,65.35119047619048,30.0,1023.2791666666666,traffic_signals,primary
42436990,2024-12-16,40.7927633,-73.9713214,4,1,3.0,25.0,1,0,2.0,3.0,0.0,0.0,0.0,1,-0.1416105093871293,0.9899224533422392,3.407142857142857,26.6,65.35119047619048,30.0,1023.2791666666666,traffic_signals,primary
42437005,2024-12-16,40.794825,-73.9762395,3,0,1.0,25.0,1,0,0.0,0.0,0.0,0.0,0.0,51,-0.1416105093871293,0.9899224533422392,3.407142857142857,26.6,65.35119047619048,30.0,1023.2791666666666,missing,residential
42437018,2024-12-16,40.7359658,-73.9894066,4,0,2.0,25.0,1,0,1.0,1.0,0.0,0.0,0.0,2,-0.1416105093871293,0.9899224533422392,3.407142857142857,26.6,65.35119047619048,30.0,1023.2791666666666,missing,primary
42437021,2024-12-16,40.7365407,-73.9889803,4,0,2.0,25.0,1,0,0.0,1.0,0.0,0.0,0.0,4,-0.1416105093871293,0.9899224533422392,3.407142857142857,26.6,65.35119047619048,30.0,1023.2791666666666,missing,primary
42437050,2024-12-16,40.7890588,-73.9703363,4,1,4.0,25.0,1,0,0.0,0.0,0.0,0.0,0.0,13,-0.1416105093871293,0.9899224533422392,3.407142857142857,26.6,65.35119047619048,30.0,1023.2791666666666,traffic_signals,primary
42437052,2024-12-16,40.7902424,-73.9731431,4,1,3.0,25.0,1,0,0.0,0.0,0.0,0.0,0.0,51,-0.1416105093871293,0.9899224533422392,3.407142857142857,26.6,65.35119047619048,30.0,1023.2791666666666,traffic_signals,primary
42437058,2024-12-16,40.792175,-73.9776753,3,1,1.0,25.0,1,0,0.0,0.0,0.0,0.0,0.0,51,-0.1416105093871293,0.9899224533422392,3.407142857142857,26.6,65.35119047619048,30.0,1023.2791666666666,traffic_signals,secondary
42437067,2024-12-16,40.7185765,-73.9833967,4,1,,25.0,1,0,0.0,0.0,0.0,0.0,0.0,39,-0.1416105093871293,0.9899224533422392,3.407142857142857,26.6,65.35119047619048,30.0,1023.2791666666666,traffic_signals,residential
42437071,2024-12-16,40.7188259,-73.9842294,3,0,1.0,25.0,1,0,0.0,1.0,0.0,0.0,0.0,4,-0.1416105093871293,0.9899224533422392,3.407142857142857,26.6,65.35119047619048,30.0,1023.2791666666666,missing,residential
42437074,2024-12-16,40.7190825,-73.9850756,4,1,1.0,25.0,1,0,0.0,0.0,0.0,0.0,0.0,10,-0.1416105093871293,0.9899224533422392,3.407142857142857,26.6,65.35119047619048,30.0,1023.2791666666666,traffic_signals,residential
42437078,2024-12-16,40.7193368,-73.9859139,4,1,1.0,25.0,1,0,0.0,0.0,0.0,0.0,0.0,12,-0.1416105093871293,0.9899224533422392,3.407142857142857,26.6,65.35119047619048,30.0,1023.2791666666666,traffic_signals,residential
42437082,2024-12-16,40.7195914,-73.9867535,4,1,1.0,25.0,1,0,0.0,1.0,0.0,0.0,0.0,4,-0.1416105093871293,0.9899224533422392,3.407142857142857,26.6,65.35119047619048,30.0,1023.2791666666666,traffic_signals,residential
42437084,2024-12-16,40.7198312,-73.9875441,4,1,3.0,25.0,1,0,1.0,2.0,1.0,0.0,1.0,3,-0.1416105093871293,0.9899224533422392,3.407142857142857,26.6,65.35119047619048,30.0,1023.2791666666666,traffic_signals,primary
42437096,2024-12-16,40.7200786,-73.9883599,4,0,1.0,25.0,1,0,0.0,1.0,0.0,1.0,0.0,4,-0.1416105093871293,0.9899224533422392,3.407142857142857,26.6,65.35119047619048,30.0,1023.2791666666666,stop,residential
42437106,2024-12-16,40.7203066,-73.9891119,4,0,1.0,25.0,1,0,0.0,0.0,0.0,0.0,0.0,32,-0.1416105093871293,0.9899224533422392,3.407142857142857,26.6,65.35119047619048,30.0,1023.2791666666666,stop,residential
42437108,2024-12-16,40.7204582,-73.9896132,4,1,2.0,25.0,1,0,0.0,0.0,0.0,0.0,0.0,14,-0.1416105093871293,0.9899224533422392,3.407142857142857,26.6,65.35119047619048,30.0,1023.2791666666666,traffic_signals,primary
42437109,2024-12-16,40.7205303,-73.9898501,4,1,2.0,25.0,1,0,0.0,0.0,0.0,0.0,0.0,9,-0.1416105093871293,0.9899224533422392,3.407142857142857,26.6,65.35119047619048,30.0,1023.2791666666666,traffic_signals,primary
42437111,2024-12-16,40.7210315,-73.991485,3,0,1.0,25.0,1,0,0.0,0.0,0.0,0.0,0.0,51,-0.1416105093871293,0.9899224533422392,3.407142857142857,26.6,65.35119047619048,30.0,1023.2791666666666,missing,residential
42437113,2024-12-16,40.7212541,-73.9922542,3,0,3.0,25.0,1,0,0.0,1.0,0.0,0.0,1.0,5,-0.1416105093871293,0.9899224533422392,3.407142857142857,26.6,65.35119047619048,30.0,1023.2791666666666,missing,secondary
42437114,2024-12-16,40.7216557,-73.9935947,3,0,3.0,25.0,1,0,0.0,0.0,0.0,0.0,0.0,46,-0.1416105093871293,0.9899224533422392,3.407142857142857,26.6,65.35119047619048,30.0,1023.2791666666666,missing,primary
42437118,2024-12-16,40.7175542,-73.9799952,3,1,3.0,25.0,0,0,0.0,0.0,0.0,0.0,0.0,18,-0.1416105093871293,0.9899224533422392,3.407142857142857,26.6,65.35119047619048,30.0,1023.2791666666666,traffic_signals,residential
42437124,2024-12-16,40.7120847,-73.9969466,4,1,2.0,20.0,1,0,0.0,0.0,0.0,0.0,0.0,14,-0.1416105093871293,0.9899224533422392,3.407142857142857,26.6,65.35119047619048,30.0,1023.2791666666666,traffic_signals,secondary
42437135,2024-12-16,40.7092114,-73.9962351,3,1,3.0,20.0,1,0,0.0,0.0,0.0,0.0,0.0,51,-0.1416105093871293,0.9899224533422392,3.407142857142857,26.6,65.35119047619048,30.0,1023.2791666666666,traffic_signals,primary
42437142,2024-12-16,40.8068316,-73.9610565,3,1,3.0,,0,0,0.0,0.0,0.0,0.0,0.0,21,-0.1416105093871293,0.9899224533422392,3.407142857142857,26.6,65.35119047619048,30.0,1023.2791666666666,traffic_signals,secondary
42437174,2024-12-16,40.800665,-73.946462,4,1,2.0,25.0,1,0,0.0,1.0,0.0,0.0,0.0,6,-0.1416105093871293,0.9899224533422392,3.407142857142857,26.6,65.35119047619048,30.0,1023.2791666666666,traffic_signals,secondary
42437177,2024-12-16,40.8020112,-73.9496071,4,1,2.0,25.0,1,0,0.0,2.0,0.0,2.0,0.0,7,-0.1416105093871293,0.9899224533422392,3.407142857142857,26.6,65.35119047619048,30.0,1023.2791666666666,traffic_signals,secondary
42437188,2024-12-16,40.8050314,-73.9568273,4,1,2.0,25.0,0,0,0.0,1.0,0.0,0.0,0.0,7,-0.1416105093871293,0.9899224533422392,3.407142857142857,26.6,65.35119047619048,30.0,1023.2791666666666,traffic_signals,tertiary
42437196,2024-12-16,40.8056136,-73.958191,3,1,3.0,,0,1,1.0,2.0,1.0,1.0,0.0,0,-0.1416105093871293,0.9899224533422392,3.407142857142857,26.6,65.35119047619048,30.0,1023.2791666666666,traffic_signals,tertiary
42437201,2024-12-16,40.7981256,-73.9483211,4,1,2.0,,1,0,0.0,0.0,0.0,0.0,0.0,8,-0.1416105093871293,0.9899224533422392,3.407142857142857,26.6,65.35119047619048,30.0,1023.2791666666666,traffic_signals,secondary
42437204,2024-12-16,40.7994476,-73.951484,4,1,2.0,,1,0,0.0,0.0,0.0,0.0,0.0,27,-0.1416105093871293,0.9899224533422392,3.407142857142857,26.6,65.35119047619048,30.0,1023.2791666666666,traffic_signals,secondary
42437211,2024-12-16,40.8006953,-73.9544809,4,1,2.0,25.0,1,0,0.0,0.0,0.0,0.0,0.0,51,-0.1416105093871293,0.9899224533422392,3.407142857142857,26.6,65.35119047619048,30.0,1023.2791666666666,traffic_signals,primary
42437218,2024-12-16,40.802473,-73.9586898,3,0,2.0,25.0,1,1,1.0,1.0,1.0,0.0,0.0,0,-0.1416105093871293,0.9899224533422392,3.407142857142857,26.6,65.35119047619048,30.0,1023.2791666666666,missing,residential
42437222,2024-12-16,40.8042605,-73.9629314,3,1,3.0,,1,0,0.0,0.0,0.0,0.0,0.0,10,-0.1416105093871293,0.9899224533422392,3.407142857142857,26.6,65.35119047619048,30.0,1023.2791666666666,traffic_signals,secondary
42437223,2024-12-16,40.806127,-73.967373,3,0,1.0,,1,0,0.0,0.0,0.0,0.0,0.0,51,-0.1416105093871293,0.9899224533422392,3.407142857142857,26.6,65.35119047619048,30.0,1023.2791666666666,missing,residential
42437280,2024-12-16,40.7371364,-73.9885416,4,0,2.0,25.0,1,0,0.0,0.0,0.0,0.0,0.0,51,-0.1416105093871293,0.9899224533422392,3.407142857142857,26.6,65.35119047619048,30.0,1023.2791666666666,missing,primary
42437283,2024-12-16,40.7357989,-73.9853657,4,0,5.0,25.0,1,0,0.0,0.0,0.0,0.0,0.0,43,-0.1416105093871293,0.9899224533422392,3.407142857142857,26.6,65.35119047619048,30.0,1023.2791666666666,missing,primary
42437289,2024-12-16,40.7338271,-73.9807369,4,1,5.0,25.0,1,0,0.0,1.0,0.0,0.0,0.0,7,-0.1416105093871293,0.9899224533422392,3.407142857142857,26.6,65.35119047619048,30.0,1023.2791666666666,traffic_signals,primary
42437300,2024-12-16,40.7845451,-73.9736127,4,1,3.0,,1,0,0.0,0.0,0.0,0.0,0.0,8,-0.1416105093871293,0.9899224533422392,3.407142857142857,26.6,65.35119047619048,30.0,1023.2791666666666,traffic_signals,primary
42437305,2024-12-16,40.7857321,-73.9764355,4,1,3.0,,1,0,0.0,0.0,0.0,0.0,0.0,12,-0.1416105093871293,0.9899224533422392,3.407142857142857,26.6,65.35119047619048,30.0,1023.2791666666666,traffic_signals,primary
42437312,2024-12-16,40.7876839,-73.9811521,3,1,,,1,0,0.0,0.0,0.0,0.0,0.0,51,-0.1416105093871293,0.9899224533422392,3.407142857142857,26.6,65.35119047619048,30.0,1023.2791666666666,traffic_signals,secondary
42437316,2024-12-16,40.8371926,-73.9366896,3,0,2.0,,0,0,0.0,0.0,0.0,0.0,0.0,51,-0.1416105093871293,0.9899224533422392,3.407142857142857,26.6,65.35119047619048,30.0,1023.2791666666666,missing,tertiary
42437319,2024-12-16,40.8378835,-73.9383539,5,1,4.0,,1,0,0.0,0.0,0.0,0.0,0.0,15,-0.1416105093871293,0.9899224533422392,3.407142857142857,26.6,65.35119047619048,30.0,1023.2791666666666,traffic_signals,secondary
42437324,2024-12-16,40.8410394,-73.9447121,4,1,4.0,,1,0,0.0,2.0,0.0,0.0,1.0,7,-0.1416105093871293,0.9899224533422392,3.407142857142857,26.6,65.35119047619048,30.0,1023.2791666666666,traffic_signals,secondary
42437326,2024-12-16,40.8387079,-73.939618,3,1,,20.0,1,0,0.0,0.0,0.0,0.0,0.0,27,-0.1416105093871293,0.9899224533422392,3.407142857142857,26.6,65.35119047619048,30.0,1023.2791666666666,traffic_signals,tertiary
42437333,2024-12-16,40.7255809,-73.9898675,4,1,3.0,25.0,1,0,1.0,1.0,1.0,0.0,0.0,2,-0.1416105093871293,0.9899224533422392,3.407142857142857,26.6,65.35119047619048,30.0,1023.2791666666666,traffic_signals,primary
42437339,2024-12-16,40.724584,-73.987502,4,1,6.0,25.0,1,0,0.0,0.0,0.0,0.0,0.0,13,-0.1416105093871293,0.9899224533422392,3.407142857142857,26.6,65.35119047619048,30.0,1023.2791666666666,traffic_signals,primary
42437343,2024-12-16,40.7236472,-73.9852818,4,1,3.0,20.0,1,0,0.0,0.0,0.0,0.0,0.0,14,-0.1416105093871293,0.9899224533422392,3.407142857142857,26.6,65.35119047619048,30.0,1023.2791666666666,traffic_signals,secondary
42437346,2024-12-16,40.722671,-73.982964,4,1,2.0,20.0,1,0,0.0,0.0,0.0,0.0,0.0,51,-0.1416105093871293,0.9899224533422392,3.407142857142857,26.6,65.35119047619048,30.0,1023.2791666666666,traffic_signals,tertiary
42437349,2024-12-16,40.721677,-73.9806046,4,1,2.0,20.0,1,0,0.0,0.0,0.0,0.0,0.0,9,-0.1416105093871293,0.9899224533422392,3.407142857142857,26.6,65.35119047619048,30.0,1023.2791666666666,traffic_signals,secondary
42437354,2024-12-16,40.720674,-73.978231,3,1,3.0,20.0,1,0,1.0,2.0,0.0,0.0,0.0,2,-0.1416105093871293,0.9899224533422392,3.407142857142857,26.6,65.35119047619048,30.0,1023.2791666666666,traffic_signals,tertiary
42437358,2024-12-16,40.7534805,-73.9808792,4,1,5.0,25.0,1,1,1.0,3.0,0.0,0.0,0.0,0,-0.1416105093871293,0.9899224533422392,3.407142857142857,26.6,65.35119047619048,30.0,1023.2791666666666,traffic_signals,primary
42437363,2024-12-16,40.7560361,-73.9869489,4,1,4.0,25.0,1,0,1.0,3.0,1.0,2.0,0.0,3,-0.1416105093871293,0.9899224533422392,3.407142857142857,26.6,65.35119047619048,30.0,1023.2791666666666,traffic_signals,primary
42437368,2024-12-16,40.7584326,-73.9926458,4,1,5.0,25.0,1,2,3.0,3.0,3.0,2.0,1.0,0,-0.1416105093871293,0.9899224533422392,3.407142857142857,26.6,65.35119047619048,30.0,1023.2791666666666,traffic_signals,primary
42437371,2024-12-16,40.7596264,-73.9954726,4,1,5.0,25.0,1,0,1.0,6.0,2.0,2.0,0.0,1,-0.1416105093871293,0.9899224533422392,3.407142857142857,26.6,65.35119047619048,30.0,1023.2791666666666,traffic_signals,primary
42437379,2024-12-16,40.7620659,-74.0013362,3,1,5.0,30.0,1,0,0.0,0.0,0.0,0.0,0.0,51,-0.1416105093871293,0.9899224533422392,3.407142857142857,26.6,65.35119047619048,30.0,1023.2791666666666,traffic_signals,trunk
42437384,2024-12-16,40.7767307,-73.9793024,4,1,4.0,25.0,1,0,0.0,1.0,0.0,0.0,0.0,4,-0.1416105093871293,0.9899224533422392,3.407142857142857,26.6,65.35119047619048,30.0,1023.2791666666666,traffic_signals,primary
42437401,2024-12-16,40.7100903,-74.0163736,4,1,3.0,20.0,0,0,1.0,1.0,1.0,1.0,0.0,2,-0.1416105093871293,0.9899224533422392,3.407142857142857,26.6,65.35119047619048,30.0,1023.2791666666666,traffic_signals,residential
42437410,2024-12-16,40.7103644,-74.0175611,3,0,2.0,20.0,1,0,0.0,0.0,0.0,0.0,0.0,51,-0.1416105093871293,0.9899224533422392,3.407142857142857,26.6,65.35119047619048,30.0,1023.2791666666666,missing,residential
42437423,2024-12-16,40.7692758,-73.9693618,3,1,3.0,25.0,1,0,0.0,0.0,0.0,0.0,0.0,19,-0.1416105093871293,0.9899224533422392,3.407142857142857,26.6,65.35119047619048,30.0,1023.2791666666666,traffic_signals,secondary
42437425,2024-12-16,40.7686004,-73.9677557,4,1,4.0,25.0,1,0,0.0,0.0,0.0,0.0,0.0,51,-0.1416105093871293,0.9899224533422392,3.407142857142857,26.6,65.35119047619048,30.0,1023.2791666666666,traffic_signals,secondary
42437428,2024-12-16,40.7678888,-73.9660657,4,0,3.0,25.0,1,0,0.0,0.0,0.0,0.0,0.0,35,-0.1416105093871293,0.9899224533422392,3.407142857142857,26.6,65.35119047619048,30.0,1023.2791666666666,missing,primary
42437433,2024-12-16,40.7672413,-73.9645312,4,1,3.0,25.0,1,0,1.0,1.0,0.0,0.0,0.0,3,-0.1416105093871293,0.9899224533422392,3.407142857142857,26.6,65.35119047619048,30.0,1023.2791666666666,traffic_signals,secondary
42437436,2024-12-16,40.7665573,-73.9629303,4,1,4.0,25.0,1,0,0.0,0.0,0.0,0.0,0.0,51,-0.1416105093871293,0.9899224533422392,3.407142857142857,26.6,65.35119047619048,30.0,1023.2791666666666,traffic_signals,primary
42437445,2024-12-16,40.765616,-73.9606894,4,1,3.0,25.0,1,0,0.0,0.0,0.0,0.0,0.0,34,-0.1416105093871293,0.9899224533422392,3.407142857142857,26.6,65.35119047619048,30.0,1023.2791666666666,traffic_signals,primary
42437451,2024-12-16,40.7646145,-73.9583002,4,1,5.0,25.0,1,0,0.0,1.0,0.0,0.0,0.0,4,-0.1416105093871293,0.9899224533422392,3.407142857142857,26.6,65.35119047619048,30.0,1023.2791666666666,traffic_signals,primary
42437481,2024-12-16,40.7109437,-73.9919892,4,1,2.0,20.0,1,0,0.0,0.0,0.0,0.0,0.0,38,-0.1416105093871293,0.9899224533422392,3.407142857142857,26.6,65.35119047619048,30.0,1023.2791666666666,traffic_signals,primary
42437503,2024-12-16,40.7115328,-73.9867498,4,0,1.0,25.0,1,0,0.0,0.0,0.0,0.0,0.0,29,-0.1416105093871293,0.9899224533422392,3.407142857142857,26.6,65.35119047619048,30.0,1023.2791666666666,stop,residential
42437505,2024-12-16,40.711712,-73.9848136,3,1,1.0,25.0,1,0,0.0,0.0,0.0,0.0,0.0,51,-0.1416105093871293,0.9899224533422392,3.407142857142857,26.6,65.35119047619048,30.0,1023.2791666666666,traffic_signals,secondary
42437529,2024-12-16,40.7373284,-73.9853903,3,0,1.0,25.0,1,0,0.0,0.0,0.0,0.0,0.0,19,-0.1416105093871293,0.9899224533422392,3.407142857142857,26.6,65.35119047619048,30.0,1023.2791666666666,missing,residential
42437530,2024-12-16,40.7379279,-73.9849582,3,0,1.0,25.0,1,0,0.0,0.0,0.0,0.0,0.0,50,-0.1416105093871293,0.9899224533422392,3.407142857142857,26.6,65.35119047619048,30.0,1023.2791666666666,missing,residential
42437536,2024-12-16,40.7051688,-74.0099816,5,0,1.0,20.0,1,0,1.0,1.0,1.0,1.0,0.0,2,-0.1416105093871293,0.9899224533422392,3.407142857142857,26.6,65.35119047619048,30.0,1023.2791666666666,stop,residential
42437564,2024-12-16,40.7150259,-73.9967631,3,0,3.0,20.0,1,0,0.0,0.0,0.0,0.0,0.0,13,-0.1416105093871293,0.9899224533422392,3.407142857142857,26.6,65.35119047619048,30.0,1023.2791666666666,missing,primary
42437580,2024-12-16,40.7172902,-73.9954393,4,0,6.0,25.0,1,0,0.0,0.0,0.0,0.0,0.0,17,-0.1416105093871293,0.9899224533422392,3.407142857142857,26.6,65.35119047619048,30.0,1023.2791666666666,missing,primary
42437589,2024-12-16,40.7184777,-73.994808,4,0,6.0,25.0,1,0,0.0,0.0,0.0,0.0,0.0,16,-0.1416105093871293,0.9899224533422392,3.407142857142857,26.6,65.35119047619048,30.0,1023.2791666666666,missing,primary
42437605,2024-12-16,40.7209753,-73.9938646,4,0,3.0,25.0,1,0,0.0,0.0,0.0,0.0,0.0,51,-0.1416105093871293,0.9899224533422392,3.407142857142857,26.6,65.35119047619048,30.0,1023.2791666666666,missing,primary
42437608,2024-12-16,40.7223827,-73.9933264,4,0,3.0,25.0,1,0,0.0,0.0,0.0,0.0,0.0,51,-0.1416105093871293,0.9899224533422392,3.407142857142857,26.6,65.35119047619048,30.0,1023.2791666666666,missing,primary
42437612,2024-12-16,40.7242341,-73.9926455,4,0,3.0,25.0,1,0,0.0,0.0,0.0,0.0,0.0,51,-0.1416105093871293,0.9899224533422392,3.407142857142857,26.6,65.35119047619048,30.0,1023.2791666666666,missing,primary
42437613,2024-12-16,40.7249108,-73.992399,3,0,3.0,25.0,1,0,0.0,0.0,0.0,0.0,0.0,51,-0.1416105093871293,0.9899224533422392,3.407142857142857,26.6,65.35119047619048,30.0,1023.2791666666666,missing,primary
42437618,2024-12-16,40.7256649,-73.9921182,4,0,2.0,25.0,1,0,0.0,0.0,0.0,0.0,0.0,51,-0.1416105093871293,0.9899224533422392,3.407142857142857,26.6,65.35119047619048,30.0,1023.2791666666666,missing,primary
42437644,2024-12-16,40.7484537,-73.9845455,4,1,5.0,25.0,1,1,2.0,2.0,2.0,0.0,0.0,0,-0.1416105093871293,0.9899224533422392,3.407142857142857,26.6,65.35119047619048,30.0,1023.2791666666666,traffic_signals,primary
42437654,2024-12-16,40.7510092,-73.9906121,4,1,4.0,25.0,1,0,1.0,2.0,0.0,0.0,0.0,2,-0.1416105093871293,0.9899224533422392,3.407142857142857,26.6,65.35119047619048,30.0,1023.2791666666666,traffic_signals,primary
42437663,2024-12-16,40.7534078,-73.9963175,4,1,5.0,25.0,1,0,0.0,0.0,0.0,0.0,0.0,11,-0.1416105093871293,0.9899224533422392,3.407142857142857,26.6,65.35119047619048,30.0,1023.2791666666666,traffic_signals,primary
42437670,2024-12-16,40.754591,-73.9991485,4,1,5.0,25.0,1,0,0.0,1.0,0.0,0.0,0.0,4,-0.1416105093871293,0.9899224533422392,3.407142857142857,26.6,65.35119047619048,30.0,1023.2791666666666,traffic_signals,primary
42437678,2024-12-16,40.7569758,-74.0048129,4,0,5.0,30.0,1,0,0.0,0.0,0.0,0.0,0.0,51,-0.1416105093871293,0.9899224533422392,3.407142857142857,26.6,65.35119047619048,30.0,1023.2791666666666,missing,trunk
42437686,2024-12-16,40.7459215,-73.9863915,4,1,,25.0,1,0,0.0,0.0,0.0,0.0,0.0,22,-0.1416105093871293,0.9899224533422392,3.407142857142857,26.6,65.35119047619048,30.0,1023.2791666666666,traffic_signals,secondary
42437688,2024-12-16,40.7509074,-73.9981555,4,1,4.0,25.0,1,0,0.0,1.0,0.0,0.0,1.0,6,-0.1416105093871293,0.9899224533422392,3.407142857142857,26.6,65.35119047619048,30.0,1023.2791666666666,traffic_signals,secondary
42437693,2024-12-16,40.7520747,-74.0009801,4,1,5.0,25.0,1,0,2.0,3.0,0.0,0.0,0.0,3,-0.1416105093871293,0.9899224533422392,3.407142857142857,26.6,65.35119047619048,30.0,1023.2791666666666,traffic_signals,primary
42437699,2024-12-16,40.7544661,-74.0066345,4,0,5.0,30.0,1,0,0.0,0.0,0.0,0.0,0.0,13,-0.1416105093871293,0.9899224533422392,3.407142857142857,26.6,65.35119047619048,30.0,1023.2791666666666,motorway_junction,trunk
42437749,2024-12-16,40.7117851,-73.9997076,4,1,4.0,20.0,1,0,0.0,0.0,0.0,0.0,0.0,14,-0.1416105093871293,0.9899224533422392,3.407142857142857,26.6,65.35119047619048,30.0,1023.2791666666666,traffic_signals,primary
42437753,2024-12-16,40.711879,-73.9986817,3,1,2.0,20.0,1,0,0.0,0.0,0.0,0.0,0.0,27,-0.1416105093871293,0.9899224533422392,3.407142857142857,26.6,65.35119047619048,30.0,1023.2791666666666,traffic_signals,secondary
42437755,2024-12-16,40.7123181,-73.9943532,4,1,2.0,20.0,1,0,0.0,0.0,0.0,0.0,0.0,11,-0.1416105093871293,0.9899224533422392,3.407142857142857,26.6,65.35119047619048,30.0,1023.2791666666666,traffic_signals,secondary
42437763,2024-12-16,40.7126536,-73.9900158,4,1,,20.0,1,0,0.0,0.0,0.0,0.0,0.0,40,-0.1416105093871293,0.9899224533422392,3.407142857142857,26.6,65.35119047619048,30.0,1023.2791666666666,traffic_signals,residential
42437768,2024-12-16,40.7127817,-73.9884924,3,1,,25.0,1,0,0.0,0.0,0.0,0.0,0.0,13,-0.1416105093871293,0.9899224533422392,3.407142857142857,26.6,65.35119047619048,30.0,1023.2791666666666,traffic_signals,residential
42437770,2024-12-16,40.7129093,-73.9869665,4,1,1.0,25.0,1,0,0.0,1.0,0.0,1.0,0.0,5,-0.1416105093871293,0.9899224533422392,3.407142857142857,26.6,65.35119047619048,30.0,1023.2791666666666,traffic_signals,residential
42437773,2024-12-16,40.7130809,-73.9850618,5,1,2.0,25.0,1,1,2.0,2.0,0.0,0.0,0.0,0,-0.1416105093871293,0.9899224533422392,3.407142857142857,26.6,65.35119047619048,30.0,1023.2791666666666,traffic_signals,secondary
42437786,2024-12-16,40.7138456,-73.979532,3,1,2.0,25.0,0,1,1.0,1.0,1.0,1.0,0.0,0,-0.1416105093871293,0.9899224533422392,3.407142857142857,26.6,65.35119047619048,30.0,1023.2791666666666,traffic_signals,primary
42437801,2024-12-16,40.8134646,-73.9393193,3,1,4.0,25.0,0,0,0.0,1.0,0.0,0.0,0.0,6,-0.1416105093871293,0.9899224533422392,3.407142857142857,26.6,65.35119047619048,30.0,1023.2791666666666,traffic_signals,tertiary
42437830,2024-12-16,40.7297709,-73.9747274,4,1,2.0,25.0,1,0,0.0,0.0,0.0,0.0,0.0,50,-0.1416105093871293,0.9899224533422392,3.407142857142857,26.6,65.35119047619048,30.0,1023.2791666666666,traffic_signals,secondary
42437834,2024-12-16,40.8756987,-73.911459,3,0,2.0,,1,0,0.0,0.0,0.0,0.0,0.0,51,-0.1416105093871293,0.9899224533422392,3.407142857142857,26.6,65.35119047619048,30.0,1023.2791666666666,missing,residential
42437835,2024-12-16,40.876272,-73.909447,3,0,,,1,0,0.0,0.0,0.0,0.0,0.0,51,-0.1416105093871293,0.9899224533422392,3.407142857142857,26.6,65.35119047619048,30.0,1023.2791666666666,missing,residential
42437841,2024-12-16,40.7778454,-73.9877555,3,0,,25.0,1,0,1.0,1.0,0.0,0.0,0.0,3,-0.1416105093871293,0.9899224533422392,3.407142857142857,26.6,65.35119047619048,30.0,1023.2791666666666,missing,residential
42437845,2024-12-16,40.7781959,-73.98858,3,0,2.0,25.0,1,0,0.0,0.0,0.0,0.0,0.0,27,-0.1416105093871293,0.9899224533422392,3.407142857142857,26.6,65.35119047619048,30.0,1023.2791666666666,missing,residential
42437881,2024-12-16,40.7415506,-73.9895966,4,1,6.0,25.0,1,0,0.0,0.0,0.0,0.0,0.0,29,-0.1416105093871293,0.9899224533422392,3.407142857142857,26.6,65.35119047619048,30.0,1023.2791666666666,traffic_signals,secondary
42437890,2024-12-16,40.7441065,-73.9956382,4,1,5.0,25.0,1,0,1.0,3.0,0.0,0.0,0.0,1,-0.1416105093871293,0.9899224533422392,3.407142857142857,26.6,65.35119047619048,30.0,1023.2791666666666,traffic_signals,secondary
42437909,2024-12-16,40.7465212,-74.0013497,4,1,5.0,25.0,1,0,0.0,0.0,0.0,0.0,0.0,8,-0.1416105093871293,0.9899224533422392,3.407142857142857,26.6,65.35119047619048,30.0,1023.2791666666666,traffic_signals,secondary
42437914,2024-12-16,40.7477028,-74.0041638,4,1,5.0,25.0,1,0,0.0,1.0,0.0,0.0,0.0,4,-0.1416105093871293,0.9899224533422392,3.407142857142857,26.6,65.35119047619048,30.0,1023.2791666666666,traffic_signals,primary
42437916,2024-12-16,40.7979763,-73.96197,4,0,2.0,25.0,1,0,0.0,0.0,0.0,0.0,0.0,13,-0.1416105093871293,0.9899224533422392,3.407142857142857,26.6,65.35119047619048,30.0,1023.2791666666666,missing,residential
42437917,2024-12-16,40.7985681,-73.9633705,4,1,3.0,25.0,1,0,1.0,1.0,1.0,1.0,0.0,2,-0.1416105093871293,0.9899224533422392,3.407142857142857,26.6,65.35119047619048,30.0,1023.2791666666666,traffic_signals,primary
42437918,2024-12-16,40.7997657,-73.9662021,4,1,3.0,25.0,1,0,0.0,0.0,0.0,0.0,0.0,44,-0.1416105093871293,0.9899224533422392,3.407142857142857,26.6,65.35119047619048,30.0,1023.2791666666666,traffic_signals,primary
42437920,2024-12-16,40.80159,-73.970545,3,0,1.0,25.0,1,0,0.0,0.0,0.0,0.0,0.0,51,-0.1416105093871293,0.9899224533422392,3.407142857142857,26.6,65.35119047619048,30.0,1023.2791666666666,missing,residential
42437921,2024-12-16,40.8653705,-73.9243885,4,1,,,0,0,0.0,0.0,0.0,0.0,0.0,51,-0.1416105093871293,0.9899224533422392,3.407142857142857,26.6,65.35119047619048,30.0,1023.2791666666666,traffic_signals,tertiary
42437923,2024-12-16,40.8660653,-73.9224988,4,1,,,0,1,1.0,1.0,0.0,0.0,0.0,0,-0.1416105093871293,0.9899224533422392,3.407142857142857,26.6,65.35119047619048,30.0,1023.2791666666666,traffic_signals,tertiary
42437925,2024-12-16,40.867275,-73.919215,4,0,,,0,0,0.0,0.0,0.0,0.0,0.0,20,-0.1416105093871293,0.9899224533422392,3.407142857142857,26.6,65.35119047619048,30.0,1023.2791666666666,stop,tertiary
42437926,2024-12-16,40.867584,-73.918414,3,0,,,1,0,0.0,0.0,0.0,0.0,0.0,42,-0.1416105093871293,0.9899224533422392,3.407142857142857,26.6,65.35119047619048,30.0,1023.2791666666666,missing,tertiary
42437929,2024-12-16,40.8120554,-73.9359818,4,1,1.0,25.0,1,0,0.0,0.0,0.0,0.0,0.0,51,-0.1416105093871293,0.9899224533422392,3.407142857142857,26.6,65.35119047619048,30.0,1023.2791666666666,traffic_signals,secondary
42437942,2024-12-16,40.854976,-73.927781,3,0,2.0,20.0,1,0,0.0,0.0,0.0,0.0,0.0,31,-0.1416105093871293,0.9899224533422392,3.407142857142857,26.6,65.35119047619048,30.0,1023.2791666666666,missing,tertiary
42437944,2024-12-16,40.856077,-73.9304068,3,0,2.0,25.0,1,0,0.0,0.0,0.0,0.0,0.0,51,-0.1416105093871293,0.9899224533422392,3.407142857142857,26.6,65.35119047619048,30.0,1023.2791666666666,missing,tertiary
42437949,2024-12-16,40.7322611,-73.9963683,4,0,2.0,25.0,1,0,0.0,0.0,0.0,0.0,0.0,16,-0.1416105093871293,0.9899224533422392,3.407142857142857,26.6,65.35119047619048,30.0,1023.2791666666666,missing,secondary
42437951,2024-12-16,40.7329485,-73.9980019,3,0,1.0,25.0,1,0,0.0,0.0,0.0,0.0,0.0,44,-0.1416105093871293,0.9899224533422392,3.407142857142857,26.6,65.35119047619048,30.0,1023.2791666666666,missing,secondary
42437962,2024-12-16,40.717351,-73.9911718,4,1,2.0,25.0,1,0,0.0,1.0,0.0,0.0,1.0,6,-0.1416105093871293,0.9899224533422392,3.407142857142857,26.6,65.35119047619048,30.0,1023.2791666666666,traffic_signals,primary
42437965,2024-12-16,40.7161764,-73.991792,3,1,2.0,25.0,1,0,0.0,1.0,0.0,0.0,1.0,4,-0.1416105093871293,0.9899224533422392,3.407142857142857,26.6,65.35119047619048,30.0,1023.2791666666666,traffic_signals,primary
42437967,2024-12-16,40.7150484,-73.9923757,4,1,2.0,25.0,1,0,0.0,0.0,0.0,0.0,0.0,25,-0.1416105093871293,0.9899224533422392,3.407142857142857,26.6,65.35119047619048,30.0,1023.2791666666666,traffic_signals,primary
42437988,2024-12-16,40.7143535,-73.9930343,4,0,,20.0,1,0,0.0,0.0,0.0,0.0,0.0,30,-0.1416105093871293,0.9899224533422392,3.407142857142857,26.6,65.35119047619048,30.0,1023.2791666666666,missing,secondary
42437990,2024-12-16,40.7151254,-73.9926355,4,1,2.0,25.0,1,0,0.0,0.0,0.0,0.0,0.0,51,-0.1416105093871293,0.9899224533422392,3.407142857142857,26.6,65.35119047619048,30.0,1023.2791666666666,traffic_signals,primary
42437996,2024-12-16,40.7174356,-73.991452,4,1,2.0,25.0,1,0,0.0,0.0,0.0,0.0,0.0,51,-0.1416105093871293,0.9899224533422392,3.407142857142857,26.6,65.35119047619048,30.0,1023.2791666666666,traffic_signals,primary
42438018,2024-12-16,40.8289841,-73.9389595,3,1,,25.0,1,0,0.0,0.0,0.0,0.0,0.0,8,-0.1416105093871293,0.9899224533422392,3.407142857142857,26.6,65.35119047619048,30.0,1023.2791666666666,traffic_signals,tertiary
42438024,2024-12-16,40.8308881,-73.9434627,3,1,,,1,0,0.0,0.0,0.0,0.0,0.0,13,-0.1416105093871293,0.9899224533422392,3.407142857142857,26.6,65.35119047619048,30.0,1023.2791666666666,traffic_signals,secondary
42438034,2024-12-16,40.7153613,-73.9977158,3,0,1.0,20.0,1,0,0.0,0.0,0.0,0.0,0.0,9,-0.1416105093871293,0.9899224533422392,3.407142857142857,26.6,65.35119047619048,30.0,1023.2791666666666,missing,residential
42438043,2024-12-16,40.7877988,-73.9712361,4,1,4.0,25.0,1,0,0.0,0.0,0.0,0.0,0.0,15,-0.1416105093871293,0.9899224533422392,3.407142857142857,26.6,65.35119047619048,30.0,1023.2791666666666,traffic_signals,primary
42438045,2024-12-16,40.7889871,-73.9740595,4,1,3.0,25.0,1,0,0.0,0.0,0.0,0.0,0.0,26,-0.1416105093871293,0.9899224533422392,3.407142857142857,26.6,65.35119047619048,30.0,1023.2791666666666,traffic_signals,primary
42438052,2024-12-16,40.7912444,-73.9794014,3,1,,,1,0,0.0,0.0,0.0,0.0,0.0,41,-0.1416105093871293,0.9899224533422392,3.407142857142857,26.6,65.35119047619048,30.0,1023.2791666666666,traffic_signals,secondary
42438060,2024-12-16,40.7228729,-74.0104496,4,0,1.0,20.0,1,0,0.0,0.0,0.0,0.0,0.0,51,-0.1416105093871293,0.9899224533422392,3.407142857142857,26.6,65.35119047619048,30.0,1023.2791666666666,missing,residential
42438066,2024-12-16,40.8170071,-73.9594934,3,1,5.0,25.0,1,0,0.0,0.0,0.0,0.0,0.0,8,-0.1416105093871293,0.9899224533422392,3.407142857142857,26.6,65.35119047619048,30.0,1023.2791666666666,traffic_signals,secondary
42438084,2024-12-16,40.8002752,-73.9322842,3,0,5.0,25.0,1,0,0.0,2.0,0.0,0.0,0.0,4,-0.1416105093871293,0.9899224533422392,3.407142857142857,26.6,65.35119047619048,30.0,1023.2791666666666,missing,primary
42438090,2024-12-16,40.8004726,-73.9314544,3,0,2.0,25.0,1,0,0.0,0.0,0.0,0.0,0.0,51,-0.1416105093871293,0.9899224533422392,3.407142857142857,26.6,65.35119047619048,30.0,1023.2791666666666,missing,residential
42438153,2024-12-16,40.8006925,-73.9319786,3,1,5.0,25.0,1,0,0.0,0.0,0.0,0.0,0.0,51,-0.1416105093871293,0.9899224533422392,3.407142857142857,26.6,65.35119047619048,30.0,1023.2791666666666,traffic_signals,primary
42438155,2024-12-16,40.7103692,-74.0112079,3,1,3.0,20.0,1,0,0.0,1.0,0.0,1.0,0.0,5,-0.1416105093871293,0.9899224533422392,3.407142857142857,26.6,65.35119047619048,30.0,1023.2791666666666,traffic_signals,secondary
42438160,2024-12-16,40.8518322,-73.9418422,3,0,2.0,25.0,1,0,0.0,0.0,0.0,0.0,0.0,51,-0.1416105093871293,0.9899224533422392,3.407142857142857,26.6,65.35119047619048,30.0,1023.2791666666666,missing,secondary
42438173,2024-12-16,40.7385416,-73.9864141,3,0,1.0,25.0,1,0,0.0,0.0,0.0,0.0,0.0,37,-0.1416105093871293,0.9899224533422392,3.407142857142857,26.6,65.35119047619048,30.0,1023.2791666666666,missing,residential
42438174,2024-12-16,40.7382279,-73.9856739,3,0,1.0,25.0,1,1,1.0,1.0,0.0,0.0,0.0,0,-0.1416105093871293,0.9899224533422392,3.407142857142857,26.6,65.35119047619048,30.0,1023.2791666666666,missing,residential
42438186,2024-12-16,40.8493157,-73.9300173,3,1,4.0,,0,0,2.0,2.0,1.0,1.0,0.0,1,-0.1416105093871293,0.9899224533422392,3.407142857142857,26.6,65.35119047619048,30.0,1023.2791666666666,traffic_signals,secondary
42438189,2024-12-16,40.849921,-73.931472,4,1,2.0,20.0,0,0,0.0,0.0,0.0,0.0,0.0,27,-0.1416105093871293,0.9899224533422392,3.407142857142857,26.6,65.35119047619048,30.0,1023.2791666666666,traffic_signals,tertiary
42438199,2024-12-16,40.851021,-73.934098,4,1,2.0,25.0,0,0,0.0,1.0,0.0,1.0,0.0,4,-0.1416105093871293,0.9899224533422392,3.407142857142857,26.6,65.35119047619048,30.0,1023.2791666666666,traffic_signals,tertiary
42438218,2024-12-16,40.8523456,-73.9387617,4,0,1.0,20.0,1,0,0.0,1.0,0.0,1.0,0.0,6,-0.1416105093871293,0.9899224533422392,3.407142857142857,26.6,65.35119047619048,30.0,1023.2791666666666,missing,residential
42438228,2024-12-16,40.8187841,-73.9598117,3,1,5.0,25.0,1,0,0.0,0.0,0.0,0.0,0.0,51,-0.1416105093871293,0.9899224533422392,3.407142857142857,26.6,65.35119047619048,30.0,1023.2791666666666,traffic_signals,residential
42438235,2024-12-16,40.8102066,-73.9394953,4,1,2.0,25.0,1,0,0.0,0.0,0.0,0.0,0.0,14,-0.1416105093871293,0.9899224533422392,3.407142857142857,26.6,65.35119047619048,30.0,1023.2791666666666,traffic_signals,secondary
42438236,2024-12-16,40.8115326,-73.9426361,4,1,2.0,25.0,1,0,1.0,1.0,0.0,0.0,0.0,1,-0.1416105093871293,0.9899224533422392,3.407142857142857,26.6,65.35119047619048,30.0,1023.2791666666666,traffic_signals,secondary
42438240,2024-12-16,40.8127932,-73.9456451,4,1,2.0,25.0,1,0,0.0,0.0,0.0,0.0,0.0,14,-0.1416105093871293,0.9899224533422392,3.407142857142857,26.6,65.35119047619048,30.0,1023.2791666666666,traffic_signals,primary
42438246,2024-12-16,40.8158605,-73.9528655,3,1,,,1,0,1.0,3.0,0.0,0.0,0.0,1,-0.1416105093871293,0.9899224533422392,3.407142857142857,26.6,65.35119047619048,30.0,1023.2791666666666,traffic_signals,tertiary
42438247,2024-12-16,40.8163558,-73.9540766,3,1,,,1,0,1.0,1.0,0.0,0.0,0.0,1,-0.1416105093871293,0.9899224533422392,3.407142857142857,26.6,65.35119047619048,30.0,1023.2791666666666,traffic_signals,secondary
42438255,2024-12-16,40.833278,-73.939155,3,0,2.0,,1,1,1.0,1.0,0.0,0.0,0.0,0,-0.1416105093871293,0.9899224533422392,3.407142857142857,26.6,65.35119047619048,30.0,1023.2791666666666,missing,tertiary
42438257,2024-12-16,40.8341102,-73.941109,4,1,,,1,1,1.0,1.0,0.0,0.0,0.0,0,-0.1416105093871293,0.9899224533422392,3.407142857142857,26.6,65.35119047619048,30.0,1023.2791666666666,traffic_signals,secondary
42438271,2024-12-16,40.8177958,-73.9359497,3,0,,,1,0,2.0,2.0,0.0,0.0,0.0,1,-0.1416105093871293,0.9899224533422392,3.407142857142857,26.6,65.35119047619048,30.0,1023.2791666666666,missing,residential
42438275,2024-12-16,40.8185482,-73.9377219,4,1,2.0,,1,0,1.0,1.0,0.0,0.0,0.0,3,-0.1416105093871293,0.9899224533422392,3.407142857142857,26.6,65.35119047619048,30.0,1023.2791666666666,traffic_signals,secondary
42438281,2024-12-16,40.819759,-73.9405581,4,1,2.0,25.0,1,0,0.0,0.0,0.0,0.0,0.0,10,-0.1416105093871293,0.9899224533422392,3.407142857142857,26.6,65.35119047619048,30.0,1023.2791666666666,traffic_signals,primary
42438288,2024-12-16,40.8214604,-73.9446041,4,0,,,1,0,0.0,1.0,0.0,1.0,0.0,4,-0.1416105093871293,0.9899224533422392,3.407142857142857,26.6,65.35119047619048,30.0,1023.2791666666666,missing,tertiary
42438291,2024-12-16,40.8227363,-73.9476376,3,1,,,1,0,0.0,0.0,0.0,0.0,0.0,9,-0.1416105093871293,0.9899224533422392,3.407142857142857,26.6,65.35119047619048,30.0,1023.2791666666666,traffic_signals,tertiary
42438292,2024-12-16,40.8233158,-73.9489935,4,1,,,1,0,0.0,1.0,0.0,0.0,0.0,4,-0.1416105093871293,0.9899224533422392,3.407142857142857,26.6,65.35119047619048,30.0,1023.2791666666666,traffic_signals,secondary
42438295,2024-12-16,40.8236097,-73.9496898,4,1,,,1,0,0.0,0.0,0.0,0.0,0.0,8,-0.1416105093871293,0.9899224533422392,3.407142857142857,26.6,65.35119047619048,30.0,1023.2791666666666,traffic_signals,residential
42438300,2024-12-16,40.7768348,-73.9891559,3,0,4.0,25.0,0,0,0.0,0.0,0.0,0.0,0.0,26,-0.1416105093871293,0.9899224533422392,3.407142857142857,26.6,65.35119047619048,30.0,1023.2791666666666,stop,residential
42438301,2024-12-16,40.7774787,-73.9888384,3,0,2.0,25.0,0,0,0.0,0.0,0.0,0.0,0.0,51,-0.1416105093871293,0.9899224533422392,3.407142857142857,26.6,65.35119047619048,30.0,1023.2791666666666,missing,residential
42438306,2024-12-16,40.7795541,-73.9879995,3,0,2.0,25.0,0,0,0.0,0.0,0.0,0.0,0.0,51,-0.1416105093871293,0.9899224533422392,3.407142857142857,26.6,65.35119047619048,30.0,1023.2791666666666,stop,residential
42438362,2024-12-16,40.7330899,-73.9753702,3,0,2.0,25.0,0,0,0.0,1.0,0.0,0.0,0.0,7,-0.1416105093871293,0.9899224533422392,3.407142857142857,26.6,65.35119047619048,30.0,1023.2791666666666,missing,tertiary
42438471,2024-12-16,40.7083786,-74.0004937,3,0,1.0,25.0,1,0,0.0,0.0,0.0,0.0,0.0,51,-0.1416105093871293,0.9899224533422392,3.407142857142857,26.6,65.35119047619048,30.0,1023.2791666666666,missing,secondary
42438476,2024-12-16,40.7078803,-74.0001149,3,1,1.0,20.0,1,0,0.0,0.0,0.0,0.0,0.0,51,-0.1416105093871293,0.9899224533422392,3.407142857142857,26.6,65.35119047619048,30.0,1023.2791666666666,traffic_signals,primary
42438485,2024-12-16,40.7776743,-73.9632228,3,1,3.0,25.0,1,0,0.0,0.0,0.0,0.0,0.0,12,-0.1416105093871293,0.9899224533422392,3.407142857142857,26.6,65.35119047619048,30.0,1023.2791666666666,traffic_signals,secondary
42438487,2024-12-16,40.7770011,-73.9616294,4,1,3.0,25.0,1,0,0.0,0.0,0.0,0.0,0.0,26,-0.1416105093871293,0.9899224533422392,3.407142857142857,26.6,65.35119047619048,30.0,1023.2791666666666,traffic_signals,secondary
42438490,2024-12-16,40.776291,-73.9599345,4,1,3.0,25.0,1,0,0.0,0.0,0.0,0.0,0.0,51,-0.1416105093871293,0.9899224533422392,3.407142857142857,26.6,65.35119047619048,30.0,1023.2791666666666,traffic_signals,primary
42438498,2024-12-16,40.775645,-73.9583993,4,1,3.0,25.0,1,0,0.0,0.0,0.0,0.0,0.0,51,-0.1416105093871293,0.9899224533422392,3.407142857142857,26.6,65.35119047619048,30.0,1023.2791666666666,traffic_signals,secondary
42438503,2024-12-16,40.7749679,-73.9567951,4,1,4.0,25.0,1,0,0.0,0.0,0.0,0.0,0.0,11,-0.1416105093871293,0.9899224533422392,3.407142857142857,26.6,65.35119047619048,30.0,1023.2791666666666,traffic_signals,primary
42438506,2024-12-16,40.7740206,-73.9545699,4,1,5.0,25.0,1,0,0.0,0.0,0.0,0.0,0.0,18,-0.1416105093871293,0.9899224533422392,3.407142857142857,26.6,65.35119047619048,30.0,1023.2791666666666,traffic_signals,primary
42438509,2024-12-16,40.7730268,-73.9521805,4,1,5.0,25.0,1,0,0.0,0.0,0.0,0.0,0.0,18,-0.1416105093871293,0.9899224533422392,3.407142857142857,26.6,65.35119047619048,30.0,1023.2791666666666,traffic_signals,primary
42438513,2024-12-16,40.7710722,-73.9475897,4,1,4.0,,1,0,0.0,0.0,0.0,0.0,0.0,32,-0.1416105093871293,0.9899224533422392,3.407142857142857,26.6,65.35119047619048,30.0,1023.2791666666666,traffic_signals,residential
42438529,2024-12-16,40.7112329,-73.9848266,3,0,1.0,25.0,1,0,0.0,0.0,0.0,0.0,0.0,51,-0.1416105093871293,0.9899224533422392,3.407142857142857,26.6,65.35119047619048,30.0,1023.2791666666666,missing,secondary
42438531,2024-12-16,40.7107237,-73.984704,5,1,2.0,25.0,1,0,0.0,0.0,0.0,0.0,0.0,8,-0.1416105093871293,0.9899224533422392,3.407142857142857,26.6,65.35119047619048,30.0,1023.2791666666666,traffic_signals,primary
42438544,2024-12-16,40.7446783,-73.9873007,4,1,,25.0,1,0,1.0,1.0,1.0,0.0,0.0,1,-0.1416105093871293,0.9899224533422392,3.407142857142857,26.6,65.35119047619048,30.0,1023.2791666666666,traffic_signals,secondary
42438547,2024-12-16,40.7472363,-73.9933621,4,1,4.0,25.0,1,0,0.0,1.0,0.0,0.0,1.0,4,-0.1416105093871293,0.9899224533422392,3.407142857142857,26.6,65.35119047619048,30.0,1023.2791666666666,traffic_signals,secondary
42438672,2024-12-16,40.7496585,-73.9990646,4,0,5.0,25.0,1,0,0.0,0.0,0.0,0.0,0.0,18,-0.1416105093871293,0.9899224533422392,3.407142857142857,26.6,65.35119047619048,30.0,1023.2791666666666,missing,secondary
42438674,2024-12-16,40.750828,-74.001882,4,1,5.0,25.0,1,0,0.0,0.0,0.0,0.0,0.0,12,-0.1416105093871293,0.9899224533422392,3.407142857142857,26.6,65.35119047619048,30.0,1023.2791666666666,traffic_signals,primary
42438684,2024-12-16,40.7531186,-74.0073044,3,0,4.0,30.0,1,0,0.0,0.0,0.0,0.0,0.0,22,-0.1416105093871293,0.9899224533422392,3.407142857142857,26.6,65.35119047619048,30.0,1023.2791666666666,missing,trunk
42438702,2024-12-16,40.8057381,-73.9427583,3,1,3.0,,1,1,1.0,1.0,0.0,0.0,0.0,0,-0.1416105093871293,0.9899224533422392,3.407142857142857,26.6,65.35119047619048,30.0,1023.2791666666666,traffic_signals,secondary
42438704,2024-12-16,40.8050631,-73.9411468,4,1,3.0,25.0,1,0,0.0,1.0,0.0,0.0,0.0,4,-0.1416105093871293,0.9899224533422392,3.407142857142857,26.6,65.35119047619048,30.0,1023.2791666666666,traffic_signals,secondary
42438707,2024-12-16,40.8043271,-73.9393933,4,1,1.0,25.0,1,0,0.0,0.0,0.0,0.0,0.0,13,-0.1416105093871293,0.9899224533422392,3.407142857142857,26.6,65.35119047619048,30.0,1023.2791666666666,traffic_signals,primary
42438772,2024-12-16,40.8037081,-73.9379207,4,1,2.0,25.0,1,0,0.0,1.0,0.0,0.0,0.0,5,-0.1416105093871293,0.9899224533422392,3.407142857142857,26.6,65.35119047619048,30.0,1023.2791666666666,traffic_signals,secondary
42438774,2024-12-16,40.8030279,-73.9363134,4,1,4.0,,1,0,0.0,0.0,0.0,0.0,0.0,9,-0.1416105093871293,0.9899224533422392,3.407142857142857,26.6,65.35119047619048,30.0,1023.2791666666666,traffic_signals,primary
42438779,2024-12-16,40.7210691,-74.0058479,3,0,1.0,20.0,1,0,0.0,0.0,0.0,0.0,0.0,51,-0.1416105093871293,0.9899224533422392,3.407142857142857,26.6,65.35119047619048,30.0,1023.2791666666666,missing,residential
42438781,2024-12-16,40.7217618,-74.0057305,3,0,2.0,20.0,1,0,0.0,0.0,0.0,0.0,0.0,51,-0.1416105093871293,0.9899224533422392,3.407142857142857,26.6,65.35119047619048,30.0,1023.2791666666666,missing,primary
42438784,2024-12-16,40.7352039,-73.9917243,3,1,3.0,25.0,1,0,1.0,1.0,0.0,0.0,0.0,2,-0.1416105093871293,0.9899224533422392,3.407142857142857,26.6,65.35119047619048,30.0,1023.2791666666666,traffic_signals,residential
42438788,2024-12-16,40.7731391,-73.9665333,3,1,3.0,25.0,1,0,0.0,0.0,0.0,0.0,0.0,13,-0.1416105093871293,0.9899224533422392,3.407142857142857,26.6,65.35119047619048,30.0,1023.2791666666666,traffic_signals,secondary
42438791,2024-12-16,40.7724629,-73.9649361,4,1,3.0,25.0,1,0,0.0,0.0,0.0,0.0,0.0,51,-0.1416105093871293,0.9899224533422392,3.407142857142857,26.6,65.35119047619048,30.0,1023.2791666666666,traffic_signals,secondary
42438795,2024-12-16,40.7717575,-73.963244,4,1,3.0,25.0,1,0,0.0,0.0,0.0,0.0,0.0,51,-0.1416105093871293,0.9899224533422392,3.407142857142857,26.6,65.35119047619048,30.0,1023.2791666666666,traffic_signals,primary
42438798,2024-12-16,40.7711121,-73.9617094,4,1,3.0,25.0,1,0,0.0,1.0,0.0,0.0,0.0,7,-0.1416105093871293,0.9899224533422392,3.407142857142857,26.6,65.35119047619048,30.0,1023.2791666666666,traffic_signals,secondary
42438800,2024-12-16,40.770434,-73.9601029,4,1,4.0,25.0,1,0,0.0,1.0,0.0,0.0,0.0,6,-0.1416105093871293,0.9899224533422392,3.407142857142857,26.6,65.35119047619048,30.0,1023.2791666666666,traffic_signals,primary
42438802,2024-12-16,40.7694904,-73.9578623,4,1,5.0,25.0,1,0,0.0,0.0,0.0,0.0,0.0,16,-0.1416105093871293,0.9899224533422392,3.407142857142857,26.6,65.35119047619048,30.0,1023.2791666666666,traffic_signals,primary
42438805,2024-12-16,40.7684851,-73.9555018,4,1,5.0,25.0,1,0,0.0,1.0,0.0,0.0,0.0,4,-0.1416105093871293,0.9899224533422392,3.407142857142857,26.6,65.35119047619048,30.0,1023.2791666666666,traffic_signals,primary
42438809,2024-12-16,40.766801,-73.9507038,3,0,3.0,40.0,1,0,0.0,0.0,0.0,0.0,0.0,51,-0.1416105093871293,0.9899224533422392,3.407142857142857,26.6,65.35119047619048,30.0,1023.2791666666666,motorway_junction,motorway
42438819,2024-12-16,40.7765109,-73.9883936,3,0,4.0,25.0,1,0,0.0,0.0,0.0,0.0,0.0,51,-0.1416105093871293,0.9899224533422392,3.407142857142857,26.6,65.35119047619048,30.0,1023.2791666666666,missing,residential
42438825,2024-12-16,40.7785248,-73.9874323,3,0,,25.0,1,0,0.0,0.0,0.0,0.0,0.0,51,-0.1416105093871293,0.9899224533422392,3.407142857142857,26.6,65.35119047619048,30.0,1023.2791666666666,missing,residential
42438832,2024-12-16,40.7791875,-73.9871067,3,0,2.0,25.0,1,0,0.0,0.0,0.0,0.0,0.0,51,-0.1416105093871293,0.9899224533422392,3.407142857142857,26.6,65.35119047619048,30.0,1023.2791666666666,missing,residential
42438836,2024-12-16,40.818932,-73.9522115,4,1,4.0,,0,0,0.0,0.0,0.0,0.0,0.0,8,-0.1416105093871293,0.9899224533422392,3.407142857142857,26.6,65.35119047619048,30.0,1023.2791666666666,traffic_signals,secondary
42438839,2024-12-16,40.8183904,-73.9508662,4,1,2.0,,0,0,0.0,0.0,0.0,0.0,0.0,21,-0.1416105093871293,0.9899224533422392,3.407142857142857,26.6,65.35119047619048,30.0,1023.2791666666666,traffic_signals,tertiary
42438849,2024-12-16,40.7379458,-73.9868475,3,0,1.0,25.0,1,0,0.0,0.0,0.0,0.0,0.0,32,-0.1416105093871293,0.9899224533422392,3.407142857142857,26.6,65.35119047619048,30.0,1023.2791666666666,missing,residential
42438859,2024-12-16,40.7806719,-73.9764438,4,1,4.0,25.0,1,0,1.0,1.0,0.0,0.0,0.0,2,-0.1416105093871293,0.9899224533422392,3.407142857142857,26.6,65.35119047619048,30.0,1023.2791666666666,traffic_signals,primary
42438862,2024-12-16,40.7818426,-73.979274,4,1,3.0,25.0,1,0,0.0,0.0,0.0,0.0,0.0,22,-0.1416105093871293,0.9899224533422392,3.407142857142857,26.6,65.35119047619048,30.0,1023.2791666666666,traffic_signals,primary
42438867,2024-12-16,40.7837916,-73.9838929,3,0,2.0,25.0,1,0,0.0,0.0,0.0,0.0,0.0,51,-0.1416105093871293,0.9899224533422392,3.407142857142857,26.6,65.35119047619048,30.0,1023.2791666666666,missing,secondary
42438881,2024-12-16,40.7572359,-73.9760484,4,1,4.0,25.0,1,0,0.0,0.0,0.0,0.0,0.0,51,-0.1416105093871293,0.9899224533422392,3.407142857142857,26.6,65.35119047619048,30.0,1023.2791666666666,traffic_signals,secondary
42438886,2024-12-16,40.756526,-73.974356,4,0,3.0,25.0,1,0,1.0,1.0,0.0,0.0,0.0,3,-0.1416105093871293,0.9899224533422392,3.407142857142857,26.6,65.35119047619048,30.0,1023.2791666666666,missing,primary
42438889,2024-12-16,40.75587,-73.97282,4,1,4.0,,1,1,2.0,2.0,1.0,1.0,0.0,0,-0.1416105093871293,0.9899224533422392,3.407142857142857,26.6,65.35119047619048,30.0,1023.2791666666666,traffic_signals,secondary
42438891,2024-12-16,40.7552045,-73.9712357,4,1,5.0,25.0,1,0,0.0,1.0,0.0,0.0,0.0,5,-0.1416105093871293,0.9899224533422392,3.407142857142857,26.6,65.35119047619048,30.0,1023.2791666666666,traffic_signals,primary
42438894,2024-12-16,40.754251,-73.968978,4,1,4.0,25.0,1,0,2.0,2.0,1.0,0.0,1.0,2,-0.1416105093871293,0.9899224533422392,3.407142857142857,26.6,65.35119047619048,30.0,1023.2791666666666,traffic_signals,primary
42438898,2024-12-16,40.75254,-73.9649161,3,0,2.0,30.0,1,0,0.0,0.0,0.0,0.0,0.0,51,-0.1416105093871293,0.9899224533422392,3.407142857142857,26.6,65.35119047619048,30.0,1023.2791666666666,missing,secondary
42438906,2024-12-16,40.8057865,-73.944805,3,0,,,1,0,0.0,0.0,0.0,0.0,0.0,22,-0.1416105093871293,0.9899224533422392,3.407142857142857,26.6,65.35119047619048,30.0,1023.2791666666666,missing,residential
42438908,2024-12-16,40.8064396,-73.9463669,4,1,2.0,,1,0,0.0,0.0,0.0,0.0,0.0,13,-0.1416105093871293,0.9899224533422392,3.407142857142857,26.6,65.35119047619048,30.0,1023.2791666666666,traffic_signals,secondary
42438913,2024-12-16,40.8077005,-73.9493541,4,1,3.0,25.0,1,0,0.0,0.0,0.0,0.0,0.0,17,-0.1416105093871293,0.9899224533422392,3.407142857142857,26.6,65.35119047619048,30.0,1023.2791666666666,traffic_signals,primary
42438920,2024-12-16,40.8094823,-73.9535786,4,1,1.0,25.0,1,0,0.0,0.0,0.0,0.0,0.0,28,-0.1416105093871293,0.9899224533422392,3.407142857142857,26.6,65.35119047619048,30.0,1023.2791666666666,traffic_signals,residential
42438923,2024-12-16,40.8100609,-73.9549689,4,1,3.0,,1,0,0.0,0.0,0.0,0.0,0.0,15,-0.1416105093871293,0.9899224533422392,3.407142857142857,26.6,65.35119047619048,30.0,1023.2791666666666,traffic_signals,residential
42438928,2024-12-16,40.8112717,-73.957805,4,1,,,1,0,0.0,1.0,0.0,0.0,1.0,7,-0.1416105093871293,0.9899224533422392,3.407142857142857,26.6,65.35119047619048,30.0,1023.2791666666666,traffic_signals,secondary
42438935,2024-12-16,40.8769697,-73.9100757,3,0,,,1,0,0.0,0.0,0.0,0.0,0.0,51,-0.1416105093871293,0.9899224533422392,3.407142857142857,26.6,65.35119047619048,30.0,1023.2791666666666,missing,residential
42438947,2024-12-16,40.7896807,-73.9500938,3,0,1.0,25.0,1,0,0.0,0.0,0.0,0.0,0.0,51,-0.1416105093871293,0.9899224533422392,3.407142857142857,26.6,65.35119047619048,30.0,1023.2791666666666,missing,primary
42438949,2024-12-16,40.789061,-73.9486102,4,1,2.0,25.0,1,0,0.0,0.0,0.0,0.0,0.0,9,-0.1416105093871293,0.9899224533422392,3.407142857142857,26.6,65.35119047619048,30.0,1023.2791666666666,traffic_signals,secondary
42438953,2024-12-16,40.7883857,-73.9469991,3,1,4.0,,1,0,0.0,0.0,0.0,0.0,0.0,11,-0.1416105093871293,0.9899224533422392,3.407142857142857,26.6,65.35119047619048,30.0,1023.2791666666666,traffic_signals,primary
42438961,2024-12-16,40.7910863,-73.9534411,3,1,2.0,25.0,1,0,0.0,0.0,0.0,0.0,0.0,9,-0.1416105093871293,0.9899224533422392,3.407142857142857,26.6,65.35119047619048,30.0,1023.2791666666666,traffic_signals,secondary
42438963,2024-12-16,40.7904162,-73.951839,3,1,5.0,25.0,1,1,1.0,2.0,1.0,1.0,0.0,0,-0.1416105093871293,0.9899224533422392,3.407142857142857,26.6,65.35119047619048,30.0,1023.2791666666666,traffic_signals,secondary
42438971,2024-12-16,40.7874477,-73.9447838,3,1,4.0,25.0,1,0,1.0,1.0,1.0,1.0,0.0,3,-0.1416105093871293,0.9899224533422392,3.407142857142857,26.6,65.35119047619048,30.0,1023.2791666666666,traffic_signals,primary
42438973,2024-12-16,40.786438,-73.942395,3,1,5.0,25.0,1,0,0.0,1.0,0.0,0.0,1.0,4,-0.1416105093871293,0.9899224533422392,3.407142857142857,26.6,65.35119047619048,30.0,1023.2791666666666,traffic_signals,primary
42438984,2024-12-16,40.8089618,-73.9403996,4,1,2.0,25.0,1,0,0.0,1.0,0.0,1.0,0.0,5,-0.1416105093871293,0.9899224533422392,3.407142857142857,26.6,65.35119047619048,30.0,1023.2791666666666,traffic_signals,secondary
42439001,2024-12-16,40.7294404,-73.9780286,4,1,3.0,25.0,1,0,1.0,1.0,0.0,0.0,0.0,2,-0.1416105093871293,0.9899224533422392,3.407142857142857,26.6,65.35119047619048,30.0,1023.2791666666666,traffic_signals,secondary
42439006,2024-12-16,40.7304142,-73.9803596,4,1,2.0,25.0,1,0,1.0,1.0,1.0,0.0,0.0,1,-0.1416105093871293,0.9899224533422392,3.407142857142857,26.6,65.35119047619048,30.0,1023.2791666666666,traffic_signals,secondary
42439065,2024-12-16,40.8604936,-73.9212428,3,0,,,1,0,0.0,0.0,0.0,0.0,0.0,51,-0.1416105093871293,0.9899224533422392,3.407142857142857,26.6,65.35119047619048,30.0,1023.2791666666666,missing,residential
42439070,2024-12-16,40.7346805,-73.9946012,4,1,2.0,25.0,1,0,0.0,1.0,0.0,0.0,0.0,4,-0.1416105093871293,0.9899224533422392,3.407142857142857,26.6,65.35119047619048,30.0,1023.2791666666666,traffic_signals,secondary
42439073,2024-12-16,40.7372222,-74.0006278,4,1,4.0,25.0,1,0,1.0,1.0,1.0,1.0,0.0,3,-0.1416105093871293,0.9899224533422392,3.407142857142857,26.6,65.35119047619048,30.0,1023.2791666666666,traffic_signals,secondary
42439078,2024-12-16,40.737544,-74.0038645,4,0,1.0,20.0,1,0,0.0,0.0,0.0,0.0,0.0,51,-0.1416105093871293,0.9899224533422392,3.407142857142857,26.6,65.35119047619048,30.0,1023.2791666666666,stop,residential
42439096,2024-12-16,40.7375614,-74.0082235,4,0,1.0,25.0,1,0,0.0,0.0,0.0,0.0,0.0,47,-0.1416105093871293,0.9899224533422392,3.407142857142857,26.6,65.35119047619048,30.0,1023.2791666666666,missing,residential
42439099,2024-12-16,40.737567,-74.0098067,3,0,4.0,30.0,1,0,0.0,0.0,0.0,0.0,0.0,33,-0.1416105093871293,0.9899224533422392,3.407142857142857,26.6,65.35119047619048,30.0,1023.2791666666666,missing,trunk
42439164,2024-12-16,40.8760338,-73.913565,3,0,,,0,0,0.0,0.0,0.0,0.0,0.0,51,-0.1416105093871293,0.9899224533422392,3.407142857142857,26.6,65.35119047619048,30.0,1023.2791666666666,missing,residential
42439170,2024-12-16,40.7369675,-73.9845133,4,1,6.0,25.0,1,0,0.0,1.0,0.0,0.0,0.0,4,-0.1416105093871293,0.9899224533422392,3.407142857142857,26.6,65.35119047619048,30.0,1023.2791666666666,traffic_signals,primary
42439178,2024-12-16,40.7360238,-73.9822654,4,0,4.0,25.0,1,0,0.0,0.0,0.0,0.0,0.0,12,-0.1416105093871293,0.9899224533422392,3.407142857142857,26.6,65.35119047619048,30.0,1023.2791666666666,missing,primary
42439181,2024-12-16,40.7350119,-73.9798916,4,0,5.0,25.0,1,0,0.0,1.0,0.0,0.0,0.0,7,-0.1416105093871293,0.9899224533422392,3.407142857142857,26.6,65.35119047619048,30.0,1023.2791666666666,missing,primary
42439191,2024-12-16,40.7327384,-73.9744408,4,0,5.0,25.0,1,1,1.0,2.0,0.0,0.0,0.0,0,-0.1416105093871293,0.9899224533422392,3.407142857142857,26.6,65.35119047619048,30.0,1023.2791666666666,missing,primary
42439203,2024-12-16,40.7383031,-73.9876929,4,0,2.0,25.0,1,0,0.0,0.0,0.0,0.0,0.0,51,-0.1416105093871293,0.9899224533422392,3.407142857142857,26.6,65.35119047619048,30.0,1023.2791666666666,missing,primary
42439207,2024-12-16,40.7195928,-73.998086,4,1,1.0,25.0,1,1,1.0,1.0,0.0,0.0,0.0,0,-0.1416105093871293,0.9899224533422392,3.407142857142857,26.6,65.35119047619048,30.0,1023.2791666666666,traffic_signals,secondary
42439210,2024-12-16,40.8265704,-73.94482,4,1,1.0,,1,0,0.0,0.0,0.0,0.0,0.0,51,-0.1416105093871293,0.9899224533422392,3.407142857142857,26.6,65.35119047619048,30.0,1023.2791666666666,traffic_signals,tertiary
42439213,2024-12-16,40.8271519,-73.9461917,4,1,3.0,,1,0,1.0,1.0,0.0,0.0,0.0,3,-0.1416105093871293,0.9899224533422392,3.407142857142857,26.6,65.35119047619048,30.0,1023.2791666666666,traffic_signals,secondary
42439216,2024-12-16,40.8289475,-73.9504477,3,0,2.0,,1,0,0.0,0.0,0.0,0.0,0.0,51,-0.1416105093871293,0.9899224533422392,3.407142857142857,26.6,65.35119047619048,30.0,1023.2791666666666,missing,secondary
42439225,2024-12-16,40.8235986,-73.9377556,4,1,2.0,25.0,1,0,0.0,0.0,0.0,0.0,0.0,47,-0.1416105093871293,0.9899224533422392,3.407142857142857,26.6,65.35119047619048,30.0,1023.2791666666666,traffic_signals,primary
42439228,2024-12-16,40.8251715,-73.9415007,3,1,,,1,0,0.0,0.0,0.0,0.0,0.0,10,-0.1416105093871293,0.9899224533422392,3.407142857142857,26.6,65.35119047619048,30.0,1023.2791666666666,traffic_signals,tertiary
42439236,2024-12-16,40.7298564,-73.9913946,3,1,2.0,25.0,1,0,0.0,0.0,0.0,0.0,0.0,51,-0.1416105093871293,0.9899224533422392,3.407142857142857,26.6,65.35119047619048,30.0,1023.2791666666666,traffic_signals,secondary
42439249,2024-12-16,40.7298936,-73.9907402,4,0,2.0,25.0,1,1,2.0,3.0,0.0,0.0,1.0,0,-0.1416105093871293,0.9899224533422392,3.407142857142857,26.6,65.35119047619048,30.0,1023.2791666666666,missing,residential
42439272,2024-12-16,40.7379242,-73.9922478,4,1,3.0,25.0,1,1,1.0,1.0,0.0,0.0,0.0,0,-0.1416105093871293,0.9899224533422392,3.407142857142857,26.6,65.35119047619048,30.0,1023.2791666666666,traffic_signals,secondary
42439275,2024-12-16,40.74047,-73.998287,4,1,3.0,25.0,1,0,0.0,1.0,0.0,1.0,0.0,4,-0.1416105093871293,0.9899224533422392,3.407142857142857,26.6,65.35119047619048,30.0,1023.2791666666666,traffic_signals,secondary
42439280,2024-12-16,40.7428829,-74.0039992,4,1,1.0,25.0,1,0,0.0,1.0,0.0,0.0,0.0,4,-0.1416105093871293,0.9899224533422392,3.407142857142857,26.6,65.35119047619048,30.0,1023.2791666666666,traffic_signals,secondary
42439286,2024-12-16,40.744061,-74.006811,4,1,4.0,25.0,1,0,0.0,0.0,0.0,0.0,0.0,24,-0.1416105093871293,0.9899224533422392,3.407142857142857,26.6,65.35119047619048,30.0,1023.2791666666666,traffic_signals,primary
42439295,2024-12-16,40.7446911,-74.0082636,4,0,3.0,30.0,1,0,0.0,0.0,0.0,0.0,0.0,15,-0.1416105093871293,0.9899224533422392,3.407142857142857,26.6,65.35119047619048,30.0,1023.2791666666666,missing,trunk
42439323,2024-12-16,40.732664,-73.9816006,4,1,5.0,25.0,1,0,0.0,1.0,0.0,1.0,0.0,4,-0.1416105093871293,0.9899224533422392,3.407142857142857,26.6,65.35119047619048,30.0,1023.2791666666666,traffic_signals,primary
42439335,2024-12-16,40.7268704,-74.0031066,3,0,1.0,25.0,1,0,0.0,0.0,0.0,0.0,0.0,42,-0.1416105093871293,0.9899224533422392,3.407142857142857,26.6,65.35119047619048,30.0,1023.2791666666666,missing,residential
42439345,2024-12-16,40.727157,-74.005545,4,1,4.0,25.0,1,0,0.0,0.0,0.0,0.0,0.0,9,-0.1416105093871293,0.9899224533422392,3.407142857142857,26.6,65.35119047619048,30.0,1023.2791666666666,traffic_signals,primary
42439362,2024-12-16,40.839484,-73.93604,3,0,1.0,,1,0,0.0,0.0,0.0,0.0,0.0,51,-0.1416105093871293,0.9899224533422392,3.407142857142857,26.6,65.35119047619048,30.0,1023.2791666666666,missing,residential
42439371,2024-12-16,40.8103252,-73.953623,3,0,2.0,,1,0,0.0,0.0,0.0,0.0,0.0,9,-0.1416105093871293,0.9899224533422392,3.407142857142857,26.6,65.35119047619048,30.0,1023.2791666666666,missing,residential
42439389,2024-12-16,40.7789465,-73.9622984,3,1,3.0,25.0,1,0,0.0,0.0,0.0,0.0,0.0,8,-0.1416105093871293,0.9899224533422392,3.407142857142857,26.6,65.35119047619048,30.0,1023.2791666666666,traffic_signals,secondary
42439392,2024-12-16,40.7782718,-73.9607012,4,1,3.0,25.0,1,0,0.0,0.0,0.0,0.0,0.0,17,-0.1416105093871293,0.9899224533422392,3.407142857142857,26.6,65.35119047619048,30.0,1023.2791666666666,traffic_signals,secondary
42439395,2024-12-16,40.7775625,-73.9590065,4,1,3.0,25.0,1,0,0.0,0.0,0.0,0.0,0.0,39,-0.1416105093871293,0.9899224533422392,3.407142857142857,26.6,65.35119047619048,30.0,1023.2791666666666,traffic_signals,primary
42439399,2024-12-16,40.7769156,-73.9574742,4,1,3.0,25.0,1,0,0.0,0.0,0.0,0.0,0.0,14,-0.1416105093871293,0.9899224533422392,3.407142857142857,26.6,65.35119047619048,30.0,1023.2791666666666,traffic_signals,secondary
42439403,2024-12-16,40.776235,-73.9558695,4,1,4.0,25.0,1,0,1.0,1.0,0.0,0.0,0.0,1,-0.1416105093871293,0.9899224533422392,3.407142857142857,26.6,65.35119047619048,30.0,1023.2791666666666,traffic_signals,primary
42439406,2024-12-16,40.7752935,-73.9536366,4,1,5.0,25.0,1,0,0.0,1.0,0.0,0.0,0.0,4,-0.1416105093871293,0.9899224533422392,3.407142857142857,26.6,65.35119047619048,30.0,1023.2791666666666,traffic_signals,primary
42439409,2024-12-16,40.7742922,-73.9512608,4,1,5.0,25.0,1,0,0.0,0.0,0.0,0.0,0.0,9,-0.1416105093871293,0.9899224533422392,3.407142857142857,26.6,65.35119047619048,30.0,1023.2791666666666,traffic_signals,primary
42439416,2024-12-16,40.772351,-73.946656,4,1,,,1,0,0.0,0.0,0.0,0.0,0.0,23,-0.1416105093871293,0.9899224533422392,3.407142857142857,26.6,65.35119047619048,30.0,1023.2791666666666,traffic_signals,residential
42439432,2024-12-16,40.868251,-73.916139,3,0,2.0,,1,0,0.0,0.0,0.0,0.0,0.0,51,-0.1416105093871293,0.9899224533422392,3.407142857142857,26.6,65.35119047619048,30.0,1023.2791666666666,missing,primary
42439440,2024-12-16,40.749706,-73.991563,3,1,5.0,25.0,1,0,1.0,3.0,2.0,0.0,1.0,2,-0.1416105093871293,0.9899224533422392,3.407142857142857,26.6,65.35119047619048,30.0,1023.2791666666666,traffic_signals,secondary
42439464,2024-12-16,40.7748013,-73.9843888,4,1,3.0,25.0,1,0,0.0,0.0,0.0,0.0,0.0,14,-0.1416105093871293,0.9899224533422392,3.407142857142857,26.6,65.35119047619048,30.0,1023.2791666666666,traffic_signals,primary
42439485,2024-12-16,40.801971,-73.945508,4,1,2.0,,1,0,0.0,0.0,0.0,0.0,0.0,16,-0.1416105093871293,0.9899224533422392,3.407142857142857,26.6,65.35119047619048,30.0,1023.2791666666666,traffic_signals,secondary
42439486,2024-12-16,40.8012913,-73.9439003,4,1,5.0,25.0,1,1,1.0,1.0,2.0,0.0,0.0,0,-0.1416105093871293,0.9899224533422392,3.407142857142857,26.6,65.35119047619048,30.0,1023.2791666666666,traffic_signals,secondary
42439488,2024-12-16,40.8005608,-73.9421598,4,1,1.0,25.0,1,0,0.0,1.0,0.0,0.0,0.0,4,-0.1416105093871293,0.9899224533422392,3.407142857142857,26.6,65.35119047619048,30.0,1023.2791666666666,traffic_signals,primary
42439489,2024-12-16,40.7999397,-73.9406719,4,1,2.0,25.0,1,0,0.0,2.0,0.0,0.0,0.0,6,-0.1416105093871293,0.9899224533422392,3.407142857142857,26.6,65.35119047619048,30.0,1023.2791666666666,traffic_signals,secondary
42439490,2024-12-16,40.7992528,-73.9390621,4,1,4.0,,1,2,3.0,4.0,6.0,0.0,0.0,0,-0.1416105093871293,0.9899224533422392,3.407142857142857,26.6,65.35119047619048,30.0,1023.2791666666666,traffic_signals,primary
42439497,2024-12-16,40.7983076,-73.9368206,4,1,5.0,25.0,1,0,0.0,0.0,0.0,0.0,0.0,8,-0.1416105093871293,0.9899224533422392,3.407142857142857,26.6,65.35119047619048,30.0,1023.2791666666666,traffic_signals,primary
42439498,2024-12-16,40.7973103,-73.9344558,4,1,4.0,25.0,1,0,0.0,3.0,0.0,1.0,0.0,4,-0.1416105093871293,0.9899224533422392,3.407142857142857,26.6,65.35119047619048,30.0,1023.2791666666666,traffic_signals,primary
42439506,2024-12-16,40.7963627,-73.9322087,4,0,2.0,25.0,1,0,0.0,0.0,0.0,0.0,0.0,22,-0.1416105093871293,0.9899224533422392,3.407142857142857,26.6,65.35119047619048,30.0,1023.2791666666666,missing,residential
42439527,2024-12-16,40.725252,-74.003376,4,1,1.0,25.0,1,0,0.0,0.0,0.0,0.0,0.0,17,-0.1416105093871293,0.9899224533422392,3.407142857142857,26.6,65.35119047619048,30.0,1023.2791666666666,traffic_signals,residential
42439530,2024-12-16,40.7264953,-74.0023512,4,1,1.0,25.0,1,0,0.0,1.0,0.0,0.0,1.0,7,-0.1416105093871293,0.9899224533422392,3.407142857142857,26.6,65.35119047619048,30.0,1023.2791666666666,traffic_signals,residential
42439533,2024-12-16,40.7277329,-74.0013516,4,1,4.0,25.0,1,0,0.0,0.0,0.0,0.0,0.0,51,-0.1416105093871293,0.9899224533422392,3.407142857142857,26.6,65.35119047619048,30.0,1023.2791666666666,traffic_signals,primary
42439537,2024-12-16,40.7300598,-73.9993655,4,1,1.0,25.0,1,0,0.0,0.0,0.0,0.0,0.0,51,-0.1416105093871293,0.9899224533422392,3.407142857142857,26.6,65.35119047619048,30.0,1023.2791666666666,traffic_signals,residential
42439542,2024-12-16,40.7306557,-73.9988148,3,1,1.0,25.0,1,0,0.0,0.0,0.0,0.0,0.0,51,-0.1416105093871293,0.9899224533422392,3.407142857142857,26.6,65.35119047619048,30.0,1023.2791666666666,traffic_signals,residential
42439553,2024-12-16,40.7737745,-73.9660692,3,1,3.0,25.0,1,0,0.0,0.0,0.0,0.0,0.0,14,-0.1416105093871293,0.9899224533422392,3.407142857142857,26.6,65.35119047619048,30.0,1023.2791666666666,traffic_signals,secondary
42439556,2024-12-16,40.7731008,-73.9644727,4,1,3.0,25.0,1,0,1.0,1.0,0.0,0.0,0.0,2,-0.1416105093871293,0.9899224533422392,3.407142857142857,26.6,65.35119047619048,30.0,1023.2791666666666,traffic_signals,secondary
42439557,2024-12-16,40.7723869,-73.9627807,4,1,3.0,25.0,1,0,0.0,0.0,0.0,0.0,0.0,51,-0.1416105093871293,0.9899224533422392,3.407142857142857,26.6,65.35119047619048,30.0,1023.2791666666666,traffic_signals,primary
42439559,2024-12-16,40.7717414,-73.9612509,4,1,3.0,25.0,1,0,0.0,0.0,0.0,0.0,0.0,32,-0.1416105093871293,0.9899224533422392,3.407142857142857,26.6,65.35119047619048,30.0,1023.2791666666666,traffic_signals,secondary
42439561,2024-12-16,40.7710664,-73.9596511,4,1,5.0,25.0,1,0,2.0,2.0,1.0,1.0,0.0,3,-0.1416105093871293,0.9899224533422392,3.407142857142857,26.6,65.35119047619048,30.0,1023.2791666666666,traffic_signals,primary
42439563,2024-12-16,40.7701167,-73.9574004,4,1,5.0,25.0,1,0,0.0,1.0,0.0,0.0,0.0,7,-0.1416105093871293,0.9899224533422392,3.407142857142857,26.6,65.35119047619048,30.0,1023.2791666666666,traffic_signals,primary
42439567,2024-12-16,40.7691198,-73.9550385,4,1,5.0,25.0,1,0,0.0,1.0,0.0,0.0,0.0,5,-0.1416105093871293,0.9899224533422392,3.407142857142857,26.6,65.35119047619048,30.0,1023.2791666666666,traffic_signals,primary
42439580,2024-12-16,40.7192031,-73.9998623,4,0,2.0,25.0,1,0,0.0,1.0,0.0,0.0,0.0,5,-0.1416105093871293,0.9899224533422392,3.407142857142857,26.6,65.35119047619048,30.0,1023.2791666666666,missing,primary
42439581,2024-12-16,40.7195526,-74.0006214,3,0,,25.0,1,0,0.0,0.0,0.0,0.0,0.0,39,-0.1416105093871293,0.9899224533422392,3.407142857142857,26.6,65.35119047619048,30.0,1023.2791666666666,missing,residential
42439583,2024-12-16,40.720341,-74.002221,3,0,,25.0,1,0,0.0,0.0,0.0,0.0,0.0,25,-0.1416105093871293,0.9899224533422392,3.407142857142857,26.6,65.35119047619048,30.0,1023.2791666666666,missing,residential
42439588,2024-12-16,40.817116,-73.948009,4,1,3.0,25.0,1,0,0.0,0.0,0.0,0.0,0.0,11,-0.1416105093871293,0.9899224533422392,3.407142857142857,26.6,65.35119047619048,30.0,1023.2791666666666,traffic_signals,secondary
42439590,2024-12-16,40.81776,-73.947441,4,1,,,1,0,0.0,0.0,0.0,0.0,0.0,51,-0.1416105093871293,0.9899224533422392,3.407142857142857,26.6,65.35119047619048,30.0,1023.2791666666666,traffic_signals,tertiary
42439598,2024-12-16,40.81838,-73.94698,4,1,,,1,0,0.0,0.0,0.0,0.0,0.0,34,-0.1416105093871293,0.9899224533422392,3.407142857142857,26.6,65.35119047619048,30.0,1023.2791666666666,traffic_signals,tertiary
42439599,2024-12-16,40.819628,-73.946065,4,1,,,1,0,0.0,0.0,0.0,0.0,0.0,51,-0.1416105093871293,0.9899224533422392,3.407142857142857,26.6,65.35119047619048,30.0,1023.2791666666666,traffic_signals,tertiary
42439601,2024-12-16,40.8208736,-73.9451567,5,1,,,1,0,1.0,1.0,0.0,0.0,0.0,3,-0.1416105093871293,0.9899224533422392,3.407142857142857,26.6,65.35119047619048,30.0,1023.2791666666666,traffic_signals,tertiary
42439613,2024-12-16,40.8215516,-73.9448439,3,0,,,1,0,0.0,0.0,0.0,0.0,0.0,28,-0.1416105093871293,0.9899224533422392,3.407142857142857,26.6,65.35119047619048,30.0,1023.2791666666666,missing,tertiary
42439620,2024-12-16,40.826821,-73.941536,3,0,,,1,0,0.0,0.0,0.0,0.0,0.0,51,-0.1416105093871293,0.9899224533422392,3.407142857142857,26.6,65.35119047619048,30.0,1023.2791666666666,missing,tertiary
42439653,2024-12-16,40.8299106,-73.9397954,3,0,1.0,,1,0,0.0,0.0,0.0,0.0,0.0,51,-0.1416105093871293,0.9899224533422392,3.407142857142857,26.6,65.35119047619048,30.0,1023.2791666666666,crossing,tertiary
42439673,2024-12-16,40.8304568,-73.9403469,4,1,4.0,,1,0,0.0,0.0,0.0,0.0,0.0,31,-0.1416105093871293,0.9899224533422392,3.407142857142857,26.6,65.35119047619048,30.0,1023.2791666666666,traffic_signals,primary
42439711,2024-12-16,40.8326961,-73.9396729,3,1,2.0,,1,0,0.0,1.0,0.0,0.0,0.0,5,-0.1416105093871293,0.9899224533422392,3.407142857142857,26.6,65.35119047619048,30.0,1023.2791666666666,traffic_signals,tertiary
42439718,2024-12-16,40.833843,-73.938492,3,0,2.0,,1,0,0.0,0.0,0.0,0.0,0.0,11,-0.1416105093871293,0.9899224533422392,3.407142857142857,26.6,65.35119047619048,30.0,1023.2791666666666,missing,tertiary
42439721,2024-12-16,40.834889,-73.937751,3,0,2.0,,1,0,0.0,0.0,0.0,0.0,0.0,27,-0.1416105093871293,0.9899224533422392,3.407142857142857,26.6,65.35119047619048,30.0,1023.2791666666666,missing,tertiary
42439724,2024-12-16,40.83569,-73.937383,3,0,2.0,,0,0,0.0,0.0,0.0,0.0,0.0,19,-0.1416105093871293,0.9899224533422392,3.407142857142857,26.6,65.35119047619048,30.0,1023.2791666666666,missing,tertiary
42439728,2024-12-16,40.836469,-73.937023,3,1,2.0,,1,0,0.0,1.0,0.0,0.0,0.0,7,-0.1416105093871293,0.9899224533422392,3.407142857142857,26.6,65.35119047619048,30.0,1023.2791666666666,traffic_signals,tertiary
42439730,2024-12-16,40.83785,-73.936383,3,0,2.0,,1,0,0.0,0.0,0.0,0.0,0.0,51,-0.1416105093871293,0.9899224533422392,3.407142857142857,26.6,65.35119047619048,30.0,1023.2791666666666,missing,tertiary
42439783,2024-12-16,40.8415827,-73.9356526,3,0,3.0,,1,0,0.0,0.0,0.0,0.0,0.0,49,-0.1416105093871293,0.9899224533422392,3.407142857142857,26.6,65.35119047619048,30.0,1023.2791666666666,missing,secondary
42439802,2024-12-16,40.8301558,-73.9396091,3,0,4.0,,1,0,0.0,0.0,0.0,0.0,0.0,51,-0.1416105093871293,0.9899224533422392,3.407142857142857,26.6,65.35119047619048,30.0,1023.2791666666666,missing,primary
42439813,2024-12-16,40.7125535,-73.9989343,3,1,2.0,20.0,1,0,0.0,0.0,0.0,0.0,0.0,14,-0.1416105093871293,0.9899224533422392,3.407142857142857,26.6,65.35119047619048,30.0,1023.2791666666666,traffic_signals,primary
42439823,2024-12-16,40.7385578,-73.99968,4,1,3.0,25.0,1,0,0.0,0.0,0.0,0.0,0.0,20,-0.1416105093871293,0.9899224533422392,3.407142857142857,26.6,65.35119047619048,30.0,1023.2791666666666,traffic_signals,secondary
42439826,2024-12-16,40.7392462,-73.9991824,4,1,3.0,25.0,1,0,0.0,0.0,0.0,0.0,0.0,9,-0.1416105093871293,0.9899224533422392,3.407142857142857,26.6,65.35119047619048,30.0,1023.2791666666666,traffic_signals,secondary
42439830,2024-12-16,40.739881,-73.998713,4,1,3.0,25.0,1,0,0.0,1.0,0.0,1.0,0.0,6,-0.1416105093871293,0.9899224533422392,3.407142857142857,26.6,65.35119047619048,30.0,1023.2791666666666,traffic_signals,secondary
42439834,2024-12-16,40.741642,-73.997434,4,1,3.0,25.0,1,0,0.0,2.0,0.0,1.0,0.0,5,-0.1416105093871293,0.9899224533422392,3.407142857142857,26.6,65.35119047619048,30.0,1023.2791666666666,traffic_signals,secondary
42439836,2024-12-16,40.7428254,-73.9965699,4,0,3.0,25.0,1,0,0.0,0.0,0.0,0.0,0.0,25,-0.1416105093871293,0.9899224533422392,3.407142857142857,26.6,65.35119047619048,30.0,1023.2791666666666,missing,secondary
42439840,2024-12-16,40.745383,-73.994709,4,1,3.0,25.0,1,0,0.0,1.0,0.0,0.0,0.0,6,-0.1416105093871293,0.9899224533422392,3.407142857142857,26.6,65.35119047619048,30.0,1023.2791666666666,traffic_signals,secondary
42439842,2024-12-16,40.7460176,-73.9942525,4,1,5.0,25.0,1,0,0.0,0.0,0.0,0.0,0.0,16,-0.1416105093871293,0.9899224533422392,3.407142857142857,26.6,65.35119047619048,30.0,1023.2791666666666,traffic_signals,secondary
42439849,2024-12-16,40.8039345,-73.9521121,4,1,2.0,25.0,1,0,0.0,1.0,0.0,0.0,0.0,5,-0.1416105093871293,0.9899224533422392,3.407142857142857,26.6,65.35119047619048,30.0,1023.2791666666666,traffic_signals,primary
42439851,2024-12-16,40.8045644,-73.9516496,4,1,2.0,25.0,1,0,0.0,0.0,0.0,0.0,0.0,24,-0.1416105093871293,0.9899224533422392,3.407142857142857,26.6,65.35119047619048,30.0,1023.2791666666666,traffic_signals,primary
42439852,2024-12-16,40.8051892,-73.9511928,4,1,2.0,25.0,1,0,0.0,0.0,0.0,0.0,0.0,47,-0.1416105093871293,0.9899224533422392,3.407142857142857,26.6,65.35119047619048,30.0,1023.2791666666666,traffic_signals,primary
42439855,2024-12-16,40.8064478,-73.9502721,4,1,2.0,25.0,1,0,0.0,0.0,0.0,0.0,0.0,43,-0.1416105093871293,0.9899224533422392,3.407142857142857,26.6,65.35119047619048,30.0,1023.2791666666666,traffic_signals,primary
42439858,2024-12-16,40.8070737,-73.9498145,4,1,3.0,25.0,1,1,3.0,3.0,2.0,0.0,1.0,0,-0.1416105093871293,0.9899224533422392,3.407142857142857,26.6,65.35119047619048,30.0,1023.2791666666666,traffic_signals,primary
42439860,2024-12-16,40.8083293,-73.9488993,4,1,2.0,25.0,1,0,0.0,0.0,0.0,0.0,0.0,17,-0.1416105093871293,0.9899224533422392,3.407142857142857,26.6,65.35119047619048,30.0,1023.2791666666666,traffic_signals,primary
42439861,2024-12-16,40.8090058,-73.9484034,4,1,2.0,25.0,1,1,1.0,3.0,2.0,2.0,0.0,0,-0.1416105093871293,0.9899224533422392,3.407142857142857,26.6,65.35119047619048,30.0,1023.2791666666666,traffic_signals,primary
42439864,2024-12-16,40.8096859,-73.9479237,4,1,2.0,25.0,1,0,0.0,0.0,0.0,0.0,0.0,51,-0.1416105093871293,0.9899224533422392,3.407142857142857,26.6,65.35119047619048,30.0,1023.2791666666666,traffic_signals,primary
42439868,2024-12-16,40.8109249,-73.9470064,3,0,2.0,25.0,1,0,0.0,0.0,0.0,0.0,0.0,23,-0.1416105093871293,0.9899224533422392,3.407142857142857,26.6,65.35119047619048,30.0,1023.2791666666666,missing,primary
42439873,2024-12-16,40.811546,-73.9465492,4,1,2.0,25.0,1,0,0.0,0.0,0.0,0.0,0.0,8,-0.1416105093871293,0.9899224533422392,3.407142857142857,26.6,65.35119047619048,30.0,1023.2791666666666,traffic_signals,primary
42439878,2024-12-16,40.8121726,-73.9460975,3,1,2.0,25.0,1,0,0.0,0.0,0.0,0.0,0.0,15,-0.1416105093871293,0.9899224533422392,3.407142857142857,26.6,65.35119047619048,30.0,1023.2791666666666,traffic_signals,primary
42439887,2024-12-16,40.81534,-73.9437801,4,1,4.0,25.0,1,0,0.0,1.0,0.0,0.0,0.0,4,-0.1416105093871293,0.9899224533422392,3.407142857142857,26.6,65.35119047619048,30.0,1023.2791666666666,traffic_signals,primary
42439891,2024-12-16,40.8160117,-73.9432878,4,1,2.0,25.0,1,1,1.0,2.0,0.0,0.0,0.0,0,-0.1416105093871293,0.9899224533422392,3.407142857142857,26.6,65.35119047619048,30.0,1023.2791666666666,traffic_signals,primary
42439894,2024-12-16,40.8166299,-73.9428389,4,1,2.0,25.0,1,0,0.0,0.0,0.0,0.0,0.0,22,-0.1416105093871293,0.9899224533422392,3.407142857142857,26.6,65.35119047619048,30.0,1023.2791666666666,traffic_signals,primary
42439897,2024-12-16,40.8178879,-73.941924,4,1,2.0,25.0,1,0,0.0,0.0,0.0,0.0,0.0,39,-0.1416105093871293,0.9899224533422392,3.407142857142857,26.6,65.35119047619048,30.0,1023.2791666666666,traffic_signals,primary
42439899,2024-12-16,40.8191327,-73.9410141,4,1,2.0,25.0,1,0,0.0,0.0,0.0,0.0,0.0,25,-0.1416105093871293,0.9899224533422392,3.407142857142857,26.6,65.35119047619048,30.0,1023.2791666666666,traffic_signals,primary
42439905,2024-12-16,40.8203792,-73.9401037,4,1,2.0,25.0,1,0,0.0,0.0,0.0,0.0,0.0,16,-0.1416105093871293,0.9899224533422392,3.407142857142857,26.6,65.35119047619048,30.0,1023.2791666666666,traffic_signals,primary
42439910,2024-12-16,40.8210002,-73.9396466,4,1,2.0,25.0,1,1,1.0,2.0,0.0,0.0,0.0,0,-0.1416105093871293,0.9899224533422392,3.407142857142857,26.6,65.35119047619048,30.0,1023.2791666666666,traffic_signals,primary
42439922,2024-12-16,40.8223451,-73.9386646,4,1,2.0,25.0,1,0,1.0,1.0,0.0,0.0,0.0,3,-0.1416105093871293,0.9899224533422392,3.407142857142857,26.6,65.35119047619048,30.0,1023.2791666666666,traffic_signals,primary
42439924,2024-12-16,40.8229671,-73.9382108,4,1,2.0,25.0,1,0,0.0,0.0,0.0,0.0,0.0,13,-0.1416105093871293,0.9899224533422392,3.407142857142857,26.6,65.35119047619048,30.0,1023.2791666666666,traffic_signals,primary
42439927,2024-12-16,40.8248415,-73.9368478,4,1,2.0,25.0,1,0,0.0,0.0,0.0,0.0,0.0,26,-0.1416105093871293,0.9899224533422392,3.407142857142857,26.6,65.35119047619048,30.0,1023.2791666666666,traffic_signals,primary
42439929,2024-12-16,40.8254654,-73.9363928,4,1,2.0,25.0,1,0,0.0,0.0,0.0,0.0,0.0,51,-0.1416105093871293,0.9899224533422392,3.407142857142857,26.6,65.35119047619048,30.0,1023.2791666666666,traffic_signals,primary
42439952,2024-12-16,40.7516588,-73.9901341,4,1,4.0,25.0,1,1,2.0,2.0,1.0,1.0,0.0,0,-0.1416105093871293,0.9899224533422392,3.407142857142857,26.6,65.35119047619048,30.0,1023.2791666666666,traffic_signals,secondary
42439955,2024-12-16,40.7522886,-73.9896878,4,1,3.0,25.0,1,0,1.0,2.0,0.0,1.0,0.0,1,-0.1416105093871293,0.9899224533422392,3.407142857142857,26.6,65.35119047619048,30.0,1023.2791666666666,traffic_signals,secondary
42439960,2024-12-16,40.752895,-73.989243,4,1,3.0,25.0,1,0,1.0,1.0,1.0,0.0,0.0,1,-0.1416105093871293,0.9899224533422392,3.407142857142857,26.6,65.35119047619048,30.0,1023.2791666666666,traffic_signals,secondary
42439964,2024-12-16,40.7541474,-73.988323,4,1,3.0,25.0,1,0,0.0,0.0,0.0,0.0,0.0,19,-0.1416105093871293,0.9899224533422392,3.407142857142857,26.6,65.35119047619048,30.0,1023.2791666666666,traffic_signals,secondary
42439968,2024-12-16,40.7547554,-73.9878881,4,1,3.0,25.0,1,0,0.0,0.0,0.0,0.0,0.0,11,-0.1416105093871293,0.9899224533422392,3.407142857142857,26.6,65.35119047619048,30.0,1023.2791666666666,traffic_signals,secondary
42439972,2024-12-16,40.755373,-73.987447,4,1,3.0,25.0,1,2,2.0,2.0,3.0,1.0,0.0,0,-0.1416105093871293,0.9899224533422392,3.407142857142857,26.6,65.35119047619048,30.0,1023.2791666666666,traffic_signals,secondary
42439981,2024-12-16,40.75671,-73.986458,4,0,4.0,25.0,1,0,3.0,5.0,1.0,1.0,0.0,1,-0.1416105093871293,0.9899224533422392,3.407142857142857,26.6,65.35119047619048,30.0,1023.2791666666666,missing,secondary
42439984,2024-12-16,40.7573424,-73.9860116,4,1,4.0,25.0,1,0,0.0,2.0,0.0,0.0,0.0,4,-0.1416105093871293,0.9899224533422392,3.407142857142857,26.6,65.35119047619048,30.0,1023.2791666666666,traffic_signals,secondary
42439990,2024-12-16,40.7585968,-73.9850795,4,1,5.0,25.0,1,0,1.0,2.0,0.0,1.0,0.0,3,-0.1416105093871293,0.9899224533422392,3.407142857142857,26.6,65.35119047619048,30.0,1023.2791666666666,traffic_signals,secondary
42439994,2024-12-16,40.7592229,-73.9846194,4,1,3.0,25.0,1,0,0.0,0.0,0.0,0.0,0.0,22,-0.1416105093871293,0.9899224533422392,3.407142857142857,26.6,65.35119047619048,30.0,1023.2791666666666,traffic_signals,secondary
42439996,2024-12-16,40.759841,-73.984174,4,1,3.0,25.0,1,0,2.0,4.0,1.0,1.0,0.0,1,-0.1416105093871293,0.9899224533422392,3.407142857142857,26.6,65.35119047619048,30.0,1023.2791666666666,traffic_signals,secondary
42440001,2024-12-16,40.7610948,-73.9832504,4,1,3.0,25.0,1,0,0.0,0.0,0.0,0.0,0.0,21,-0.1416105093871293,0.9899224533422392,3.407142857142857,26.6,65.35119047619048,30.0,1023.2791666666666,traffic_signals,secondary
42440004,2024-12-16,40.7617189,-73.9828071,4,1,3.0,25.0,1,1,1.0,2.0,3.0,1.0,0.0,0,-0.1416105093871293,0.9899224533422392,3.407142857142857,26.6,65.35119047619048,30.0,1023.2791666666666,traffic_signals,secondary
42440009,2024-12-16,40.7623476,-73.9823472,4,1,4.0,25.0,1,0,0.0,1.0,0.0,0.0,0.0,7,-0.1416105093871293,0.9899224533422392,3.407142857142857,26.6,65.35119047619048,30.0,1023.2791666666666,traffic_signals,secondary
42440012,2024-12-16,40.7629646,-73.9818975,4,1,4.0,25.0,1,0,0.0,0.0,0.0,0.0,0.0,14,-0.1416105093871293,0.9899224533422392,3.407142857142857,26.6,65.35119047619048,30.0,1023.2791666666666,traffic_signals,secondary
42440015,2024-12-16,40.7635954,-73.9814328,4,1,4.0,25.0,1,0,0.0,0.0,0.0,0.0,0.0,8,-0.1416105093871293,0.9899224533422392,3.407142857142857,26.6,65.35119047619048,30.0,1023.2791666666666,traffic_signals,secondary
42440020,2024-12-16,40.764227,-73.9809769,4,1,3.0,25.0,1,0,0.0,2.0,0.0,2.0,0.0,5,-0.1416105093871293,0.9899224533422392,3.407142857142857,26.6,65.35119047619048,30.0,1023.2791666666666,traffic_signals,secondary
42440022,2024-12-16,40.765521,-73.980036,4,1,3.0,25.0,1,0,1.0,3.0,0.0,1.0,1.0,3,-0.1416105093871293,0.9899224533422392,3.407142857142857,26.6,65.35119047619048,30.0,1023.2791666666666,traffic_signals,primary
42440025,2024-12-16,40.7662134,-73.9795321,4,1,3.0,25.0,1,0,0.0,0.0,0.0,0.0,0.0,51,-0.1416105093871293,0.9899224533422392,3.407142857142857,26.6,65.35119047619048,30.0,1023.2791666666666,traffic_signals,secondary
42440052,2024-12-16,40.822052,-73.944049,3,1,,,1,0,0.0,0.0,0.0,0.0,0.0,28,-0.1416105093871293,0.9899224533422392,3.407142857142857,26.6,65.35119047619048,30.0,1023.2791666666666,traffic_signals,tertiary
42440053,2024-12-16,40.822628,-73.943506,3,0,,,1,0,0.0,0.0,0.0,0.0,0.0,51,-0.1416105093871293,0.9899224533422392,3.407142857142857,26.6,65.35119047619048,30.0,1023.2791666666666,missing,tertiary
42440056,2024-12-16,40.823924,-73.9424165,3,0,,,1,0,0.0,0.0,0.0,0.0,0.0,8,-0.1416105093871293,0.9899224533422392,3.407142857142857,26.6,65.35119047619048,30.0,1023.2791666666666,stop,tertiary
42440059,2024-12-16,40.8245482,-73.9419585,3,0,,,1,0,0.0,1.0,0.0,1.0,0.0,7,-0.1416105093871293,0.9899224533422392,3.407142857142857,26.6,65.35119047619048,30.0,1023.2791666666666,missing,tertiary
42440065,2024-12-16,40.8264173,-73.9405881,3,0,,,1,0,0.0,0.0,0.0,0.0,0.0,42,-0.1416105093871293,0.9899224533422392,3.407142857142857,26.6,65.35119047619048,30.0,1023.2791666666666,missing,tertiary
42440069,2024-12-16,40.8270356,-73.9401426,3,1,,,1,0,0.0,0.0,0.0,0.0,0.0,51,-0.1416105093871293,0.9899224533422392,3.407142857142857,26.6,65.35119047619048,30.0,1023.2791666666666,traffic_signals,tertiary
42440072,2024-12-16,40.8276597,-73.939688,3,0,,25.0,1,0,0.0,0.0,0.0,0.0,0.0,51,-0.1416105093871293,0.9899224533422392,3.407142857142857,26.6,65.35119047619048,30.0,1023.2791666666666,missing,tertiary
42440075,2024-12-16,40.8282799,-73.9392533,3,0,,25.0,1,0,0.0,0.0,0.0,0.0,0.0,51,-0.1416105093871293,0.9899224533422392,3.407142857142857,26.6,65.35119047619048,30.0,1023.2791666666666,missing,tertiary
42440079,2024-12-16,40.867064,-73.926838,3,0,2.0,20.0,1,0,0.0,0.0,0.0,0.0,0.0,51,-0.1416105093871293,0.9899224533422392,3.407142857142857,26.6,65.35119047619048,30.0,1023.2791666666666,missing,tertiary
42440104,2024-12-16,40.8038773,-73.958204,3,0,,,1,0,0.0,0.0,0.0,0.0,0.0,25,-0.1416105093871293,0.9899224533422392,3.407142857142857,26.6,65.35119047619048,30.0,1023.2791666666666,stop,residential
42440112,2024-12-16,40.8062968,-73.9577147,3,0,3.0,,1,0,0.0,0.0,0.0,0.0,0.0,30,-0.1416105093871293,0.9899224533422392,3.407142857142857,26.6,65.35119047619048,30.0,1023.2791666666666,missing,residential
42440122,2024-12-16,40.8069224,-73.9572588,3,0,3.0,,1,0,0.0,0.0,0.0,0.0,0.0,51,-0.1416105093871293,0.9899224533422392,3.407142857142857,26.6,65.35119047619048,30.0,1023.2791666666666,missing,residential
42440125,2024-12-16,40.8075511,-73.9568013,3,0,3.0,,1,0,0.0,1.0,0.0,0.0,0.0,6,-0.1416105093871293,0.9899224533422392,3.407142857142857,26.6,65.35119047619048,30.0,1023.2791666666666,missing,residential
42440131,2024-12-16,40.8088028,-73.9558862,3,0,3.0,,1,0,0.0,0.0,0.0,0.0,0.0,51,-0.1416105093871293,0.9899224533422392,3.407142857142857,26.6,65.35119047619048,30.0,1023.2791666666666,missing,residential
42440134,2024-12-16,40.8094384,-73.9554225,3,0,3.0,,1,0,0.0,0.0,0.0,0.0,0.0,51,-0.1416105093871293,0.9899224533422392,3.407142857142857,26.6,65.35119047619048,30.0,1023.2791666666666,missing,residential
42440138,2024-12-16,40.8106928,-73.9545043,3,1,2.0,,1,0,2.0,2.0,0.0,0.0,0.0,1,-0.1416105093871293,0.9899224533422392,3.407142857142857,26.6,65.35119047619048,30.0,1023.2791666666666,traffic_signals,residential
42440144,2024-12-16,40.8113669,-73.9540099,4,1,4.0,25.0,0,0,0.0,1.0,0.0,0.0,0.0,4,-0.1416105093871293,0.9899224533422392,3.407142857142857,26.6,65.35119047619048,30.0,1023.2791666666666,traffic_signals,primary
42440146,2024-12-16,40.8120517,-73.953546,4,1,,,1,0,0.0,2.0,0.0,0.0,0.0,6,-0.1416105093871293,0.9899224533422392,3.407142857142857,26.6,65.35119047619048,30.0,1023.2791666666666,traffic_signals,tertiary
42440153,2024-12-16,40.7585437,-73.9772064,4,1,4.0,25.0,1,0,2.0,4.0,0.0,0.0,0.0,2,-0.1416105093871293,0.9899224533422392,3.407142857142857,26.6,65.35119047619048,30.0,1023.2791666666666,traffic_signals,secondary
42440163,2024-12-16,40.7634901,-73.9889429,4,1,4.0,,1,0,0.0,0.0,0.0,0.0,0.0,16,-0.1416105093871293,0.9899224533422392,3.407142857142857,26.6,65.35119047619048,30.0,1023.2791666666666,traffic_signals,primary
42440170,2024-12-16,40.7646863,-73.9917852,4,1,3.0,25.0,1,0,1.0,1.0,1.0,0.0,0.0,2,-0.1416105093871293,0.9899224533422392,3.407142857142857,26.6,65.35119047619048,30.0,1023.2791666666666,traffic_signals,primary
42440270,2024-12-16,40.7074428,-74.0040737,3,1,4.0,20.0,0,0,0.0,0.0,0.0,0.0,0.0,51,-0.1416105093871293,0.9899224533422392,3.407142857142857,26.6,65.35119047619048,30.0,1023.2791666666666,traffic_signals,primary
42440280,2024-12-16,40.7090956,-74.0054945,4,1,2.0,20.0,1,0,0.0,0.0,0.0,0.0,0.0,26,-0.1416105093871293,0.9899224533422392,3.407142857142857,26.6,65.35119047619048,30.0,1023.2791666666666,traffic_signals,residential
42440282,2024-12-16,40.7095739,-74.0064412,4,1,1.0,20.0,1,0,2.0,2.0,1.0,1.0,0.0,1,-0.1416105093871293,0.9899224533422392,3.407142857142857,26.6,65.35119047619048,30.0,1023.2791666666666,traffic_signals,residential
42440284,2024-12-16,40.7098706,-74.0070413,3,0,1.0,20.0,1,0,0.0,0.0,0.0,0.0,0.0,19,-0.1416105093871293,0.9899224533422392,3.407142857142857,26.6,65.35119047619048,30.0,1023.2791666666666,missing,residential
42440287,2024-12-16,40.7102231,-74.0077439,4,1,1.0,20.0,1,0,0.0,0.0,0.0,0.0,0.0,10,-0.1416105093871293,0.9899224533422392,3.407142857142857,26.6,65.35119047619048,30.0,1023.2791666666666,traffic_signals,residential
42440323,2024-12-16,40.7395079,-73.9868123,4,0,3.0,25.0,1,0,0.0,0.0,0.0,0.0,0.0,17,-0.1416105093871293,0.9899224533422392,3.407142857142857,26.6,65.35119047619048,30.0,1023.2791666666666,missing,primary
42440325,2024-12-16,40.7388483,-73.9852454,4,0,2.0,25.0,1,0,0.0,1.0,0.0,0.0,0.0,6,-0.1416105093871293,0.9899224533422392,3.407142857142857,26.6,65.35119047619048,30.0,1023.2791666666666,missing,residential
42440326,2024-12-16,40.7381714,-73.9836359,4,0,5.0,25.0,1,1,2.0,3.0,1.0,1.0,1.0,0,-0.1416105093871293,0.9899224533422392,3.407142857142857,26.6,65.35119047619048,30.0,1023.2791666666666,missing,primary
42440330,2024-12-16,40.7372187,-73.9813983,4,1,4.0,25.0,1,0,1.0,1.0,1.0,0.0,1.0,2,-0.1416105093871293,0.9899224533422392,3.407142857142857,26.6,65.35119047619048,30.0,1023.2791666666666,traffic_signals,primary
42440335,2024-12-16,40.7095371,-74.0084241,4,0,1.0,20.0,1,0,0.0,0.0,0.0,0.0,0.0,26,-0.1416105093871293,0.9899224533422392,3.407142857142857,26.6,65.35119047619048,30.0,1023.2791666666666,missing,residential
42440340,2024-12-16,40.7090976,-74.0078157,3,0,1.0,20.0,1,0,0.0,0.0,0.0,0.0,0.0,51,-0.1416105093871293,0.9899224533422392,3.407142857142857,26.6,65.35119047619048,30.0,1023.2791666666666,missing,residential
42440343,2024-12-16,40.7087131,-74.0072873,4,0,1.0,20.0,1,0,0.0,1.0,0.0,1.0,0.0,5,-0.1416105093871293,0.9899224533422392,3.407142857142857,26.6,65.35119047619048,30.0,1023.2791666666666,missing,residential
42440345,2024-12-16,40.708229,-74.0065343,4,0,1.0,20.0,1,0,0.0,0.0,0.0,0.0,0.0,18,-0.1416105093871293,0.9899224533422392,3.407142857142857,26.6,65.35119047619048,30.0,1023.2791666666666,missing,residential
42440347,2024-12-16,40.7073945,-74.0054889,4,0,2.0,20.0,1,0,1.0,1.0,0.0,0.0,0.0,3,-0.1416105093871293,0.9899224533422392,3.407142857142857,26.6,65.35119047619048,30.0,1023.2791666666666,stop,residential
42440350,2024-12-16,40.7068521,-74.0050152,4,1,4.0,20.0,0,0,0.0,0.0,0.0,0.0,0.0,30,-0.1416105093871293,0.9899224533422392,3.407142857142857,26.6,65.35119047619048,30.0,1023.2791666666666,traffic_signals,primary
42440353,2024-12-16,40.7064117,-74.0045692,3,0,2.0,20.0,1,0,0.0,0.0,0.0,0.0,0.0,51,-0.1416105093871293,0.9899224533422392,3.407142857142857,26.6,65.35119047619048,30.0,1023.2791666666666,missing,residential
42440356,2024-12-16,40.7057898,-74.0038751,3,1,2.0,20.0,0,0,0.0,0.0,0.0,0.0,0.0,26,-0.1416105093871293,0.9899224533422392,3.407142857142857,26.6,65.35119047619048,30.0,1023.2791666666666,traffic_signals,primary
42440376,2024-12-16,40.8166971,-73.9390685,4,1,2.0,,1,0,0.0,0.0,0.0,0.0,0.0,18,-0.1416105093871293,0.9899224533422392,3.407142857142857,26.6,65.35119047619048,30.0,1023.2791666666666,traffic_signals,secondary
42440381,2024-12-16,40.8179369,-73.9381673,4,1,2.0,,1,0,0.0,0.0,0.0,0.0,0.0,24,-0.1416105093871293,0.9899224533422392,3.407142857142857,26.6,65.35119047619048,30.0,1023.2791666666666,traffic_signals,secondary
42440385,2024-12-16,40.8191777,-73.9372632,4,1,2.0,,1,0,0.0,0.0,0.0,0.0,0.0,17,-0.1416105093871293,0.9899224533422392,3.407142857142857,26.6,65.35119047619048,30.0,1023.2791666666666,traffic_signals,secondary
42440397,2024-12-16,40.7769914,-73.9637197,4,1,4.0,25.0,1,1,1.0,1.0,1.0,0.0,0.0,0,-0.1416105093871293,0.9899224533422392,3.407142857142857,26.6,65.35119047619048,30.0,1023.2791666666666,traffic_signals,secondary
42440401,2024-12-16,40.7215294,-73.9837985,4,1,2.0,25.0,1,0,0.0,1.0,0.0,0.0,0.0,6,-0.1416105093871293,0.9899224533422392,3.407142857142857,26.6,65.35119047619048,30.0,1023.2791666666666,traffic_signals,primary
42440408,2024-12-16,40.7159749,-73.9866936,4,1,1.0,25.0,1,0,0.0,1.0,0.0,0.0,0.0,7,-0.1416105093871293,0.9899224533422392,3.407142857142857,26.6,65.35119047619048,30.0,1023.2791666666666,traffic_signals,primary
42440449,2024-12-16,40.7104945,-73.9865861,3,1,2.0,25.0,1,0,3.0,4.0,0.0,0.0,0.0,1,-0.1416105093871293,0.9899224533422392,3.407142857142857,26.6,65.35119047619048,30.0,1023.2791666666666,traffic_signals,primary
42440452,2024-12-16,40.7591757,-73.9767414,4,1,4.0,25.0,1,2,2.0,2.0,1.0,0.0,1.0,0,-0.1416105093871293,0.9899224533422392,3.407142857142857,26.6,65.35119047619048,30.0,1023.2791666666666,traffic_signals,secondary
42440453,2024-12-16,40.7584878,-73.9751336,4,1,5.0,25.0,1,0,1.0,1.0,0.0,0.0,0.0,2,-0.1416105093871293,0.9899224533422392,3.407142857142857,26.6,65.35119047619048,30.0,1023.2791666666666,traffic_signals,secondary
42440456,2024-12-16,40.7577792,-73.9734395,4,0,3.0,25.0,1,0,0.0,1.0,0.0,0.0,0.0,5,-0.1416105093871293,0.9899224533422392,3.407142857142857,26.6,65.35119047619048,30.0,1023.2791666666666,missing,primary
42440459,2024-12-16,40.7571285,-73.9719044,4,1,4.0,25.0,1,0,0.0,0.0,0.0,0.0,0.0,12,-0.1416105093871293,0.9899224533422392,3.407142857142857,26.6,65.35119047619048,30.0,1023.2791666666666,traffic_signals,secondary
42440463,2024-12-16,40.7564579,-73.9703198,4,1,5.0,25.0,1,1,1.0,1.0,5.0,0.0,0.0,0,-0.1416105093871293,0.9899224533422392,3.407142857142857,26.6,65.35119047619048,30.0,1023.2791666666666,traffic_signals,primary
42440465,2024-12-16,40.7555038,-73.9680652,4,1,4.0,25.0,1,0,1.0,2.0,0.0,0.0,0.0,2,-0.1416105093871293,0.9899224533422392,3.407142857142857,26.6,65.35119047619048,30.0,1023.2791666666666,traffic_signals,primary
42440469,2024-12-16,40.7544977,-73.9656942,4,1,5.0,25.0,1,1,1.0,1.0,1.0,1.0,0.0,0,-0.1416105093871293,0.9899224533422392,3.407142857142857,26.6,65.35119047619048,30.0,1023.2791666666666,traffic_signals,primary
42440472,2024-12-16,40.753935,-73.964347,3,0,1.0,,1,0,0.0,0.0,0.0,0.0,0.0,51,-0.1416105093871293,0.9899224533422392,3.407142857142857,26.6,65.35119047619048,30.0,1023.2791666666666,missing,residential
42440494,2024-12-16,40.8638064,-73.9194167,4,1,3.0,,1,0,0.0,1.0,0.0,0.0,0.0,6,-0.1416105093871293,0.9899224533422392,3.407142857142857,26.6,65.35119047619048,30.0,1023.2791666666666,traffic_signals,primary
42440499,2024-12-16,40.86302,-73.917555,4,1,,,0,0,1.0,2.0,0.0,0.0,0.0,2,-0.1416105093871293,0.9899224533422392,3.407142857142857,26.6,65.35119047619048,30.0,1023.2791666666666,traffic_signals,tertiary
42440527,2024-12-16,40.7297123,-74.0092108,4,0,1.0,25.0,1,0,0.0,0.0,0.0,0.0,0.0,27,-0.1416105093871293,0.9899224533422392,3.407142857142857,26.6,65.35119047619048,30.0,1023.2791666666666,missing,secondary
42440545,2024-12-16,40.7282036,-73.995585,4,1,1.0,25.0,1,0,0.0,0.0,0.0,0.0,0.0,51,-0.1416105093871293,0.9899224533422392,3.407142857142857,26.6,65.35119047619048,30.0,1023.2791666666666,traffic_signals,residential
42440553,2024-12-16,40.7293265,-73.9978721,4,1,2.0,25.0,1,1,2.0,2.0,1.0,0.0,1.0,0,-0.1416105093871293,0.9899224533422392,3.407142857142857,26.6,65.35119047619048,30.0,1023.2791666666666,traffic_signals,residential
42440565,2024-12-16,40.7554632,-73.9621088,3,1,3.0,25.0,1,0,0.0,0.0,0.0,0.0,0.0,51,-0.1416105093871293,0.9899224533422392,3.407142857142857,26.6,65.35119047619048,30.0,1023.2791666666666,traffic_signals,residential
42440566,2024-12-16,40.7560685,-73.9616198,4,1,6.0,25.0,1,0,0.0,0.0,0.0,0.0,0.0,51,-0.1416105093871293,0.9899224533422392,3.407142857142857,26.6,65.35119047619048,30.0,1023.2791666666666,traffic_signals,residential
42440567,2024-12-16,40.7566914,-73.9611654,4,1,6.0,25.0,1,0,0.0,0.0,0.0,0.0,0.0,51,-0.1416105093871293,0.9899224533422392,3.407142857142857,26.6,65.35119047619048,30.0,1023.2791666666666,traffic_signals,residential
42440577,2024-12-16,40.8069791,-73.9674745,3,1,2.0,,1,0,0.0,0.0,0.0,0.0,0.0,51,-0.1416105093871293,0.9899224533422392,3.407142857142857,26.6,65.35119047619048,30.0,1023.2791666666666,traffic_signals,secondary
42440628,2024-12-16,40.7090728,-74.0169509,3,0,2.0,20.0,1,0,0.0,0.0,0.0,0.0,0.0,9,-0.1416105093871293,0.9899224533422392,3.407142857142857,26.6,65.35119047619048,30.0,1023.2791666666666,missing,residential
42440639,2024-12-16,40.709336,-74.016765,3,1,2.0,20.0,1,0,0.0,0.0,0.0,0.0,0.0,51,-0.1416105093871293,0.9899224533422392,3.407142857142857,26.6,65.35119047619048,30.0,1023.2791666666666,traffic_signals,residential
42440679,2024-12-16,40.7146759,-73.9911284,4,0,2.0,25.0,1,0,0.0,0.0,0.0,0.0,0.0,14,-0.1416105093871293,0.9899224533422392,3.407142857142857,26.6,65.35119047619048,30.0,1023.2791666666666,missing,secondary
42440682,2024-12-16,40.715805,-73.9905591,4,0,1.0,25.0,1,0,0.0,0.0,0.0,0.0,0.0,14,-0.1416105093871293,0.9899224533422392,3.407142857142857,26.6,65.35119047619048,30.0,1023.2791666666666,missing,residential
42440686,2024-12-16,40.7169795,-73.9899465,4,1,3.0,25.0,1,0,0.0,0.0,0.0,0.0,0.0,11,-0.1416105093871293,0.9899224533422392,3.407142857142857,26.6,65.35119047619048,30.0,1023.2791666666666,traffic_signals,secondary
42440710,2024-12-16,40.7360074,-73.9936325,4,1,3.0,25.0,1,0,1.0,2.0,0.0,1.0,0.0,1,-0.1416105093871293,0.9899224533422392,3.407142857142857,26.6,65.35119047619048,30.0,1023.2791666666666,traffic_signals,secondary
42440721,2024-12-16,40.7344282,-73.9898898,4,1,3.0,25.0,1,0,0.0,1.0,0.0,0.0,0.0,6,-0.1416105093871293,0.9899224533422392,3.407142857142857,26.6,65.35119047619048,30.0,1023.2791666666666,traffic_signals,secondary
42440729,2024-12-16,40.7332979,-73.9871866,4,0,5.0,25.0,0,1,1.0,1.0,1.0,1.0,0.0,0,-0.1416105093871293,0.9899224533422392,3.407142857142857,26.6,65.35119047619048,30.0,1023.2791666666666,missing,primary
42440743,2024-12-16,40.7313525,-73.9825607,4,1,5.0,25.0,1,0,0.0,2.0,0.0,0.0,2.0,5,-0.1416105093871293,0.9899224533422392,3.407142857142857,26.6,65.35119047619048,30.0,1023.2791666666666,traffic_signals,primary
42440754,2024-12-16,40.7284433,-73.9756824,4,1,3.0,25.0,0,0,0.0,0.0,0.0,0.0,0.0,46,-0.1416105093871293,0.9899224533422392,3.407142857142857,26.6,65.35119047619048,30.0,1023.2791666666666,traffic_signals,secondary
42440785,2024-12-16,40.7144207,-73.9902277,3,1,4.0,25.0,0,0,0.0,0.0,0.0,0.0,0.0,51,-0.1416105093871293,0.9899224533422392,3.407142857142857,26.6,65.35119047619048,30.0,1023.2791666666666,traffic_signals,secondary
42440792,2024-12-16,40.7149028,-73.9918872,4,0,2.0,25.0,1,0,0.0,0.0,0.0,0.0,0.0,10,-0.1416105093871293,0.9899224533422392,3.407142857142857,26.6,65.35119047619048,30.0,1023.2791666666666,missing,secondary
42440798,2024-12-16,40.7156185,-73.99425,4,1,2.0,25.0,1,0,0.0,0.0,0.0,0.0,0.0,10,-0.1416105093871293,0.9899224533422392,3.407142857142857,26.6,65.35119047619048,30.0,1023.2791666666666,traffic_signals,secondary
42440804,2024-12-16,40.7165497,-73.9969875,5,1,5.0,25.0,1,0,0.0,2.0,0.0,1.0,0.0,6,-0.1416105093871293,0.9899224533422392,3.407142857142857,26.6,65.35119047619048,30.0,1023.2791666666666,traffic_signals,primary
42440810,2024-12-16,40.7175538,-73.9993088,4,1,6.0,25.0,1,1,1.0,1.0,0.0,0.0,0.0,0,-0.1416105093871293,0.9899224533422392,3.407142857142857,26.6,65.35119047619048,30.0,1023.2791666666666,traffic_signals,primary
42440820,2024-12-16,40.7199234,-74.002596,3,1,4.0,25.0,1,0,0.0,3.0,0.0,0.0,0.0,4,-0.1416105093871293,0.9899224533422392,3.407142857142857,26.6,65.35119047619048,30.0,1023.2791666666666,traffic_signals,primary
42440825,2024-12-16,40.7205482,-74.0034713,3,0,4.0,20.0,1,1,1.0,2.0,0.0,0.0,0.0,0,-0.1416105093871293,0.9899224533422392,3.407142857142857,26.6,65.35119047619048,30.0,1023.2791666666666,missing,primary
42440829,2024-12-16,40.7213666,-74.0046193,4,1,6.0,25.0,1,1,2.0,2.0,0.0,0.0,0.0,0,-0.1416105093871293,0.9899224533422392,3.407142857142857,26.6,65.35119047619048,30.0,1023.2791666666666,traffic_signals,primary
42440838,2024-12-16,40.7225692,-74.006317,4,1,5.0,25.0,1,1,3.0,3.0,3.0,0.0,0.0,0,-0.1416105093871293,0.9899224533422392,3.407142857142857,26.6,65.35119047619048,30.0,1023.2791666666666,traffic_signals,primary
42440847,2024-12-16,40.7243158,-74.0086711,3,0,1.0,25.0,1,0,0.0,0.0,0.0,0.0,0.0,51,-0.1416105093871293,0.9899224533422392,3.407142857142857,26.6,65.35119047619048,30.0,1023.2791666666666,missing,primary
42440850,2024-12-16,40.7252865,-74.0100977,3,0,3.0,25.0,1,0,0.0,0.0,0.0,0.0,0.0,51,-0.1416105093871293,0.9899224533422392,3.407142857142857,26.6,65.35119047619048,30.0,1023.2791666666666,missing,primary
42440854,2024-12-16,40.7258067,-74.01093,4,0,4.0,30.0,1,0,0.0,0.0,0.0,0.0,0.0,51,-0.1416105093871293,0.9899224533422392,3.407142857142857,26.6,65.35119047619048,30.0,1023.2791666666666,missing,trunk
42440873,2024-12-16,40.7250648,-74.0100706,3,0,3.0,20.0,1,0,0.0,0.0,0.0,0.0,0.0,31,-0.1416105093871293,0.9899224533422392,3.407142857142857,26.6,65.35119047619048,30.0,1023.2791666666666,missing,trunk
42440916,2024-12-16,40.7222159,-74.0105584,4,1,1.0,20.0,1,0,0.0,0.0,0.0,0.0,0.0,11,-0.1416105093871293,0.9899224533422392,3.407142857142857,26.6,65.35119047619048,30.0,1023.2791666666666,traffic_signals,primary
42440918,2024-12-16,40.7223187,-74.0116409,4,1,4.0,30.0,1,0,0.0,0.0,0.0,0.0,0.0,16,-0.1416105093871293,0.9899224533422392,3.407142857142857,26.6,65.35119047619048,30.0,1023.2791666666666,traffic_signals,trunk
42440934,2024-12-16,40.769231,-73.9847685,3,1,4.0,25.0,1,0,0.0,0.0,0.0,0.0,0.0,12,-0.1416105093871293,0.9899224533422392,3.407142857142857,26.6,65.35119047619048,30.0,1023.2791666666666,traffic_signals,primary
42440935,2024-12-16,40.7704036,-73.9875948,4,1,3.0,25.0,1,0,0.0,1.0,0.0,0.0,0.0,5,-0.1416105093871293,0.9899224533422392,3.407142857142857,26.6,65.35119047619048,30.0,1023.2791666666666,traffic_signals,primary
42440940,2024-12-16,40.736839,-74.003714,4,0,1.0,20.0,1,0,0.0,0.0,0.0,0.0,0.0,51,-0.1416105093871293,0.9899224533422392,3.407142857142857,26.6,65.35119047619048,30.0,1023.2791666666666,missing,residential
42440943,2024-12-16,40.7362015,-74.0083335,4,0,1.0,25.0,1,0,0.0,0.0,0.0,0.0,0.0,29,-0.1416105093871293,0.9899224533422392,3.407142857142857,26.6,65.35119047619048,30.0,1023.2791666666666,missing,residential
42440946,2024-12-16,40.7359907,-74.0099218,3,0,4.0,30.0,1,1,1.0,1.0,0.0,0.0,0.0,0,-0.1416105093871293,0.9899224533422392,3.407142857142857,26.6,65.35119047619048,30.0,1023.2791666666666,missing,trunk
42440951,2024-12-16,40.7616758,-73.9749271,4,1,5.0,,1,0,0.0,0.0,0.0,0.0,0.0,8,-0.1416105093871293,0.9899224533422392,3.407142857142857,26.6,65.35119047619048,30.0,1023.2791666666666,traffic_signals,secondary
42440960,2024-12-16,40.7666367,-73.986668,4,1,5.0,,1,0,0.0,1.0,0.0,0.0,0.0,6,-0.1416105093871293,0.9899224533422392,3.407142857142857,26.6,65.35119047619048,30.0,1023.2791666666666,traffic_signals,primary
42440966,2024-12-16,40.7678263,-73.989495,4,1,3.0,25.0,1,0,1.0,3.0,0.0,0.0,0.0,1,-0.1416105093871293,0.9899224533422392,3.407142857142857,26.6,65.35119047619048,30.0,1023.2791666666666,traffic_signals,primary
42441000,2024-12-16,40.866438,-73.9304693,3,1,4.0,20.0,1,0,0.0,0.0,0.0,0.0,0.0,15,-0.1416105093871293,0.9899224533422392,3.407142857142857,26.6,65.35119047619048,30.0,1023.2791666666666,traffic_signals,primary
42441007,2024-12-16,40.8659478,-73.9298529,3,1,4.0,20.0,1,0,0.0,0.0,0.0,0.0,0.0,46,-0.1416105093871293,0.9899224533422392,3.407142857142857,26.6,65.35119047619048,30.0,1023.2791666666666,traffic_signals,primary
42441009,2024-12-16,40.865631,-73.9284054,4,1,2.0,20.0,1,0,0.0,0.0,0.0,0.0,0.0,51,-0.1416105093871293,0.9899224533422392,3.407142857142857,26.6,65.35119047619048,30.0,1023.2791666666666,traffic_signals,primary
42441077,2024-12-16,40.8159022,-73.9605612,3,0,2.0,,1,0,0.0,0.0,0.0,0.0,0.0,51,-0.1416105093871293,0.9899224533422392,3.407142857142857,26.6,65.35119047619048,30.0,1023.2791666666666,stop,residential
42441080,2024-12-16,40.8140511,-73.961865,3,0,,,1,0,0.0,0.0,0.0,0.0,0.0,51,-0.1416105093871293,0.9899224533422392,3.407142857142857,26.6,65.35119047619048,30.0,1023.2791666666666,missing,residential
42441104,2024-12-16,40.8124168,-73.9631713,3,0,2.0,,1,0,0.0,0.0,0.0,0.0,0.0,51,-0.1416105093871293,0.9899224533422392,3.407142857142857,26.6,65.35119047619048,30.0,1023.2791666666666,missing,secondary
42441191,2024-12-16,40.8168887,-73.9611688,3,0,2.0,,1,0,0.0,0.0,0.0,0.0,0.0,13,-0.1416105093871293,0.9899224533422392,3.407142857142857,26.6,65.35119047619048,30.0,1023.2791666666666,missing,secondary
42441251,2024-12-16,40.8124025,-73.9639023,3,0,2.0,,1,0,0.0,0.0,0.0,0.0,0.0,51,-0.1416105093871293,0.9899224533422392,3.407142857142857,26.6,65.35119047619048,30.0,1023.2791666666666,missing,secondary
42441263,2024-12-16,40.8076278,-73.9670504,3,1,2.0,,1,0,0.0,0.0,0.0,0.0,0.0,51,-0.1416105093871293,0.9899224533422392,3.407142857142857,26.6,65.35119047619048,30.0,1023.2791666666666,traffic_signals,secondary
42441276,2024-12-16,40.8057489,-73.9681438,3,1,2.0,,1,0,0.0,0.0,0.0,0.0,0.0,51,-0.1416105093871293,0.9899224533422392,3.407142857142857,26.6,65.35119047619048,30.0,1023.2791666666666,traffic_signals,secondary
42441283,2024-12-16,40.8036829,-73.9693692,3,1,2.0,,1,0,0.0,0.0,0.0,0.0,0.0,51,-0.1416105093871293,0.9899224533422392,3.407142857142857,26.6,65.35119047619048,30.0,1023.2791666666666,traffic_signals,secondary
42441299,2024-12-16,40.8010737,-73.971271,3,1,2.0,,1,0,0.0,0.0,0.0,0.0,0.0,51,-0.1416105093871293,0.9899224533422392,3.407142857142857,26.6,65.35119047619048,30.0,1023.2791666666666,traffic_signals,secondary
42441310,2024-12-16,40.800475,-73.9717928,3,0,4.0,,1,0,0.0,0.0,0.0,0.0,0.0,51,-0.1416105093871293,0.9899224533422392,3.407142857142857,26.6,65.35119047619048,30.0,1023.2791666666666,missing,secondary
42441382,2024-12-16,40.7966023,-73.9742913,3,1,4.0,,1,0,0.0,0.0,0.0,0.0,0.0,51,-0.1416105093871293,0.9899224533422392,3.407142857142857,26.6,65.35119047619048,30.0,1023.2791666666666,traffic_signals,secondary
42441521,2024-12-16,40.7940047,-73.9763032,3,0,,,1,0,0.0,0.0,0.0,0.0,0.0,51,-0.1416105093871293,0.9899224533422392,3.407142857142857,26.6,65.35119047619048,30.0,1023.2791666666666,missing,residential
42441526,2024-12-16,40.7933236,-73.976574,3,0,,,1,0,0.0,0.0,0.0,0.0,0.0,51,-0.1416105093871293,0.9899224533422392,3.407142857142857,26.6,65.35119047619048,30.0,1023.2791666666666,missing,residential
42441535,2024-12-16,40.792722,-73.9770873,3,1,1.0,25.0,1,0,1.0,1.0,1.0,0.0,0.0,1,-0.1416105093871293,0.9899224533422392,3.407142857142857,26.6,65.35119047619048,30.0,1023.2791666666666,traffic_signals,secondary
42441564,2024-12-16,40.7899463,-73.9803596,3,1,4.0,25.0,0,0,0.0,1.0,0.0,0.0,0.0,5,-0.1416105093871293,0.9899224533422392,3.407142857142857,26.6,65.35119047619048,30.0,1023.2791666666666,traffic_signals,secondary
42441569,2024-12-16,40.7892552,-73.9808538,3,1,,,1,0,0.0,0.0,0.0,0.0,0.0,30,-0.1416105093871293,0.9899224533422392,3.407142857142857,26.6,65.35119047619048,30.0,1023.2791666666666,traffic_signals,secondary
42441587,2024-12-16,40.7861933,-73.9814421,3,1,,,1,0,0.0,0.0,0.0,0.0,0.0,51,-0.1416105093871293,0.9899224533422392,3.407142857142857,26.6,65.35119047619048,30.0,1023.2791666666666,traffic_signals,secondary
42441654,2024-12-16,40.781771,-73.985081,3,1,1.0,,1,0,0.0,0.0,0.0,0.0,0.0,26,-0.1416105093871293,0.9899224533422392,3.407142857142857,26.6,65.35119047619048,30.0,1023.2791666666666,traffic_signals,secondary
42441668,2024-12-16,40.7831868,-73.9844643,3,1,,,1,0,0.0,0.0,0.0,0.0,0.0,51,-0.1416105093871293,0.9899224533422392,3.407142857142857,26.6,65.35119047619048,30.0,1023.2791666666666,traffic_signals,secondary
42441670,2024-12-16,40.7824893,-73.9847754,3,0,,,1,1,2.0,2.0,1.0,0.0,0.0,0,-0.1416105093871293,0.9899224533422392,3.407142857142857,26.6,65.35119047619048,30.0,1023.2791666666666,missing,secondary
42441695,2024-12-16,40.838072,-73.9466482,3,0,,,1,0,0.0,0.0,0.0,0.0,0.0,14,-0.1416105093871293,0.9899224533422392,3.407142857142857,26.6,65.35119047619048,30.0,1023.2791666666666,missing,residential
42441701,2024-12-16,40.838559,-73.945856,3,0,,,1,0,0.0,0.0,0.0,0.0,0.0,9,-0.1416105093871293,0.9899224533422392,3.407142857142857,26.6,65.35119047619048,30.0,1023.2791666666666,missing,residential
42441704,2024-12-16,40.839232,-73.945543,3,0,,,1,0,0.0,1.0,0.0,0.0,0.0,4,-0.1416105093871293,0.9899224533422392,3.407142857142857,26.6,65.35119047619048,30.0,1023.2791666666666,missing,residential
42441771,2024-12-16,40.830244,-73.949688,3,0,,,1,0,0.0,0.0,0.0,0.0,0.0,51,-0.1416105093871293,0.9899224533422392,3.407142857142857,26.6,65.35119047619048,30.0,1023.2791666666666,missing,residential
42441774,2024-12-16,40.830962,-73.949462,3,0,,,1,0,0.0,1.0,0.0,0.0,0.0,7,-0.1416105093871293,0.9899224533422392,3.407142857142857,26.6,65.35119047619048,30.0,1023.2791666666666,missing,residential
42441805,2024-12-16,40.8327035,-73.9497813,3,1,4.0,,1,0,0.0,0.0,0.0,0.0,0.0,51,-0.1416105093871293,0.9899224533422392,3.407142857142857,26.6,65.35119047619048,30.0,1023.2791666666666,traffic_signals,secondary
42441889,2024-12-16,40.7978915,-73.9734588,3,0,1.0,25.0,1,0,0.0,0.0,0.0,0.0,0.0,51,-0.1416105093871293,0.9899224533422392,3.407142857142857,26.6,65.35119047619048,30.0,1023.2791666666666,missing,residential
42441895,2024-12-16,40.7991459,-73.9725352,3,0,1.0,25.0,1,0,0.0,0.0,0.0,0.0,0.0,48,-0.1416105093871293,0.9899224533422392,3.407142857142857,26.6,65.35119047619048,30.0,1023.2791666666666,missing,residential
42441899,2024-12-16,40.799705,-73.971924,3,0,1.0,25.0,1,0,0.0,1.0,0.0,0.0,0.0,7,-0.1416105093871293,0.9899224533422392,3.407142857142857,26.6,65.35119047619048,30.0,1023.2791666666666,missing,residential
42441903,2024-12-16,40.800334,-73.97146,3,0,1.0,25.0,1,0,0.0,0.0,0.0,0.0,0.0,51,-0.1416105093871293,0.9899224533422392,3.407142857142857,26.6,65.35119047619048,30.0,1023.2791666666666,missing,residential
42441907,2024-12-16,40.8009607,-73.971004,4,1,1.0,,1,0,0.0,0.0,0.0,0.0,0.0,51,-0.1416105093871293,0.9899224533422392,3.407142857142857,26.6,65.35119047619048,30.0,1023.2791666666666,traffic_signals,residential
42441910,2024-12-16,40.8035804,-73.9691157,4,1,1.0,,1,0,0.0,0.0,0.0,0.0,0.0,51,-0.1416105093871293,0.9899224533422392,3.407142857142857,26.6,65.35119047619048,30.0,1023.2791666666666,traffic_signals,residential
42441913,2024-12-16,40.804206,-73.968647,3,0,1.0,,1,0,0.0,0.0,0.0,0.0,0.0,51,-0.1416105093871293,0.9899224533422392,3.407142857142857,26.6,65.35119047619048,30.0,1023.2791666666666,missing,residential
42441926,2024-12-16,40.804723,-73.9680127,4,0,2.0,25.0,1,0,0.0,0.0,0.0,0.0,0.0,51,-0.1416105093871293,0.9899224533422392,3.407142857142857,26.6,65.35119047619048,30.0,1023.2791666666666,missing,secondary
42441947,2024-12-16,40.8216938,-73.9567474,4,0,,,1,0,0.0,0.0,0.0,0.0,0.0,22,-0.1416105093871293,0.9899224533422392,3.407142857142857,26.6,65.35119047619048,30.0,1023.2791666666666,missing,secondary
42441949,2024-12-16,40.8222347,-73.9561111,4,1,,,1,0,0.0,0.0,0.0,0.0,0.0,19,-0.1416105093871293,0.9899224533422392,3.407142857142857,26.6,65.35119047619048,30.0,1023.2791666666666,traffic_signals,secondary
42441950,2024-12-16,40.8235401,-73.9553367,4,1,2.0,,1,0,0.0,0.0,0.0,0.0,0.0,15,-0.1416105093871293,0.9899224533422392,3.407142857142857,26.6,65.35119047619048,30.0,1023.2791666666666,traffic_signals,secondary
42441951,2024-12-16,40.824739,-73.954347,3,0,,,1,0,0.0,0.0,0.0,0.0,0.0,23,-0.1416105093871293,0.9899224533422392,3.407142857142857,26.6,65.35119047619048,30.0,1023.2791666666666,missing,residential
42441952,2024-12-16,40.8258457,-73.9530658,3,1,2.0,,1,0,0.0,0.0,0.0,0.0,0.0,51,-0.1416105093871293,0.9899224533422392,3.407142857142857,26.6,65.35119047619048,30.0,1023.2791666666666,traffic_signals,secondary
42441953,2024-12-16,40.8264614,-73.9525777,3,1,2.0,,1,0,0.0,0.0,0.0,0.0,0.0,51,-0.1416105093871293,0.9899224533422392,3.407142857142857,26.6,65.35119047619048,30.0,1023.2791666666666,traffic_signals,secondary
42441955,2024-12-16,40.8276981,-73.9513637,3,0,2.0,,1,0,0.0,0.0,0.0,0.0,0.0,51,-0.1416105093871293,0.9899224533422392,3.407142857142857,26.6,65.35119047619048,30.0,1023.2791666666666,missing,secondary
42441956,2024-12-16,40.8283175,-73.9509088,3,1,2.0,,1,0,0.0,0.0,0.0,0.0,0.0,51,-0.1416105093871293,0.9899224533422392,3.407142857142857,26.6,65.35119047619048,30.0,1023.2791666666666,traffic_signals,secondary
42442107,2024-12-16,40.7054413,-74.0080313,3,0,1.0,20.0,1,0,0.0,0.0,0.0,0.0,0.0,50,-0.1416105093871293,0.9899224533422392,3.407142857142857,26.6,65.35119047619048,30.0,1023.2791666666666,missing,residential
42442123,2024-12-16,40.8051509,-73.9452617,3,0,,,1,0,1.0,1.0,1.0,0.0,0.0,2,-0.1416105093871293,0.9899224533422392,3.407142857142857,26.6,65.35119047619048,30.0,1023.2791666666666,missing,residential
42442128,2024-12-16,40.8064044,-73.9443406,3,0,2.0,,1,0,0.0,1.0,0.0,0.0,0.0,4,-0.1416105093871293,0.9899224533422392,3.407142857142857,26.6,65.35119047619048,30.0,1023.2791666666666,missing,residential
42442230,2024-12-16,40.7213148,-73.9947014,4,1,1.0,25.0,1,0,0.0,0.0,0.0,0.0,0.0,12,-0.1416105093871293,0.9899224533422392,3.407142857142857,26.6,65.35119047619048,30.0,1023.2791666666666,traffic_signals,residential
42442247,2024-12-16,40.7222994,-73.9971193,5,0,2.0,25.0,1,0,0.0,0.0,0.0,0.0,0.0,14,-0.1416105093871293,0.9899224533422392,3.407142857142857,26.6,65.35119047619048,30.0,1023.2791666666666,missing,secondary
42442255,2024-12-16,40.7226691,-73.9979746,4,1,,25.0,1,0,0.0,1.0,0.0,1.0,0.0,7,-0.1416105093871293,0.9899224533422392,3.407142857142857,26.6,65.35119047619048,30.0,1023.2791666666666,traffic_signals,residential
42442269,2024-12-16,40.723423,-73.999609,4,1,1.0,25.0,1,0,0.0,0.0,0.0,0.0,0.0,51,-0.1416105093871293,0.9899224533422392,3.407142857142857,26.6,65.35119047619048,30.0,1023.2791666666666,traffic_signals,residential
42442273,2024-12-16,40.723795,-74.000367,4,1,1.0,25.0,1,0,0.0,0.0,0.0,0.0,0.0,8,-0.1416105093871293,0.9899224533422392,3.407142857142857,26.6,65.35119047619048,30.0,1023.2791666666666,traffic_signals,residential
42442276,2024-12-16,40.7245552,-74.0019395,3,1,2.0,25.0,1,0,0.0,0.0,0.0,0.0,0.0,14,-0.1416105093871293,0.9899224533422392,3.407142857142857,26.6,65.35119047619048,30.0,1023.2791666666666,traffic_signals,residential
42442286,2024-12-16,40.7256753,-74.0057082,4,1,2.0,25.0,1,0,1.0,3.0,1.0,0.0,0.0,3,-0.1416105093871293,0.9899224533422392,3.407142857142857,26.6,65.35119047619048,30.0,1023.2791666666666,traffic_signals,secondary
42442288,2024-12-16,40.7259304,-74.0083464,3,0,1.0,25.0,1,0,0.0,1.0,0.0,0.0,0.0,5,-0.1416105093871293,0.9899224533422392,3.407142857142857,26.6,65.35119047619048,30.0,1023.2791666666666,missing,residential
42442291,2024-12-16,40.7260802,-74.0099122,4,0,2.0,25.0,1,0,0.0,0.0,0.0,0.0,0.0,51,-0.1416105093871293,0.9899224533422392,3.407142857142857,26.6,65.35119047619048,30.0,1023.2791666666666,missing,residential
42442294,2024-12-16,40.7261761,-74.0108723,3,0,5.0,30.0,1,0,0.0,0.0,0.0,0.0,0.0,34,-0.1416105093871293,0.9899224533422392,3.407142857142857,26.6,65.35119047619048,30.0,1023.2791666666666,missing,trunk
42442384,2024-12-16,40.8538229,-73.9363632,3,0,,20.0,0,0,1.0,1.0,0.0,0.0,0.0,3,-0.1416105093871293,0.9899224533422392,3.407142857142857,26.6,65.35119047619048,30.0,1023.2791666666666,missing,tertiary
42442410,2024-12-16,40.7735306,-73.9853181,3,1,3.0,25.0,1,1,1.0,1.0,0.0,0.0,0.0,0,-0.1416105093871293,0.9899224533422392,3.407142857142857,26.6,65.35119047619048,30.0,1023.2791666666666,traffic_signals,primary
42442415,2024-12-16,40.7741641,-73.9848524,4,1,3.0,25.0,1,2,2.0,2.0,2.0,1.0,0.0,0,-0.1416105093871293,0.9899224533422392,3.407142857142857,26.6,65.35119047619048,30.0,1023.2791666666666,traffic_signals,primary
42442417,2024-12-16,40.77604,-73.9834857,3,1,3.0,25.0,1,0,0.0,1.0,0.0,0.0,0.0,6,-0.1416105093871293,0.9899224533422392,3.407142857142857,26.6,65.35119047619048,30.0,1023.2791666666666,traffic_signals,primary
42442422,2024-12-16,40.7772886,-73.9825693,4,1,3.0,25.0,1,0,0.0,0.0,0.0,0.0,0.0,20,-0.1416105093871293,0.9899224533422392,3.407142857142857,26.6,65.35119047619048,30.0,1023.2791666666666,traffic_signals,primary
42442445,2024-12-16,40.7799206,-73.9806592,4,1,3.0,,1,0,0.0,0.0,0.0,0.0,0.0,16,-0.1416105093871293,0.9899224533422392,3.407142857142857,26.6,65.35119047619048,30.0,1023.2791666666666,traffic_signals,primary
42442451,2024-12-16,40.780561,-73.98021,4,1,3.0,,1,0,0.0,0.0,0.0,0.0,0.0,9,-0.1416105093871293,0.9899224533422392,3.407142857142857,26.6,65.35119047619048,30.0,1023.2791666666666,traffic_signals,primary
42442459,2024-12-16,40.7811846,-73.9797549,4,1,3.0,,1,0,0.0,1.0,0.0,0.0,0.0,7,-0.1416105093871293,0.9899224533422392,3.407142857142857,26.6,65.35119047619048,30.0,1023.2791666666666,traffic_signals,primary
42442463,2024-12-16,40.7831527,-73.9783277,4,1,4.0,25.0,1,0,0.0,2.0,0.0,1.0,0.0,6,-0.1416105093871293,0.9899224533422392,3.407142857142857,26.6,65.35119047619048,30.0,1023.2791666666666,traffic_signals,primary
42442469,2024-12-16,40.7844692,-73.9773536,4,1,3.0,25.0,1,0,0.0,0.0,0.0,0.0,0.0,51,-0.1416105093871293,0.9899224533422392,3.407142857142857,26.6,65.35119047619048,30.0,1023.2791666666666,traffic_signals,primary
42442475,2024-12-16,40.7870011,-73.9755093,4,1,3.0,25.0,1,0,0.0,1.0,0.0,1.0,0.0,4,-0.1416105093871293,0.9899224533422392,3.407142857142857,26.6,65.35119047619048,30.0,1023.2791666666666,traffic_signals,primary
42442480,2024-12-16,40.7876861,-73.9750103,4,1,4.0,25.0,1,0,0.0,1.0,0.0,0.0,0.0,4,-0.1416105093871293,0.9899224533422392,3.407142857142857,26.6,65.35119047619048,30.0,1023.2791666666666,traffic_signals,primary
42442492,2024-12-16,40.7908816,-73.9726774,4,1,3.0,5.0,1,0,1.0,1.0,0.0,0.0,0.0,2,-0.1416105093871293,0.9899224533422392,3.407142857142857,26.6,65.35119047619048,30.0,1023.2791666666666,traffic_signals,primary
42442502,2024-12-16,40.7915049,-73.9722334,4,1,3.0,,1,0,0.0,0.0,0.0,0.0,0.0,51,-0.1416105093871293,0.9899224533422392,3.407142857142857,26.6,65.35119047619048,30.0,1023.2791666666666,traffic_signals,primary
42442514,2024-12-16,40.7921309,-73.9717771,4,1,3.0,,1,0,0.0,0.0,0.0,0.0,0.0,51,-0.1416105093871293,0.9899224533422392,3.407142857142857,26.6,65.35119047619048,30.0,1023.2791666666666,traffic_signals,primary
42442528,2024-12-16,40.7933852,-73.9708683,4,1,3.0,,1,0,1.0,2.0,0.0,0.0,0.0,1,-0.1416105093871293,0.9899224533422392,3.407142857142857,26.6,65.35119047619048,30.0,1023.2791666666666,traffic_signals,primary
42442534,2024-12-16,40.7940644,-73.9703681,4,1,6.0,25.0,1,0,0.0,1.0,0.0,1.0,0.0,5,-0.1416105093871293,0.9899224533422392,3.407142857142857,26.6,65.35119047619048,30.0,1023.2791666666666,traffic_signals,primary
42442542,2024-12-16,40.7947346,-73.9698719,4,1,3.0,25.0,1,0,0.0,1.0,0.0,0.0,0.0,5,-0.1416105093871293,0.9899224533422392,3.407142857142857,26.6,65.35119047619048,30.0,1023.2791666666666,traffic_signals,primary
42442549,2024-12-16,40.7959832,-73.9689386,3,1,3.0,25.0,1,0,0.0,0.0,0.0,0.0,0.0,10,-0.1416105093871293,0.9899224533422392,3.407142857142857,26.6,65.35119047619048,30.0,1023.2791666666666,traffic_signals,primary
42442552,2024-12-16,40.7966412,-73.9684577,4,1,3.0,25.0,1,1,1.0,2.0,0.0,0.0,1.0,0,-0.1416105093871293,0.9899224533422392,3.407142857142857,26.6,65.35119047619048,30.0,1023.2791666666666,traffic_signals,primary
42442555,2024-12-16,40.7972412,-73.9680189,3,1,3.0,25.0,1,0,0.0,0.0,0.0,0.0,0.0,51,-0.1416105093871293,0.9899224533422392,3.407142857142857,26.6,65.35119047619048,30.0,1023.2791666666666,traffic_signals,primary
42442557,2024-12-16,40.7978705,-73.9675624,4,1,3.0,25.0,1,0,0.0,0.0,0.0,0.0,0.0,51,-0.1416105093871293,0.9899224533422392,3.407142857142857,26.6,65.35119047619048,30.0,1023.2791666666666,traffic_signals,primary
42442559,2024-12-16,40.7985077,-73.9671272,3,1,3.0,25.0,1,0,0.0,0.0,0.0,0.0,0.0,51,-0.1416105093871293,0.9899224533422392,3.407142857142857,26.6,65.35119047619048,30.0,1023.2791666666666,traffic_signals,primary
42442561,2024-12-16,40.7991346,-73.9666553,4,1,3.0,25.0,1,0,0.0,0.0,0.0,0.0,0.0,22,-0.1416105093871293,0.9899224533422392,3.407142857142857,26.6,65.35119047619048,30.0,1023.2791666666666,traffic_signals,primary
42442565,2024-12-16,40.8017333,-73.9647404,4,1,3.0,,1,2,2.0,2.0,1.0,0.0,0.0,0,-0.1416105093871293,0.9899224533422392,3.407142857142857,26.6,65.35119047619048,30.0,1023.2791666666666,traffic_signals,primary
42442567,2024-12-16,40.8023702,-73.9642763,4,1,3.0,25.0,1,0,0.0,0.0,0.0,0.0,0.0,37,-0.1416105093871293,0.9899224533422392,3.407142857142857,26.6,65.35119047619048,30.0,1023.2791666666666,traffic_signals,primary
42442569,2024-12-16,40.8029617,-73.963849,4,1,4.0,25.0,1,0,0.0,0.0,0.0,0.0,0.0,51,-0.1416105093871293,0.9899224533422392,3.407142857142857,26.6,65.35119047619048,30.0,1023.2791666666666,traffic_signals,primary
42442571,2024-12-16,40.8036319,-73.9633898,3,1,4.0,,1,0,0.0,0.0,0.0,0.0,0.0,14,-0.1416105093871293,0.9899224533422392,3.407142857142857,26.6,65.35119047619048,30.0,1023.2791666666666,traffic_signals,secondary
42442575,2024-12-16,40.8061528,-73.9615515,3,1,3.0,,1,1,1.0,1.0,0.0,0.0,0.0,0,-0.1416105093871293,0.9899224533422392,3.407142857142857,26.6,65.35119047619048,30.0,1023.2791666666666,traffic_signals,secondary
42442577,2024-12-16,40.8081275,-73.960109,3,1,3.0,,1,0,0.0,0.0,0.0,0.0,0.0,29,-0.1416105093871293,0.9899224533422392,3.407142857142857,26.6,65.35119047619048,30.0,1023.2791666666666,traffic_signals,secondary
42442578,2024-12-16,40.8087553,-73.9596506,3,0,3.0,,1,0,0.0,0.0,0.0,0.0,0.0,14,-0.1416105093871293,0.9899224533422392,3.407142857142857,26.6,65.35119047619048,30.0,1023.2791666666666,missing,secondary
42442584,2024-12-16,40.8133809,-73.9562717,4,1,5.0,25.0,0,0,1.0,2.0,1.0,0.0,2.0,3,-0.1416105093871293,0.9899224533422392,3.407142857142857,26.6,65.35119047619048,30.0,1023.2791666666666,traffic_signals,primary
42442586,2024-12-16,40.8141405,-73.9556965,4,1,3.0,,1,0,0.0,0.0,0.0,0.0,0.0,8,-0.1416105093871293,0.9899224533422392,3.407142857142857,26.6,65.35119047619048,30.0,1023.2791666666666,traffic_signals,secondary
42442589,2024-12-16,40.8144827,-73.9554444,3,1,3.0,,0,0,0.0,0.0,0.0,0.0,0.0,51,-0.1416105093871293,0.9899224533422392,3.407142857142857,26.6,65.35119047619048,30.0,1023.2791666666666,traffic_signals,secondary
42442592,2024-12-16,40.8151098,-73.9550004,4,1,3.0,,1,0,0.0,0.0,0.0,0.0,0.0,11,-0.1416105093871293,0.9899224533422392,3.407142857142857,26.6,65.35119047619048,30.0,1023.2791666666666,traffic_signals,secondary
42442596,2024-12-16,40.8157354,-73.9545419,3,1,,,0,0,0.0,0.0,0.0,0.0,0.0,22,-0.1416105093871293,0.9899224533422392,3.407142857142857,26.6,65.35119047619048,30.0,1023.2791666666666,traffic_signals,secondary
42442604,2024-12-16,40.8195669,-73.9517315,3,1,,,1,0,0.0,0.0,0.0,0.0,0.0,51,-0.1416105093871293,0.9899224533422392,3.407142857142857,26.6,65.35119047619048,30.0,1023.2791666666666,traffic_signals,secondary
42442609,2024-12-16,40.8214397,-73.9503643,3,1,,,1,0,0.0,0.0,0.0,0.0,0.0,17,-0.1416105093871293,0.9899224533422392,3.407142857142857,26.6,65.35119047619048,30.0,1023.2791666666666,traffic_signals,secondary
42442613,2024-12-16,40.8226821,-73.9494564,4,1,,,1,0,0.0,0.0,0.0,0.0,0.0,38,-0.1416105093871293,0.9899224533422392,3.407142857142857,26.6,65.35119047619048,30.0,1023.2791666666666,traffic_signals,secondary
42442618,2024-12-16,40.8239409,-73.9485422,4,1,,,1,0,1.0,1.0,1.0,0.0,0.0,3,-0.1416105093871293,0.9899224533422392,3.407142857142857,26.6,65.35119047619048,30.0,1023.2791666666666,traffic_signals,secondary
42442621,2024-12-16,40.8245499,-73.9480922,4,1,3.0,,1,0,0.0,2.0,0.0,1.0,0.0,5,-0.1416105093871293,0.9899224533422392,3.407142857142857,26.6,65.35119047619048,30.0,1023.2791666666666,traffic_signals,secondary
42442625,2024-12-16,40.825901,-73.9471053,4,1,3.0,,1,0,0.0,0.0,0.0,0.0,0.0,45,-0.1416105093871293,0.9899224533422392,3.407142857142857,26.6,65.35119047619048,30.0,1023.2791666666666,traffic_signals,secondary
42442628,2024-12-16,40.8265263,-73.9466483,4,1,3.0,,1,0,0.0,0.0,0.0,0.0,0.0,30,-0.1416105093871293,0.9899224533422392,3.407142857142857,26.6,65.35119047619048,30.0,1023.2791666666666,traffic_signals,secondary
42442635,2024-12-16,40.8283947,-73.9452839,4,1,3.0,,1,0,0.0,1.0,0.0,0.0,0.0,5,-0.1416105093871293,0.9899224533422392,3.407142857142857,26.6,65.35119047619048,30.0,1023.2791666666666,traffic_signals,secondary
42442638,2024-12-16,40.8290195,-73.9448276,4,1,3.0,,1,0,0.0,1.0,0.0,0.0,0.0,5,-0.1416105093871293,0.9899224533422392,3.407142857142857,26.6,65.35119047619048,30.0,1023.2791666666666,traffic_signals,secondary
42442642,2024-12-16,40.8296401,-73.9443743,4,1,,,1,0,0.0,0.0,0.0,0.0,0.0,51,-0.1416105093871293,0.9899224533422392,3.407142857142857,26.6,65.35119047619048,30.0,1023.2791666666666,traffic_signals,secondary
42442645,2024-12-16,40.8302699,-73.9439142,4,1,,,1,0,0.0,0.0,0.0,0.0,0.0,20,-0.1416105093871293,0.9899224533422392,3.407142857142857,26.6,65.35119047619048,30.0,1023.2791666666666,traffic_signals,secondary
42442651,2024-12-16,40.8315742,-73.9429722,4,1,4.0,25.0,0,0,2.0,5.0,1.0,0.0,0.0,3,-0.1416105093871293,0.9899224533422392,3.407142857142857,26.6,65.35119047619048,30.0,1023.2791666666666,traffic_signals,primary
42442656,2024-12-16,40.8328806,-73.9420072,4,1,,,1,1,2.0,2.0,1.0,0.0,1.0,0,-0.1416105093871293,0.9899224533422392,3.407142857142857,26.6,65.35119047619048,30.0,1023.2791666666666,traffic_signals,secondary
42442659,2024-12-16,40.8334829,-73.9415672,4,1,,,1,0,0.0,0.0,0.0,0.0,0.0,14,-0.1416105093871293,0.9899224533422392,3.407142857142857,26.6,65.35119047619048,30.0,1023.2791666666666,traffic_signals,secondary
42442664,2024-12-16,40.8347248,-73.9406514,4,1,4.0,,1,0,0.0,0.0,0.0,0.0,0.0,8,-0.1416105093871293,0.9899224533422392,3.407142857142857,26.6,65.35119047619048,30.0,1023.2791666666666,traffic_signals,secondary
42442671,2024-12-16,40.8353595,-73.9401964,4,1,4.0,,1,0,0.0,0.0,0.0,0.0,0.0,9,-0.1416105093871293,0.9899224533422392,3.407142857142857,26.6,65.35119047619048,30.0,1023.2791666666666,traffic_signals,secondary
42442684,2024-12-16,40.8365752,-73.9393372,4,1,2.0,,1,0,0.0,0.0,0.0,0.0,0.0,51,-0.1416105093871293,0.9899224533422392,3.407142857142857,26.6,65.35119047619048,30.0,1023.2791666666666,traffic_signals,secondary
42442697,2024-12-16,40.8372351,-73.9388597,4,1,4.0,,1,0,0.0,1.0,0.0,0.0,0.0,7,-0.1416105093871293,0.9899224533422392,3.407142857142857,26.6,65.35119047619048,30.0,1023.2791666666666,traffic_signals,secondary
42442702,2024-12-16,40.8384866,-73.937912,3,0,4.0,,1,0,0.0,0.0,0.0,0.0,0.0,32,-0.1416105093871293,0.9899224533422392,3.407142857142857,26.6,65.35119047619048,30.0,1023.2791666666666,missing,secondary
42442703,2024-12-16,40.8386821,-73.9377692,3,1,4.0,,1,0,0.0,0.0,0.0,0.0,0.0,51,-0.1416105093871293,0.9899224533422392,3.407142857142857,26.6,65.35119047619048,30.0,1023.2791666666666,traffic_signals,secondary
42442710,2024-12-16,40.839864,-73.9369058,4,1,5.0,,1,0,0.0,1.0,0.0,0.0,1.0,7,-0.1416105093871293,0.9899224533422392,3.407142857142857,26.6,65.35119047619048,30.0,1023.2791666666666,traffic_signals,secondary
42442717,2024-12-16,40.8404789,-73.9364566,3,1,3.0,,1,0,0.0,0.0,0.0,0.0,0.0,19,-0.1416105093871293,0.9899224533422392,3.407142857142857,26.6,65.35119047619048,30.0,1023.2791666666666,traffic_signals,secondary
42442722,2024-12-16,40.8423037,-73.9351235,3,1,3.0,,1,0,0.0,0.0,0.0,0.0,0.0,9,-0.1416105093871293,0.9899224533422392,3.407142857142857,26.6,65.35119047619048,30.0,1023.2791666666666,traffic_signals,secondary
42442723,2024-12-16,40.843582,-73.9342105,3,1,4.0,,1,0,1.0,1.0,0.0,0.0,0.0,3,-0.1416105093871293,0.9899224533422392,3.407142857142857,26.6,65.35119047619048,30.0,1023.2791666666666,traffic_signals,secondary
42442728,2024-12-16,40.8455443,-73.9327756,3,1,4.0,,1,0,1.0,1.0,1.0,0.0,0.0,1,-0.1416105093871293,0.9899224533422392,3.407142857142857,26.6,65.35119047619048,30.0,1023.2791666666666,traffic_signals,secondary
42442733,2024-12-16,40.8468056,-73.9318532,3,1,4.0,25.0,1,0,1.0,4.0,0.0,0.0,0.0,1,-0.1416105093871293,0.9899224533422392,3.407142857142857,26.6,65.35119047619048,30.0,1023.2791666666666,traffic_signals,secondary
42442734,2024-12-16,40.8481359,-73.9308802,5,1,5.0,25.0,1,1,2.0,6.0,0.0,0.0,0.0,0,-0.1416105093871293,0.9899224533422392,3.407142857142857,26.6,65.35119047619048,30.0,1023.2791666666666,traffic_signals,primary
42442738,2024-12-16,40.8484968,-73.9306162,3,0,4.0,,0,0,0.0,0.0,0.0,0.0,0.0,51,-0.1416105093871293,0.9899224533422392,3.407142857142857,26.6,65.35119047619048,30.0,1023.2791666666666,missing,secondary
42442741,2024-12-16,40.8486982,-73.9304689,3,1,4.0,,1,0,0.0,0.0,0.0,0.0,0.0,51,-0.1416105093871293,0.9899224533422392,3.407142857142857,26.6,65.35119047619048,30.0,1023.2791666666666,traffic_signals,secondary
42442745,2024-12-16,40.8499179,-73.9296368,3,0,2.0,,1,0,0.0,0.0,0.0,0.0,0.0,13,-0.1416105093871293,0.9899224533422392,3.407142857142857,26.6,65.35119047619048,30.0,1023.2791666666666,missing,secondary
42442755,2024-12-16,40.851193,-73.9286543,4,1,3.0,25.0,1,0,0.0,1.0,0.0,0.0,0.0,7,-0.1416105093871293,0.9899224533422392,3.407142857142857,26.6,65.35119047619048,30.0,1023.2791666666666,traffic_signals,secondary
42442764,2024-12-16,40.8524955,-73.9276972,4,1,3.0,25.0,1,0,0.0,0.0,0.0,0.0,0.0,9,-0.1416105093871293,0.9899224533422392,3.407142857142857,26.6,65.35119047619048,30.0,1023.2791666666666,traffic_signals,secondary
42442766,2024-12-16,40.8531188,-73.927239,3,1,3.0,25.0,1,1,1.0,1.0,0.0,0.0,0.0,0,-0.1416105093871293,0.9899224533422392,3.407142857142857,26.6,65.35119047619048,30.0,1023.2791666666666,traffic_signals,secondary
42442770,2024-12-16,40.8537179,-73.9268061,3,1,2.0,25.0,1,0,0.0,0.0,0.0,0.0,0.0,32,-0.1416105093871293,0.9899224533422392,3.407142857142857,26.6,65.35119047619048,30.0,1023.2791666666666,traffic_signals,secondary
42442788,2024-12-16,40.7190823,-73.9763832,4,0,2.0,25.0,1,0,0.0,0.0,0.0,0.0,0.0,49,-0.1416105093871293,0.9899224533422392,3.407142857142857,26.6,65.35119047619048,30.0,1023.2791666666666,missing,primary
42442836,2024-12-16,40.723793,-73.9912412,3,0,3.0,25.0,1,0,0.0,0.0,0.0,0.0,0.0,51,-0.1416105093871293,0.9899224533422392,3.407142857142857,26.6,65.35119047619048,30.0,1023.2791666666666,missing,primary
42442838,2024-12-16,40.7241092,-73.9909579,3,0,4.0,25.0,1,0,0.0,0.0,0.0,0.0,0.0,51,-0.1416105093871293,0.9899224533422392,3.407142857142857,26.6,65.35119047619048,30.0,1023.2791666666666,missing,primary
42442842,2024-12-16,40.7242862,-73.990829,4,1,4.0,25.0,1,0,1.0,1.0,1.0,0.0,1.0,3,-0.1416105093871293,0.9899224533422392,3.407142857142857,26.6,65.35119047619048,30.0,1023.2791666666666,traffic_signals,primary
42442843,2024-12-16,40.7249299,-73.9903454,4,1,3.0,25.0,1,0,0.0,1.0,0.0,0.0,0.0,4,-0.1416105093871293,0.9899224533422392,3.407142857142857,26.6,65.35119047619048,30.0,1023.2791666666666,traffic_signals,primary
42442848,2024-12-16,40.726188,-73.989429,4,1,3.0,25.0,1,0,1.0,1.0,3.0,0.0,0.0,3,-0.1416105093871293,0.9899224533422392,3.407142857142857,26.6,65.35119047619048,30.0,1023.2791666666666,traffic_signals,primary
42442850,2024-12-16,40.7267997,-73.9889783,4,1,3.0,25.0,1,0,0.0,0.0,0.0,0.0,0.0,19,-0.1416105093871293,0.9899224533422392,3.407142857142857,26.6,65.35119047619048,30.0,1023.2791666666666,traffic_signals,primary
42442851,2024-12-16,40.7274076,-73.9885349,4,1,3.0,25.0,1,0,0.0,0.0,0.0,0.0,0.0,26,-0.1416105093871293,0.9899224533422392,3.407142857142857,26.6,65.35119047619048,30.0,1023.2791666666666,traffic_signals,primary
42442857,2024-12-16,40.7292016,-73.9872326,4,0,3.0,25.0,1,0,2.0,3.0,2.0,2.0,1.0,1,-0.1416105093871293,0.9899224533422392,3.407142857142857,26.6,65.35119047619048,30.0,1023.2791666666666,missing,primary
42442889,2024-12-16,40.7378893,-73.9809116,4,1,5.0,25.0,1,1,6.0,6.0,2.0,0.0,1.0,0,-0.1416105093871293,0.9899224533422392,3.407142857142857,26.6,65.35119047619048,30.0,1023.2791666666666,traffic_signals,primary
42442891,2024-12-16,40.7391809,-73.9799749,4,1,4.0,25.0,1,0,0.0,2.0,0.0,1.0,0.0,4,-0.1416105093871293,0.9899224533422392,3.407142857142857,26.6,65.35119047619048,30.0,1023.2791666666666,traffic_signals,primary
42442895,2024-12-16,40.7404187,-73.979088,3,1,5.0,25.0,1,0,0.0,0.0,0.0,0.0,0.0,9,-0.1416105093871293,0.9899224533422392,3.407142857142857,26.6,65.35119047619048,30.0,1023.2791666666666,traffic_signals,primary
42442898,2024-12-16,40.741043,-73.9786424,3,1,4.0,25.0,1,0,0.0,0.0,0.0,0.0,0.0,8,-0.1416105093871293,0.9899224533422392,3.407142857142857,26.6,65.35119047619048,30.0,1023.2791666666666,traffic_signals,primary
42442902,2024-12-16,40.7422741,-73.9777196,4,1,5.0,25.0,1,0,0.0,2.0,0.0,1.0,0.0,4,-0.1416105093871293,0.9899224533422392,3.407142857142857,26.6,65.35119047619048,30.0,1023.2791666666666,traffic_signals,primary
42442906,2024-12-16,40.7428905,-73.9772763,3,1,5.0,25.0,1,0,0.0,0.0,0.0,0.0,0.0,20,-0.1416105093871293,0.9899224533422392,3.407142857142857,26.6,65.35119047619048,30.0,1023.2791666666666,traffic_signals,primary
42442910,2024-12-16,40.7435047,-73.9768235,3,1,4.0,25.0,1,0,0.0,0.0,0.0,0.0,0.0,14,-0.1416105093871293,0.9899224533422392,3.407142857142857,26.6,65.35119047619048,30.0,1023.2791666666666,traffic_signals,primary
42442913,2024-12-16,40.7441114,-73.9763847,4,1,4.0,25.0,1,0,0.0,0.0,0.0,0.0,0.0,9,-0.1416105093871293,0.9899224533422392,3.407142857142857,26.6,65.35119047619048,30.0,1023.2791666666666,traffic_signals,primary
42442918,2024-12-16,40.7466849,-73.9744963,4,1,6.0,25.0,1,0,0.0,1.0,0.0,0.0,0.0,7,-0.1416105093871293,0.9899224533422392,3.407142857142857,26.6,65.35119047619048,30.0,1023.2791666666666,traffic_signals,primary
42442931,2024-12-16,40.7472945,-73.974055,4,1,6.0,25.0,1,0,1.0,1.0,1.0,1.0,0.0,2,-0.1416105093871293,0.9899224533422392,3.407142857142857,26.6,65.35119047619048,30.0,1023.2791666666666,traffic_signals,primary
42442933,2024-12-16,40.7479353,-73.9735914,4,1,6.0,25.0,1,0,0.0,1.0,0.0,0.0,0.0,6,-0.1416105093871293,0.9899224533422392,3.407142857142857,26.6,65.35119047619048,30.0,1023.2791666666666,traffic_signals,primary
42442935,2024-12-16,40.7485484,-73.9731474,4,1,6.0,25.0,1,0,1.0,4.0,1.0,2.0,1.0,2,-0.1416105093871293,0.9899224533422392,3.407142857142857,26.6,65.35119047619048,30.0,1023.2791666666666,traffic_signals,primary
42442937,2024-12-16,40.7498334,-73.9721997,4,0,5.0,25.0,1,0,2.0,2.0,1.0,0.0,0.0,1,-0.1416105093871293,0.9899224533422392,3.407142857142857,26.6,65.35119047619048,30.0,1023.2791666666666,missing,primary
42442939,2024-12-16,40.7505017,-73.9717073,4,1,5.0,25.0,1,0,0.0,0.0,0.0,0.0,0.0,15,-0.1416105093871293,0.9899224533422392,3.407142857142857,26.6,65.35119047619048,30.0,1023.2791666666666,traffic_signals,primary
42442943,2024-12-16,40.751122,-73.971263,4,1,4.0,25.0,1,0,0.0,0.0,0.0,0.0,0.0,12,-0.1416105093871293,0.9899224533422392,3.407142857142857,26.6,65.35119047619048,30.0,1023.2791666666666,traffic_signals,primary
42442947,2024-12-16,40.7517476,-73.9708043,4,1,4.0,25.0,1,0,1.0,3.0,1.0,2.0,0.0,1,-0.1416105093871293,0.9899224533422392,3.407142857142857,26.6,65.35119047619048,30.0,1023.2791666666666,traffic_signals,primary
42442948,2024-12-16,40.7529981,-73.969891,4,1,3.0,25.0,1,0,1.0,1.0,1.0,0.0,0.0,3,-0.1416105093871293,0.9899224533422392,3.407142857142857,26.6,65.35119047619048,30.0,1023.2791666666666,traffic_signals,primary
42442949,2024-12-16,40.753624,-73.969431,4,1,4.0,25.0,1,0,0.0,1.0,0.0,0.0,0.0,4,-0.1416105093871293,0.9899224533422392,3.407142857142857,26.6,65.35119047619048,30.0,1023.2791666666666,traffic_signals,primary
42442952,2024-12-16,40.754877,-73.96852,4,1,4.0,25.0,1,0,1.0,1.0,1.0,0.0,1.0,1,-0.1416105093871293,0.9899224533422392,3.407142857142857,26.6,65.35119047619048,30.0,1023.2791666666666,traffic_signals,primary
42442955,2024-12-16,40.7561457,-73.9676181,4,1,4.0,25.0,1,0,2.0,2.0,1.0,0.0,1.0,1,-0.1416105093871293,0.9899224533422392,3.407142857142857,26.6,65.35119047619048,30.0,1023.2791666666666,traffic_signals,primary
42442957,2024-12-16,40.757381,-73.966702,4,1,4.0,25.0,1,0,0.0,1.0,0.0,0.0,0.0,4,-0.1416105093871293,0.9899224533422392,3.407142857142857,26.6,65.35119047619048,30.0,1023.2791666666666,traffic_signals,primary
42442959,2024-12-16,40.7580289,-73.9662476,4,1,5.0,25.0,1,0,0.0,1.0,0.0,0.0,0.0,6,-0.1416105093871293,0.9899224533422392,3.407142857142857,26.6,65.35119047619048,30.0,1023.2791666666666,traffic_signals,primary
42442960,2024-12-16,40.758647,-73.9657958,4,1,5.0,25.0,1,0,0.0,0.0,0.0,0.0,0.0,11,-0.1416105093871293,0.9899224533422392,3.407142857142857,26.6,65.35119047619048,30.0,1023.2791666666666,traffic_signals,primary
42442961,2024-12-16,40.7599916,-73.9648028,4,1,5.0,25.0,1,0,1.0,4.0,0.0,2.0,1.0,2,-0.1416105093871293,0.9899224533422392,3.407142857142857,26.6,65.35119047619048,30.0,1023.2791666666666,traffic_signals,primary
42442963,2024-12-16,40.7624971,-73.9629831,4,1,5.0,25.0,1,0,1.0,1.0,0.0,0.0,0.0,2,-0.1416105093871293,0.9899224533422392,3.407142857142857,26.6,65.35119047619048,30.0,1023.2791666666666,traffic_signals,primary
42442977,2024-12-16,40.7643672,-73.9616072,4,1,5.0,25.0,1,0,1.0,1.0,0.0,0.0,0.0,2,-0.1416105093871293,0.9899224533422392,3.407142857142857,26.6,65.35119047619048,30.0,1023.2791666666666,traffic_signals,primary
42442983,2024-12-16,40.7649919,-73.9611441,4,1,4.0,25.0,1,0,0.0,0.0,0.0,0.0,0.0,19,-0.1416105093871293,0.9899224533422392,3.407142857142857,26.6,65.35119047619048,30.0,1023.2791666666666,traffic_signals,primary
42443000,2024-12-16,40.7668715,-73.9597829,4,1,5.0,25.0,1,0,0.0,0.0,0.0,0.0,0.0,42,-0.1416105093871293,0.9899224533422392,3.407142857142857,26.6,65.35119047619048,30.0,1023.2791666666666,traffic_signals,primary
42443009,2024-12-16,40.7681385,-73.9588757,4,1,5.0,25.0,1,0,0.0,0.0,0.0,0.0,0.0,13,-0.1416105093871293,0.9899224533422392,3.407142857142857,26.6,65.35119047619048,30.0,1023.2791666666666,traffic_signals,primary
42443020,2024-12-16,40.7714057,-73.956491,4,1,5.0,25.0,1,0,0.0,1.0,0.0,0.0,0.0,4,-0.1416105093871293,0.9899224533422392,3.407142857142857,26.6,65.35119047619048,30.0,1023.2791666666666,traffic_signals,primary
42443024,2024-12-16,40.7720395,-73.9560266,4,1,5.0,25.0,1,0,0.0,0.0,0.0,0.0,0.0,36,-0.1416105093871293,0.9899224533422392,3.407142857142857,26.6,65.35119047619048,30.0,1023.2791666666666,traffic_signals,primary
42443027,2024-12-16,40.7733539,-73.9550691,4,1,5.0,25.0,1,0,1.0,1.0,0.0,0.0,0.0,2,-0.1416105093871293,0.9899224533422392,3.407142857142857,26.6,65.35119047619048,30.0,1023.2791666666666,traffic_signals,primary
42443029,2024-12-16,40.774666,-73.9540995,4,1,4.0,25.0,1,0,0.0,0.0,0.0,0.0,0.0,15,-0.1416105093871293,0.9899224533422392,3.407142857142857,26.6,65.35119047619048,30.0,1023.2791666666666,traffic_signals,primary
42443032,2024-12-16,40.7759238,-73.9531654,4,1,5.0,25.0,1,0,0.0,0.0,0.0,0.0,0.0,10,-0.1416105093871293,0.9899224533422392,3.407142857142857,26.6,65.35119047619048,30.0,1023.2791666666666,traffic_signals,primary
42443037,2024-12-16,40.7771941,-73.9522399,4,1,4.0,25.0,1,0,1.0,1.0,0.0,0.0,0.0,1,-0.1416105093871293,0.9899224533422392,3.407142857142857,26.6,65.35119047619048,30.0,1023.2791666666666,traffic_signals,primary
42443040,2024-12-16,40.778551,-73.951248,4,1,3.0,25.0,1,0,2.0,2.0,0.0,0.0,0.0,3,-0.1416105093871293,0.9899224533422392,3.407142857142857,26.6,65.35119047619048,30.0,1023.2791666666666,traffic_signals,primary
42443042,2024-12-16,40.7791759,-73.9507943,4,1,4.0,25.0,1,0,2.0,2.0,0.0,0.0,0.0,1,-0.1416105093871293,0.9899224533422392,3.407142857142857,26.6,65.35119047619048,30.0,1023.2791666666666,traffic_signals,primary
42443044,2024-12-16,40.7804348,-73.9498809,4,1,4.0,25.0,1,0,1.0,1.0,0.0,0.0,0.0,2,-0.1416105093871293,0.9899224533422392,3.407142857142857,26.6,65.35119047619048,30.0,1023.2791666666666,traffic_signals,primary
42443046,2024-12-16,40.7810699,-73.9494125,3,1,4.0,25.0,1,0,0.0,0.0,0.0,0.0,0.0,18,-0.1416105093871293,0.9899224533422392,3.407142857142857,26.6,65.35119047619048,30.0,1023.2791666666666,traffic_signals,primary
42443048,2024-12-16,40.7816881,-73.9489622,4,1,4.0,25.0,1,0,0.0,1.0,0.0,1.0,0.0,4,-0.1416105093871293,0.9899224533422392,3.407142857142857,26.6,65.35119047619048,30.0,1023.2791666666666,traffic_signals,primary
42443050,2024-12-16,40.7823112,-73.9485053,4,1,4.0,25.0,1,0,0.0,0.0,0.0,0.0,0.0,23,-0.1416105093871293,0.9899224533422392,3.407142857142857,26.6,65.35119047619048,30.0,1023.2791666666666,traffic_signals,primary
42443052,2024-12-16,40.7829443,-73.9480373,4,1,4.0,25.0,1,0,0.0,1.0,0.0,0.0,0.0,5,-0.1416105093871293,0.9899224533422392,3.407142857142857,26.6,65.35119047619048,30.0,1023.2791666666666,traffic_signals,primary
42443054,2024-12-16,40.7842494,-73.9470901,4,1,6.0,25.0,1,0,3.0,3.0,1.0,0.0,1.0,1,-0.1416105093871293,0.9899224533422392,3.407142857142857,26.6,65.35119047619048,30.0,1023.2791666666666,traffic_signals,primary
42443056,2024-12-16,40.7849455,-73.9465916,4,1,5.0,25.0,1,0,2.0,3.0,2.0,0.0,1.0,2,-0.1416105093871293,0.9899224533422392,3.407142857142857,26.6,65.35119047619048,30.0,1023.2791666666666,traffic_signals,primary
42443058,2024-12-16,40.7861808,-73.9457073,4,1,4.0,25.0,1,1,1.0,1.0,1.0,0.0,1.0,0,-0.1416105093871293,0.9899224533422392,3.407142857142857,26.6,65.35119047619048,30.0,1023.2791666666666,traffic_signals,primary
42443061,2024-12-16,40.7868144,-73.9452422,3,1,4.0,25.0,1,0,0.0,1.0,0.0,0.0,1.0,6,-0.1416105093871293,0.9899224533422392,3.407142857142857,26.6,65.35119047619048,30.0,1023.2791666666666,traffic_signals,primary
42443066,2024-12-16,40.7899429,-73.9429284,4,1,5.0,25.0,1,0,0.0,1.0,0.0,0.0,0.0,6,-0.1416105093871293,0.9899224533422392,3.407142857142857,26.6,65.35119047619048,30.0,1023.2791666666666,traffic_signals,primary
42443068,2024-12-16,40.7906269,-73.9424329,4,1,5.0,25.0,1,0,1.0,3.0,3.0,0.0,0.0,3,-0.1416105093871293,0.9899224533422392,3.407142857142857,26.6,65.35119047619048,30.0,1023.2791666666666,traffic_signals,primary
42443072,2024-12-16,40.7925561,-73.9410289,4,1,5.0,25.0,1,1,1.0,2.0,2.0,0.0,1.0,0,-0.1416105093871293,0.9899224533422392,3.407142857142857,26.6,65.35119047619048,30.0,1023.2791666666666,traffic_signals,primary
42443077,2024-12-16,40.7938155,-73.9401082,4,1,5.0,25.0,1,0,1.0,2.0,1.0,0.0,0.0,1,-0.1416105093871293,0.9899224533422392,3.407142857142857,26.6,65.35119047619048,30.0,1023.2791666666666,traffic_signals,primary
42443078,2024-12-16,40.7944609,-73.9396345,4,1,5.0,25.0,1,0,0.0,1.0,0.0,0.0,0.0,4,-0.1416105093871293,0.9899224533422392,3.407142857142857,26.6,65.35119047619048,30.0,1023.2791666666666,traffic_signals,primary
42443081,2024-12-16,40.7950753,-73.9391857,4,1,5.0,25.0,1,0,0.0,0.0,0.0,0.0,0.0,49,-0.1416105093871293,0.9899224533422392,3.407142857142857,26.6,65.35119047619048,30.0,1023.2791666666666,traffic_signals,primary
42443085,2024-12-16,40.7970162,-73.9377697,4,1,5.0,25.0,1,0,2.0,3.0,3.0,0.0,1.0,1,-0.1416105093871293,0.9899224533422392,3.407142857142857,26.6,65.35119047619048,30.0,1023.2791666666666,traffic_signals,primary
42443088,2024-12-16,40.7976795,-73.9372797,4,1,5.0,25.0,1,0,0.0,0.0,0.0,0.0,0.0,17,-0.1416105093871293,0.9899224533422392,3.407142857142857,26.6,65.35119047619048,30.0,1023.2791666666666,traffic_signals,primary
42443092,2024-12-16,40.7995598,-73.9359116,4,1,5.0,25.0,1,0,0.0,1.0,0.0,0.0,1.0,7,-0.1416105093871293,0.9899224533422392,3.407142857142857,26.6,65.35119047619048,30.0,1023.2791666666666,traffic_signals,primary
42443096,2024-12-16,40.8001963,-73.9354447,4,1,5.0,25.0,1,0,0.0,1.0,0.0,0.0,0.0,6,-0.1416105093871293,0.9899224533422392,3.407142857142857,26.6,65.35119047619048,30.0,1023.2791666666666,traffic_signals,primary
42443099,2024-12-16,40.8008201,-73.9349913,4,1,5.0,25.0,1,0,0.0,0.0,0.0,0.0,0.0,12,-0.1416105093871293,0.9899224533422392,3.407142857142857,26.6,65.35119047619048,30.0,1023.2791666666666,traffic_signals,primary
42443105,2024-12-16,40.8014525,-73.9345304,4,1,5.0,25.0,1,0,0.0,0.0,0.0,0.0,0.0,15,-0.1416105093871293,0.9899224533422392,3.407142857142857,26.6,65.35119047619048,30.0,1023.2791666666666,traffic_signals,primary
42443116,2024-12-16,40.8027638,-73.9335768,4,1,6.0,25.0,1,1,1.0,6.0,0.0,1.0,0.0,0,-0.1416105093871293,0.9899224533422392,3.407142857142857,26.6,65.35119047619048,30.0,1023.2791666666666,traffic_signals,primary
42443118,2024-12-16,40.8040729,-73.9326682,4,1,3.0,25.0,1,0,0.0,2.0,0.0,0.0,0.0,4,-0.1416105093871293,0.9899224533422392,3.407142857142857,26.6,65.35119047619048,30.0,1023.2791666666666,traffic_signals,primary
42443119,2024-12-16,40.8045404,-73.9323176,3,1,2.0,25.0,1,0,0.0,1.0,0.0,1.0,0.0,6,-0.1416105093871293,0.9899224533422392,3.407142857142857,26.6,65.35119047619048,30.0,1023.2791666666666,traffic_signals,primary
42443127,2024-12-16,40.7237271,-73.9910315,4,0,6.0,25.0,1,0,0.0,0.0,0.0,0.0,0.0,51,-0.1416105093871293,0.9899224533422392,3.407142857142857,26.6,65.35119047619048,30.0,1023.2791666666666,missing,primary
42443181,2024-12-16,40.8155364,-73.9597119,3,0,2.0,,0,0,0.0,0.0,0.0,0.0,0.0,51,-0.1416105093871293,0.9899224533422392,3.407142857142857,26.6,65.35119047619048,30.0,1023.2791666666666,stop,residential
42443263,2024-12-16,40.7893529,-73.9570893,3,0,2.0,25.0,1,0,0.0,0.0,0.0,0.0,0.0,10,-0.1416105093871293,0.9899224533422392,3.407142857142857,26.6,65.35119047619048,30.0,1023.2791666666666,missing,secondary
42443264,2024-12-16,40.7885854,-73.9552649,4,1,2.0,25.0,1,0,0.0,0.0,0.0,0.0,0.0,31,-0.1416105093871293,0.9899224533422392,3.407142857142857,26.6,65.35119047619048,30.0,1023.2791666666666,traffic_signals,secondary
42443268,2024-12-16,40.7879006,-73.9557669,4,1,3.0,25.0,1,0,0.0,0.0,0.0,0.0,0.0,14,-0.1416105093871293,0.9899224533422392,3.407142857142857,26.6,65.35119047619048,30.0,1023.2791666666666,traffic_signals,secondary
42443280,2024-12-16,40.7832589,-73.9745499,4,1,3.0,25.0,1,0,1.0,1.0,0.0,0.0,0.0,3,-0.1416105093871293,0.9899224533422392,3.407142857142857,26.6,65.35119047619048,30.0,1023.2791666666666,traffic_signals,primary
42443296,2024-12-16,40.7298613,-73.989692,3,0,6.0,25.0,1,0,0.0,0.0,0.0,0.0,0.0,11,-0.1416105093871293,0.9899224533422392,3.407142857142857,26.6,65.35119047619048,30.0,1023.2791666666666,missing,primary
42443298,2024-12-16,40.7299155,-73.9889177,4,0,1.0,25.0,1,0,0.0,0.0,0.0,0.0,0.0,51,-0.1416105093871293,0.9899224533422392,3.407142857142857,26.6,65.35119047619048,30.0,1023.2791666666666,missing,residential
42443313,2024-12-16,40.7717305,-73.9829512,3,1,4.0,25.0,1,0,0.0,2.0,0.0,0.0,0.0,4,-0.1416105093871293,0.9899224533422392,3.407142857142857,26.6,65.35119047619048,30.0,1023.2791666666666,traffic_signals,primary
42443326,2024-12-16,40.7748544,-73.9806716,4,1,3.0,25.0,1,0,1.0,2.0,0.0,0.0,0.0,3,-0.1416105093871293,0.9899224533422392,3.407142857142857,26.6,65.35119047619048,30.0,1023.2791666666666,traffic_signals,primary
42443329,2024-12-16,40.7754797,-73.9802121,4,1,3.0,25.0,1,0,0.0,0.0,0.0,0.0,0.0,22,-0.1416105093871293,0.9899224533422392,3.407142857142857,26.6,65.35119047619048,30.0,1023.2791666666666,traffic_signals,primary
42443332,2024-12-16,40.7761092,-73.9797528,4,1,4.0,25.0,1,0,0.0,2.0,0.0,0.0,0.0,6,-0.1416105093871293,0.9899224533422392,3.407142857142857,26.6,65.35119047619048,30.0,1023.2791666666666,traffic_signals,primary
42443336,2024-12-16,40.7774164,-73.9787995,4,1,4.0,25.0,1,0,1.0,1.0,0.0,0.0,0.0,2,-0.1416105093871293,0.9899224533422392,3.407142857142857,26.6,65.35119047619048,30.0,1023.2791666666666,traffic_signals,primary
42443341,2024-12-16,40.7787449,-73.9778503,4,1,3.0,25.0,1,0,0.0,0.0,0.0,0.0,0.0,16,-0.1416105093871293,0.9899224533422392,3.407142857142857,26.6,65.35119047619048,30.0,1023.2791666666666,traffic_signals,primary
42443344,2024-12-16,40.7793715,-73.9773846,4,1,3.0,25.0,1,0,0.0,0.0,0.0,0.0,0.0,32,-0.1416105093871293,0.9899224533422392,3.407142857142857,26.6,65.35119047619048,30.0,1023.2791666666666,traffic_signals,primary
42443346,2024-12-16,40.7799947,-73.9769106,4,1,4.0,25.0,1,0,0.0,0.0,0.0,0.0,0.0,22,-0.1416105093871293,0.9899224533422392,3.407142857142857,26.6,65.35119047619048,30.0,1023.2791666666666,traffic_signals,primary
42443347,2024-12-16,40.7819606,-73.9754991,3,1,4.0,25.0,1,0,0.0,0.0,0.0,0.0,0.0,18,-0.1416105093871293,0.9899224533422392,3.407142857142857,26.6,65.35119047619048,30.0,1023.2791666666666,traffic_signals,primary
42443349,2024-12-16,40.7858123,-73.9726868,4,1,4.0,,1,0,0.0,1.0,0.0,0.0,1.0,6,-0.1416105093871293,0.9899224533422392,3.407142857142857,26.6,65.35119047619048,30.0,1023.2791666666666,traffic_signals,primary
42443353,2024-12-16,40.7864968,-73.9721811,4,1,5.0,25.0,1,0,0.0,0.0,0.0,0.0,0.0,8,-0.1416105093871293,0.9899224533422392,3.407142857142857,26.6,65.35119047619048,30.0,1023.2791666666666,traffic_signals,primary
42443363,2024-12-16,40.7903176,-73.9694076,4,1,4.0,25.0,1,0,0.0,0.0,0.0,0.0,0.0,43,-0.1416105093871293,0.9899224533422392,3.407142857142857,26.6,65.35119047619048,30.0,1023.2791666666666,traffic_signals,primary
42443366,2024-12-16,40.7909442,-73.9689668,4,1,4.0,25.0,1,0,0.0,0.0,0.0,0.0,0.0,11,-0.1416105093871293,0.9899224533422392,3.407142857142857,26.6,65.35119047619048,30.0,1023.2791666666666,traffic_signals,primary
42443373,2024-12-16,40.7921969,-73.9680402,4,1,4.0,,1,0,0.0,1.0,0.0,0.0,0.0,7,-0.1416105093871293,0.9899224533422392,3.407142857142857,26.6,65.35119047619048,30.0,1023.2791666666666,traffic_signals,primary
42443381,2024-12-16,40.792876,-73.9675451,4,1,6.0,25.0,1,0,0.0,0.0,0.0,0.0,0.0,51,-0.1416105093871293,0.9899224533422392,3.407142857142857,26.6,65.35119047619048,30.0,1023.2791666666666,traffic_signals,primary
42443388,2024-12-16,40.7935554,-73.9670321,4,1,3.0,25.0,1,0,0.0,1.0,0.0,0.0,0.0,4,-0.1416105093871293,0.9899224533422392,3.407142857142857,26.6,65.35119047619048,30.0,1023.2791666666666,traffic_signals,primary
42443403,2024-12-16,40.795486,-73.9656255,4,1,3.0,25.0,1,0,0.0,0.0,0.0,0.0,0.0,8,-0.1416105093871293,0.9899224533422392,3.407142857142857,26.6,65.35119047619048,30.0,1023.2791666666666,traffic_signals,primary
42443406,2024-12-16,40.7979207,-73.9638432,4,1,3.0,25.0,1,0,0.0,0.0,0.0,0.0,0.0,45,-0.1416105093871293,0.9899224533422392,3.407142857142857,26.6,65.35119047619048,30.0,1023.2791666666666,traffic_signals,primary
42443413,2024-12-16,40.8005466,-73.9619296,4,1,3.0,25.0,1,0,1.0,1.0,0.0,0.0,0.0,2,-0.1416105093871293,0.9899224533422392,3.407142857142857,26.6,65.35119047619048,30.0,1023.2791666666666,traffic_signals,primary
42443426,2024-12-16,40.8011797,-73.9614635,4,1,3.0,25.0,1,0,0.0,0.0,0.0,0.0,0.0,51,-0.1416105093871293,0.9899224533422392,3.407142857142857,26.6,65.35119047619048,30.0,1023.2791666666666,traffic_signals,primary
42443486,2024-12-16,40.855157,-73.932092,3,0,,,1,0,0.0,1.0,0.0,0.0,0.0,4,-0.1416105093871293,0.9899224533422392,3.407142857142857,26.6,65.35119047619048,30.0,1023.2791666666666,missing,residential
42443488,2024-12-16,40.855755,-73.931655,3,0,,,1,0,0.0,0.0,0.0,0.0,0.0,51,-0.1416105093871293,0.9899224533422392,3.407142857142857,26.6,65.35119047619048,30.0,1023.2791666666666,missing,residential
42443492,2024-12-16,40.8573725,-73.9299339,3,0,2.0,,1,0,0.0,0.0,0.0,0.0,0.0,10,-0.1416105093871293,0.9899224533422392,3.407142857142857,26.6,65.35119047619048,30.0,1023.2791666666666,missing,tertiary
42443513,2024-12-16,40.7232759,-73.9884461,4,1,3.0,25.0,1,0,0.0,0.0,0.0,0.0,0.0,51,-0.1416105093871293,0.9899224533422392,3.407142857142857,26.6,65.35119047619048,30.0,1023.2791666666666,traffic_signals,primary
42443520,2024-12-16,40.859545,-73.927977,3,0,,,1,0,0.0,0.0,0.0,0.0,0.0,51,-0.1416105093871293,0.9899224533422392,3.407142857142857,26.6,65.35119047619048,30.0,1023.2791666666666,missing,residential
42443522,2024-12-16,40.860242,-73.92842,4,1,4.0,,1,0,0.0,1.0,0.0,0.0,0.0,6,-0.1416105093871293,0.9899224533422392,3.407142857142857,26.6,65.35119047619048,30.0,1023.2791666666666,traffic_signals,primary
42443524,2024-12-16,40.860862,-73.928817,3,0,,,1,0,0.0,0.0,0.0,0.0,0.0,50,-0.1416105093871293,0.9899224533422392,3.407142857142857,26.6,65.35119047619048,30.0,1023.2791666666666,missing,residential
42443528,2024-12-16,40.7572829,-73.9781109,4,1,4.0,,1,0,1.0,1.0,0.0,0.0,0.0,1,-0.1416105093871293,0.9899224533422392,3.407142857142857,26.6,65.35119047619048,30.0,1023.2791666666666,traffic_signals,secondary
42443532,2024-12-16,40.7622326,-73.9898591,4,1,4.0,25.0,1,0,0.0,0.0,0.0,0.0,0.0,35,-0.1416105093871293,0.9899224533422392,3.407142857142857,26.6,65.35119047619048,30.0,1023.2791666666666,traffic_signals,primary
42443534,2024-12-16,40.7634277,-73.9927007,4,1,3.0,25.0,1,0,0.0,1.0,0.0,0.0,1.0,6,-0.1416105093871293,0.9899224533422392,3.407142857142857,26.6,65.35119047619048,30.0,1023.2791666666666,traffic_signals,primary
42443556,2024-12-16,40.7547828,-73.9799429,4,1,4.0,,1,0,0.0,0.0,0.0,0.0,0.0,47,-0.1416105093871293,0.9899224533422392,3.407142857142857,26.6,65.35119047619048,30.0,1023.2791666666666,traffic_signals,secondary
42443561,2024-12-16,40.7597283,-73.9916836,4,1,4.0,,1,0,0.0,1.0,0.0,1.0,0.0,7,-0.1416105093871293,0.9899224533422392,3.407142857142857,26.6,65.35119047619048,30.0,1023.2791666666666,traffic_signals,primary
42443563,2024-12-16,40.7609247,-73.9945259,4,1,4.0,25.0,1,0,1.0,3.0,2.0,0.0,1.0,3,-0.1416105093871293,0.9899224533422392,3.407142857142857,26.6,65.35119047619048,30.0,1023.2791666666666,traffic_signals,primary
42443570,2024-12-16,40.7631598,-73.9997719,3,0,5.0,30.0,1,0,0.0,0.0,0.0,0.0,0.0,51,-0.1416105093871293,0.9899224533422392,3.407142857142857,26.6,65.35119047619048,30.0,1023.2791666666666,missing,trunk
42443574,2024-12-16,40.8258825,-73.9393198,4,1,,25.0,1,0,0.0,0.0,0.0,0.0,0.0,44,-0.1416105093871293,0.9899224533422392,3.407142857142857,26.6,65.35119047619048,30.0,1023.2791666666666,traffic_signals,secondary
42443582,2024-12-16,40.8278201,-73.9439099,4,1,,,1,0,0.0,0.0,0.0,0.0,0.0,51,-0.1416105093871293,0.9899224533422392,3.407142857142857,26.6,65.35119047619048,30.0,1023.2791666666666,traffic_signals,tertiary
42443588,2024-12-16,40.7140166,-74.0044302,4,0,1.0,20.0,1,0,0.0,0.0,0.0,0.0,0.0,51,-0.1416105093871293,0.9899224533422392,3.407142857142857,26.6,65.35119047619048,30.0,1023.2791666666666,missing,unclassified
42443612,2024-12-16,40.7616156,-73.9728581,3,1,5.0,25.0,1,0,0.0,0.0,0.0,0.0,0.0,10,-0.1416105093871293,0.9899224533422392,3.407142857142857,26.6,65.35119047619048,30.0,1023.2791666666666,traffic_signals,secondary
42443613,2024-12-16,40.7609096,-73.9711599,4,0,3.0,25.0,1,0,0.0,0.0,0.0,0.0,0.0,51,-0.1416105093871293,0.9899224533422392,3.407142857142857,26.6,65.35119047619048,30.0,1023.2791666666666,missing,primary
42443614,2024-12-16,40.7602528,-73.9696237,4,1,4.0,25.0,1,0,0.0,0.0,0.0,0.0,0.0,13,-0.1416105093871293,0.9899224533422392,3.407142857142857,26.6,65.35119047619048,30.0,1023.2791666666666,traffic_signals,secondary
42443615,2024-12-16,40.7596014,-73.9680635,4,1,3.0,25.0,1,0,0.0,0.0,0.0,0.0,0.0,41,-0.1416105093871293,0.9899224533422392,3.407142857142857,26.6,65.35119047619048,30.0,1023.2791666666666,traffic_signals,primary
42443618,2024-12-16,40.7576367,-73.9634088,4,1,5.0,25.0,1,0,1.0,1.0,2.0,0.0,0.0,3,-0.1416105093871293,0.9899224533422392,3.407142857142857,26.6,65.35119047619048,30.0,1023.2791666666666,traffic_signals,primary
42443658,2024-12-16,40.8233637,-73.9471685,3,0,,,1,0,0.0,0.0,0.0,0.0,0.0,51,-0.1416105093871293,0.9899224533422392,3.407142857142857,26.6,65.35119047619048,30.0,1023.2791666666666,missing,tertiary
42443659,2024-12-16,40.8240836,-73.9488816,3,1,,,1,0,0.0,0.0,0.0,0.0,0.0,27,-0.1416105093871293,0.9899224533422392,3.407142857142857,26.6,65.35119047619048,30.0,1023.2791666666666,traffic_signals,residential
42443666,2024-12-16,40.7057934,-74.0169952,3,0,2.0,20.0,1,0,0.0,0.0,0.0,0.0,0.0,42,-0.1416105093871293,0.9899224533422392,3.407142857142857,26.6,65.35119047619048,30.0,1023.2791666666666,missing,residential
42443671,2024-12-16,40.7402774,-73.9905253,4,0,3.0,25.0,1,0,0.0,0.0,0.0,0.0,0.0,42,-0.1416105093871293,0.9899224533422392,3.407142857142857,26.6,65.35119047619048,30.0,1023.2791666666666,missing,secondary
42443674,2024-12-16,40.745235,-74.0022968,4,0,3.0,25.0,1,0,0.0,1.0,0.0,0.0,0.0,6,-0.1416105093871293,0.9899224533422392,3.407142857142857,26.6,65.35119047619048,30.0,1023.2791666666666,missing,secondary
42443676,2024-12-16,40.7464102,-74.0050981,4,0,4.0,25.0,1,0,0.0,0.0,0.0,0.0,0.0,17,-0.1416105093871293,0.9899224533422392,3.407142857142857,26.6,65.35119047619048,30.0,1023.2791666666666,missing,primary
42443677,2024-12-16,40.7475124,-74.0077514,3,0,4.0,30.0,1,0,0.0,0.0,0.0,0.0,0.0,13,-0.1416105093871293,0.9899224533422392,3.407142857142857,26.6,65.35119047619048,30.0,1023.2791666666666,missing,trunk
42443680,2024-12-16,40.747152,-73.9854903,4,1,4.0,25.0,1,0,0.0,1.0,0.0,0.0,0.0,4,-0.1416105093871293,0.9899224533422392,3.407142857142857,26.6,65.35119047619048,30.0,1023.2791666666666,traffic_signals,secondary
42443799,2024-12-16,40.7281239,-73.9902269,3,0,1.0,25.0,1,0,0.0,0.0,0.0,0.0,0.0,51,-0.1416105093871293,0.9899224533422392,3.407142857142857,26.6,65.35119047619048,30.0,1023.2791666666666,missing,residential
42443807,2024-12-16,40.7537188,-73.9774323,3,0,2.0,25.0,1,0,0.0,0.0,0.0,0.0,0.0,51,-0.1416105093871293,0.9899224533422392,3.407142857142857,26.6,65.35119047619048,30.0,1023.2791666666666,stop,residential
42443810,2024-12-16,40.754351,-73.9769749,4,1,2.0,25.0,1,0,2.0,2.0,0.0,0.0,0.0,1,-0.1416105093871293,0.9899224533422392,3.407142857142857,26.6,65.35119047619048,30.0,1023.2791666666666,traffic_signals,secondary
42443811,2024-12-16,40.7556019,-73.9760646,3,0,2.0,25.0,1,0,0.0,0.0,0.0,0.0,0.0,51,-0.1416105093871293,0.9899224533422392,3.407142857142857,26.6,65.35119047619048,30.0,1023.2791666666666,stop,residential
42443817,2024-12-16,40.8025484,-73.9429883,4,1,3.0,25.0,1,0,0.0,0.0,0.0,0.0,0.0,25,-0.1416105093871293,0.9899224533422392,3.407142857142857,26.6,65.35119047619048,30.0,1023.2791666666666,traffic_signals,secondary
42443818,2024-12-16,40.8018088,-73.9412451,4,1,1.0,25.0,1,0,0.0,0.0,0.0,0.0,0.0,51,-0.1416105093871293,0.9899224533422392,3.407142857142857,26.6,65.35119047619048,30.0,1023.2791666666666,traffic_signals,primary
42443819,2024-12-16,40.8011859,-73.9397578,4,1,2.0,25.0,1,1,1.0,1.0,0.0,0.0,0.0,0,-0.1416105093871293,0.9899224533422392,3.407142857142857,26.6,65.35119047619048,30.0,1023.2791666666666,traffic_signals,secondary
42443821,2024-12-16,40.8005038,-73.9381606,4,1,4.0,25.0,1,0,0.0,1.0,0.0,0.0,0.0,5,-0.1416105093871293,0.9899224533422392,3.407142857142857,26.6,65.35119047619048,30.0,1023.2791666666666,traffic_signals,primary
42443824,2024-12-16,40.7985686,-73.9335312,4,1,4.0,25.0,1,0,1.0,1.0,0.0,0.0,0.0,3,-0.1416105093871293,0.9899224533422392,3.407142857142857,26.6,65.35119047619048,30.0,1023.2791666666666,traffic_signals,primary
42443826,2024-12-16,40.7976374,-73.9312818,3,0,2.0,25.0,1,0,0.0,2.0,0.0,0.0,0.0,6,-0.1416105093871293,0.9899224533422392,3.407142857142857,26.6,65.35119047619048,30.0,1023.2791666666666,stop,residential
42443844,2024-12-16,40.7117008,-74.0069661,4,1,3.0,20.0,1,1,1.0,2.0,1.0,1.0,0.0,0,-0.1416105093871293,0.9899224533422392,3.407142857142857,26.6,65.35119047619048,30.0,1023.2791666666666,traffic_signals,secondary
42443928,2024-12-16,40.7101204,-73.9897857,3,1,2.0,25.0,1,0,0.0,0.0,0.0,0.0,0.0,9,-0.1416105093871293,0.9899224533422392,3.407142857142857,26.6,65.35119047619048,30.0,1023.2791666666666,traffic_signals,primary
42443950,2024-12-16,40.7503415,-73.9831749,4,1,5.0,25.0,1,0,1.0,4.0,0.0,0.0,0.0,1,-0.1416105093871293,0.9899224533422392,3.407142857142857,26.6,65.35119047619048,30.0,1023.2791666666666,traffic_signals,secondary
42443975,2024-12-16,40.7564802,-73.997767,4,1,4.0,25.0,1,0,0.0,1.0,0.0,0.0,0.0,7,-0.1416105093871293,0.9899224533422392,3.407142857142857,26.6,65.35119047619048,30.0,1023.2791666666666,traffic_signals,primary
42443990,2024-12-16,40.8766068,-73.9094916,3,0,,,1,0,0.0,0.0,0.0,0.0,0.0,51,-0.1416105093871293,0.9899224533422392,3.407142857142857,26.6,65.35119047619048,30.0,1023.2791666666666,missing,residential
42444028,2024-12-16,40.826734,-73.9375554,3,0,1.0,25.0,1,0,0.0,0.0,0.0,0.0,0.0,51,-0.1416105093871293,0.9899224533422392,3.407142857142857,26.6,65.35119047619048,30.0,1023.2791666666666,missing,secondary
42444043,2024-12-16,40.7547351,-73.9778672,4,1,4.0,25.0,1,0,0.0,2.0,0.0,1.0,0.0,5,-0.1416105093871293,0.9899224533422392,3.407142857142857,26.6,65.35119047619048,30.0,1023.2791666666666,traffic_signals,secondary
42444049,2024-12-16,40.753367,-73.974648,4,1,3.0,25.0,1,0,0.0,0.0,0.0,0.0,0.0,9,-0.1416105093871293,0.9899224533422392,3.407142857142857,26.6,65.35119047619048,30.0,1023.2791666666666,traffic_signals,secondary
42444051,2024-12-16,40.7527044,-73.9730626,4,1,5.0,25.0,1,0,1.0,1.0,1.0,0.0,0.0,1,-0.1416105093871293,0.9899224533422392,3.407142857142857,26.6,65.35119047619048,30.0,1023.2791666666666,traffic_signals,primary
42444055,2024-12-16,40.7507505,-73.9684095,3,1,4.0,25.0,1,1,1.0,1.0,0.0,0.0,0.0,0,-0.1416105093871293,0.9899224533422392,3.407142857142857,26.6,65.35119047619048,30.0,1023.2791666666666,traffic_signals,primary
42444060,2024-12-16,40.84874,-73.9323334,4,1,3.0,20.0,0,0,0.0,1.0,0.0,0.0,0.0,5,-0.1416105093871293,0.9899224533422392,3.407142857142857,26.6,65.35119047619048,30.0,1023.2791666666666,traffic_signals,tertiary
42444069,2024-12-16,40.8498486,-73.9349596,4,1,2.0,25.0,0,0,0.0,0.0,0.0,0.0,0.0,14,-0.1416105093871293,0.9899224533422392,3.407142857142857,26.6,65.35119047619048,30.0,1023.2791666666666,traffic_signals,tertiary
42444081,2024-12-16,40.8504587,-73.9366718,3,1,2.0,20.0,1,0,0.0,1.0,0.0,0.0,0.0,5,-0.1416105093871293,0.9899224533422392,3.407142857142857,26.6,65.35119047619048,30.0,1023.2791666666666,traffic_signals,secondary
42444097,2024-12-16,40.851179,-73.9392359,3,0,2.0,20.0,1,0,0.0,0.0,0.0,0.0,0.0,24,-0.1416105093871293,0.9899224533422392,3.407142857142857,26.6,65.35119047619048,30.0,1023.2791666666666,missing,secondary
42444108,2024-12-16,40.7085457,-73.9990003,3,0,3.0,20.0,0,0,0.0,0.0,0.0,0.0,0.0,51,-0.1416105093871293,0.9899224533422392,3.407142857142857,26.6,65.35119047619048,30.0,1023.2791666666666,missing,primary
42444116,2024-12-16,40.7095135,-73.9940239,3,1,3.0,20.0,0,0,0.0,0.0,0.0,0.0,0.0,51,-0.1416105093871293,0.9899224533422392,3.407142857142857,26.6,65.35119047619048,30.0,1023.2791666666666,traffic_signals,primary
42444123,2024-12-16,40.7097965,-73.9919815,3,1,3.0,20.0,1,0,0.0,0.0,0.0,0.0,0.0,18,-0.1416105093871293,0.9899224533422392,3.407142857142857,26.6,65.35119047619048,30.0,1023.2791666666666,traffic_signals,primary
42444129,2024-12-16,40.7098281,-73.991777,3,1,3.0,20.0,1,0,0.0,0.0,0.0,0.0,0.0,51,-0.1416105093871293,0.9899224533422392,3.407142857142857,26.6,65.35119047619048,30.0,1023.2791666666666,traffic_signals,primary
42444223,2024-12-16,40.7037626,-74.0070517,3,1,2.0,20.0,1,0,1.0,2.0,0.0,0.0,0.0,3,-0.1416105093871293,0.9899224533422392,3.407142857142857,26.6,65.35119047619048,30.0,1023.2791666666666,traffic_signals,primary
42444230,2024-12-16,40.7042528,-74.0062946,3,1,3.0,20.0,1,0,0.0,0.0,0.0,0.0,0.0,14,-0.1416105093871293,0.9899224533422392,3.407142857142857,26.6,65.35119047619048,30.0,1023.2791666666666,traffic_signals,primary
42444242,2024-12-16,40.7052329,-74.0047485,3,1,3.0,20.0,0,0,0.0,0.0,0.0,0.0,0.0,9,-0.1416105093871293,0.9899224533422392,3.407142857142857,26.6,65.35119047619048,30.0,1023.2791666666666,traffic_signals,primary
42444267,2024-12-16,40.7331956,-74.0098002,3,0,1.0,25.0,1,0,0.0,0.0,0.0,0.0,0.0,51,-0.1416105093871293,0.9899224533422392,3.407142857142857,26.6,65.35119047619048,30.0,1023.2791666666666,missing,residential
42444271,2024-12-16,40.7080602,-74.0034478,3,1,4.0,20.0,1,0,0.0,0.0,0.0,0.0,0.0,51,-0.1416105093871293,0.9899224533422392,3.407142857142857,26.6,65.35119047619048,30.0,1023.2791666666666,traffic_signals,primary
42444277,2024-12-16,40.7109994,-74.0004898,3,1,4.0,20.0,0,0,0.0,0.0,0.0,0.0,0.0,28,-0.1416105093871293,0.9899224533422392,3.407142857142857,26.6,65.35119047619048,30.0,1023.2791666666666,traffic_signals,primary
42444353,2024-12-16,40.7031643,-74.0144385,3,1,4.0,20.0,1,0,0.0,0.0,0.0,0.0,0.0,51,-0.1416105093871293,0.9899224533422392,3.407142857142857,26.6,65.35119047619048,30.0,1023.2791666666666,traffic_signals,primary
42444355,2024-12-16,40.7031234,-74.0130194,4,0,1.0,20.0,1,0,0.0,0.0,0.0,0.0,0.0,21,-0.1416105093871293,0.9899224533422392,3.407142857142857,26.6,65.35119047619048,30.0,1023.2791666666666,missing,residential
42444360,2024-12-16,40.7032112,-74.0126385,3,0,1.0,20.0,1,0,0.0,0.0,0.0,0.0,0.0,51,-0.1416105093871293,0.9899224533422392,3.407142857142857,26.6,65.35119047619048,30.0,1023.2791666666666,missing,residential
42444414,2024-12-16,40.7055443,-74.0079409,4,0,1.0,20.0,1,0,0.0,0.0,0.0,0.0,0.0,20,-0.1416105093871293,0.9899224533422392,3.407142857142857,26.6,65.35119047619048,30.0,1023.2791666666666,stop,residential
42444424,2024-12-16,40.706735,-74.0067819,4,1,2.0,20.0,1,0,0.0,0.0,0.0,0.0,0.0,22,-0.1416105093871293,0.9899224533422392,3.407142857142857,26.6,65.35119047619048,30.0,1023.2791666666666,traffic_signals,tertiary
42444452,2024-12-16,40.8064189,-73.9422694,4,1,3.0,25.0,1,0,0.0,0.0,0.0,0.0,0.0,8,-0.1416105093871293,0.9899224533422392,3.407142857142857,26.6,65.35119047619048,30.0,1023.2791666666666,traffic_signals,primary
42444453,2024-12-16,40.8057387,-73.9406432,4,1,3.0,25.0,1,0,1.0,2.0,0.0,0.0,0.0,2,-0.1416105093871293,0.9899224533422392,3.407142857142857,26.6,65.35119047619048,30.0,1023.2791666666666,traffic_signals,primary
42444456,2024-12-16,40.8049979,-73.9388881,4,1,1.0,25.0,1,0,3.0,9.0,2.0,1.0,0.0,1,-0.1416105093871293,0.9899224533422392,3.407142857142857,26.6,65.35119047619048,30.0,1023.2791666666666,traffic_signals,primary
42444457,2024-12-16,40.8043802,-73.9374253,4,1,4.0,25.0,1,1,1.0,3.0,0.0,1.0,0.0,0,-0.1416105093871293,0.9899224533422392,3.407142857142857,26.6,65.35119047619048,30.0,1023.2791666666666,traffic_signals,primary
42444458,2024-12-16,40.8037065,-73.9358291,4,1,5.0,25.0,1,0,0.0,0.0,0.0,0.0,0.0,8,-0.1416105093871293,0.9899224533422392,3.407142857142857,26.6,65.35119047619048,30.0,1023.2791666666666,traffic_signals,primary
42444479,2024-12-16,40.7036181,-74.0144028,3,1,3.0,20.0,1,0,0.0,0.0,0.0,0.0,0.0,10,-0.1416105093871293,0.9899224533422392,3.407142857142857,26.6,65.35119047619048,30.0,1023.2791666666666,traffic_signals,primary
42444480,2024-12-16,40.7035982,-74.0131307,4,0,1.0,20.0,1,0,0.0,0.0,0.0,0.0,0.0,51,-0.1416105093871293,0.9899224533422392,3.407142857142857,26.6,65.35119047619048,30.0,1023.2791666666666,missing,residential
42444485,2024-12-16,40.7866012,-73.9567171,3,1,2.0,25.0,1,0,0.0,0.0,0.0,0.0,0.0,40,-0.1416105093871293,0.9899224533422392,3.407142857142857,26.6,65.35119047619048,30.0,1023.2791666666666,traffic_signals,secondary
42444487,2024-12-16,40.7859253,-73.9551138,4,1,3.0,25.0,1,0,0.0,0.0,0.0,0.0,0.0,9,-0.1416105093871293,0.9899224533422392,3.407142857142857,26.6,65.35119047619048,30.0,1023.2791666666666,traffic_signals,secondary
42444491,2024-12-16,40.7852132,-73.9534225,4,1,3.0,25.0,1,0,0.0,0.0,0.0,0.0,0.0,51,-0.1416105093871293,0.9899224533422392,3.407142857142857,26.6,65.35119047619048,30.0,1023.2791666666666,traffic_signals,primary
42444495,2024-12-16,40.7845692,-73.951892,4,1,3.0,25.0,1,0,0.0,1.0,0.0,0.0,0.0,5,-0.1416105093871293,0.9899224533422392,3.407142857142857,26.6,65.35119047619048,30.0,1023.2791666666666,traffic_signals,secondary
42444500,2024-12-16,40.7839085,-73.9502957,4,1,4.0,25.0,1,1,1.0,2.0,1.0,1.0,0.0,0,-0.1416105093871293,0.9899224533422392,3.407142857142857,26.6,65.35119047619048,30.0,1023.2791666666666,traffic_signals,primary
42444506,2024-12-16,40.781947,-73.94567,3,1,5.0,25.0,1,0,0.0,2.0,0.0,1.0,0.0,4,-0.1416105093871293,0.9899224533422392,3.407142857142857,26.6,65.35119047619048,30.0,1023.2791666666666,traffic_signals,primary
42444581,2024-12-16,40.8381261,-73.933751,3,0,3.0,50.0,1,0,0.0,0.0,0.0,0.0,0.0,51,-0.1416105093871293,0.9899224533422392,3.407142857142857,26.6,65.35119047619048,30.0,1023.2791666666666,motorway_junction,motorway
42444809,2024-12-16,40.7840871,-73.9585567,3,1,2.0,25.0,1,0,0.0,0.0,0.0,0.0,0.0,18,-0.1416105093871293,0.9899224533422392,3.407142857142857,26.6,65.35119047619048,30.0,1023.2791666666666,traffic_signals,secondary
42444810,2024-12-16,40.7834134,-73.9569479,4,1,3.0,25.0,1,0,0.0,0.0,0.0,0.0,0.0,16,-0.1416105093871293,0.9899224533422392,3.407142857142857,26.6,65.35119047619048,30.0,1023.2791666666666,traffic_signals,secondary
42444812,2024-12-16,40.7827019,-73.9552544,4,1,3.0,25.0,1,0,0.0,0.0,0.0,0.0,0.0,51,-0.1416105093871293,0.9899224533422392,3.407142857142857,26.6,65.35119047619048,30.0,1023.2791666666666,traffic_signals,primary
42444814,2024-12-16,40.7820567,-73.9537232,4,1,3.0,25.0,1,0,0.0,0.0,0.0,0.0,0.0,51,-0.1416105093871293,0.9899224533422392,3.407142857142857,26.6,65.35119047619048,30.0,1023.2791666666666,traffic_signals,secondary
42444817,2024-12-16,40.7813773,-73.9521166,4,1,4.0,25.0,1,0,0.0,0.0,0.0,0.0,0.0,25,-0.1416105093871293,0.9899224533422392,3.407142857142857,26.6,65.35119047619048,30.0,1023.2791666666666,traffic_signals,primary
42444820,2024-12-16,40.7794315,-73.9474999,4,1,5.0,25.0,1,0,0.0,0.0,0.0,0.0,0.0,45,-0.1416105093871293,0.9899224533422392,3.407142857142857,26.6,65.35119047619048,30.0,1023.2791666666666,traffic_signals,primary
42444827,2024-12-16,40.726409,-73.986176,4,1,4.0,25.0,1,0,0.0,0.0,0.0,0.0,0.0,51,-0.1416105093871293,0.9899224533422392,3.407142857142857,26.6,65.35119047619048,30.0,1023.2791666666666,traffic_signals,primary
42444829,2024-12-16,40.7254711,-73.9839534,4,1,2.0,20.0,1,0,0.0,1.0,0.0,0.0,1.0,6,-0.1416105093871293,0.9899224533422392,3.407142857142857,26.6,65.35119047619048,30.0,1023.2791666666666,traffic_signals,secondary
42444832,2024-12-16,40.724494,-73.981637,4,1,2.0,20.0,1,1,2.0,2.0,1.0,0.0,0.0,0,-0.1416105093871293,0.9899224533422392,3.407142857142857,26.6,65.35119047619048,30.0,1023.2791666666666,traffic_signals,tertiary
42444833,2024-12-16,40.7235008,-73.9792747,4,1,2.0,20.0,1,0,0.0,0.0,0.0,0.0,0.0,15,-0.1416105093871293,0.9899224533422392,3.407142857142857,26.6,65.35119047619048,30.0,1023.2791666666666,traffic_signals,secondary
42444835,2024-12-16,40.722498,-73.976893,4,1,4.0,20.0,1,0,0.0,0.0,0.0,0.0,0.0,13,-0.1416105093871293,0.9899224533422392,3.407142857142857,26.6,65.35119047619048,30.0,1023.2791666666666,traffic_signals,tertiary
42444837,2024-12-16,40.7216193,-73.9747705,3,0,2.0,25.0,1,0,0.0,0.0,0.0,0.0,0.0,36,-0.1416105093871293,0.9899224533422392,3.407142857142857,26.6,65.35119047619048,30.0,1023.2791666666666,missing,residential
42444854,2024-12-16,40.8239826,-73.9467254,4,1,,,1,0,0.0,0.0,0.0,0.0,0.0,51,-0.1416105093871293,0.9899224533422392,3.407142857142857,26.6,65.35119047619048,30.0,1023.2791666666666,traffic_signals,tertiary
42444873,2024-12-16,40.868777,-73.913352,3,0,,,0,0,0.0,0.0,0.0,0.0,0.0,51,-0.1416105093871293,0.9899224533422392,3.407142857142857,26.6,65.35119047619048,30.0,1023.2791666666666,missing,tertiary
42444880,2024-12-16,40.869444,-73.912847,4,0,,,0,0,0.0,0.0,0.0,0.0,0.0,13,-0.1416105093871293,0.9899224533422392,3.407142857142857,26.6,65.35119047619048,30.0,1023.2791666666666,missing,tertiary
42444884,2024-12-16,40.8710506,-73.9116992,3,0,,,1,0,0.0,1.0,0.0,0.0,0.0,5,-0.1416105093871293,0.9899224533422392,3.407142857142857,26.6,65.35119047619048,30.0,1023.2791666666666,missing,tertiary
42444909,2024-12-16,40.7422885,-74.0044325,4,1,3.0,25.0,1,0,0.0,0.0,0.0,0.0,0.0,22,-0.1416105093871293,0.9899224533422392,3.407142857142857,26.6,65.35119047619048,30.0,1023.2791666666666,traffic_signals,secondary
42444916,2024-12-16,40.7440561,-74.0031552,4,1,3.0,25.0,1,0,0.0,0.0,0.0,0.0,0.0,18,-0.1416105093871293,0.9899224533422392,3.407142857142857,26.6,65.35119047619048,30.0,1023.2791666666666,traffic_signals,secondary
42444928,2024-12-16,40.7477909,-74.0004216,4,1,5.0,25.0,1,0,0.0,0.0,0.0,0.0,0.0,26,-0.1416105093871293,0.9899224533422392,3.407142857142857,26.6,65.35119047619048,30.0,1023.2791666666666,traffic_signals,secondary
42444933,2024-12-16,40.7484299,-73.9999571,4,1,5.0,25.0,1,0,0.0,0.0,0.0,0.0,0.0,8,-0.1416105093871293,0.9899224533422392,3.407142857142857,26.6,65.35119047619048,30.0,1023.2791666666666,traffic_signals,secondary
42444954,2024-12-16,40.7527418,-73.9968169,4,1,4.0,25.0,1,1,1.0,3.0,0.0,0.0,1.0,0,-0.1416105093871293,0.9899224533422392,3.407142857142857,26.6,65.35119047619048,30.0,1023.2791666666666,traffic_signals,secondary
42444960,2024-12-16,40.7540713,-73.9958428,4,1,5.0,25.0,1,0,0.0,0.0,0.0,0.0,0.0,9,-0.1416105093871293,0.9899224533422392,3.407142857142857,26.6,65.35119047619048,30.0,1023.2791666666666,traffic_signals,primary
42444964,2024-12-16,40.7546861,-73.9953826,4,1,5.0,25.0,1,0,1.0,2.0,0.0,0.0,0.0,2,-0.1416105093871293,0.9899224533422392,3.407142857142857,26.6,65.35119047619048,30.0,1023.2791666666666,traffic_signals,primary
42444985,2024-12-16,40.7565324,-73.9940178,4,1,5.0,,1,0,2.0,2.0,1.0,0.0,1.0,1,-0.1416105093871293,0.9899224533422392,3.407142857142857,26.6,65.35119047619048,30.0,1023.2791666666666,traffic_signals,primary
42444991,2024-12-16,40.7571536,-73.9935785,4,1,5.0,,1,0,3.0,4.0,4.0,1.0,0.0,1,-0.1416105093871293,0.9899224533422392,3.407142857142857,26.6,65.35119047619048,30.0,1023.2791666666666,traffic_signals,primary
42445001,2024-12-16,40.75784,-73.9930728,4,1,5.0,,1,0,1.0,1.0,0.0,0.0,0.0,2,-0.1416105093871293,0.9899224533422392,3.407142857142857,26.6,65.35119047619048,30.0,1023.2791666666666,traffic_signals,primary
42445011,2024-12-16,40.7591038,-73.9921385,4,1,5.0,,1,1,1.0,2.0,1.0,1.0,0.0,0,-0.1416105093871293,0.9899224533422392,3.407142857142857,26.6,65.35119047619048,30.0,1023.2791666666666,traffic_signals,primary
42445018,2024-12-16,40.7609866,-73.990767,4,1,4.0,,1,0,1.0,2.0,0.0,1.0,0.0,3,-0.1416105093871293,0.9899224533422392,3.407142857142857,26.6,65.35119047619048,30.0,1023.2791666666666,traffic_signals,primary
42445020,2024-12-16,40.7616052,-73.9903162,4,1,4.0,25.0,1,0,0.0,2.0,0.0,0.0,0.0,5,-0.1416105093871293,0.9899224533422392,3.407142857142857,26.6,65.35119047619048,30.0,1023.2791666666666,traffic_signals,primary
42445025,2024-12-16,40.7641124,-73.9884895,4,1,3.0,25.0,1,0,1.0,2.0,1.0,1.0,0.0,3,-0.1416105093871293,0.9899224533422392,3.407142857142857,26.6,65.35119047619048,30.0,1023.2791666666666,traffic_signals,primary
42445027,2024-12-16,40.7647531,-73.9880232,4,1,3.0,25.0,1,0,0.0,1.0,0.0,0.0,0.0,6,-0.1416105093871293,0.9899224533422392,3.407142857142857,26.6,65.35119047619048,30.0,1023.2791666666666,traffic_signals,primary
42445033,2024-12-16,40.7659937,-73.9871254,4,1,3.0,,1,0,1.0,1.0,0.0,0.0,0.0,1,-0.1416105093871293,0.9899224533422392,3.407142857142857,26.6,65.35119047619048,30.0,1023.2791666666666,traffic_signals,primary
42445037,2024-12-16,40.767916,-73.9857183,4,1,6.0,25.0,1,0,2.0,2.0,1.0,0.0,0.0,1,-0.1416105093871293,0.9899224533422392,3.407142857142857,26.6,65.35119047619048,30.0,1023.2791666666666,traffic_signals,primary
42445039,2024-12-16,40.7685979,-73.9852202,4,1,3.0,,1,1,1.0,2.0,1.0,0.0,1.0,0,-0.1416105093871293,0.9899224533422392,3.407142857142857,26.6,65.35119047619048,30.0,1023.2791666666666,traffic_signals,primary
42445046,2024-12-16,40.860527,-73.919379,4,0,,,1,0,0.0,0.0,0.0,0.0,0.0,48,-0.1416105093871293,0.9899224533422392,3.407142857142857,26.6,65.35119047619048,30.0,1023.2791666666666,missing,tertiary
42445051,2024-12-16,40.861775,-73.918469,4,1,,,0,0,0.0,1.0,0.0,0.0,0.0,4,-0.1416105093871293,0.9899224533422392,3.407142857142857,26.6,65.35119047619048,30.0,1023.2791666666666,traffic_signals,tertiary
42445054,2024-12-16,40.862394,-73.918015,4,0,,,0,0,0.0,0.0,0.0,0.0,0.0,20,-0.1416105093871293,0.9899224533422392,3.407142857142857,26.6,65.35119047619048,30.0,1023.2791666666666,missing,tertiary
42445171,2024-12-16,40.7241745,-74.0102257,4,0,1.0,20.0,1,0,0.0,0.0,0.0,0.0,0.0,9,-0.1416105093871293,0.9899224533422392,3.407142857142857,26.6,65.35119047619048,30.0,1023.2791666666666,stop,residential
42445174,2024-12-16,40.7242749,-74.0112354,3,1,5.0,30.0,1,0,0.0,1.0,0.0,1.0,0.0,5,-0.1416105093871293,0.9899224533422392,3.407142857142857,26.6,65.35119047619048,30.0,1023.2791666666666,traffic_signals,trunk
42445183,2024-12-16,40.8038123,-73.9420768,3,0,2.0,25.0,1,0,0.0,1.0,0.0,0.0,0.0,7,-0.1416105093871293,0.9899224533422392,3.407142857142857,26.6,65.35119047619048,30.0,1023.2791666666666,missing,secondary
42445185,2024-12-16,40.8030712,-73.9403209,4,1,1.0,25.0,1,0,1.0,1.0,0.0,0.0,0.0,2,-0.1416105093871293,0.9899224533422392,3.407142857142857,26.6,65.35119047619048,30.0,1023.2791666666666,traffic_signals,primary
42445189,2024-12-16,40.8024528,-73.9388372,4,1,2.0,25.0,1,0,0.0,0.0,0.0,0.0,0.0,41,-0.1416105093871293,0.9899224533422392,3.407142857142857,26.6,65.35119047619048,30.0,1023.2791666666666,traffic_signals,secondary
42445196,2024-12-16,40.8017666,-73.9372351,4,1,4.0,,1,0,0.0,0.0,0.0,0.0,0.0,13,-0.1416105093871293,0.9899224533422392,3.407142857142857,26.6,65.35119047619048,30.0,1023.2791666666666,traffic_signals,primary
42445215,2024-12-16,40.8051841,-73.9472816,4,1,2.0,,1,0,0.0,0.0,0.0,0.0,0.0,18,-0.1416105093871293,0.9899224533422392,3.407142857142857,26.6,65.35119047619048,30.0,1023.2791666666666,traffic_signals,secondary
42445219,2024-12-16,40.8082223,-73.9544988,4,1,2.0,25.0,1,1,1.0,1.0,1.0,1.0,0.0,0,-0.1416105093871293,0.9899224533422392,3.407142857142857,26.6,65.35119047619048,30.0,1023.2791666666666,traffic_signals,residential
42445225,2024-12-16,40.7717837,-73.9675292,3,1,3.0,25.0,1,0,0.0,0.0,0.0,0.0,0.0,16,-0.1416105093871293,0.9899224533422392,3.407142857142857,26.6,65.35119047619048,30.0,1023.2791666666666,traffic_signals,secondary
42445227,2024-12-16,40.7711054,-73.9659285,4,1,4.0,25.0,1,0,0.0,0.0,0.0,0.0,0.0,51,-0.1416105093871293,0.9899224533422392,3.407142857142857,26.6,65.35119047619048,30.0,1023.2791666666666,traffic_signals,secondary
42445230,2024-12-16,40.770387,-73.9642066,4,1,3.0,25.0,1,0,0.0,0.0,0.0,0.0,0.0,51,-0.1416105093871293,0.9899224533422392,3.407142857142857,26.6,65.35119047619048,30.0,1023.2791666666666,traffic_signals,primary
42445232,2024-12-16,40.7697511,-73.9627039,4,1,3.0,25.0,1,0,0.0,0.0,0.0,0.0,0.0,27,-0.1416105093871293,0.9899224533422392,3.407142857142857,26.6,65.35119047619048,30.0,1023.2791666666666,traffic_signals,secondary
42445236,2024-12-16,40.7690777,-73.9611072,4,1,5.0,25.0,1,0,0.0,0.0,0.0,0.0,0.0,16,-0.1416105093871293,0.9899224533422392,3.407142857142857,26.6,65.35119047619048,30.0,1023.2791666666666,traffic_signals,primary
42445247,2024-12-16,40.7671313,-73.9564821,4,1,5.0,25.0,1,0,1.0,1.0,1.0,1.0,0.0,2,-0.1416105093871293,0.9899224533422392,3.407142857142857,26.6,65.35119047619048,30.0,1023.2791666666666,traffic_signals,primary
42445256,2024-12-16,40.7891818,-73.9527422,3,1,5.0,25.0,1,1,1.0,2.0,1.0,0.0,0.0,0,-0.1416105093871293,0.9899224533422392,3.407142857142857,26.6,65.35119047619048,30.0,1023.2791666666666,traffic_signals,secondary
42445258,2024-12-16,40.7884393,-73.9510061,3,0,1.0,25.0,1,0,0.0,0.0,0.0,0.0,0.0,51,-0.1416105093871293,0.9899224533422392,3.407142857142857,26.6,65.35119047619048,30.0,1023.2791666666666,missing,primary
42445259,2024-12-16,40.7878098,-73.949529,4,1,2.0,25.0,1,0,0.0,0.0,0.0,0.0,0.0,22,-0.1416105093871293,0.9899224533422392,3.407142857142857,26.6,65.35119047619048,30.0,1023.2791666666666,traffic_signals,secondary
42445263,2024-12-16,40.785172,-73.9433191,4,1,5.0,25.0,1,0,0.0,0.0,0.0,0.0,0.0,9,-0.1416105093871293,0.9899224533422392,3.407142857142857,26.6,65.35119047619048,30.0,1023.2791666666666,traffic_signals,primary
42445291,2024-12-16,40.7176755,-74.0157766,3,0,2.0,20.0,0,0,0.0,0.0,0.0,0.0,0.0,23,-0.1416105093871293,0.9899224533422392,3.407142857142857,26.6,65.35119047619048,30.0,1023.2791666666666,missing,residential
42445310,2024-12-16,40.7496114,-74.0027747,4,0,5.0,25.0,1,0,0.0,0.0,0.0,0.0,0.0,22,-0.1416105093871293,0.9899224533422392,3.407142857142857,26.6,65.35119047619048,30.0,1023.2791666666666,missing,primary
42445314,2024-12-16,40.7517376,-74.0078289,4,0,4.0,30.0,1,0,0.0,2.0,0.0,0.0,0.0,5,-0.1416105093871293,0.9899224533422392,3.407142857142857,26.6,65.35119047619048,30.0,1023.2791666666666,missing,trunk
42445356,2024-12-16,40.7154325,-74.007533,4,1,4.0,20.0,1,0,1.0,1.0,0.0,0.0,0.0,3,-0.1416105093871293,0.9899224533422392,3.407142857142857,26.6,65.35119047619048,30.0,1023.2791666666666,traffic_signals,secondary
42445357,2024-12-16,40.716029,-74.0088423,4,1,3.0,20.0,1,0,0.0,0.0,0.0,0.0,0.0,41,-0.1416105093871293,0.9899224533422392,3.407142857142857,26.6,65.35119047619048,30.0,1023.2791666666666,traffic_signals,secondary
42445365,2024-12-16,40.7477705,-73.9829612,4,1,5.0,25.0,1,0,0.0,2.0,0.0,0.0,0.0,6,-0.1416105093871293,0.9899224533422392,3.407142857142857,26.6,65.35119047619048,30.0,1023.2791666666666,traffic_signals,primary
42445374,2024-12-16,40.7464063,-73.9797439,4,0,5.0,25.0,1,0,1.0,1.0,1.0,0.0,0.0,1,-0.1416105093871293,0.9899224533422392,3.407142857142857,26.6,65.35119047619048,30.0,1023.2791666666666,missing,primary
42445378,2024-12-16,40.7457391,-73.978127,4,0,5.0,25.0,1,0,0.0,1.0,0.0,0.0,0.0,7,-0.1416105093871293,0.9899224533422392,3.407142857142857,26.6,65.35119047619048,30.0,1023.2791666666666,missing,primary
42445382,2024-12-16,40.7454012,-73.9773346,3,1,5.0,25.0,1,0,0.0,1.0,0.0,1.0,0.0,7,-0.1416105093871293,0.9899224533422392,3.407142857142857,26.6,65.35119047619048,30.0,1023.2791666666666,traffic_signals,primary
42445387,2024-12-16,40.7445022,-73.9752025,3,1,5.0,25.0,1,0,2.0,3.0,1.0,1.0,0.0,2,-0.1416105093871293,0.9899224533422392,3.407142857142857,26.6,65.35119047619048,30.0,1023.2791666666666,traffic_signals,primary
42445390,2024-12-16,40.7437863,-73.973508,4,1,5.0,25.0,1,0,0.0,0.0,0.0,0.0,0.0,10,-0.1416105093871293,0.9899224533422392,3.407142857142857,26.6,65.35119047619048,30.0,1023.2791666666666,traffic_signals,primary
42445392,2024-12-16,40.7431778,-73.9720697,4,1,5.0,25.0,1,0,0.0,0.0,0.0,0.0,0.0,51,-0.1416105093871293,0.9899224533422392,3.407142857142857,26.6,65.35119047619048,30.0,1023.2791666666666,traffic_signals,primary
42445404,2024-12-16,40.7452501,-73.984794,4,1,3.0,25.0,1,0,2.0,4.0,0.0,0.0,0.0,2,-0.1416105093871293,0.9899224533422392,3.407142857142857,26.6,65.35119047619048,30.0,1023.2791666666666,traffic_signals,secondary
42445409,2024-12-16,40.7445463,-73.9831186,4,1,3.0,25.0,1,0,1.0,1.0,1.0,1.0,0.0,2,-0.1416105093871293,0.9899224533422392,3.407142857142857,26.6,65.35119047619048,30.0,1023.2791666666666,traffic_signals,primary
42445413,2024-12-16,40.7432153,-73.9799692,4,0,5.0,25.0,1,0,2.0,3.0,1.0,1.0,0.0,1,-0.1416105093871293,0.9899224533422392,3.407142857142857,26.6,65.35119047619048,30.0,1023.2791666666666,missing,primary
42445417,2024-12-16,40.7412737,-73.9753382,4,1,5.0,25.0,1,0,0.0,0.0,0.0,0.0,0.0,19,-0.1416105093871293,0.9899224533422392,3.407142857142857,26.6,65.35119047619048,30.0,1023.2791666666666,traffic_signals,primary
42445426,2024-12-16,40.7947105,-73.936353,3,1,4.0,25.0,1,0,0.0,0.0,0.0,0.0,0.0,21,-0.1416105093871293,0.9899224533422392,3.407142857142857,26.6,65.35119047619048,30.0,1023.2791666666666,traffic_signals,primary
42445466,2024-12-16,40.7155918,-74.0030354,4,0,3.0,20.0,1,0,0.0,1.0,0.0,0.0,0.0,7,-0.1416105093871293,0.9899224533422392,3.407142857142857,26.6,65.35119047619048,30.0,1023.2791666666666,missing,secondary
42445474,2024-12-16,40.7161862,-74.0025774,4,0,2.0,20.0,1,0,0.0,0.0,0.0,0.0,0.0,10,-0.1416105093871293,0.9899224533422392,3.407142857142857,26.6,65.35119047619048,30.0,1023.2791666666666,missing,secondary
42445479,2024-12-16,40.7167378,-74.0020928,3,0,2.0,20.0,1,0,1.0,2.0,0.0,0.0,0.0,1,-0.1416105093871293,0.9899224533422392,3.407142857142857,26.6,65.35119047619048,30.0,1023.2791666666666,missing,secondary
42445481,2024-12-16,40.7173175,-74.0015833,4,0,2.0,20.0,1,0,0.0,0.0,0.0,0.0,0.0,26,-0.1416105093871293,0.9899224533422392,3.407142857142857,26.6,65.35119047619048,30.0,1023.2791666666666,missing,secondary
42445484,2024-12-16,40.717948,-74.001008,4,0,2.0,20.0,1,0,0.0,0.0,0.0,0.0,0.0,10,-0.1416105093871293,0.9899224533422392,3.407142857142857,26.6,65.35119047619048,30.0,1023.2791666666666,missing,secondary
42445489,2024-12-16,40.7200616,-73.999079,4,0,2.0,25.0,1,1,1.0,1.0,1.0,1.0,0.0,0,-0.1416105093871293,0.9899224533422392,3.407142857142857,26.6,65.35119047619048,30.0,1023.2791666666666,missing,primary
42445498,2024-12-16,40.7236896,-73.9964625,4,0,2.0,25.0,1,0,0.0,0.0,0.0,0.0,0.0,12,-0.1416105093871293,0.9899224533422392,3.407142857142857,26.6,65.35119047619048,30.0,1023.2791666666666,missing,secondary
42445511,2024-12-16,40.7251518,-73.9952749,4,1,4.0,25.0,1,0,0.0,0.0,0.0,0.0,0.0,51,-0.1416105093871293,0.9899224533422392,3.407142857142857,26.6,65.35119047619048,30.0,1023.2791666666666,traffic_signals,primary
42445520,2024-12-16,40.7266425,-73.9941184,4,0,2.0,25.0,1,0,0.0,0.0,0.0,0.0,0.0,41,-0.1416105093871293,0.9899224533422392,3.407142857142857,26.6,65.35119047619048,30.0,1023.2791666666666,missing,secondary
42445534,2024-12-16,40.7278531,-73.9931425,4,1,1.0,25.0,1,0,1.0,1.0,1.0,0.0,0.0,1,-0.1416105093871293,0.9899224533422392,3.407142857142857,26.6,65.35119047619048,30.0,1023.2791666666666,traffic_signals,secondary
42445543,2024-12-16,40.7300458,-73.9911109,4,0,2.0,25.0,1,0,1.0,1.0,1.0,0.0,0.0,2,-0.1416105093871293,0.9899224533422392,3.407142857142857,26.6,65.35119047619048,30.0,1023.2791666666666,missing,secondary
42445548,2024-12-16,40.7306356,-73.9906308,4,0,2.0,25.0,1,0,0.0,0.0,0.0,0.0,0.0,51,-0.1416105093871293,0.9899224533422392,3.407142857142857,26.6,65.35119047619048,30.0,1023.2791666666666,missing,secondary
42445558,2024-12-16,40.7305763,-73.9904913,4,0,1.0,25.0,1,0,0.0,0.0,0.0,0.0,0.0,33,-0.1416105093871293,0.9899224533422392,3.407142857142857,26.6,65.35119047619048,30.0,1023.2791666666666,missing,residential
42445574,2024-12-16,40.726435,-74.005658,5,1,4.0,25.0,1,0,0.0,0.0,0.0,0.0,0.0,25,-0.1416105093871293,0.9899224533422392,3.407142857142857,26.6,65.35119047619048,30.0,1023.2791666666666,traffic_signals,primary
42445578,2024-12-16,40.877355,-73.910607,3,0,,,1,0,0.0,0.0,0.0,0.0,0.0,51,-0.1416105093871293,0.9899224533422392,3.407142857142857,26.6,65.35119047619048,30.0,1023.2791666666666,missing,residential
42445585,2024-12-16,40.8140424,-73.936692,3,0,3.0,25.0,1,0,1.0,1.0,0.0,0.0,0.0,1,-0.1416105093871293,0.9899224533422392,3.407142857142857,26.6,65.35119047619048,30.0,1023.2791666666666,missing,secondary
42445587,2024-12-16,40.8153746,-73.9398384,4,1,3.0,,1,1,1.0,1.0,1.0,1.0,0.0,0,-0.1416105093871293,0.9899224533422392,3.407142857142857,26.6,65.35119047619048,30.0,1023.2791666666666,traffic_signals,secondary
42445603,2024-12-16,40.7169812,-73.9944635,3,0,3.0,25.0,1,0,0.0,0.0,0.0,0.0,0.0,23,-0.1416105093871293,0.9899224533422392,3.407142857142857,26.6,65.35119047619048,30.0,1023.2791666666666,missing,secondary
42445606,2024-12-16,40.7176001,-73.9963251,4,1,,25.0,1,0,0.0,0.0,0.0,0.0,0.0,21,-0.1416105093871293,0.9899224533422392,3.407142857142857,26.6,65.35119047619048,30.0,1023.2791666666666,traffic_signals,residential
42445612,2024-12-16,40.7184469,-73.9987523,4,1,1.0,25.0,1,0,0.0,1.0,0.0,0.0,0.0,4,-0.1416105093871293,0.9899224533422392,3.407142857142857,26.6,65.35119047619048,30.0,1023.2791666666666,traffic_signals,residential
42445617,2024-12-16,40.7155607,-73.9897482,3,1,,25.0,1,0,0.0,0.0,0.0,0.0,0.0,51,-0.1416105093871293,0.9899224533422392,3.407142857142857,26.6,65.35119047619048,30.0,1023.2791666666666,traffic_signals,residential
42445620,2024-12-16,40.7160318,-73.9913119,4,0,,25.0,1,1,1.0,1.0,0.0,0.0,0.0,0,-0.1416105093871293,0.9899224533422392,3.407142857142857,26.6,65.35119047619048,30.0,1023.2791666666666,missing,residential
42445630,2024-12-16,40.7144648,-73.9816369,3,1,2.0,25.0,1,0,0.0,1.0,0.0,0.0,0.0,6,-0.1416105093871293,0.9899224533422392,3.407142857142857,26.6,65.35119047619048,30.0,1023.2791666666666,traffic_signals,primary
42445634,2024-12-16,40.8624268,-73.9225094,3,1,3.0,,0,0,0.0,0.0,0.0,0.0,0.0,23,-0.1416105093871293,0.9899224533422392,3.407142857142857,26.6,65.35119047619048,30.0,1023.2791666666666,traffic_signals,primary
42445635,2024-12-16,40.863416,-73.923137,4,1,,,0,0,0.0,0.0,0.0,0.0,0.0,16,-0.1416105093871293,0.9899224533422392,3.407142857142857,26.6,65.35119047619048,30.0,1023.2791666666666,traffic_signals,tertiary
42445637,2024-12-16,40.867133,-73.925514,3,0,2.0,20.0,1,0,0.0,0.0,0.0,0.0,0.0,51,-0.1416105093871293,0.9899224533422392,3.407142857142857,26.6,65.35119047619048,30.0,1023.2791666666666,missing,tertiary
42445640,2024-12-16,40.867769,-73.925919,3,1,2.0,20.0,0,0,0.0,0.0,0.0,0.0,0.0,21,-0.1416105093871293,0.9899224533422392,3.407142857142857,26.6,65.35119047619048,30.0,1023.2791666666666,traffic_signals,tertiary
42445644,2024-12-16,40.8606861,-73.9216811,3,0,3.0,,1,0,0.0,2.0,0.0,0.0,0.0,4,-0.1416105093871293,0.9899224533422392,3.407142857142857,26.6,65.35119047619048,30.0,1023.2791666666666,missing,primary
42445649,2024-12-16,40.7515813,-73.9822757,4,1,5.0,25.0,1,0,0.0,0.0,0.0,0.0,0.0,51,-0.1416105093871293,0.9899224533422392,3.407142857142857,26.6,65.35119047619048,30.0,1023.2791666666666,traffic_signals,secondary
42445651,2024-12-16,40.7509069,-73.9806768,4,1,3.0,25.0,1,0,1.0,2.0,1.0,0.0,0.0,1,-0.1416105093871293,0.9899224533422392,3.407142857142857,26.6,65.35119047619048,30.0,1023.2791666666666,traffic_signals,secondary
42445653,2024-12-16,40.7501913,-73.9789617,4,0,2.0,25.0,1,0,0.0,2.0,0.0,0.0,0.0,5,-0.1416105093871293,0.9899224533422392,3.407142857142857,26.6,65.35119047619048,30.0,1023.2791666666666,missing,primary
42445656,2024-12-16,40.7495536,-73.9774393,4,0,4.0,25.0,1,0,2.0,3.0,0.0,0.0,1.0,1,-0.1416105093871293,0.9899224533422392,3.407142857142857,26.6,65.35119047619048,30.0,1023.2791666666666,missing,secondary
42445661,2024-12-16,40.7488906,-73.9758481,4,0,4.0,25.0,1,0,0.0,0.0,0.0,0.0,0.0,17,-0.1416105093871293,0.9899224533422392,3.407142857142857,26.6,65.35119047619048,30.0,1023.2791666666666,missing,primary
42445664,2024-12-16,40.7485092,-73.9749721,4,0,3.0,25.0,1,0,0.0,0.0,0.0,0.0,0.0,33,-0.1416105093871293,0.9899224533422392,3.407142857142857,26.6,65.35119047619048,30.0,1023.2791666666666,missing,residential
42445666,2024-12-16,40.7475701,-73.9727421,4,1,3.0,25.0,1,0,0.0,0.0,0.0,0.0,0.0,51,-0.1416105093871293,0.9899224533422392,3.407142857142857,26.6,65.35119047619048,30.0,1023.2791666666666,traffic_signals,residential
42445667,2024-12-16,40.7469293,-73.9712165,3,1,4.0,25.0,1,0,0.0,0.0,0.0,0.0,0.0,34,-0.1416105093871293,0.9899224533422392,3.407142857142857,26.6,65.35119047619048,30.0,1023.2791666666666,traffic_signals,primary
42445672,2024-12-16,40.850694,-73.927477,3,0,2.0,,1,0,0.0,0.0,0.0,0.0,0.0,45,-0.1416105093871293,0.9899224533422392,3.407142857142857,26.6,65.35119047619048,30.0,1023.2791666666666,missing,residential
42445675,2024-12-16,40.851793,-73.930101,4,1,2.0,20.0,1,0,0.0,0.0,0.0,0.0,0.0,51,-0.1416105093871293,0.9899224533422392,3.407142857142857,26.6,65.35119047619048,30.0,1023.2791666666666,traffic_signals,tertiary
42445680,2024-12-16,40.852898,-73.932725,3,1,2.0,25.0,1,0,0.0,0.0,0.0,0.0,0.0,24,-0.1416105093871293,0.9899224533422392,3.407142857142857,26.6,65.35119047619048,30.0,1023.2791666666666,traffic_signals,tertiary
42445689,2024-12-16,40.853479,-73.935133,4,0,,20.0,1,0,0.0,0.0,0.0,0.0,0.0,24,-0.1416105093871293,0.9899224533422392,3.407142857142857,26.6,65.35119047619048,30.0,1023.2791666666666,missing,residential
42445700,2024-12-16,40.7196981,-74.0059645,3,0,2.0,20.0,1,0,0.0,0.0,0.0,0.0,0.0,51,-0.1416105093871293,0.9899224533422392,3.407142857142857,26.6,65.35119047619048,30.0,1023.2791666666666,missing,secondary
42445702,2024-12-16,40.7197847,-74.0068153,4,1,3.0,20.0,1,0,0.0,0.0,0.0,0.0,0.0,21,-0.1416105093871293,0.9899224533422392,3.407142857142857,26.6,65.35119047619048,30.0,1023.2791666666666,traffic_signals,secondary
42445731,2024-12-16,40.7828325,-73.9594602,3,1,2.0,25.0,1,0,0.0,0.0,0.0,0.0,0.0,51,-0.1416105093871293,0.9899224533422392,3.407142857142857,26.6,65.35119047619048,30.0,1023.2791666666666,traffic_signals,secondary
42445733,2024-12-16,40.7821666,-73.9578583,4,1,3.0,25.0,1,0,0.0,0.0,0.0,0.0,0.0,36,-0.1416105093871293,0.9899224533422392,3.407142857142857,26.6,65.35119047619048,30.0,1023.2791666666666,traffic_signals,secondary
42445736,2024-12-16,40.7814517,-73.956168,4,1,3.0,25.0,1,0,0.0,0.0,0.0,0.0,0.0,47,-0.1416105093871293,0.9899224533422392,3.407142857142857,26.6,65.35119047619048,30.0,1023.2791666666666,traffic_signals,primary
42445738,2024-12-16,40.7808061,-73.9546344,4,1,3.0,25.0,1,0,0.0,0.0,0.0,0.0,0.0,51,-0.1416105093871293,0.9899224533422392,3.407142857142857,26.6,65.35119047619048,30.0,1023.2791666666666,traffic_signals,secondary
42445740,2024-12-16,40.7801285,-73.9530275,4,1,4.0,25.0,1,0,0.0,0.0,0.0,0.0,0.0,17,-0.1416105093871293,0.9899224533422392,3.407142857142857,26.6,65.35119047619048,30.0,1023.2791666666666,traffic_signals,primary
42445748,2024-12-16,40.7781772,-73.9484255,4,1,5.0,25.0,1,0,0.0,0.0,0.0,0.0,0.0,10,-0.1416105093871293,0.9899224533422392,3.407142857142857,26.6,65.35119047619048,30.0,1023.2791666666666,traffic_signals,primary
42445757,2024-12-16,40.7762511,-73.943831,3,1,,25.0,1,0,0.0,0.0,0.0,0.0,0.0,51,-0.1416105093871293,0.9899224533422392,3.407142857142857,26.6,65.35119047619048,30.0,1023.2791666666666,traffic_signals,residential
42445766,2024-12-16,40.742834,-74.007705,4,1,3.0,25.0,1,1,1.0,1.0,0.0,0.0,0.0,0,-0.1416105093871293,0.9899224533422392,3.407142857142857,26.6,65.35119047619048,30.0,1023.2791666666666,traffic_signals,primary
42445769,2024-12-16,40.7431598,-74.0085446,4,0,3.0,30.0,1,1,1.0,2.0,1.0,0.0,0.0,0,-0.1416105093871293,0.9899224533422392,3.407142857142857,26.6,65.35119047619048,30.0,1023.2791666666666,missing,trunk
42445773,2024-12-16,40.867026,-73.917044,3,1,2.0,,1,0,0.0,0.0,0.0,0.0,0.0,18,-0.1416105093871293,0.9899224533422392,3.407142857142857,26.6,65.35119047619048,30.0,1023.2791666666666,traffic_signals,primary
42445804,2024-12-16,40.7497536,-73.9699431,3,0,1.0,,1,0,0.0,0.0,0.0,0.0,0.0,51,-0.1416105093871293,0.9899224533422392,3.407142857142857,26.6,65.35119047619048,30.0,1023.2791666666666,missing,residential
42445817,2024-12-16,40.7935411,-73.9472775,4,1,1.0,25.0,1,0,0.0,0.0,0.0,0.0,0.0,25,-0.1416105093871293,0.9899224533422392,3.407142857142857,26.6,65.35119047619048,30.0,1023.2791666666666,traffic_signals,primary
42445823,2024-12-16,40.79293,-73.9457883,4,1,2.0,25.0,1,0,0.0,0.0,0.0,0.0,0.0,13,-0.1416105093871293,0.9899224533422392,3.407142857142857,26.6,65.35119047619048,30.0,1023.2791666666666,traffic_signals,secondary
42445840,2024-12-16,40.7949631,-73.9506082,3,1,2.0,25.0,1,0,0.0,0.0,0.0,0.0,0.0,14,-0.1416105093871293,0.9899224533422392,3.407142857142857,26.6,65.35119047619048,30.0,1023.2791666666666,traffic_signals,secondary
42445843,2024-12-16,40.7942835,-73.9490156,3,1,5.0,25.0,1,0,1.0,1.0,0.0,0.0,0.0,2,-0.1416105093871293,0.9899224533422392,3.407142857142857,26.6,65.35119047619048,30.0,1023.2791666666666,traffic_signals,secondary
42445867,2024-12-16,40.7408812,-73.9879853,3,1,5.0,25.0,1,0,2.0,2.0,2.0,0.0,0.0,1,-0.1416105093871293,0.9899224533422392,3.407142857142857,26.6,65.35119047619048,30.0,1023.2791666666666,traffic_signals,secondary
42445879,2024-12-16,40.742157,-73.9870446,3,1,3.0,25.0,1,0,0.0,0.0,0.0,0.0,0.0,26,-0.1416105093871293,0.9899224533422392,3.407142857142857,26.6,65.35119047619048,30.0,1023.2791666666666,traffic_signals,secondary
42445885,2024-12-16,40.7433948,-73.986143,4,1,3.0,25.0,1,0,1.0,1.0,0.0,0.0,0.0,2,-0.1416105093871293,0.9899224533422392,3.407142857142857,26.6,65.35119047619048,30.0,1023.2791666666666,traffic_signals,secondary
42445888,2024-12-16,40.7440084,-73.9856962,4,1,3.0,25.0,1,0,0.0,1.0,0.0,0.0,0.0,6,-0.1416105093871293,0.9899224533422392,3.407142857142857,26.6,65.35119047619048,30.0,1023.2791666666666,traffic_signals,secondary
42445896,2024-12-16,40.7458588,-73.9843457,4,1,3.0,25.0,1,0,1.0,1.0,1.0,0.0,0.0,2,-0.1416105093871293,0.9899224533422392,3.407142857142857,26.6,65.35119047619048,30.0,1023.2791666666666,traffic_signals,secondary
42445899,2024-12-16,40.7464825,-73.9838914,4,1,4.0,25.0,1,0,0.0,0.0,0.0,0.0,0.0,15,-0.1416105093871293,0.9899224533422392,3.407142857142857,26.6,65.35119047619048,30.0,1023.2791666666666,traffic_signals,secondary
42445903,2024-12-16,40.7471011,-73.9834426,4,1,4.0,25.0,1,1,1.0,1.0,1.0,0.0,0.0,0,-0.1416105093871293,0.9899224533422392,3.407142857142857,26.6,65.35119047619048,30.0,1023.2791666666666,traffic_signals,secondary
42445908,2024-12-16,40.7490548,-73.9820225,4,1,4.0,25.0,1,0,0.0,0.0,0.0,0.0,0.0,9,-0.1416105093871293,0.9899224533422392,3.407142857142857,26.6,65.35119047619048,30.0,1023.2791666666666,traffic_signals,secondary
42445909,2024-12-16,40.7496645,-73.9815704,4,1,4.0,25.0,1,0,0.0,1.0,0.0,0.0,1.0,4,-0.1416105093871293,0.9899224533422392,3.407142857142857,26.6,65.35119047619048,30.0,1023.2791666666666,traffic_signals,secondary
42445910,2024-12-16,40.7502832,-73.9811233,4,1,3.0,25.0,1,0,0.0,0.0,0.0,0.0,0.0,31,-0.1416105093871293,0.9899224533422392,3.407142857142857,26.6,65.35119047619048,30.0,1023.2791666666666,traffic_signals,secondary
42445914,2024-12-16,40.7515352,-73.9802218,4,1,4.0,25.0,1,0,1.0,1.0,1.0,1.0,0.0,1,-0.1416105093871293,0.9899224533422392,3.407142857142857,26.6,65.35119047619048,30.0,1023.2791666666666,traffic_signals,secondary
42445916,2024-12-16,40.7528125,-73.9792873,4,1,5.0,25.0,1,1,1.0,2.0,0.0,0.0,1.0,0,-0.1416105093871293,0.9899224533422392,3.407142857142857,26.6,65.35119047619048,30.0,1023.2791666666666,traffic_signals,primary
42445917,2024-12-16,40.7534863,-73.9787764,4,1,5.0,25.0,1,0,0.0,0.0,0.0,0.0,0.0,33,-0.1416105093871293,0.9899224533422392,3.407142857142857,26.6,65.35119047619048,30.0,1023.2791666666666,traffic_signals,secondary
42445920,2024-12-16,40.754099,-73.9783295,4,1,2.0,25.0,1,0,0.0,0.0,0.0,0.0,0.0,12,-0.1416105093871293,0.9899224533422392,3.407142857142857,26.6,65.35119047619048,30.0,1023.2791666666666,traffic_signals,secondary
42445924,2024-12-16,40.7559868,-73.9769642,4,1,5.0,25.0,1,0,0.0,0.0,0.0,0.0,0.0,51,-0.1416105093871293,0.9899224533422392,3.407142857142857,26.6,65.35119047619048,30.0,1023.2791666666666,traffic_signals,secondary
42445926,2024-12-16,40.7566036,-73.976512,4,1,4.0,25.0,1,0,1.0,1.0,0.0,0.0,0.0,3,-0.1416105093871293,0.9899224533422392,3.407142857142857,26.6,65.35119047619048,30.0,1023.2791666666666,traffic_signals,secondary
42445928,2024-12-16,40.7578582,-73.975593,4,1,5.0,25.0,1,0,1.0,1.0,0.0,0.0,0.0,3,-0.1416105093871293,0.9899224533422392,3.407142857142857,26.6,65.35119047619048,30.0,1023.2791666666666,traffic_signals,secondary
42445930,2024-12-16,40.7591136,-73.9746825,4,1,5.0,25.0,1,0,0.0,1.0,0.0,0.0,0.0,7,-0.1416105093871293,0.9899224533422392,3.407142857142857,26.6,65.35119047619048,30.0,1023.2791666666666,traffic_signals,secondary
42445936,2024-12-16,40.7603711,-73.9737664,4,1,5.0,25.0,1,0,0.0,0.0,0.0,0.0,0.0,9,-0.1416105093871293,0.9899224533422392,3.407142857142857,26.6,65.35119047619048,30.0,1023.2791666666666,traffic_signals,secondary
42445941,2024-12-16,40.7609986,-73.9733102,4,1,5.0,25.0,1,0,1.0,3.0,0.0,0.0,0.0,1,-0.1416105093871293,0.9899224533422392,3.407142857142857,26.6,65.35119047619048,30.0,1023.2791666666666,traffic_signals,secondary
42445947,2024-12-16,40.7629713,-73.9718668,4,1,4.0,25.0,1,0,0.0,0.0,0.0,0.0,0.0,16,-0.1416105093871293,0.9899224533422392,3.407142857142857,26.6,65.35119047619048,30.0,1023.2791666666666,traffic_signals,secondary
42445950,2024-12-16,40.7635873,-73.9714224,4,1,5.0,25.0,1,0,0.0,1.0,0.0,0.0,0.0,5,-0.1416105093871293,0.9899224533422392,3.407142857142857,26.6,65.35119047619048,30.0,1023.2791666666666,traffic_signals,secondary
42445953,2024-12-16,40.7642357,-73.9709527,4,1,5.0,25.0,1,0,0.0,0.0,0.0,0.0,0.0,9,-0.1416105093871293,0.9899224533422392,3.407142857142857,26.6,65.35119047619048,30.0,1023.2791666666666,traffic_signals,secondary
42445961,2024-12-16,40.7654664,-73.9700424,4,1,3.0,25.0,1,0,1.0,2.0,0.0,0.0,0.0,2,-0.1416105093871293,0.9899224533422392,3.407142857142857,26.6,65.35119047619048,30.0,1023.2791666666666,traffic_signals,secondary
42445972,2024-12-16,40.7673574,-73.9686619,4,1,4.0,25.0,1,0,0.0,0.0,0.0,0.0,0.0,8,-0.1416105093871293,0.9899224533422392,3.407142857142857,26.6,65.35119047619048,30.0,1023.2791666666666,traffic_signals,secondary
42445976,2024-12-16,40.7679741,-73.9682111,4,1,4.0,25.0,1,0,0.0,0.0,0.0,0.0,0.0,32,-0.1416105093871293,0.9899224533422392,3.407142857142857,26.6,65.35119047619048,30.0,1023.2791666666666,traffic_signals,secondary
42445994,2024-12-16,40.7698511,-73.9668519,4,1,4.0,25.0,1,0,0.0,0.0,0.0,0.0,0.0,13,-0.1416105093871293,0.9899224533422392,3.407142857142857,26.6,65.35119047619048,30.0,1023.2791666666666,traffic_signals,secondary
42446013,2024-12-16,40.7743793,-73.9635603,4,1,3.0,25.0,1,0,1.0,1.0,1.0,0.0,1.0,1,-0.1416105093871293,0.9899224533422392,3.407142857142857,26.6,65.35119047619048,30.0,1023.2791666666666,traffic_signals,secondary
42446016,2024-12-16,40.7750204,-73.9630908,4,1,3.0,25.0,1,0,0.0,0.0,0.0,0.0,0.0,51,-0.1416105093871293,0.9899224533422392,3.407142857142857,26.6,65.35119047619048,30.0,1023.2791666666666,traffic_signals,secondary
42446021,2024-12-16,40.7763336,-73.9621347,4,1,4.0,25.0,1,0,0.0,0.0,0.0,0.0,0.0,48,-0.1416105093871293,0.9899224533422392,3.407142857142857,26.6,65.35119047619048,30.0,1023.2791666666666,traffic_signals,secondary
42446026,2024-12-16,40.7776355,-73.9611664,4,1,3.0,25.0,1,0,0.0,1.0,0.0,0.0,0.0,4,-0.1416105093871293,0.9899224533422392,3.407142857142857,26.6,65.35119047619048,30.0,1023.2791666666666,traffic_signals,secondary
42446031,2024-12-16,40.7789076,-73.9602361,4,1,3.0,25.0,1,0,1.0,1.0,0.0,0.0,0.0,3,-0.1416105093871293,0.9899224533422392,3.407142857142857,26.6,65.35119047619048,30.0,1023.2791666666666,traffic_signals,secondary
42446036,2024-12-16,40.780173,-73.959311,4,1,3.0,25.0,1,1,1.0,1.0,0.0,0.0,0.0,0,-0.1416105093871293,0.9899224533422392,3.407142857142857,26.6,65.35119047619048,30.0,1023.2791666666666,traffic_signals,secondary
42446041,2024-12-16,40.7815341,-73.9583086,4,1,3.0,25.0,1,0,0.0,0.0,0.0,0.0,0.0,35,-0.1416105093871293,0.9899224533422392,3.407142857142857,26.6,65.35119047619048,30.0,1023.2791666666666,traffic_signals,secondary
42446066,2024-12-16,40.7840524,-73.956481,4,1,3.0,25.0,1,0,1.0,2.0,1.0,0.0,1.0,1,-0.1416105093871293,0.9899224533422392,3.407142857142857,26.6,65.35119047619048,30.0,1023.2791666666666,traffic_signals,secondary
42446070,2024-12-16,40.784669,-73.9560317,4,1,3.0,25.0,1,0,0.0,0.0,0.0,0.0,0.0,42,-0.1416105093871293,0.9899224533422392,3.407142857142857,26.6,65.35119047619048,30.0,1023.2791666666666,traffic_signals,secondary
42446072,2024-12-16,40.7852993,-73.9555695,4,1,3.0,25.0,1,0,0.0,0.0,0.0,0.0,0.0,51,-0.1416105093871293,0.9899224533422392,3.407142857142857,26.6,65.35119047619048,30.0,1023.2791666666666,traffic_signals,secondary
42446086,2024-12-16,40.787231,-73.9541623,4,1,5.0,25.0,1,0,1.0,1.0,0.0,0.0,0.0,1,-0.1416105093871293,0.9899224533422392,3.407142857142857,26.6,65.35119047619048,30.0,1023.2791666666666,traffic_signals,secondary
42446093,2024-12-16,40.787902,-73.9536721,4,1,5.0,25.0,1,0,1.0,1.0,1.0,0.0,1.0,2,-0.1416105093871293,0.9899224533422392,3.407142857142857,26.6,65.35119047619048,30.0,1023.2791666666666,traffic_signals,secondary
42446099,2024-12-16,40.7885301,-73.9532121,4,1,5.0,25.0,1,0,0.0,1.0,0.0,0.0,0.0,7,-0.1416105093871293,0.9899224533422392,3.407142857142857,26.6,65.35119047619048,30.0,1023.2791666666666,traffic_signals,secondary
42446132,2024-12-16,40.7929332,-73.9500043,3,1,5.0,25.0,1,0,0.0,0.0,0.0,0.0,0.0,9,-0.1416105093871293,0.9899224533422392,3.407142857142857,26.6,65.35119047619048,30.0,1023.2791666666666,traffic_signals,secondary
42446138,2024-12-16,40.7936162,-73.9495058,5,1,5.0,25.0,1,0,0.0,0.0,0.0,0.0,0.0,20,-0.1416105093871293,0.9899224533422392,3.407142857142857,26.6,65.35119047619048,30.0,1023.2791666666666,traffic_signals,secondary
42446147,2024-12-16,40.7955444,-73.9480973,4,1,5.0,25.0,1,0,0.0,1.0,0.0,0.0,0.0,7,-0.1416105093871293,0.9899224533422392,3.407142857142857,26.6,65.35119047619048,30.0,1023.2791666666666,traffic_signals,secondary
42446152,2024-12-16,40.7968004,-73.9471765,4,1,5.0,25.0,1,0,0.0,0.0,0.0,0.0,0.0,17,-0.1416105093871293,0.9899224533422392,3.407142857142857,26.6,65.35119047619048,30.0,1023.2791666666666,traffic_signals,secondary
42446155,2024-12-16,40.7974442,-73.9467077,4,1,5.0,25.0,1,0,0.0,1.0,0.0,0.0,0.0,7,-0.1416105093871293,0.9899224533422392,3.407142857142857,26.6,65.35119047619048,30.0,1023.2791666666666,traffic_signals,secondary
42446161,2024-12-16,40.7999781,-73.9448411,4,1,5.0,25.0,1,0,0.0,0.0,0.0,0.0,0.0,10,-0.1416105093871293,0.9899224533422392,3.407142857142857,26.6,65.35119047619048,30.0,1023.2791666666666,traffic_signals,secondary
42446164,2024-12-16,40.8006644,-73.9443571,4,1,5.0,25.0,1,0,0.0,0.0,0.0,0.0,0.0,51,-0.1416105093871293,0.9899224533422392,3.407142857142857,26.6,65.35119047619048,30.0,1023.2791666666666,traffic_signals,secondary
42446169,2024-12-16,40.8031793,-73.94254,3,0,2.0,25.0,1,0,0.0,0.0,0.0,0.0,0.0,30,-0.1416105093871293,0.9899224533422392,3.407142857142857,26.6,65.35119047619048,30.0,1023.2791666666666,missing,secondary
42446171,2024-12-16,40.804439,-73.94162,3,0,2.0,25.0,1,0,0.0,0.0,0.0,0.0,0.0,23,-0.1416105093871293,0.9899224533422392,3.407142857142857,26.6,65.35119047619048,30.0,1023.2791666666666,missing,secondary
42446177,2024-12-16,40.8070341,-73.9397061,4,1,2.0,25.0,1,0,0.0,0.0,0.0,0.0,0.0,13,-0.1416105093871293,0.9899224533422392,3.407142857142857,26.6,65.35119047619048,30.0,1023.2791666666666,traffic_signals,secondary
42446182,2024-12-16,40.8076491,-73.9392584,4,1,2.0,25.0,1,0,0.0,0.0,0.0,0.0,0.0,37,-0.1416105093871293,0.9899224533422392,3.407142857142857,26.6,65.35119047619048,30.0,1023.2791666666666,traffic_signals,secondary
42446184,2024-12-16,40.8089094,-73.9383407,4,1,2.0,25.0,1,0,0.0,1.0,0.0,0.0,0.0,7,-0.1416105093871293,0.9899224533422392,3.407142857142857,26.6,65.35119047619048,30.0,1023.2791666666666,traffic_signals,secondary
42446187,2024-12-16,40.8095324,-73.9378846,4,1,2.0,25.0,1,0,0.0,0.0,0.0,0.0,0.0,28,-0.1416105093871293,0.9899224533422392,3.407142857142857,26.6,65.35119047619048,30.0,1023.2791666666666,traffic_signals,secondary
42446190,2024-12-16,40.8101814,-73.9374066,4,1,3.0,25.0,1,0,0.0,4.0,0.0,0.0,0.0,6,-0.1416105093871293,0.9899224533422392,3.407142857142857,26.6,65.35119047619048,30.0,1023.2791666666666,traffic_signals,secondary
42446203,2024-12-16,40.8084187,-73.9449268,4,1,3.0,,1,0,0.0,1.0,0.0,0.0,0.0,5,-0.1416105093871293,0.9899224533422392,3.407142857142857,26.6,65.35119047619048,30.0,1023.2791666666666,traffic_signals,secondary
42446218,2024-12-16,40.815546,-73.9569253,4,1,,,1,0,0.0,1.0,0.0,0.0,0.0,5,-0.1416105093871293,0.9899224533422392,3.407142857142857,26.6,65.35119047619048,30.0,1023.2791666666666,traffic_signals,residential
42446231,2024-12-16,40.870225,-73.914694,4,0,2.0,,1,0,0.0,0.0,0.0,0.0,0.0,32,-0.1416105093871293,0.9899224533422392,3.407142857142857,26.6,65.35119047619048,30.0,1023.2791666666666,missing,primary
42446266,2024-12-16,40.7433107,-73.9840157,4,1,3.0,25.0,1,0,0.0,3.0,0.0,0.0,0.0,5,-0.1416105093871293,0.9899224533422392,3.407142857142857,26.6,65.35119047619048,30.0,1023.2791666666666,traffic_signals,primary
42446270,2024-12-16,40.7426527,-73.9824654,4,0,3.0,25.0,1,0,0.0,0.0,0.0,0.0,0.0,29,-0.1416105093871293,0.9899224533422392,3.407142857142857,26.6,65.35119047619048,30.0,1023.2791666666666,missing,secondary
42446275,2024-12-16,40.7419813,-73.9808707,4,0,5.0,25.0,1,0,1.0,1.0,1.0,0.0,1.0,1,-0.1416105093871293,0.9899224533422392,3.407142857142857,26.6,65.35119047619048,30.0,1023.2791666666666,missing,primary
42446293,2024-12-16,40.7400362,-73.9762474,3,1,4.0,25.0,1,0,0.0,0.0,0.0,0.0,0.0,8,-0.1416105093871293,0.9899224533422392,3.407142857142857,26.6,65.35119047619048,30.0,1023.2791666666666,traffic_signals,primary
42446331,2024-12-16,40.844846,-73.935181,4,1,2.0,20.0,1,0,0.0,0.0,0.0,0.0,0.0,29,-0.1416105093871293,0.9899224533422392,3.407142857142857,26.6,65.35119047619048,30.0,1023.2791666666666,traffic_signals,tertiary
42446337,2024-12-16,40.845948,-73.937809,3,1,,,1,0,0.0,0.0,0.0,0.0,0.0,9,-0.1416105093871293,0.9899224533422392,3.407142857142857,26.6,65.35119047619048,30.0,1023.2791666666666,traffic_signals,tertiary
42446353,2024-12-16,40.7597993,-73.9762894,4,1,4.0,25.0,1,0,2.0,2.0,1.0,1.0,0.0,1,-0.1416105093871293,0.9899224533422392,3.407142857142857,26.6,65.35119047619048,30.0,1023.2791666666666,traffic_signals,secondary
42446363,2024-12-16,40.7659445,-73.9908549,4,1,3.0,25.0,1,0,0.0,0.0,0.0,0.0,0.0,12,-0.1416105093871293,0.9899224533422392,3.407142857142857,26.6,65.35119047619048,30.0,1023.2791666666666,traffic_signals,primary
42446398,2024-12-16,40.7188934,-73.9754842,4,0,3.0,25.0,1,0,0.0,0.0,0.0,0.0,0.0,23,-0.1416105093871293,0.9899224533422392,3.407142857142857,26.6,65.35119047619048,30.0,1023.2791666666666,missing,primary
42446424,2024-12-16,40.7154997,-73.9772223,3,0,,25.0,1,0,0.0,0.0,0.0,0.0,0.0,51,-0.1416105093871293,0.9899224533422392,3.407142857142857,26.6,65.35119047619048,30.0,1023.2791666666666,missing,residential
42446455,2024-12-16,40.7756852,-73.9646737,3,1,3.0,25.0,1,0,0.0,0.0,0.0,0.0,0.0,51,-0.1416105093871293,0.9899224533422392,3.407142857142857,26.6,65.35119047619048,30.0,1023.2791666666666,traffic_signals,secondary
42446461,2024-12-16,40.7743023,-73.9613859,4,1,3.0,25.0,1,0,1.0,1.0,0.0,0.0,0.0,2,-0.1416105093871293,0.9899224533422392,3.407142857142857,26.6,65.35119047619048,30.0,1023.2791666666666,traffic_signals,primary
42446466,2024-12-16,40.7736555,-73.9598542,4,1,3.0,25.0,1,0,0.0,0.0,0.0,0.0,0.0,37,-0.1416105093871293,0.9899224533422392,3.407142857142857,26.6,65.35119047619048,30.0,1023.2791666666666,traffic_signals,secondary
42446472,2024-12-16,40.7729798,-73.9582574,4,1,4.0,25.0,1,0,0.0,0.0,0.0,0.0,0.0,12,-0.1416105093871293,0.9899224533422392,3.407142857142857,26.6,65.35119047619048,30.0,1023.2791666666666,traffic_signals,primary
42446478,2024-12-16,40.7710306,-73.9536338,4,1,5.0,25.0,1,0,0.0,0.0,0.0,0.0,0.0,33,-0.1416105093871293,0.9899224533422392,3.407142857142857,26.6,65.35119047619048,30.0,1023.2791666666666,traffic_signals,primary
42446488,2024-12-16,40.7522048,-73.9818235,4,1,5.0,25.0,1,0,0.0,0.0,0.0,0.0,0.0,12,-0.1416105093871293,0.9899224533422392,3.407142857142857,26.6,65.35119047619048,30.0,1023.2791666666666,traffic_signals,secondary
42446504,2024-12-16,40.758346,-73.9964055,4,1,5.0,25.0,1,0,0.0,0.0,0.0,0.0,0.0,14,-0.1416105093871293,0.9899224533422392,3.407142857142857,26.6,65.35119047619048,30.0,1023.2791666666666,traffic_signals,primary
42446506,2024-12-16,40.758846,-73.9975781,4,1,3.0,25.0,1,0,0.0,0.0,0.0,0.0,0.0,51,-0.1416105093871293,0.9899224533422392,3.407142857142857,26.6,65.35119047619048,30.0,1023.2791666666666,traffic_signals,primary
42446521,2024-12-16,40.733922,-73.992792,4,1,1.0,25.0,1,0,0.0,1.0,0.0,0.0,0.0,6,-0.1416105093871293,0.9899224533422392,3.407142857142857,26.6,65.35119047619048,30.0,1023.2791666666666,traffic_signals,residential
42446528,2024-12-16,40.7327562,-73.990029,4,1,2.0,25.0,1,0,0.0,0.0,0.0,0.0,0.0,17,-0.1416105093871293,0.9899224533422392,3.407142857142857,26.6,65.35119047619048,30.0,1023.2791666666666,traffic_signals,secondary
42446533,2024-12-16,40.7319665,-73.9881565,4,0,4.0,25.0,1,0,1.0,2.0,0.0,0.0,0.0,3,-0.1416105093871293,0.9899224533422392,3.407142857142857,26.6,65.35119047619048,30.0,1023.2791666666666,missing,primary
42446547,2024-12-16,40.7300191,-73.983536,4,1,4.0,25.0,1,0,0.0,0.0,0.0,0.0,0.0,12,-0.1416105093871293,0.9899224533422392,3.407142857142857,26.6,65.35119047619048,30.0,1023.2791666666666,traffic_signals,primary
42446552,2024-12-16,40.729086,-73.981325,4,1,2.0,20.0,1,0,0.0,0.0,0.0,0.0,0.0,29,-0.1416105093871293,0.9899224533422392,3.407142857142857,26.6,65.35119047619048,30.0,1023.2791666666666,traffic_signals,secondary
42446562,2024-12-16,40.728106,-73.978998,4,1,2.0,20.0,1,0,0.0,0.0,0.0,0.0,0.0,8,-0.1416105093871293,0.9899224533422392,3.407142857142857,26.6,65.35119047619048,30.0,1023.2791666666666,traffic_signals,tertiary
42446584,2024-12-16,40.726109,-73.974269,3,1,2.0,20.0,1,0,0.0,0.0,0.0,0.0,0.0,51,-0.1416105093871293,0.9899224533422392,3.407142857142857,26.6,65.35119047619048,30.0,1023.2791666666666,traffic_signals,residential
42446604,2024-12-16,40.864112,-73.92125,4,1,,,0,0,0.0,0.0,0.0,0.0,0.0,51,-0.1416105093871293,0.9899224533422392,3.407142857142857,26.6,65.35119047619048,30.0,1023.2791666666666,traffic_signals,tertiary
42446609,2024-12-16,40.8650616,-73.9185087,3,0,2.0,,1,0,0.0,0.0,0.0,0.0,0.0,51,-0.1416105093871293,0.9899224533422392,3.407142857142857,26.6,65.35119047619048,30.0,1023.2791666666666,missing,primary
42446622,2024-12-16,40.7077766,-74.0129583,3,1,3.0,20.0,1,0,0.0,0.0,0.0,0.0,0.0,21,-0.1416105093871293,0.9899224533422392,3.407142857142857,26.6,65.35119047619048,30.0,1023.2791666666666,traffic_signals,secondary
42446632,2024-12-16,40.7082321,-74.0143778,4,0,1.0,20.0,1,0,0.0,0.0,0.0,0.0,0.0,28,-0.1416105093871293,0.9899224533422392,3.407142857142857,26.6,65.35119047619048,30.0,1023.2791666666666,missing,residential
42446640,2024-12-16,40.7084917,-74.0152017,3,0,4.0,30.0,1,0,0.0,1.0,0.0,0.0,0.0,6,-0.1416105093871293,0.9899224533422392,3.407142857142857,26.6,65.35119047619048,30.0,1023.2791666666666,missing,trunk
42446668,2024-12-16,40.7539186,-73.9996344,4,1,4.0,25.0,1,1,4.0,4.0,1.0,0.0,1.0,0,-0.1416105093871293,0.9899224533422392,3.407142857142857,26.6,65.35119047619048,30.0,1023.2791666666666,traffic_signals,primary
42446701,2024-12-16,40.747774,-73.9850381,4,1,4.0,25.0,1,0,0.0,0.0,0.0,0.0,0.0,13,-0.1416105093871293,0.9899224533422392,3.407142857142857,26.6,65.35119047619048,30.0,1023.2791666666666,traffic_signals,secondary
42446721,2024-12-16,40.7974838,-73.9488026,4,1,3.0,25.0,1,0,0.0,0.0,0.0,0.0,0.0,8,-0.1416105093871293,0.9899224533422392,3.407142857142857,26.6,65.35119047619048,30.0,1023.2791666666666,traffic_signals,secondary
42446723,2024-12-16,40.7988147,-73.9519336,4,1,2.0,,1,0,0.0,0.0,0.0,0.0,0.0,51,-0.1416105093871293,0.9899224533422392,3.407142857142857,26.6,65.35119047619048,30.0,1023.2791666666666,traffic_signals,secondary
42446728,2024-12-16,40.8000749,-73.9549272,4,1,2.0,25.0,1,0,1.0,1.0,1.0,0.0,1.0,1,-0.1416105093871293,0.9899224533422392,3.407142857142857,26.6,65.35119047619048,30.0,1023.2791666666666,traffic_signals,primary
42446733,2024-12-16,40.8018511,-73.9591421,3,1,2.0,25.0,1,0,0.0,0.0,0.0,0.0,0.0,51,-0.1416105093871293,0.9899224533422392,3.407142857142857,26.6,65.35119047619048,30.0,1023.2791666666666,traffic_signals,residential
42446772,2024-12-16,40.8013237,-73.9501099,4,1,2.0,,1,0,0.0,0.0,0.0,0.0,0.0,19,-0.1416105093871293,0.9899224533422392,3.407142857142857,26.6,65.35119047619048,30.0,1023.2791666666666,traffic_signals,secondary
42446775,2024-12-16,40.8025813,-73.9530992,4,1,2.0,25.0,1,0,1.0,1.0,1.0,0.0,0.0,2,-0.1416105093871293,0.9899224533422392,3.407142857142857,26.6,65.35119047619048,30.0,1023.2791666666666,traffic_signals,primary
42446778,2024-12-16,40.80436,-73.9573132,4,1,2.0,25.0,1,0,0.0,0.0,0.0,0.0,0.0,37,-0.1416105093871293,0.9899224533422392,3.407142857142857,26.6,65.35119047619048,30.0,1023.2791666666666,traffic_signals,residential
42446797,2024-12-16,40.8631688,-73.9198485,3,0,2.0,,1,0,0.0,0.0,0.0,0.0,0.0,11,-0.1416105093871293,0.9899224533422392,3.407142857142857,26.6,65.35119047619048,30.0,1023.2791666666666,missing,primary
42446800,2024-12-16,40.7159799,-74.0152648,3,0,2.0,20.0,1,0,0.0,0.0,0.0,0.0,0.0,51,-0.1416105093871293,0.9899224533422392,3.407142857142857,26.6,65.35119047619048,30.0,1023.2791666666666,missing,residential
42446814,2024-12-16,40.717113,-74.0145447,4,1,1.0,20.0,1,0,0.0,0.0,0.0,0.0,0.0,51,-0.1416105093871293,0.9899224533422392,3.407142857142857,26.6,65.35119047619048,30.0,1023.2791666666666,traffic_signals,residential
42446825,2024-12-16,40.7169994,-74.0142977,4,1,2.0,20.0,1,0,0.0,0.0,0.0,0.0,0.0,51,-0.1416105093871293,0.9899224533422392,3.407142857142857,26.6,65.35119047619048,30.0,1023.2791666666666,traffic_signals,residential
42446849,2024-12-16,40.715117,-74.0159482,3,0,4.0,20.0,1,0,0.0,0.0,0.0,0.0,0.0,21,-0.1416105093871293,0.9899224533422392,3.407142857142857,26.6,65.35119047619048,30.0,1023.2791666666666,missing,residential
42446875,2024-12-16,40.7352124,-73.9857941,4,0,5.0,25.0,1,0,0.0,0.0,0.0,0.0,0.0,32,-0.1416105093871293,0.9899224533422392,3.407142857142857,26.6,65.35119047619048,30.0,1023.2791666666666,missing,primary
42446879,2024-12-16,40.7345982,-73.9843469,3,0,1.0,25.0,1,0,0.0,0.0,0.0,0.0,0.0,51,-0.1416105093871293,0.9899224533422392,3.407142857142857,26.6,65.35119047619048,30.0,1023.2791666666666,missing,residential
42446885,2024-12-16,40.7339281,-73.9827492,3,0,1.0,25.0,1,0,0.0,1.0,0.0,0.0,0.0,5,-0.1416105093871293,0.9899224533422392,3.407142857142857,26.6,65.35119047619048,30.0,1023.2791666666666,missing,residential
42446889,2024-12-16,40.7332587,-73.9811531,3,1,5.0,25.0,1,0,0.0,0.0,0.0,0.0,0.0,14,-0.1416105093871293,0.9899224533422392,3.407142857142857,26.6,65.35119047619048,30.0,1023.2791666666666,traffic_signals,primary
42446902,2024-12-16,40.732318,-74.001663,3,0,,25.0,1,0,0.0,0.0,0.0,0.0,0.0,8,-0.1416105093871293,0.9899224533422392,3.407142857142857,26.6,65.35119047619048,30.0,1023.2791666666666,missing,residential
42446919,2024-12-16,40.8341688,-73.9392318,3,0,,,1,0,0.0,0.0,0.0,0.0,0.0,51,-0.1416105093871293,0.9899224533422392,3.407142857142857,26.6,65.35119047619048,30.0,1023.2791666666666,missing,residential
42446925,2024-12-16,40.7395138,-73.9847521,4,0,5.0,25.0,1,0,1.0,1.0,1.0,0.0,0.0,2,-0.1416105093871293,0.9899224533422392,3.407142857142857,26.6,65.35119047619048,30.0,1023.2791666666666,missing,secondary
42446932,2024-12-16,40.7420359,-73.9829129,4,0,3.0,25.0,1,0,0.0,0.0,0.0,0.0,0.0,8,-0.1416105093871293,0.9899224533422392,3.407142857142857,26.6,65.35119047619048,30.0,1023.2791666666666,missing,secondary
42446933,2024-12-16,40.7445045,-73.9811202,4,0,4.0,25.0,1,0,0.0,1.0,0.0,0.0,0.0,7,-0.1416105093871293,0.9899224533422392,3.407142857142857,26.6,65.35119047619048,30.0,1023.2791666666666,missing,secondary
42446934,2024-12-16,40.7451276,-73.9806695,4,0,4.0,25.0,1,0,0.0,0.0,0.0,0.0,0.0,51,-0.1416105093871293,0.9899224533422392,3.407142857142857,26.6,65.35119047619048,30.0,1023.2791666666666,missing,secondary
42446935,2024-12-16,40.7457461,-73.9802235,4,0,4.0,25.0,1,0,0.0,0.0,0.0,0.0,0.0,27,-0.1416105093871293,0.9899224533422392,3.407142857142857,26.6,65.35119047619048,30.0,1023.2791666666666,missing,secondary
42446941,2024-12-16,40.7476966,-73.9788036,4,0,4.0,25.0,1,0,0.0,0.0,0.0,0.0,0.0,16,-0.1416105093871293,0.9899224533422392,3.407142857142857,26.6,65.35119047619048,30.0,1023.2791666666666,missing,secondary
42446942,2024-12-16,40.7483124,-73.9783419,4,0,4.0,25.0,1,0,0.0,1.0,0.0,0.0,0.0,7,-0.1416105093871293,0.9899224533422392,3.407142857142857,26.6,65.35119047619048,30.0,1023.2791666666666,missing,secondary
42446945,2024-12-16,40.7489187,-73.977901,4,0,4.0,25.0,1,0,0.0,1.0,0.0,0.0,1.0,6,-0.1416105093871293,0.9899224533422392,3.407142857142857,26.6,65.35119047619048,30.0,1023.2791666666666,missing,secondary
42446949,2024-12-16,40.7501697,-73.9769912,4,0,4.0,25.0,1,0,1.0,1.0,0.0,0.0,0.0,2,-0.1416105093871293,0.9899224533422392,3.407142857142857,26.6,65.35119047619048,30.0,1023.2791666666666,missing,secondary
42446971,2024-12-16,40.7521215,-73.9755534,3,1,3.0,,1,0,0.0,0.0,0.0,0.0,0.0,11,-0.1416105093871293,0.9899224533422392,3.407142857142857,26.6,65.35119047619048,30.0,1023.2791666666666,traffic_signals,secondary
42446977,2024-12-16,40.752741,-73.975102,3,1,3.0,,1,0,0.0,0.0,0.0,0.0,0.0,39,-0.1416105093871293,0.9899224533422392,3.407142857142857,26.6,65.35119047619048,30.0,1023.2791666666666,traffic_signals,secondary
42446986,2024-12-16,40.7546132,-73.9737339,4,1,3.0,,1,0,0.0,0.0,0.0,0.0,0.0,9,-0.1416105093871293,0.9899224533422392,3.407142857142857,26.6,65.35119047619048,30.0,1023.2791666666666,traffic_signals,secondary
42446987,2024-12-16,40.7552508,-73.9732669,4,1,3.0,,1,0,0.0,2.0,0.0,0.0,0.0,6,-0.1416105093871293,0.9899224533422392,3.407142857142857,26.6,65.35119047619048,30.0,1023.2791666666666,traffic_signals,secondary
42446991,2024-12-16,40.756498,-73.972362,4,1,4.0,,1,0,0.0,0.0,0.0,0.0,0.0,12,-0.1416105093871293,0.9899224533422392,3.407142857142857,26.6,65.35119047619048,30.0,1023.2791666666666,traffic_signals,secondary
42446994,2024-12-16,40.7577574,-73.9714431,4,1,4.0,25.0,1,1,1.0,2.0,0.0,0.0,0.0,0,-0.1416105093871293,0.9899224533422392,3.407142857142857,26.6,65.35119047619048,30.0,1023.2791666666666,traffic_signals,secondary
42446998,2024-12-16,40.7590024,-73.970533,4,1,4.0,25.0,1,0,0.0,0.0,0.0,0.0,0.0,9,-0.1416105093871293,0.9899224533422392,3.407142857142857,26.6,65.35119047619048,30.0,1023.2791666666666,traffic_signals,secondary
42447007,2024-12-16,40.7616103,-73.9686382,4,1,5.0,25.0,1,0,1.0,1.0,0.0,0.0,0.0,1,-0.1416105093871293,0.9899224533422392,3.407142857142857,26.6,65.35119047619048,30.0,1023.2791666666666,traffic_signals,secondary
42447009,2024-12-16,40.7622304,-73.9681876,4,1,5.0,25.0,1,1,2.0,3.0,0.0,0.0,1.0,0,-0.1416105093871293,0.9899224533422392,3.407142857142857,26.6,65.35119047619048,30.0,1023.2791666666666,traffic_signals,secondary
42447020,2024-12-16,40.7628736,-73.9677191,4,1,5.0,25.0,1,0,0.0,0.0,0.0,0.0,0.0,34,-0.1416105093871293,0.9899224533422392,3.407142857142857,26.6,65.35119047619048,30.0,1023.2791666666666,traffic_signals,secondary
42447030,2024-12-16,40.7641121,-73.9668167,4,1,3.0,25.0,1,0,0.0,1.0,0.0,0.0,0.0,7,-0.1416105093871293,0.9899224533422392,3.407142857142857,26.6,65.35119047619048,30.0,1023.2791666666666,traffic_signals,secondary
42447060,2024-12-16,40.7659911,-73.9654486,4,1,4.0,25.0,1,0,0.0,0.0,0.0,0.0,0.0,10,-0.1416105093871293,0.9899224533422392,3.407142857142857,26.6,65.35119047619048,30.0,1023.2791666666666,traffic_signals,secondary
42447069,2024-12-16,40.7666145,-73.9649882,4,1,3.0,25.0,1,0,0.0,0.0,0.0,0.0,0.0,20,-0.1416105093871293,0.9899224533422392,3.407142857142857,26.6,65.35119047619048,30.0,1023.2791666666666,traffic_signals,secondary
42447076,2024-12-16,40.7684894,-73.9636212,4,1,3.0,25.0,1,0,0.0,1.0,0.0,0.0,0.0,4,-0.1416105093871293,0.9899224533422392,3.407142857142857,26.6,65.35119047619048,30.0,1023.2791666666666,traffic_signals,secondary
42447084,2024-12-16,40.7730155,-73.9603206,4,1,3.0,25.0,1,0,0.0,0.0,0.0,0.0,0.0,27,-0.1416105093871293,0.9899224533422392,3.407142857142857,26.6,65.35119047619048,30.0,1023.2791666666666,traffic_signals,secondary
42447105,2024-12-16,40.7749669,-73.9588958,4,1,3.0,25.0,1,0,1.0,1.0,1.0,1.0,0.0,2,-0.1416105093871293,0.9899224533422392,3.407142857142857,26.6,65.35119047619048,30.0,1023.2791666666666,traffic_signals,secondary
42447115,2024-12-16,40.7762807,-73.957939,4,1,3.0,25.0,1,0,0.0,0.0,0.0,0.0,0.0,51,-0.1416105093871293,0.9899224533422392,3.407142857142857,26.6,65.35119047619048,30.0,1023.2791666666666,traffic_signals,secondary
42447126,2024-12-16,40.7775539,-73.9570119,4,1,3.0,25.0,1,0,0.0,0.0,0.0,0.0,0.0,51,-0.1416105093871293,0.9899224533422392,3.407142857142857,26.6,65.35119047619048,30.0,1023.2791666666666,traffic_signals,secondary
42447132,2024-12-16,40.7788196,-73.9560836,4,1,3.0,25.0,1,0,1.0,1.0,0.0,0.0,0.0,1,-0.1416105093871293,0.9899224533422392,3.407142857142857,26.6,65.35119047619048,30.0,1023.2791666666666,traffic_signals,secondary
42447136,2024-12-16,40.7801748,-73.9550942,4,1,3.0,25.0,1,0,1.0,2.0,0.0,0.0,0.0,2,-0.1416105093871293,0.9899224533422392,3.407142857142857,26.6,65.35119047619048,30.0,1023.2791666666666,traffic_signals,secondary
42447144,2024-12-16,40.7826939,-73.953256,4,1,3.0,25.0,1,0,1.0,1.0,2.0,0.0,0.0,2,-0.1416105093871293,0.9899224533422392,3.407142857142857,26.6,65.35119047619048,30.0,1023.2791666666666,traffic_signals,secondary
42447149,2024-12-16,40.7833098,-73.9528082,4,1,3.0,25.0,1,0,0.0,0.0,0.0,0.0,0.0,51,-0.1416105093871293,0.9899224533422392,3.407142857142857,26.6,65.35119047619048,30.0,1023.2791666666666,traffic_signals,secondary
42447166,2024-12-16,40.7858747,-73.9509302,4,1,5.0,25.0,1,0,0.0,1.0,0.0,0.0,0.0,4,-0.1416105093871293,0.9899224533422392,3.407142857142857,26.6,65.35119047619048,30.0,1023.2791666666666,traffic_signals,secondary
42447169,2024-12-16,40.7865479,-73.9504365,4,1,2.0,25.0,1,0,0.0,0.0,0.0,0.0,0.0,12,-0.1416105093871293,0.9899224533422392,3.407142857142857,26.6,65.35119047619048,30.0,1023.2791666666666,traffic_signals,secondary
42447174,2024-12-16,40.7871827,-73.9499793,4,1,2.0,25.0,1,0,0.0,1.0,0.0,0.0,0.0,4,-0.1416105093871293,0.9899224533422392,3.407142857142857,26.6,65.35119047619048,30.0,1023.2791666666666,traffic_signals,secondary
42447176,2024-12-16,40.7884305,-73.9490654,4,1,2.0,25.0,1,0,0.0,0.0,0.0,0.0,0.0,46,-0.1416105093871293,0.9899224533422392,3.407142857142857,26.6,65.35119047619048,30.0,1023.2791666666666,traffic_signals,secondary
42447179,2024-12-16,40.7915775,-73.9467764,4,1,2.0,25.0,1,0,0.0,0.0,0.0,0.0,0.0,51,-0.1416105093871293,0.9899224533422392,3.407142857142857,26.6,65.35119047619048,30.0,1023.2791666666666,traffic_signals,secondary
42447182,2024-12-16,40.7922499,-73.9462871,5,1,3.0,25.0,1,0,1.0,1.0,0.0,0.0,0.0,1,-0.1416105093871293,0.9899224533422392,3.407142857142857,26.6,65.35119047619048,30.0,1023.2791666666666,traffic_signals,secondary
42447187,2024-12-16,40.794183,-73.9448716,4,1,2.0,25.0,1,0,0.0,0.0,0.0,0.0,0.0,17,-0.1416105093871293,0.9899224533422392,3.407142857142857,26.6,65.35119047619048,30.0,1023.2791666666666,traffic_signals,secondary
42447192,2024-12-16,40.7954494,-73.9439488,4,1,2.0,25.0,1,0,0.0,2.0,0.0,0.0,0.0,4,-0.1416105093871293,0.9899224533422392,3.407142857142857,26.6,65.35119047619048,30.0,1023.2791666666666,traffic_signals,secondary
42447196,2024-12-16,40.7960809,-73.9434893,4,1,2.0,25.0,1,0,1.0,1.0,1.0,1.0,0.0,2,-0.1416105093871293,0.9899224533422392,3.407142857142857,26.6,65.35119047619048,30.0,1023.2791666666666,traffic_signals,secondary
42447199,2024-12-16,40.7986336,-73.9416222,4,1,4.0,25.0,1,3,5.0,7.0,1.0,2.0,1.0,0,-0.1416105093871293,0.9899224533422392,3.407142857142857,26.6,65.35119047619048,30.0,1023.2791666666666,traffic_signals,secondary
42447201,2024-12-16,40.7993112,-73.9411335,4,1,2.0,25.0,1,0,0.0,2.0,0.0,1.0,0.0,6,-0.1416105093871293,0.9899224533422392,3.407142857142857,26.6,65.35119047619048,30.0,1023.2791666666666,traffic_signals,secondary
42447206,2024-12-16,40.80182,-73.9392953,4,1,2.0,25.0,1,0,0.0,0.0,0.0,0.0,0.0,16,-0.1416105093871293,0.9899224533422392,3.407142857142857,26.6,65.35119047619048,30.0,1023.2791666666666,traffic_signals,secondary
42447207,2024-12-16,40.8030771,-73.9383782,4,0,2.0,25.0,1,0,1.0,1.0,0.0,0.0,0.0,1,-0.1416105093871293,0.9899224533422392,3.407142857142857,26.6,65.35119047619048,30.0,1023.2791666666666,missing,secondary
42447208,2024-12-16,40.8056792,-73.9364782,3,1,2.0,25.0,1,0,0.0,0.0,0.0,0.0,0.0,51,-0.1416105093871293,0.9899224533422392,3.407142857142857,26.6,65.35119047619048,30.0,1023.2791666666666,traffic_signals,secondary
42447209,2024-12-16,40.8062979,-73.9360254,4,1,2.0,25.0,1,0,0.0,0.0,0.0,0.0,0.0,38,-0.1416105093871293,0.9899224533422392,3.407142857142857,26.6,65.35119047619048,30.0,1023.2791666666666,traffic_signals,secondary
42447210,2024-12-16,40.8075469,-73.935112,3,0,2.0,25.0,1,0,0.0,1.0,0.0,0.0,0.0,5,-0.1416105093871293,0.9899224533422392,3.407142857142857,26.6,65.35119047619048,30.0,1023.2791666666666,missing,residential
42447228,2024-12-16,40.7686501,-73.9698222,4,1,3.0,25.0,1,0,0.0,0.0,0.0,0.0,0.0,13,-0.1416105093871293,0.9899224533422392,3.407142857142857,26.6,65.35119047619048,30.0,1023.2791666666666,traffic_signals,secondary
42447230,2024-12-16,40.7672618,-73.966522,4,0,3.0,25.0,1,0,0.0,0.0,0.0,0.0,0.0,15,-0.1416105093871293,0.9899224533422392,3.407142857142857,26.6,65.35119047619048,30.0,1023.2791666666666,missing,primary
42447235,2024-12-16,40.7659377,-73.9633856,4,0,5.0,25.0,1,0,0.0,2.0,0.0,0.0,0.0,5,-0.1416105093871293,0.9899224533422392,3.407142857142857,26.6,65.35119047619048,30.0,1023.2791666666666,missing,primary
42447237,2024-12-16,40.7639926,-73.9587694,4,1,5.0,25.0,1,0,0.0,0.0,0.0,0.0,0.0,13,-0.1416105093871293,0.9899224533422392,3.407142857142857,26.6,65.35119047619048,30.0,1023.2791666666666,traffic_signals,primary
42447246,2024-12-16,40.7200394,-74.0039146,4,1,4.0,20.0,1,0,0.0,0.0,0.0,0.0,0.0,33,-0.1416105093871293,0.9899224533422392,3.407142857142857,26.6,65.35119047619048,30.0,1023.2791666666666,traffic_signals,residential
42447249,2024-12-16,40.7194761,-74.0043754,4,1,3.0,20.0,1,0,0.0,0.0,0.0,0.0,0.0,18,-0.1416105093871293,0.9899224533422392,3.407142857142857,26.6,65.35119047619048,30.0,1023.2791666666666,traffic_signals,tertiary
42447255,2024-12-16,40.7173295,-73.9994477,4,0,2.0,20.0,1,0,0.0,0.0,0.0,0.0,0.0,25,-0.1416105093871293,0.9899224533422392,3.407142857142857,26.6,65.35119047619048,30.0,1023.2791666666666,missing,tertiary
42447273,2024-12-16,40.7947885,-73.9642909,3,0,2.0,25.0,1,0,0.0,0.0,0.0,0.0,0.0,38,-0.1416105093871293,0.9899224533422392,3.407142857142857,26.6,65.35119047619048,30.0,1023.2791666666666,missing,residential
42447275,2024-12-16,40.7954638,-73.9638068,3,0,2.0,,1,0,0.0,1.0,0.0,0.0,0.0,4,-0.1416105093871293,0.9899224533422392,3.407142857142857,26.6,65.35119047619048,30.0,1023.2791666666666,missing,residential
42447278,2024-12-16,40.7960913,-73.9633452,3,0,2.0,,1,0,0.0,0.0,0.0,0.0,0.0,51,-0.1416105093871293,0.9899224533422392,3.407142857142857,26.6,65.35119047619048,30.0,1023.2791666666666,missing,residential
42447281,2024-12-16,40.7967143,-73.9628898,3,0,2.0,,1,1,1.0,1.0,0.0,0.0,0.0,0,-0.1416105093871293,0.9899224533422392,3.407142857142857,26.6,65.35119047619048,30.0,1023.2791666666666,missing,residential
42447285,2024-12-16,40.7973362,-73.9624366,4,0,2.0,,1,0,0.0,0.0,0.0,0.0,0.0,51,-0.1416105093871293,0.9899224533422392,3.407142857142857,26.6,65.35119047619048,30.0,1023.2791666666666,missing,residential
42447295,2024-12-16,40.7999592,-73.9605219,4,1,,,1,0,0.0,0.0,0.0,0.0,0.0,29,-0.1416105093871293,0.9899224533422392,3.407142857142857,26.6,65.35119047619048,30.0,1023.2791666666666,traffic_signals,residential
42447303,2024-12-16,40.8005867,-73.96006,4,1,,,1,0,0.0,0.0,0.0,0.0,0.0,51,-0.1416105093871293,0.9899224533422392,3.407142857142857,26.6,65.35119047619048,30.0,1023.2791666666666,traffic_signals,residential
42447317,2024-12-16,40.8037326,-73.9577756,4,1,2.0,25.0,1,0,0.0,0.0,0.0,0.0,0.0,51,-0.1416105093871293,0.9899224533422392,3.407142857142857,26.6,65.35119047619048,30.0,1023.2791666666666,traffic_signals,residential
42447323,2024-12-16,40.8057124,-73.956335,4,1,2.0,25.0,1,0,1.0,1.0,0.0,0.0,0.0,2,-0.1416105093871293,0.9899224533422392,3.407142857142857,26.6,65.35119047619048,30.0,1023.2791666666666,traffic_signals,residential
42447326,2024-12-16,40.8063364,-73.9558716,4,1,2.0,25.0,1,0,0.0,0.0,0.0,0.0,0.0,51,-0.1416105093871293,0.9899224533422392,3.407142857142857,26.6,65.35119047619048,30.0,1023.2791666666666,traffic_signals,residential
42447330,2024-12-16,40.8069655,-73.9554122,4,1,2.0,25.0,1,0,0.0,0.0,0.0,0.0,0.0,51,-0.1416105093871293,0.9899224533422392,3.407142857142857,26.6,65.35119047619048,30.0,1023.2791666666666,traffic_signals,residential
42447336,2024-12-16,40.8088548,-73.9540507,4,1,2.0,25.0,1,0,0.0,0.0,0.0,0.0,0.0,51,-0.1416105093871293,0.9899224533422392,3.407142857142857,26.6,65.35119047619048,30.0,1023.2791666666666,traffic_signals,residential
42447346,2024-12-16,40.8165367,-73.9349057,3,1,2.0,25.0,0,0,0.0,0.0,0.0,0.0,0.0,23,-0.1416105093871293,0.9899224533422392,3.407142857142857,26.6,65.35119047619048,30.0,1023.2791666666666,traffic_signals,secondary
42447389,2024-12-16,40.8217502,-73.9472408,3,0,,,1,0,0.0,0.0,0.0,0.0,0.0,51,-0.1416105093871293,0.9899224533422392,3.407142857142857,26.6,65.35119047619048,30.0,1023.2791666666666,missing,tertiary
42447399,2024-12-16,40.8221058,-73.9480802,4,1,,,0,0,0.0,1.0,0.0,0.0,0.0,7,-0.1416105093871293,0.9899224533422392,3.407142857142857,26.6,65.35119047619048,30.0,1023.2791666666666,traffic_signals,tertiary
42447404,2024-12-16,40.8231195,-73.9504964,4,1,,,1,0,0.0,0.0,0.0,0.0,0.0,18,-0.1416105093871293,0.9899224533422392,3.407142857142857,26.6,65.35119047619048,30.0,1023.2791666666666,traffic_signals,residential
42447418,2024-12-16,40.841087,-73.937929,4,1,2.0,20.0,1,0,0.0,0.0,0.0,0.0,0.0,15,-0.1416105093871293,0.9899224533422392,3.407142857142857,26.6,65.35119047619048,30.0,1023.2791666666666,traffic_signals,tertiary
42447419,2024-12-16,40.8432059,-73.9429517,3,0,1.0,25.0,1,0,0.0,0.0,0.0,0.0,0.0,51,-0.1416105093871293,0.9899224533422392,3.407142857142857,26.6,65.35119047619048,30.0,1023.2791666666666,missing,residential
42447428,2024-12-16,40.7162003,-73.9875301,3,1,3.0,25.0,1,0,0.0,0.0,0.0,0.0,0.0,42,-0.1416105093871293,0.9899224533422392,3.407142857142857,26.6,65.35119047619048,30.0,1023.2791666666666,traffic_signals,primary
42447435,2024-12-16,40.7217853,-73.9846444,3,0,2.0,25.0,1,0,0.0,0.0,0.0,0.0,0.0,16,-0.1416105093871293,0.9899224533422392,3.407142857142857,26.6,65.35119047619048,30.0,1023.2791666666666,missing,primary
42448141,2024-12-16,40.8095866,-73.9399455,4,1,2.0,25.0,1,0,0.0,0.0,0.0,0.0,0.0,15,-0.1416105093871293,0.9899224533422392,3.407142857142857,26.6,65.35119047619048,30.0,1023.2791666666666,traffic_signals,secondary
42448162,2024-12-16,40.718278,-74.0070866,5,1,2.0,20.0,1,0,1.0,1.0,0.0,0.0,0.0,2,-0.1416105093871293,0.9899224533422392,3.407142857142857,26.6,65.35119047619048,30.0,1023.2791666666666,traffic_signals,secondary
42448171,2024-12-16,40.717674,-74.0057722,4,1,3.0,20.0,1,0,0.0,0.0,0.0,0.0,0.0,22,-0.1416105093871293,0.9899224533422392,3.407142857142857,26.6,65.35119047619048,30.0,1023.2791666666666,traffic_signals,secondary
42448203,2024-12-16,40.7795823,-73.9618327,3,1,3.0,25.0,1,0,0.0,0.0,0.0,0.0,0.0,8,-0.1416105093871293,0.9899224533422392,3.407142857142857,26.6,65.35119047619048,30.0,1023.2791666666666,traffic_signals,secondary
42448216,2024-12-16,40.778196,-73.9585432,4,1,3.0,25.0,1,0,0.0,0.0,0.0,0.0,0.0,29,-0.1416105093871293,0.9899224533422392,3.407142857142857,26.6,65.35119047619048,30.0,1023.2791666666666,traffic_signals,primary
42448238,2024-12-16,40.7768695,-73.9554065,4,1,4.0,25.0,1,0,0.0,0.0,0.0,0.0,0.0,15,-0.1416105093871293,0.9899224533422392,3.407142857142857,26.6,65.35119047619048,30.0,1023.2791666666666,traffic_signals,primary
42448254,2024-12-16,40.7749252,-73.9507993,4,1,5.0,25.0,1,0,0.0,0.0,0.0,0.0,0.0,18,-0.1416105093871293,0.9899224533422392,3.407142857142857,26.6,65.35119047619048,30.0,1023.2791666666666,traffic_signals,primary
42448257,2024-12-16,40.7729859,-73.9461964,4,1,1.0,,1,0,0.0,0.0,0.0,0.0,0.0,51,-0.1416105093871293,0.9899224533422392,3.407142857142857,26.6,65.35119047619048,30.0,1023.2791666666666,traffic_signals,residential
42448278,2024-12-16,40.7950638,-73.9331708,4,1,4.0,25.0,0,0,0.0,0.0,0.0,0.0,0.0,8,-0.1416105093871293,0.9899224533422392,3.407142857142857,26.6,65.35119047619048,30.0,1023.2791666666666,traffic_signals,tertiary
42448283,2024-12-16,40.7957326,-73.9326614,4,1,2.0,25.0,1,1,1.0,1.0,0.0,0.0,0.0,0,-0.1416105093871293,0.9899224533422392,3.407142857142857,26.6,65.35119047619048,30.0,1023.2791666666666,traffic_signals,residential
42448317,2024-12-16,40.7628699,-73.969724,4,0,4.0,25.0,1,0,0.0,1.0,0.0,0.0,0.0,4,-0.1416105093871293,0.9899224533422392,3.407142857142857,26.6,65.35119047619048,30.0,1023.2791666666666,missing,primary
42448326,2024-12-16,40.7596231,-73.961955,4,1,5.0,25.0,1,1,1.0,2.0,0.0,0.0,1.0,0,-0.1416105093871293,0.9899224533422392,3.407142857142857,26.6,65.35119047619048,30.0,1023.2791666666666,traffic_signals,primary
42448329,2024-12-16,40.7586736,-73.9597228,4,1,6.0,25.0,0,0,0.0,0.0,0.0,0.0,0.0,51,-0.1416105093871293,0.9899224533422392,3.407142857142857,26.6,65.35119047619048,30.0,1023.2791666666666,traffic_signals,secondary
42448338,2024-12-16,40.7602895,-73.9716131,4,0,3.0,25.0,1,0,0.0,0.0,0.0,0.0,0.0,51,-0.1416105093871293,0.9899224533422392,3.407142857142857,26.6,65.35119047619048,30.0,1023.2791666666666,missing,primary
42448379,2024-12-16,40.75896,-73.9684914,5,1,4.0,25.0,1,0,0.0,0.0,0.0,0.0,0.0,15,-0.1416105093871293,0.9899224533422392,3.407142857142857,26.6,65.35119047619048,30.0,1023.2791666666666,traffic_signals,primary
42448390,2024-12-16,40.7570205,-73.9638565,4,1,5.0,25.0,1,0,0.0,2.0,0.0,1.0,1.0,6,-0.1416105093871293,0.9899224533422392,3.407142857142857,26.6,65.35119047619048,30.0,1023.2791666666666,traffic_signals,primary
42448430,2024-12-16,40.7116012,-73.9942643,4,1,1.0,20.0,1,0,0.0,1.0,0.0,0.0,0.0,7,-0.1416105093871293,0.9899224533422392,3.407142857142857,26.6,65.35119047619048,30.0,1023.2791666666666,traffic_signals,residential
42448440,2024-12-16,40.7117454,-73.9924507,3,0,2.0,20.0,1,0,0.0,0.0,0.0,0.0,0.0,51,-0.1416105093871293,0.9899224533422392,3.407142857142857,26.6,65.35119047619048,30.0,1023.2791666666666,missing,primary
42448469,2024-12-16,40.7109496,-74.0036162,4,1,2.0,20.0,1,0,0.0,0.0,0.0,0.0,0.0,25,-0.1416105093871293,0.9899224533422392,3.407142857142857,26.6,65.35119047619048,30.0,1023.2791666666666,traffic_signals,secondary
42448483,2024-12-16,40.7108044,-74.0034015,3,0,1.0,20.0,1,0,0.0,0.0,0.0,0.0,0.0,45,-0.1416105093871293,0.9899224533422392,3.407142857142857,26.6,65.35119047619048,30.0,1023.2791666666666,missing,secondary
42448506,2024-12-16,40.8019538,-73.9535577,4,1,2.0,25.0,1,0,0.0,0.0,0.0,0.0,0.0,25,-0.1416105093871293,0.9899224533422392,3.407142857142857,26.6,65.35119047619048,30.0,1023.2791666666666,traffic_signals,primary
42448549,2024-12-16,40.7281021,-74.0021007,4,1,4.0,25.0,1,0,0.0,0.0,0.0,0.0,0.0,51,-0.1416105093871293,0.9899224533422392,3.407142857142857,26.6,65.35119047619048,30.0,1023.2791666666666,traffic_signals,primary
42448552,2024-12-16,40.7258712,-73.9975736,4,1,3.0,25.0,1,0,0.0,0.0,0.0,0.0,0.0,51,-0.1416105093871293,0.9899224533422392,3.407142857142857,26.6,65.35119047619048,30.0,1023.2791666666666,traffic_signals,primary
42448558,2024-12-16,40.7270026,-73.9998695,4,1,4.0,25.0,1,0,0.0,0.0,0.0,0.0,0.0,51,-0.1416105093871293,0.9899224533422392,3.407142857142857,26.6,65.35119047619048,30.0,1023.2791666666666,traffic_signals,primary
42448563,2024-12-16,40.7286179,-74.0053218,4,1,3.0,25.0,1,0,1.0,1.0,0.0,0.0,0.0,2,-0.1416105093871293,0.9899224533422392,3.407142857142857,26.6,65.35119047619048,30.0,1023.2791666666666,traffic_signals,primary
42448568,2024-12-16,40.7289826,-74.0093445,4,0,2.0,25.0,1,0,1.0,1.0,1.0,0.0,0.0,2,-0.1416105093871293,0.9899224533422392,3.407142857142857,26.6,65.35119047619048,30.0,1023.2791666666666,missing,tertiary
42448578,2024-12-16,40.706378,-74.0094998,3,0,1.0,20.0,1,0,0.0,0.0,0.0,0.0,0.0,50,-0.1416105093871293,0.9899224533422392,3.407142857142857,26.6,65.35119047619048,30.0,1023.2791666666666,missing,residential
42448583,2024-12-16,40.7079949,-74.0080097,4,0,1.0,20.0,1,0,0.0,0.0,0.0,0.0,0.0,22,-0.1416105093871293,0.9899224533422392,3.407142857142857,26.6,65.35119047619048,30.0,1023.2791666666666,missing,residential
42448593,2024-12-16,40.7104144,-74.0056176,3,1,1.0,20.0,1,0,1.0,1.0,0.0,0.0,0.0,3,-0.1416105093871293,0.9899224533422392,3.407142857142857,26.6,65.35119047619048,30.0,1023.2791666666666,traffic_signals,residential
42448605,2024-12-16,40.8135001,-73.9531087,3,0,,,1,0,0.0,0.0,0.0,0.0,0.0,10,-0.1416105093871293,0.9899224533422392,3.407142857142857,26.6,65.35119047619048,30.0,1023.2791666666666,missing,tertiary
42448607,2024-12-16,40.8143012,-73.9530769,4,1,,,1,0,0.0,0.0,0.0,0.0,0.0,24,-0.1416105093871293,0.9899224533422392,3.407142857142857,26.6,65.35119047619048,30.0,1023.2791666666666,traffic_signals,tertiary
42448611,2024-12-16,40.8150729,-73.9529724,4,1,,,0,0,0.0,0.0,0.0,0.0,0.0,15,-0.1416105093871293,0.9899224533422392,3.407142857142857,26.6,65.35119047619048,30.0,1023.2791666666666,traffic_signals,tertiary
42448655,2024-12-16,40.8253247,-73.9457322,4,0,,,1,0,0.0,0.0,0.0,0.0,0.0,13,-0.1416105093871293,0.9899224533422392,3.407142857142857,26.6,65.35119047619048,30.0,1023.2791666666666,stop,tertiary
42448661,2024-12-16,40.8259476,-73.9452763,4,0,,,1,0,0.0,0.0,0.0,0.0,0.0,14,-0.1416105093871293,0.9899224533422392,3.407142857142857,26.6,65.35119047619048,30.0,1023.2791666666666,stop,tertiary
42448674,2024-12-16,40.8283084,-73.943131,4,1,,,1,1,1.0,1.0,1.0,1.0,0.0,0,-0.1416105093871293,0.9899224533422392,3.407142857142857,26.6,65.35119047619048,30.0,1023.2791666666666,traffic_signals,tertiary
42448693,2024-12-16,40.7401693,-73.9863033,4,0,4.0,25.0,1,0,0.0,0.0,0.0,0.0,0.0,28,-0.1416105093871293,0.9899224533422392,3.407142857142857,26.6,65.35119047619048,30.0,1023.2791666666666,missing,primary
42448701,2024-12-16,40.7388377,-73.9831493,4,0,5.0,25.0,0,0,2.0,3.0,0.0,0.0,1.0,1,-0.1416105093871293,0.9899224533422392,3.407142857142857,26.6,65.35119047619048,30.0,1023.2791666666666,missing,primary
42448707,2024-12-16,40.7368956,-73.9785412,4,1,5.0,25.0,1,1,1.0,1.0,1.0,1.0,0.0,0,-0.1416105093871293,0.9899224533422392,3.407142857142857,26.6,65.35119047619048,30.0,1023.2791666666666,traffic_signals,primary
42448714,2024-12-16,40.7354563,-73.9751359,4,1,5.0,25.0,1,0,0.0,1.0,0.0,0.0,0.0,6,-0.1416105093871293,0.9899224533422392,3.407142857142857,26.6,65.35119047619048,30.0,1023.2791666666666,traffic_signals,primary
42448726,2024-12-16,40.7853453,-73.9576355,3,1,2.0,25.0,1,0,0.0,0.0,0.0,0.0,0.0,51,-0.1416105093871293,0.9899224533422392,3.407142857142857,26.6,65.35119047619048,30.0,1023.2791666666666,traffic_signals,secondary
42448729,2024-12-16,40.7839462,-73.9543201,4,1,3.0,25.0,1,0,0.0,0.0,0.0,0.0,0.0,51,-0.1416105093871293,0.9899224533422392,3.407142857142857,26.6,65.35119047619048,30.0,1023.2791666666666,traffic_signals,primary
42448735,2024-12-16,40.7826302,-73.9511964,4,1,4.0,25.0,1,0,0.0,1.0,0.0,0.0,1.0,5,-0.1416105093871293,0.9899224533422392,3.407142857142857,26.6,65.35119047619048,30.0,1023.2791666666666,traffic_signals,primary
42448745,2024-12-16,40.7806943,-73.9465727,4,1,5.0,25.0,1,0,0.0,0.0,0.0,0.0,0.0,38,-0.1416105093871293,0.9899224533422392,3.407142857142857,26.6,65.35119047619048,30.0,1023.2791666666666,traffic_signals,primary
42448811,2024-12-16,40.755903,-73.9748081,4,0,3.0,25.0,1,0,2.0,2.0,2.0,1.0,1.0,1,-0.1416105093871293,0.9899224533422392,3.407142857142857,26.6,65.35119047619048,30.0,1023.2791666666666,missing,primary
42448813,2024-12-16,40.7545778,-73.9716937,4,1,5.0,25.0,1,0,0.0,0.0,0.0,0.0,0.0,51,-0.1416105093871293,0.9899224533422392,3.407142857142857,26.6,65.35119047619048,30.0,1023.2791666666666,traffic_signals,primary
42448930,2024-12-16,40.860657,-73.9273,4,1,4.0,,1,0,0.0,0.0,0.0,0.0,0.0,37,-0.1416105093871293,0.9899224533422392,3.407142857142857,26.6,65.35119047619048,30.0,1023.2791666666666,traffic_signals,primary
42448979,2024-12-16,40.8083381,-73.9408517,4,1,2.0,25.0,1,0,0.0,1.0,0.0,0.0,0.0,7,-0.1416105093871293,0.9899224533422392,3.407142857142857,26.6,65.35119047619048,30.0,1023.2791666666666,traffic_signals,secondary
42448996,2024-12-16,40.7607466,-74.0020668,3,0,5.0,30.0,1,0,1.0,2.0,0.0,0.0,0.0,2,-0.1416105093871293,0.9899224533422392,3.407142857142857,26.6,65.35119047619048,30.0,1023.2791666666666,missing,trunk
42449005,2024-12-16,40.7871732,-73.9519286,4,1,2.0,25.0,1,0,0.0,0.0,0.0,0.0,0.0,14,-0.1416105093871293,0.9899224533422392,3.407142857142857,26.6,65.35119047619048,30.0,1023.2791666666666,traffic_signals,primary
42449007,2024-12-16,40.7858875,-73.9488279,4,1,5.0,25.0,1,0,1.0,1.0,2.0,0.0,0.0,1,-0.1416105093871293,0.9899224533422392,3.407142857142857,26.6,65.35119047619048,30.0,1023.2791666666666,traffic_signals,primary
42449010,2024-12-16,40.7839383,-73.9442196,4,1,5.0,25.0,1,0,1.0,1.0,2.0,0.0,1.0,2,-0.1416105093871293,0.9899224533422392,3.407142857142857,26.6,65.35119047619048,30.0,1023.2791666666666,traffic_signals,primary
42449017,2024-12-16,40.7301479,-73.989482,4,0,6.0,25.0,1,0,0.0,0.0,0.0,0.0,0.0,28,-0.1416105093871293,0.9899224533422392,3.407142857142857,26.6,65.35119047619048,30.0,1023.2791666666666,missing,primary
42449021,2024-12-16,40.7282048,-73.9848673,4,0,4.0,25.0,1,0,0.0,0.0,0.0,0.0,0.0,12,-0.1416105093871293,0.9899224533422392,3.407142857142857,26.6,65.35119047619048,30.0,1023.2791666666666,missing,primary
42449023,2024-12-16,40.7272732,-73.9826536,3,0,2.0,20.0,1,0,1.0,1.0,0.0,0.0,0.0,1,-0.1416105093871293,0.9899224533422392,3.407142857142857,26.6,65.35119047619048,30.0,1023.2791666666666,missing,secondary
42449027,2024-12-16,40.726281,-73.980333,3,1,1.0,20.0,1,0,0.0,0.0,0.0,0.0,0.0,51,-0.1416105093871293,0.9899224533422392,3.407142857142857,26.6,65.35119047619048,30.0,1023.2791666666666,traffic_signals,tertiary
42449029,2024-12-16,40.7252889,-73.9779731,4,1,2.0,20.0,1,0,0.0,0.0,0.0,0.0,0.0,51,-0.1416105093871293,0.9899224533422392,3.407142857142857,26.6,65.35119047619048,30.0,1023.2791666666666,traffic_signals,secondary
42449038,2024-12-16,40.724283,-73.975598,3,0,3.0,20.0,1,0,0.0,0.0,0.0,0.0,0.0,28,-0.1416105093871293,0.9899224533422392,3.407142857142857,26.6,65.35119047619048,30.0,1023.2791666666666,missing,tertiary
42449045,2024-12-16,40.7321835,-73.9943085,4,0,1.0,25.0,1,0,0.0,1.0,0.0,0.0,0.0,6,-0.1416105093871293,0.9899224533422392,3.407142857142857,26.6,65.35119047619048,30.0,1023.2791666666666,missing,residential
42449067,2024-12-16,40.7340457,-73.9950635,4,1,2.0,25.0,1,0,0.0,0.0,0.0,0.0,0.0,14,-0.1416105093871293,0.9899224533422392,3.407142857142857,26.6,65.35119047619048,30.0,1023.2791666666666,traffic_signals,secondary
42449076,2024-12-16,40.7361983,-74.0035323,4,1,1.0,20.0,1,0,0.0,0.0,0.0,0.0,0.0,36,-0.1416105093871293,0.9899224533422392,3.407142857142857,26.6,65.35119047619048,30.0,1023.2791666666666,traffic_signals,residential
42449089,2024-12-16,40.7355127,-74.0083859,4,0,1.0,25.0,1,0,0.0,0.0,0.0,0.0,0.0,51,-0.1416105093871293,0.9899224533422392,3.407142857142857,26.6,65.35119047619048,30.0,1023.2791666666666,missing,residential
42449098,2024-12-16,40.7353026,-74.0099822,3,0,4.0,30.0,1,0,0.0,1.0,0.0,0.0,0.0,6,-0.1416105093871293,0.9899224533422392,3.407142857142857,26.6,65.35119047619048,30.0,1023.2791666666666,missing,trunk
42449127,2024-12-16,40.8263202,-73.9384158,4,0,1.0,25.0,1,0,1.0,1.0,0.0,0.0,0.0,2,-0.1416105093871293,0.9899224533422392,3.407142857142857,26.6,65.35119047619048,30.0,1023.2791666666666,missing,secondary
42449139,2024-12-16,40.827189,-73.9366137,3,0,1.0,25.0,1,0,0.0,0.0,0.0,0.0,0.0,34,-0.1416105093871293,0.9899224533422392,3.407142857142857,26.6,65.35119047619048,30.0,1023.2791666666666,missing,secondary
42449163,2024-12-16,40.834536,-73.938965,3,0,,,0,0,0.0,0.0,0.0,0.0,0.0,51,-0.1416105093871293,0.9899224533422392,3.407142857142857,26.6,65.35119047619048,30.0,1023.2791666666666,missing,residential
42449166,2024-12-16,40.835196,-73.938489,3,0,,,1,0,0.0,0.0,0.0,0.0,0.0,51,-0.1416105093871293,0.9899224533422392,3.407142857142857,26.6,65.35119047619048,30.0,1023.2791666666666,missing,residential
42449187,2024-12-16,40.7808503,-73.9609089,4,1,3.0,25.0,1,0,0.0,0.0,0.0,0.0,0.0,16,-0.1416105093871293,0.9899224533422392,3.407142857142857,26.6,65.35119047619048,30.0,1023.2791666666666,traffic_signals,secondary
42449308,2024-12-16,40.7457792,-73.9822176,4,1,3.0,25.0,1,0,0.0,0.0,0.0,0.0,0.0,51,-0.1416105093871293,0.9899224533422392,3.407142857142857,26.6,65.35119047619048,30.0,1023.2791666666666,traffic_signals,primary
42449314,2024-12-16,40.7444537,-73.9790654,4,1,5.0,25.0,1,0,0.0,2.0,0.0,1.0,0.0,4,-0.1416105093871293,0.9899224533422392,3.407142857142857,26.6,65.35119047619048,30.0,1023.2791666666666,traffic_signals,primary
42449333,2024-12-16,40.7373314,-73.9926537,4,1,3.0,25.0,1,0,0.0,1.0,0.0,1.0,0.0,6,-0.1416105093871293,0.9899224533422392,3.407142857142857,26.6,65.35119047619048,30.0,1023.2791666666666,traffic_signals,secondary
42449341,2024-12-16,40.74347,-74.007238,4,1,4.0,25.0,1,0,1.0,1.0,0.0,0.0,0.0,3,-0.1416105093871293,0.9899224533422392,3.407142857142857,26.6,65.35119047619048,30.0,1023.2791666666666,traffic_signals,primary
42449413,2024-12-16,40.7967023,-73.9449726,4,1,2.0,25.0,1,0,1.0,1.0,0.0,0.0,0.0,1,-0.1416105093871293,0.9899224533422392,3.407142857142857,26.6,65.35119047619048,30.0,1023.2791666666666,traffic_signals,primary
42449422,2024-12-16,40.7954069,-73.9418755,4,1,4.0,,1,0,1.0,2.0,1.0,0.0,1.0,3,-0.1416105093871293,0.9899224533422392,3.407142857142857,26.6,65.35119047619048,30.0,1023.2791666666666,traffic_signals,primary
42449427,2024-12-16,40.7934601,-73.9372637,3,1,4.0,25.0,1,0,1.0,2.0,1.0,0.0,0.0,1,-0.1416105093871293,0.9899224533422392,3.407142857142857,26.6,65.35119047619048,30.0,1023.2791666666666,traffic_signals,primary
42449550,2024-12-16,40.7665639,-73.9904136,4,1,3.0,25.0,1,0,0.0,0.0,0.0,0.0,0.0,15,-0.1416105093871293,0.9899224533422392,3.407142857142857,26.6,65.35119047619048,30.0,1023.2791666666666,traffic_signals,primary
42449570,2024-12-16,40.721252,-74.001447,4,1,1.0,25.0,1,0,0.0,0.0,0.0,0.0,0.0,51,-0.1416105093871293,0.9899224533422392,3.407142857142857,26.6,65.35119047619048,30.0,1023.2791666666666,traffic_signals,primary
42449576,2024-12-16,40.724632,-73.998585,4,1,1.0,25.0,1,0,0.0,0.0,0.0,0.0,0.0,15,-0.1416105093871293,0.9899224533422392,3.407142857142857,26.6,65.35119047619048,30.0,1023.2791666666666,traffic_signals,residential
42449580,2024-12-16,40.72881,-73.995061,4,0,1.0,25.0,1,0,0.0,0.0,0.0,0.0,0.0,9,-0.1416105093871293,0.9899224533422392,3.407142857142857,26.6,65.35119047619048,30.0,1023.2791666666666,missing,residential
42449582,2024-12-16,40.729406,-73.994547,4,0,1.0,25.0,1,0,0.0,0.0,0.0,0.0,0.0,51,-0.1416105093871293,0.9899224533422392,3.407142857142857,26.6,65.35119047619048,30.0,1023.2791666666666,missing,residential
42449589,2024-12-16,40.7309483,-73.9932574,3,0,2.0,25.0,1,0,0.0,0.0,0.0,0.0,0.0,18,-0.1416105093871293,0.9899224533422392,3.407142857142857,26.6,65.35119047619048,30.0,1023.2791666666666,missing,secondary
42449593,2024-12-16,40.867633,-73.916588,3,0,2.0,,1,0,0.0,1.0,0.0,0.0,0.0,6,-0.1416105093871293,0.9899224533422392,3.407142857142857,26.6,65.35119047619048,30.0,1023.2791666666666,missing,primary
42449597,2024-12-16,40.7143576,-74.008378,4,1,3.0,20.0,1,1,1.0,1.0,0.0,0.0,0.0,0,-0.1416105093871293,0.9899224533422392,3.407142857142857,26.6,65.35119047619048,30.0,1023.2791666666666,traffic_signals,secondary
42449600,2024-12-16,40.7149648,-74.0097093,4,1,2.0,20.0,1,0,0.0,0.0,0.0,0.0,0.0,51,-0.1416105093871293,0.9899224533422392,3.407142857142857,26.6,65.35119047619048,30.0,1023.2791666666666,traffic_signals,secondary
42449613,2024-12-16,40.7164234,-74.0129331,4,1,5.0,30.0,1,0,0.0,0.0,0.0,0.0,0.0,51,-0.1416105093871293,0.9899224533422392,3.407142857142857,26.6,65.35119047619048,30.0,1023.2791666666666,traffic_signals,trunk
42449627,2024-12-16,40.8453,-73.938262,4,1,,,1,0,0.0,0.0,0.0,0.0,0.0,22,-0.1416105093871293,0.9899224533422392,3.407142857142857,26.6,65.35119047619048,30.0,1023.2791666666666,traffic_signals,tertiary
42449631,2024-12-16,40.847249,-73.936857,4,1,,,1,0,0.0,0.0,0.0,0.0,0.0,22,-0.1416105093871293,0.9899224533422392,3.407142857142857,26.6,65.35119047619048,30.0,1023.2791666666666,traffic_signals,tertiary
42449634,2024-12-16,40.8478794,-73.9363969,4,1,3.0,25.0,1,0,0.0,0.0,0.0,0.0,0.0,8,-0.1416105093871293,0.9899224533422392,3.407142857142857,26.6,65.35119047619048,30.0,1023.2791666666666,traffic_signals,secondary
42449637,2024-12-16,40.8485206,-73.9359288,4,1,1.0,25.0,1,0,0.0,0.0,0.0,0.0,0.0,29,-0.1416105093871293,0.9899224533422392,3.407142857142857,26.6,65.35119047619048,30.0,1023.2791666666666,traffic_signals,secondary
42449639,2024-12-16,40.850417,-73.934544,4,1,2.0,25.0,1,0,0.0,0.0,0.0,0.0,0.0,51,-0.1416105093871293,0.9899224533422392,3.407142857142857,26.6,65.35119047619048,30.0,1023.2791666666666,traffic_signals,tertiary
42449641,2024-12-16,40.851615,-73.933667,4,1,2.0,25.0,1,0,0.0,0.0,0.0,0.0,0.0,39,-0.1416105093871293,0.9899224533422392,3.407142857142857,26.6,65.35119047619048,30.0,1023.2791666666666,traffic_signals,tertiary
42449644,2024-12-16,40.852213,-73.933226,4,1,2.0,25.0,1,0,0.0,0.0,0.0,0.0,0.0,33,-0.1416105093871293,0.9899224533422392,3.407142857142857,26.6,65.35119047619048,30.0,1023.2791666666666,traffic_signals,tertiary
42449653,2024-12-16,40.8542096,-73.9317889,4,1,2.0,25.0,1,1,1.0,1.0,0.0,0.0,0.0,0,-0.1416105093871293,0.9899224533422392,3.407142857142857,26.6,65.35119047619048,30.0,1023.2791666666666,traffic_signals,tertiary
42449654,2024-12-16,40.8548307,-73.931322,4,1,2.0,25.0,1,0,0.0,0.0,0.0,0.0,0.0,51,-0.1416105093871293,0.9899224533422392,3.407142857142857,26.6,65.35119047619048,30.0,1023.2791666666666,traffic_signals,tertiary
42449656,2024-12-16,40.8554227,-73.9308767,4,1,2.0,25.0,1,0,1.0,1.0,0.0,0.0,0.0,1,-0.1416105093871293,0.9899224533422392,3.407142857142857,26.6,65.35119047619048,30.0,1023.2791666666666,traffic_signals,tertiary
42449683,2024-12-16,40.7489553,-73.9798682,4,0,3.0,25.0,1,0,1.0,1.0,0.0,0.0,0.0,2,-0.1416105093871293,0.9899224533422392,3.407142857142857,26.6,65.35119047619048,30.0,1023.2791666666666,missing,primary
42449685,2024-12-16,40.7476401,-73.9767589,4,0,4.0,25.0,1,0,3.0,5.0,2.0,0.0,0.0,1,-0.1416105093871293,0.9899224533422392,3.407142857142857,26.6,65.35119047619048,30.0,1023.2791666666666,missing,primary
42449689,2024-12-16,40.7463256,-73.9736516,4,1,3.0,25.0,1,0,1.0,1.0,1.0,1.0,0.0,1,-0.1416105093871293,0.9899224533422392,3.407142857142857,26.6,65.35119047619048,30.0,1023.2791666666666,traffic_signals,secondary
42449801,2024-12-16,40.8439081,-73.9427146,3,0,1.0,25.0,1,0,0.0,0.0,0.0,0.0,0.0,51,-0.1416105093871293,0.9899224533422392,3.407142857142857,26.6,65.35119047619048,30.0,1023.2791666666666,missing,residential
42449804,2024-12-16,40.8453393,-73.9423607,3,0,1.0,25.0,1,0,0.0,1.0,0.0,1.0,0.0,6,-0.1416105093871293,0.9899224533422392,3.407142857142857,26.6,65.35119047619048,30.0,1023.2791666666666,missing,residential
42449817,2024-12-16,40.7301561,-73.9960614,3,0,1.0,25.0,1,0,0.0,1.0,0.0,0.0,0.0,4,-0.1416105093871293,0.9899224533422392,3.407142857142857,26.6,65.35119047619048,30.0,1023.2791666666666,missing,residential
42449828,2024-12-16,40.801342,-73.945968,4,1,2.0,,1,0,1.0,1.0,0.0,0.0,0.0,1,-0.1416105093871293,0.9899224533422392,3.407142857142857,26.6,65.35119047619048,30.0,1023.2791666666666,traffic_signals,secondary
42449833,2024-12-16,40.7999317,-73.942619,4,1,1.0,25.0,1,0,0.0,0.0,0.0,0.0,0.0,9,-0.1416105093871293,0.9899224533422392,3.407142857142857,26.6,65.35119047619048,30.0,1023.2791666666666,traffic_signals,primary
42449840,2024-12-16,40.7986248,-73.9395221,4,1,4.0,,1,1,1.0,2.0,0.0,0.0,0.0,0,-0.1416105093871293,0.9899224533422392,3.407142857142857,26.6,65.35119047619048,30.0,1023.2791666666666,traffic_signals,primary
42449843,2024-12-16,40.7966814,-73.934912,4,1,4.0,25.0,1,0,0.0,1.0,0.0,0.0,0.0,5,-0.1416105093871293,0.9899224533422392,3.407142857142857,26.6,65.35119047619048,30.0,1023.2791666666666,traffic_signals,primary
42449874,2024-12-16,40.7198786,-73.978792,4,0,3.0,25.0,1,0,0.0,0.0,0.0,0.0,0.0,8,-0.1416105093871293,0.9899224533422392,3.407142857142857,26.6,65.35119047619048,30.0,1023.2791666666666,missing,primary
42449886,2024-12-16,40.7313284,-73.988621,4,0,4.0,25.0,1,0,1.0,2.0,1.0,0.0,2.0,3,-0.1416105093871293,0.9899224533422392,3.407142857142857,26.6,65.35119047619048,30.0,1023.2791666666666,missing,primary
42449890,2024-12-16,40.7346235,-73.9862217,4,0,5.0,25.0,1,0,0.0,1.0,0.0,1.0,0.0,4,-0.1416105093871293,0.9899224533422392,3.407142857142857,26.6,65.35119047619048,30.0,1023.2791666666666,missing,primary
42449893,2024-12-16,40.7363822,-73.9849431,4,0,6.0,25.0,1,1,2.0,2.0,2.0,2.0,0.0,0,-0.1416105093871293,0.9899224533422392,3.407142857142857,26.6,65.35119047619048,30.0,1023.2791666666666,missing,primary
42449918,2024-12-16,40.741363,-73.9813211,4,0,5.0,25.0,1,0,0.0,0.0,0.0,0.0,0.0,16,-0.1416105093871293,0.9899224533422392,3.407142857142857,26.6,65.35119047619048,30.0,1023.2791666666666,missing,primary
42449926,2024-12-16,40.7438323,-73.9795193,4,0,5.0,25.0,1,0,0.0,0.0,0.0,0.0,0.0,51,-0.1416105093871293,0.9899224533422392,3.407142857142857,26.6,65.35119047619048,30.0,1023.2791666666666,missing,primary
42449928,2024-12-16,40.745065,-73.9786187,4,0,5.0,25.0,1,1,1.0,1.0,1.0,0.0,0.0,0,-0.1416105093871293,0.9899224533422392,3.407142857142857,26.6,65.35119047619048,30.0,1023.2791666666666,missing,primary
42449932,2024-12-16,40.747013,-73.9771862,4,0,4.0,25.0,1,1,1.0,1.0,0.0,0.0,0.0,0,-0.1416105093871293,0.9899224533422392,3.407142857142857,26.6,65.35119047619048,30.0,1023.2791666666666,missing,primary
42449938,2024-12-16,40.7482498,-73.9763154,4,0,4.0,25.0,1,0,1.0,1.0,1.0,1.0,0.0,2,-0.1416105093871293,0.9899224533422392,3.407142857142857,26.6,65.35119047619048,30.0,1023.2791666666666,missing,primary
42449947,2024-12-16,40.7514615,-73.9739708,4,1,4.0,25.0,1,0,0.0,1.0,0.0,0.0,0.0,4,-0.1416105093871293,0.9899224533422392,3.407142857142857,26.6,65.35119047619048,30.0,1023.2791666666666,traffic_signals,primary
42449954,2024-12-16,40.7539543,-73.9721493,4,1,4.0,25.0,1,0,1.0,2.0,0.0,0.0,0.0,3,-0.1416105093871293,0.9899224533422392,3.407142857142857,26.6,65.35119047619048,30.0,1023.2791666666666,traffic_signals,primary
42449956,2024-12-16,40.7558333,-73.9707763,4,1,5.0,25.0,1,0,1.0,1.0,1.0,1.0,0.0,2,-0.1416105093871293,0.9899224533422392,3.407142857142857,26.6,65.35119047619048,30.0,1023.2791666666666,traffic_signals,primary
42449961,2024-12-16,40.7570985,-73.9698517,4,1,4.0,25.0,1,0,1.0,4.0,0.0,0.0,2.0,1,-0.1416105093871293,0.9899224533422392,3.407142857142857,26.6,65.35119047619048,30.0,1023.2791666666666,traffic_signals,primary
42449963,2024-12-16,40.7583399,-73.9689446,4,1,4.0,25.0,1,0,2.0,2.0,1.0,1.0,0.0,1,-0.1416105093871293,0.9899224533422392,3.407142857142857,26.6,65.35119047619048,30.0,1023.2791666666666,traffic_signals,primary
42449971,2024-12-16,40.7609399,-73.9670376,5,1,5.0,25.0,1,0,1.0,1.0,1.0,1.0,0.0,1,-0.1416105093871293,0.9899224533422392,3.407142857142857,26.6,65.35119047619048,30.0,1023.2791666666666,traffic_signals,primary
42449982,2024-12-16,40.7634317,-73.9652142,4,1,4.0,,1,1,1.0,1.0,0.0,0.0,0.0,0,-0.1416105093871293,0.9899224533422392,3.407142857142857,26.6,65.35119047619048,30.0,1023.2791666666666,traffic_signals,primary
42449985,2024-12-16,40.7653085,-73.9638433,4,1,5.0,25.0,1,0,0.0,0.0,0.0,0.0,0.0,14,-0.1416105093871293,0.9899224533422392,3.407142857142857,26.6,65.35119047619048,30.0,1023.2791666666666,traffic_signals,primary
42449991,2024-12-16,40.7678128,-73.9620159,4,1,5.0,25.0,1,0,0.0,0.0,0.0,0.0,0.0,51,-0.1416105093871293,0.9899224533422392,3.407142857142857,26.6,65.35119047619048,30.0,1023.2791666666666,traffic_signals,primary
42450009,2024-12-16,40.7723386,-73.9587132,4,1,4.0,25.0,1,0,0.0,0.0,0.0,0.0,0.0,19,-0.1416105093871293,0.9899224533422392,3.407142857142857,26.6,65.35119047619048,30.0,1023.2791666666666,traffic_signals,primary
42450015,2024-12-16,40.7742888,-73.9572919,4,1,5.0,25.0,1,0,0.0,0.0,0.0,0.0,0.0,12,-0.1416105093871293,0.9899224533422392,3.407142857142857,26.6,65.35119047619048,30.0,1023.2791666666666,traffic_signals,primary
42450025,2024-12-16,40.7755929,-73.9563382,4,1,4.0,25.0,1,0,0.0,0.0,0.0,0.0,0.0,34,-0.1416105093871293,0.9899224533422392,3.407142857142857,26.6,65.35119047619048,30.0,1023.2791666666666,traffic_signals,primary
42450028,2024-12-16,40.7781411,-73.9544774,4,1,6.0,25.0,1,0,0.0,0.0,0.0,0.0,0.0,51,-0.1416105093871293,0.9899224533422392,3.407142857142857,26.6,65.35119047619048,30.0,1023.2791666666666,traffic_signals,primary
42450030,2024-12-16,40.7794971,-73.9534887,4,1,4.0,25.0,1,1,1.0,1.0,1.0,0.0,1.0,0,-0.1416105093871293,0.9899224533422392,3.407142857142857,26.6,65.35119047619048,30.0,1023.2791666666666,traffic_signals,primary
42450035,2024-12-16,40.7820144,-73.9516502,3,1,4.0,25.0,1,0,0.0,1.0,0.0,0.0,0.0,5,-0.1416105093871293,0.9899224533422392,3.407142857142857,26.6,65.35119047619048,30.0,1023.2791666666666,traffic_signals,primary
42450037,2024-12-16,40.783269,-73.9507524,4,1,4.0,25.0,1,0,0.0,0.0,0.0,0.0,0.0,28,-0.1416105093871293,0.9899224533422392,3.407142857142857,26.6,65.35119047619048,30.0,1023.2791666666666,traffic_signals,primary
42450044,2024-12-16,40.7851967,-73.9493302,4,1,5.0,25.0,1,0,0.0,0.0,0.0,0.0,0.0,11,-0.1416105093871293,0.9899224533422392,3.407142857142857,26.6,65.35119047619048,30.0,1023.2791666666666,traffic_signals,primary
42450048,2024-12-16,40.7865037,-73.9483878,3,1,4.0,,1,0,1.0,1.0,1.0,0.0,1.0,1,-0.1416105093871293,0.9899224533422392,3.407142857142857,26.6,65.35119047619048,30.0,1023.2791666666666,traffic_signals,primary
42450052,2024-12-16,40.7877536,-73.9474623,3,1,4.0,,1,0,0.0,0.0,0.0,0.0,0.0,14,-0.1416105093871293,0.9899224533422392,3.407142857142857,26.6,65.35119047619048,30.0,1023.2791666666666,traffic_signals,primary
42450055,2024-12-16,40.7908925,-73.945171,4,1,4.0,20.0,1,0,0.0,1.0,0.0,0.0,0.0,6,-0.1416105093871293,0.9899224533422392,3.407142857142857,26.6,65.35119047619048,30.0,1023.2791666666666,traffic_signals,primary
42450057,2024-12-16,40.791572,-73.944675,4,1,4.0,25.0,1,0,1.0,2.0,1.0,1.0,0.0,3,-0.1416105093871293,0.9899224533422392,3.407142857142857,26.6,65.35119047619048,30.0,1023.2791666666666,traffic_signals,primary
42450061,2024-12-16,40.7934995,-73.9432689,4,1,4.0,25.0,1,0,0.0,0.0,0.0,0.0,0.0,16,-0.1416105093871293,0.9899224533422392,3.407142857142857,26.6,65.35119047619048,30.0,1023.2791666666666,traffic_signals,primary
42450066,2024-12-16,40.7947603,-73.9423475,4,1,4.0,25.0,1,0,0.0,0.0,0.0,0.0,0.0,25,-0.1416105093871293,0.9899224533422392,3.407142857142857,26.6,65.35119047619048,30.0,1023.2791666666666,traffic_signals,primary
42450071,2024-12-16,40.7979386,-73.9400272,4,1,4.0,25.0,1,0,0.0,4.0,0.0,0.0,0.0,4,-0.1416105093871293,0.9899224533422392,3.407142857142857,26.6,65.35119047619048,30.0,1023.2791666666666,traffic_signals,primary
42450080,2024-12-16,40.8011427,-73.9376942,4,1,4.0,,1,0,0.0,0.0,0.0,0.0,0.0,21,-0.1416105093871293,0.9899224533422392,3.407142857142857,26.6,65.35119047619048,30.0,1023.2791666666666,traffic_signals,primary
42450083,2024-12-16,40.802397,-73.93677,4,1,4.0,,1,0,1.0,1.0,0.0,0.0,0.0,1,-0.1416105093871293,0.9899224533422392,3.407142857142857,26.6,65.35119047619048,30.0,1023.2791666666666,traffic_signals,primary
42450089,2024-12-16,40.8050065,-73.9348832,4,1,4.0,25.0,1,0,0.0,0.0,0.0,0.0,0.0,30,-0.1416105093871293,0.9899224533422392,3.407142857142857,26.6,65.35119047619048,30.0,1023.2791666666666,traffic_signals,secondary
42450275,2024-12-16,40.853724,-73.928692,4,1,2.0,20.0,1,0,1.0,1.0,0.0,0.0,0.0,1,-0.1416105093871293,0.9899224533422392,3.407142857142857,26.6,65.35119047619048,30.0,1023.2791666666666,traffic_signals,tertiary
42450290,2024-12-16,40.8555926,-73.9342626,3,0,,20.0,1,0,0.0,0.0,0.0,0.0,0.0,51,-0.1416105093871293,0.9899224533422392,3.407142857142857,26.6,65.35119047619048,30.0,1023.2791666666666,missing,residential
42450325,2024-12-16,40.727601,-74.002513,3,0,1.0,25.0,1,0,0.0,0.0,0.0,0.0,0.0,51,-0.1416105093871293,0.9899224533422392,3.407142857142857,26.6,65.35119047619048,30.0,1023.2791666666666,missing,unclassified
42450341,2024-12-16,40.7697859,-73.9880556,4,1,3.0,25.0,1,0,0.0,0.0,0.0,0.0,0.0,18,-0.1416105093871293,0.9899224533422392,3.407142857142857,26.6,65.35119047619048,30.0,1023.2791666666666,traffic_signals,primary
42450352,2024-12-16,40.7721482,-73.993661,3,0,2.0,25.0,1,0,0.0,0.0,0.0,0.0,0.0,43,-0.1416105093871293,0.9899224533422392,3.407142857142857,26.6,65.35119047619048,30.0,1023.2791666666666,missing,unclassified
42450426,2024-12-16,40.7610471,-73.9753806,4,1,4.0,25.0,1,0,0.0,0.0,0.0,0.0,0.0,19,-0.1416105093871293,0.9899224533422392,3.407142857142857,26.6,65.35119047619048,30.0,1023.2791666666666,traffic_signals,secondary
42450434,2024-12-16,40.7671828,-73.9899624,4,1,3.0,25.0,1,0,2.0,2.0,0.0,0.0,0.0,1,-0.1416105093871293,0.9899224533422392,3.407142857142857,26.6,65.35119047619048,30.0,1023.2791666666666,traffic_signals,primary
42450456,2024-12-16,40.794285,-73.951111,3,1,3.0,25.0,1,0,0.0,0.0,0.0,0.0,0.0,13,-0.1416105093871293,0.9899224533422392,3.407142857142857,26.6,65.35119047619048,30.0,1023.2791666666666,traffic_signals,secondary
42450460,2024-12-16,40.7929011,-73.9477434,4,1,1.0,25.0,1,0,0.0,0.0,0.0,0.0,0.0,47,-0.1416105093871293,0.9899224533422392,3.407142857142857,26.6,65.35119047619048,30.0,1023.2791666666666,traffic_signals,primary
42450468,2024-12-16,40.7896284,-73.9400642,4,1,5.0,25.0,1,0,0.0,2.0,0.0,0.0,0.0,5,-0.1416105093871293,0.9899224533422392,3.407142857142857,26.6,65.35119047619048,30.0,1023.2791666666666,traffic_signals,primary
42450634,2024-12-16,40.7639358,-73.953183,3,0,3.0,40.0,1,0,0.0,0.0,0.0,0.0,0.0,51,-0.1416105093871293,0.9899224533422392,3.407142857142857,26.6,65.35119047619048,30.0,1023.2791666666666,missing,motorway
42450814,2024-12-16,40.7457826,-73.9704329,3,0,2.0,,1,1,1.0,1.0,0.0,0.0,0.0,0,-0.1416105093871293,0.9899224533422392,3.407142857142857,26.6,65.35119047619048,30.0,1023.2791666666666,missing,primary
42450820,2024-12-16,40.7155522,-73.976182,3,0,4.0,40.0,1,0,0.0,0.0,0.0,0.0,0.0,51,-0.1416105093871293,0.9899224533422392,3.407142857142857,26.6,65.35119047619048,30.0,1023.2791666666666,motorway_junction,motorway
42451018,2024-12-16,40.7342008,-73.9748747,3,0,2.0,25.0,1,0,0.0,0.0,0.0,0.0,0.0,14,-0.1416105093871293,0.9899224533422392,3.407142857142857,26.6,65.35119047619048,30.0,1023.2791666666666,missing,primary
42451332,2024-12-16,40.7602322,-73.9576236,4,0,2.0,25.0,1,0,0.0,0.0,0.0,0.0,0.0,21,-0.1416105093871293,0.9899224533422392,3.407142857142857,26.6,65.35119047619048,30.0,1023.2791666666666,missing,secondary
42451370,2024-12-16,40.7066739,-74.0159381,4,0,5.0,30.0,1,1,1.0,2.0,0.0,0.0,0.0,0,-0.1416105093871293,0.9899224533422392,3.407142857142857,26.6,65.35119047619048,30.0,1023.2791666666666,missing,motorway
42451375,2024-12-16,40.7050741,-74.0164593,3,0,2.0,25.0,1,0,0.0,0.0,0.0,0.0,0.0,51,-0.1416105093871293,0.9899224533422392,3.407142857142857,26.6,65.35119047619048,30.0,1023.2791666666666,missing,primary
42451465,2024-12-16,40.7093658,-73.9935802,3,0,3.0,40.0,1,0,0.0,0.0,0.0,0.0,0.0,51,-0.1416105093871293,0.9899224533422392,3.407142857142857,26.6,65.35119047619048,30.0,1023.2791666666666,missing,motorway
42451564,2024-12-16,40.8102846,-73.9435449,4,1,2.0,,1,1,1.0,1.0,0.0,0.0,0.0,0,-0.1416105093871293,0.9899224533422392,3.407142857142857,26.6,65.35119047619048,30.0,1023.2791666666666,traffic_signals,secondary
42451593,2024-12-16,40.7164549,-73.9883771,3,1,3.0,25.0,1,0,0.0,0.0,0.0,0.0,0.0,51,-0.1416105093871293,0.9899224533422392,3.407142857142857,26.6,65.35119047619048,30.0,1023.2791666666666,traffic_signals,primary
42451604,2024-12-16,40.7220363,-73.9854838,3,0,2.0,25.0,1,0,0.0,0.0,0.0,0.0,0.0,11,-0.1416105093871293,0.9899224533422392,3.407142857142857,26.6,65.35119047619048,30.0,1023.2791666666666,missing,primary
42451650,2024-12-16,40.7142715,-73.9941371,4,1,2.0,20.0,1,0,0.0,0.0,0.0,0.0,0.0,48,-0.1416105093871293,0.9899224533422392,3.407142857142857,26.6,65.35119047619048,30.0,1023.2791666666666,traffic_signals,secondary
42451660,2024-12-16,40.7179269,-73.9930731,4,0,2.0,25.0,1,0,0.0,0.0,0.0,0.0,0.0,22,-0.1416105093871293,0.9899224533422392,3.407142857142857,26.6,65.35119047619048,30.0,1023.2791666666666,missing,secondary
42451665,2024-12-16,40.7234794,-73.9902426,3,0,3.0,25.0,1,0,0.0,0.0,0.0,0.0,0.0,51,-0.1416105093871293,0.9899224533422392,3.407142857142857,26.6,65.35119047619048,30.0,1023.2791666666666,missing,primary
42451674,2024-12-16,40.7465313,-73.9859434,4,1,3.0,25.0,1,0,1.0,1.0,0.0,0.0,0.0,3,-0.1416105093871293,0.9899224533422392,3.407142857142857,26.6,65.35119047619048,30.0,1023.2791666666666,traffic_signals,secondary
42451695,2024-12-16,40.7526895,-74.0005305,3,1,3.0,25.0,1,0,0.0,0.0,0.0,0.0,0.0,13,-0.1416105093871293,0.9899224533422392,3.407142857142857,26.6,65.35119047619048,30.0,1023.2791666666666,traffic_signals,primary
42451712,2024-12-16,40.7200751,-73.9749559,3,0,2.0,25.0,1,0,0.0,0.0,0.0,0.0,0.0,51,-0.1416105093871293,0.9899224533422392,3.407142857142857,26.6,65.35119047619048,30.0,1023.2791666666666,missing,primary
42451736,2024-12-16,40.861311,-73.921232,3,1,3.0,,1,0,0.0,3.0,0.0,0.0,0.0,4,-0.1416105093871293,0.9899224533422392,3.407142857142857,26.6,65.35119047619048,30.0,1023.2791666666666,traffic_signals,primary
42451744,2024-12-16,40.7704153,-73.9480635,3,1,4.0,25.0,0,0,1.0,1.0,0.0,0.0,0.0,1,-0.1416105093871293,0.9899224533422392,3.407142857142857,26.6,65.35119047619048,30.0,1023.2791666666666,traffic_signals,secondary
42451754,2024-12-16,40.7717169,-73.9471185,4,1,1.0,,1,0,0.0,0.0,0.0,0.0,0.0,51,-0.1416105093871293,0.9899224533422392,3.407142857142857,26.6,65.35119047619048,30.0,1023.2791666666666,traffic_signals,residential
42451766,2024-12-16,40.7742524,-73.945268,3,1,,,1,0,0.0,0.0,0.0,0.0,0.0,51,-0.1416105093871293,0.9899224533422392,3.407142857142857,26.6,65.35119047619048,30.0,1023.2791666666666,traffic_signals,residential
42451773,2024-12-16,40.7756198,-73.9442812,3,1,,,1,0,0.0,0.0,0.0,0.0,0.0,51,-0.1416105093871293,0.9899224533422392,3.407142857142857,26.6,65.35119047619048,30.0,1023.2791666666666,traffic_signals,residential
42451787,2024-12-16,40.7356057,-73.979453,3,1,5.0,25.0,1,0,0.0,1.0,0.0,0.0,0.0,6,-0.1416105093871293,0.9899224533422392,3.407142857142857,26.6,65.35119047619048,30.0,1023.2791666666666,traffic_signals,primary
42451932,2024-12-16,40.8571682,-73.9274354,3,0,2.0,25.0,0,0,0.0,0.0,0.0,0.0,0.0,21,-0.1416105093871293,0.9899224533422392,3.407142857142857,26.6,65.35119047619048,30.0,1023.2791666666666,missing,secondary
42451987,2024-12-16,40.732841,-74.002124,4,0,1.0,25.0,1,0,0.0,0.0,0.0,0.0,0.0,51,-0.1416105093871293,0.9899224533422392,3.407142857142857,26.6,65.35119047619048,30.0,1023.2791666666666,missing,residential
42452006,2024-12-16,40.7318782,-74.008796,4,0,1.0,25.0,1,0,0.0,0.0,0.0,0.0,0.0,26,-0.1416105093871293,0.9899224533422392,3.407142857142857,26.6,65.35119047619048,30.0,1023.2791666666666,missing,residential
42452008,2024-12-16,40.7320194,-74.010277,3,0,4.0,30.0,1,0,0.0,0.0,0.0,0.0,0.0,51,-0.1416105093871293,0.9899224533422392,3.407142857142857,26.6,65.35119047619048,30.0,1023.2791666666666,missing,trunk
42452015,2024-12-16,40.7231321,-74.0062154,3,1,4.0,25.0,1,0,1.0,2.0,1.0,1.0,1.0,1,-0.1416105093871293,0.9899224533422392,3.407142857142857,26.6,65.35119047619048,30.0,1023.2791666666666,traffic_signals,primary
42452026,2024-12-16,40.722384,-74.003768,4,1,2.0,25.0,1,0,0.0,1.0,0.0,0.0,0.0,6,-0.1416105093871293,0.9899224533422392,3.407142857142857,26.6,65.35119047619048,30.0,1023.2791666666666,traffic_signals,primary
42452040,2024-12-16,40.7216214,-74.0022085,4,1,1.0,25.0,1,0,1.0,1.0,0.0,0.0,0.0,1,-0.1416105093871293,0.9899224533422392,3.407142857142857,26.6,65.35119047619048,30.0,1023.2791666666666,traffic_signals,primary
42452048,2024-12-16,40.7204371,-73.9998645,4,1,1.0,25.0,1,0,0.0,0.0,0.0,0.0,0.0,51,-0.1416105093871293,0.9899224533422392,3.407142857142857,26.6,65.35119047619048,30.0,1023.2791666666666,traffic_signals,primary
42452056,2024-12-16,40.7187939,-73.9956895,4,1,1.0,25.0,1,0,0.0,0.0,0.0,0.0,0.0,23,-0.1416105093871293,0.9899224533422392,3.407142857142857,26.6,65.35119047619048,30.0,1023.2791666666666,traffic_signals,secondary
42452067,2024-12-16,40.7181637,-73.993839,4,0,4.0,25.0,1,0,0.0,2.0,0.0,2.0,0.0,5,-0.1416105093871293,0.9899224533422392,3.407142857142857,26.6,65.35119047619048,30.0,1023.2791666666666,missing,secondary
42452076,2024-12-16,40.7172086,-73.9907021,4,1,2.0,25.0,1,1,1.0,1.0,1.0,0.0,0.0,0,-0.1416105093871293,0.9899224533422392,3.407142857142857,26.6,65.35119047619048,30.0,1023.2791666666666,traffic_signals,secondary
42452084,2024-12-16,40.7167118,-73.9891494,4,1,3.0,25.0,0,0,0.0,0.0,0.0,0.0,0.0,10,-0.1416105093871293,0.9899224533422392,3.407142857142857,26.6,65.35119047619048,30.0,1023.2791666666666,traffic_signals,secondary
42452107,2024-12-16,40.7149113,-73.9833552,3,1,1.0,25.0,1,0,0.0,0.0,0.0,0.0,0.0,41,-0.1416105093871293,0.9899224533422392,3.407142857142857,26.6,65.35119047619048,30.0,1023.2791666666666,traffic_signals,primary
42452117,2024-12-16,40.7139728,-73.9799617,3,1,2.0,25.0,0,0,0.0,0.0,0.0,0.0,0.0,51,-0.1416105093871293,0.9899224533422392,3.407142857142857,26.6,65.35119047619048,30.0,1023.2791666666666,traffic_signals,primary
42452130,2024-12-16,40.8342881,-73.9453866,4,1,4.0,25.0,1,0,0.0,0.0,0.0,0.0,0.0,27,-0.1416105093871293,0.9899224533422392,3.407142857142857,26.6,65.35119047619048,30.0,1023.2791666666666,traffic_signals,secondary
42452147,2024-12-16,40.8467657,-73.9337745,4,1,2.0,25.0,1,0,0.0,0.0,0.0,0.0,0.0,9,-0.1416105093871293,0.9899224533422392,3.407142857142857,26.6,65.35119047619048,30.0,1023.2791666666666,traffic_signals,secondary
42452276,2024-12-16,40.8057185,-73.9680554,4,1,3.0,25.0,1,0,0.0,0.0,0.0,0.0,0.0,51,-0.1416105093871293,0.9899224533422392,3.407142857142857,26.6,65.35119047619048,30.0,1023.2791666666666,traffic_signals,secondary
42452290,2024-12-16,40.800581,-73.9584942,3,0,3.0,25.0,1,0,0.0,0.0,0.0,0.0,0.0,25,-0.1416105093871293,0.9899224533422392,3.407142857142857,26.6,65.35119047619048,30.0,1023.2791666666666,missing,secondary
42452310,2024-12-16,40.7090829,-74.0140498,4,0,1.0,20.0,1,0,0.0,0.0,0.0,0.0,0.0,23,-0.1416105093871293,0.9899224533422392,3.407142857142857,26.6,65.35119047619048,30.0,1023.2791666666666,missing,residential
42452314,2024-12-16,40.7094404,-74.0148836,3,0,4.0,30.0,1,0,0.0,0.0,0.0,0.0,0.0,33,-0.1416105093871293,0.9899224533422392,3.407142857142857,26.6,65.35119047619048,30.0,1023.2791666666666,missing,trunk
42452330,2024-12-16,40.803701,-73.93986,4,1,1.0,25.0,1,0,0.0,1.0,0.0,0.0,0.0,5,-0.1416105093871293,0.9899224533422392,3.407142857142857,26.6,65.35119047619048,30.0,1023.2791666666666,traffic_signals,primary
42452353,2024-12-16,40.7566594,-73.9785571,4,1,4.0,25.0,1,0,1.0,1.0,0.0,0.0,0.0,2,-0.1416105093871293,0.9899224533422392,3.407142857142857,26.6,65.35119047619048,30.0,1023.2791666666666,traffic_signals,secondary
42452365,2024-12-16,40.7628026,-73.9931565,4,1,3.0,25.0,1,0,0.0,0.0,0.0,0.0,0.0,19,-0.1416105093871293,0.9899224533422392,3.407142857142857,26.6,65.35119047619048,30.0,1023.2791666666666,traffic_signals,primary
42452396,2024-12-16,40.7299438,-73.9973576,3,1,2.0,25.0,1,0,0.0,0.0,0.0,0.0,0.0,51,-0.1416105093871293,0.9899224533422392,3.407142857142857,26.6,65.35119047619048,30.0,1023.2791666666666,traffic_signals,residential
42452485,2024-12-16,40.861259,-73.925668,3,1,4.0,,1,0,1.0,1.0,0.0,0.0,0.0,3,-0.1416105093871293,0.9899224533422392,3.407142857142857,26.6,65.35119047619048,30.0,1023.2791666666666,traffic_signals,primary
42452495,2024-12-16,40.8631202,-73.9206133,4,1,3.0,,0,0,0.0,2.0,0.0,0.0,0.0,4,-0.1416105093871293,0.9899224533422392,3.407142857142857,26.6,65.35119047619048,30.0,1023.2791666666666,traffic_signals,primary
42452556,2024-12-16,40.7100934,-73.9940953,3,0,2.0,20.0,1,0,0.0,0.0,0.0,0.0,0.0,51,-0.1416105093871293,0.9899224533422392,3.407142857142857,26.6,65.35119047619048,30.0,1023.2791666666666,missing,residential
42452564,2024-12-16,40.8033044,-73.9486636,4,1,2.0,,1,0,0.0,0.0,0.0,0.0,0.0,51,-0.1416105093871293,0.9899224533422392,3.407142857142857,26.6,65.35119047619048,30.0,1023.2791666666666,traffic_signals,secondary
42452598,2024-12-16,40.7348912,-74.0031527,4,0,1.0,20.0,1,0,0.0,0.0,0.0,0.0,0.0,51,-0.1416105093871293,0.9899224533422392,3.407142857142857,26.6,65.35119047619048,30.0,1023.2791666666666,stop,residential
42452610,2024-12-16,40.7341015,-74.008507,4,0,1.0,25.0,1,0,0.0,0.0,0.0,0.0,0.0,31,-0.1416105093871293,0.9899224533422392,3.407142857142857,26.6,65.35119047619048,30.0,1023.2791666666666,missing,residential
42452613,2024-12-16,40.7338609,-74.0101038,3,0,4.0,30.0,1,0,0.0,0.0,0.0,0.0,0.0,30,-0.1416105093871293,0.9899224533422392,3.407142857142857,26.6,65.35119047619048,30.0,1023.2791666666666,missing,trunk
42452620,2024-12-16,40.7072195,-74.0027472,3,0,1.0,20.0,1,0,0.0,0.0,0.0,0.0,0.0,8,-0.1416105093871293,0.9899224533422392,3.407142857142857,26.6,65.35119047619048,30.0,1023.2791666666666,missing,residential
42452630,2024-12-16,40.7042989,-74.0076468,3,0,1.0,20.0,1,0,0.0,0.0,0.0,0.0,0.0,49,-0.1416105093871293,0.9899224533422392,3.407142857142857,26.6,65.35119047619048,30.0,1023.2791666666666,missing,residential
42452700,2024-12-16,40.704799,-74.0069515,4,0,1.0,20.0,1,0,0.0,0.0,0.0,0.0,0.0,51,-0.1416105093871293,0.9899224533422392,3.407142857142857,26.6,65.35119047619048,30.0,1023.2791666666666,stop,residential
42452708,2024-12-16,40.7057998,-74.0055192,4,1,2.0,20.0,1,0,0.0,0.0,0.0,0.0,0.0,35,-0.1416105093871293,0.9899224533422392,3.407142857142857,26.6,65.35119047619048,30.0,1023.2791666666666,traffic_signals,tertiary
42452809,2024-12-16,40.7859791,-73.957172,3,1,2.0,25.0,1,0,0.0,0.0,0.0,0.0,0.0,39,-0.1416105093871293,0.9899224533422392,3.407142857142857,26.6,65.35119047619048,30.0,1023.2791666666666,traffic_signals,secondary
42452812,2024-12-16,40.7845895,-73.9538777,4,1,3.0,25.0,1,0,0.0,1.0,0.0,0.0,1.0,6,-0.1416105093871293,0.9899224533422392,3.407142857142857,26.6,65.35119047619048,30.0,1023.2791666666666,traffic_signals,primary
42452814,2024-12-16,40.7813177,-73.9461351,4,1,5.0,25.0,1,0,1.0,1.0,1.0,0.0,0.0,2,-0.1416105093871293,0.9899224533422392,3.407142857142857,26.6,65.35119047619048,30.0,1023.2791666666666,traffic_signals,primary
42452816,2024-12-16,40.7176762,-74.0075505,4,1,2.0,20.0,1,0,0.0,1.0,0.0,0.0,1.0,7,-0.1416105093871293,0.9899224533422392,3.407142857142857,26.6,65.35119047619048,30.0,1023.2791666666666,traffic_signals,secondary
42452817,2024-12-16,40.7170784,-74.0062368,4,1,3.0,20.0,1,0,0.0,0.0,0.0,0.0,0.0,23,-0.1416105093871293,0.9899224533422392,3.407142857142857,26.6,65.35119047619048,30.0,1023.2791666666666,traffic_signals,secondary
42452875,2024-12-16,40.7584106,-73.9729808,4,0,3.0,25.0,1,0,1.0,2.0,0.0,0.0,0.0,1,-0.1416105093871293,0.9899224533422392,3.407142857142857,26.6,65.35119047619048,30.0,1023.2791666666666,missing,primary
42452882,2024-12-16,40.7551314,-73.9652321,4,1,5.0,25.0,1,0,0.0,1.0,0.0,0.0,0.0,5,-0.1416105093871293,0.9899224533422392,3.407142857142857,26.6,65.35119047619048,30.0,1023.2791666666666,traffic_signals,primary
42452936,2024-12-16,40.7153027,-73.976483,3,0,,25.0,1,0,0.0,0.0,0.0,0.0,0.0,51,-0.1416105093871293,0.9899224533422392,3.407142857142857,26.6,65.35119047619048,30.0,1023.2791666666666,missing,residential
42452951,2024-12-16,40.7783119,-73.962763,3,1,3.0,25.0,1,0,0.0,0.0,0.0,0.0,0.0,51,-0.1416105093871293,0.9899224533422392,3.407142857142857,26.6,65.35119047619048,30.0,1023.2791666666666,traffic_signals,secondary
42452954,2024-12-16,40.7769299,-73.9594687,4,1,3.0,25.0,1,0,0.0,0.0,0.0,0.0,0.0,51,-0.1416105093871293,0.9899224533422392,3.407142857142857,26.6,65.35119047619048,30.0,1023.2791666666666,traffic_signals,primary
42452956,2024-12-16,40.7736593,-73.9517225,4,1,5.0,25.0,1,0,0.0,0.0,0.0,0.0,0.0,41,-0.1416105093871293,0.9899224533422392,3.407142857142857,26.6,65.35119047619048,30.0,1023.2791666666666,traffic_signals,primary
42452973,2024-12-16,40.7497277,-73.9836173,4,1,5.0,25.0,1,1,1.0,2.0,0.0,0.0,0.0,0,-0.1416105093871293,0.9899224533422392,3.407142857142857,26.6,65.35119047619048,30.0,1023.2791666666666,traffic_signals,secondary
42452975,2024-12-16,40.7558737,-73.9982088,4,1,4.0,25.0,1,0,1.0,1.0,1.0,0.0,0.0,3,-0.1416105093871293,0.9899224533422392,3.407142857142857,26.6,65.35119047619048,30.0,1023.2791666666666,traffic_signals,primary
42453000,2024-12-16,40.7501172,-73.9688692,3,1,3.0,25.0,1,0,1.0,1.0,0.0,0.0,0.0,1,-0.1416105093871293,0.9899224533422392,3.407142857142857,26.6,65.35119047619048,30.0,1023.2791666666666,traffic_signals,primary
42453005,2024-12-16,40.7508073,-73.9784855,4,0,1.0,25.0,1,0,0.0,0.0,0.0,0.0,0.0,51,-0.1416105093871293,0.9899224533422392,3.407142857142857,26.6,65.35119047619048,30.0,1023.2791666666666,missing,residential
42453008,2024-12-16,40.7481912,-73.9722915,3,0,1.0,25.0,1,0,0.0,0.0,0.0,0.0,0.0,51,-0.1416105093871293,0.9899224533422392,3.407142857142857,26.6,65.35119047619048,30.0,1023.2791666666666,missing,residential
42453011,2024-12-16,40.7475533,-73.9707856,3,1,4.0,25.0,1,0,1.0,1.0,0.0,0.0,0.0,1,-0.1416105093871293,0.9899224533422392,3.407142857142857,26.6,65.35119047619048,30.0,1023.2791666666666,traffic_signals,primary
42453038,2024-12-16,40.7190677,-74.0069661,4,1,3.0,20.0,1,0,0.0,0.0,0.0,0.0,0.0,32,-0.1416105093871293,0.9899224533422392,3.407142857142857,26.6,65.35119047619048,30.0,1023.2791666666666,traffic_signals,secondary
42453059,2024-12-16,40.71887,-74.0066144,4,1,2.0,20.0,1,0,0.0,0.0,0.0,0.0,0.0,51,-0.1416105093871293,0.9899224533422392,3.407142857142857,26.6,65.35119047619048,30.0,1023.2791666666666,traffic_signals,secondary
42453087,2024-12-16,40.753314,-73.964811,4,0,1.0,,1,0,0.0,0.0,0.0,0.0,0.0,51,-0.1416105093871293,0.9899224533422392,3.407142857142857,26.6,65.35119047619048,30.0,1023.2791666666666,missing,residential
42453104,2024-12-16,40.731968,-73.9902172,3,1,2.0,25.0,1,0,0.0,0.0,0.0,0.0,0.0,41,-0.1416105093871293,0.9899224533422392,3.407142857142857,26.6,65.35119047619048,30.0,1023.2791666666666,traffic_signals,secondary
42453158,2024-12-16,40.7228867,-73.9797217,4,1,2.0,20.0,1,0,0.0,1.0,0.0,0.0,0.0,4,-0.1416105093871293,0.9899224533422392,3.407142857142857,26.6,65.35119047619048,30.0,1023.2791666666666,traffic_signals,secondary
42453160,2024-12-16,40.721885,-73.977346,3,1,4.0,20.0,1,0,0.0,0.0,0.0,0.0,0.0,51,-0.1416105093871293,0.9899224533422392,3.407142857142857,26.6,65.35119047619048,30.0,1023.2791666666666,traffic_signals,tertiary
42453166,2024-12-16,40.725796,-73.986623,3,1,4.0,25.0,1,0,0.0,1.0,0.0,1.0,0.0,5,-0.1416105093871293,0.9899224533422392,3.407142857142857,26.6,65.35119047619048,30.0,1023.2791666666666,traffic_signals,primary
42453175,2024-12-16,40.7248589,-73.9843993,3,1,3.0,20.0,1,0,0.0,0.0,0.0,0.0,0.0,17,-0.1416105093871293,0.9899224533422392,3.407142857142857,26.6,65.35119047619048,30.0,1023.2791666666666,traffic_signals,secondary
42453177,2024-12-16,40.723882,-73.982083,3,1,2.0,20.0,1,0,0.0,0.0,0.0,0.0,0.0,28,-0.1416105093871293,0.9899224533422392,3.407142857142857,26.6,65.35119047619048,30.0,1023.2791666666666,traffic_signals,tertiary
42453187,2024-12-16,40.7430899,-73.9740139,3,1,5.0,25.0,1,0,1.0,1.0,0.0,0.0,0.0,1,-0.1416105093871293,0.9899224533422392,3.407142857142857,26.6,65.35119047619048,30.0,1023.2791666666666,traffic_signals,primary
42453216,2024-12-16,40.8006933,-73.9505653,3,1,2.0,,1,0,0.0,0.0,0.0,0.0,0.0,51,-0.1416105093871293,0.9899224533422392,3.407142857142857,26.6,65.35119047619048,30.0,1023.2791666666666,traffic_signals,secondary
42453220,2024-12-16,40.8026735,-73.949123,4,1,2.0,,1,0,0.0,0.0,0.0,0.0,0.0,8,-0.1416105093871293,0.9899224533422392,3.407142857142857,26.6,65.35119047619048,30.0,1023.2791666666666,traffic_signals,secondary
42453226,2024-12-16,40.803934,-73.9482051,4,1,2.0,,1,0,0.0,0.0,0.0,0.0,0.0,10,-0.1416105093871293,0.9899224533422392,3.407142857142857,26.6,65.35119047619048,30.0,1023.2791666666666,traffic_signals,secondary
42453236,2024-12-16,40.8058089,-73.946821,4,1,2.0,,1,0,0.0,0.0,0.0,0.0,0.0,51,-0.1416105093871293,0.9899224533422392,3.407142857142857,26.6,65.35119047619048,30.0,1023.2791666666666,traffic_signals,secondary
42453241,2024-12-16,40.8070675,-73.9459054,4,1,2.0,,1,0,1.0,1.0,0.0,0.0,0.0,1,-0.1416105093871293,0.9899224533422392,3.407142857142857,26.6,65.35119047619048,30.0,1023.2791666666666,traffic_signals,secondary
42453246,2024-12-16,40.8077463,-73.9454127,4,1,3.0,,1,2,3.0,4.0,1.0,1.0,1.0,0,-0.1416105093871293,0.9899224533422392,3.407142857142857,26.6,65.35119047619048,30.0,1023.2791666666666,traffic_signals,primary
42453251,2024-12-16,40.8096586,-73.9440006,4,1,2.0,,1,0,0.0,0.0,0.0,0.0,0.0,51,-0.1416105093871293,0.9899224533422392,3.407142857142857,26.6,65.35119047619048,30.0,1023.2791666666666,traffic_signals,secondary
42453253,2024-12-16,40.8109081,-73.9430908,4,1,2.0,,1,0,0.0,2.0,0.0,0.0,0.0,4,-0.1416105093871293,0.9899224533422392,3.407142857142857,26.6,65.35119047619048,30.0,1023.2791666666666,traffic_signals,secondary
42453258,2024-12-16,40.8140809,-73.9407812,4,1,4.0,25.0,1,0,1.0,2.0,1.0,1.0,0.0,2,-0.1416105093871293,0.9899224533422392,3.407142857142857,26.6,65.35119047619048,30.0,1023.2791666666666,traffic_signals,secondary
42453349,2024-12-16,40.867818,-73.923623,4,0,2.0,20.0,1,0,0.0,0.0,0.0,0.0,0.0,27,-0.1416105093871293,0.9899224533422392,3.407142857142857,26.6,65.35119047619048,30.0,1023.2791666666666,missing,tertiary
42453354,2024-12-16,40.869001,-73.92032,4,0,2.0,20.0,1,0,0.0,0.0,0.0,0.0,0.0,14,-0.1416105093871293,0.9899224533422392,3.407142857142857,26.6,65.35119047619048,30.0,1023.2791666666666,missing,tertiary
42453365,2024-12-16,40.7192576,-73.9772402,3,0,2.0,25.0,1,0,0.0,0.0,0.0,0.0,0.0,48,-0.1416105093871293,0.9899224533422392,3.407142857142857,26.6,65.35119047619048,30.0,1023.2791666666666,missing,primary
42453395,2024-12-16,40.7136952,-74.0137098,4,1,4.0,30.0,1,0,0.0,0.0,0.0,0.0,0.0,51,-0.1416105093871293,0.9899224533422392,3.407142857142857,26.6,65.35119047619048,30.0,1023.2791666666666,traffic_signals,trunk
42453398,2024-12-16,40.714427,-74.0134218,3,0,5.0,30.0,1,0,0.0,0.0,0.0,0.0,0.0,19,-0.1416105093871293,0.9899224533422392,3.407142857142857,26.6,65.35119047619048,30.0,1023.2791666666666,missing,trunk
42453417,2024-12-16,40.7190475,-74.0123246,3,1,4.0,30.0,1,0,1.0,1.0,1.0,0.0,0.0,2,-0.1416105093871293,0.9899224533422392,3.407142857142857,26.6,65.35119047619048,30.0,1023.2791666666666,traffic_signals,trunk
42453442,2024-12-16,40.7305673,-74.0104166,3,0,4.0,30.0,1,0,0.0,0.0,0.0,0.0,0.0,25,-0.1416105093871293,0.9899224533422392,3.407142857142857,26.6,65.35119047619048,30.0,1023.2791666666666,missing,trunk
42453457,2024-12-16,40.733143,-74.0101693,3,0,4.0,30.0,1,0,0.0,0.0,0.0,0.0,0.0,45,-0.1416105093871293,0.9899224533422392,3.407142857142857,26.6,65.35119047619048,30.0,1023.2791666666666,missing,trunk
42453468,2024-12-16,40.7345724,-74.0100438,3,0,4.0,30.0,1,0,0.0,0.0,0.0,0.0,0.0,51,-0.1416105093871293,0.9899224533422392,3.407142857142857,26.6,65.35119047619048,30.0,1023.2791666666666,missing,trunk
42453472,2024-12-16,40.7369804,-74.0098396,3,0,4.0,30.0,1,0,0.0,0.0,0.0,0.0,0.0,51,-0.1416105093871293,0.9899224533422392,3.407142857142857,26.6,65.35119047619048,30.0,1023.2791666666666,missing,trunk
42453545,2024-12-16,40.7613307,-74.0016475,4,0,5.0,30.0,1,0,0.0,1.0,0.0,0.0,0.0,5,-0.1416105093871293,0.9899224533422392,3.407142857142857,26.6,65.35119047619048,30.0,1023.2791666666666,missing,trunk
42453548,2024-12-16,40.762647,-74.0005301,3,1,5.0,30.0,1,0,0.0,0.0,0.0,0.0,0.0,51,-0.1416105093871293,0.9899224533422392,3.407142857142857,26.6,65.35119047619048,30.0,1023.2791666666666,traffic_signals,trunk
42453555,2024-12-16,40.7643299,-73.9987098,3,0,5.0,30.0,1,0,0.0,0.0,0.0,0.0,0.0,51,-0.1416105093871293,0.9899224533422392,3.407142857142857,26.6,65.35119047619048,30.0,1023.2791666666666,missing,trunk
42453575,2024-12-16,40.7892037,-73.954814,3,1,2.0,25.0,1,0,0.0,1.0,0.0,0.0,0.0,6,-0.1416105093871293,0.9899224533422392,3.407142857142857,26.6,65.35119047619048,30.0,1023.2791666666666,traffic_signals,secondary
42453577,2024-12-16,40.7878011,-73.9514729,3,0,1.0,25.0,1,0,1.0,1.0,0.0,0.0,0.0,1,-0.1416105093871293,0.9899224533422392,3.407142857142857,26.6,65.35119047619048,30.0,1023.2791666666666,missing,primary
42453586,2024-12-16,40.8571635,-73.9282354,3,1,2.0,,1,0,0.0,0.0,0.0,0.0,0.0,51,-0.1416105093871293,0.9899224533422392,3.407142857142857,26.6,65.35119047619048,30.0,1023.2791666666666,traffic_signals,secondary
42453591,2024-12-16,40.856851,-73.931475,3,0,2.0,,1,0,0.0,0.0,0.0,0.0,0.0,26,-0.1416105093871293,0.9899224533422392,3.407142857142857,26.6,65.35119047619048,30.0,1023.2791666666666,missing,tertiary
42453601,2024-12-16,40.72394,-73.9879681,4,1,6.0,25.0,1,0,0.0,0.0,0.0,0.0,0.0,42,-0.1416105093871293,0.9899224533422392,3.407142857142857,26.6,65.35119047619048,30.0,1023.2791666666666,traffic_signals,primary
42453604,2024-12-16,40.7230074,-73.9857481,4,1,3.0,20.0,1,0,0.0,0.0,0.0,0.0,0.0,12,-0.1416105093871293,0.9899224533422392,3.407142857142857,26.6,65.35119047619048,30.0,1023.2791666666666,traffic_signals,secondary
42453607,2024-12-16,40.722019,-73.983444,4,1,2.0,20.0,1,0,0.0,0.0,0.0,0.0,0.0,51,-0.1416105093871293,0.9899224533422392,3.407142857142857,26.6,65.35119047619048,30.0,1023.2791666666666,traffic_signals,tertiary
42453610,2024-12-16,40.7210233,-73.9810829,4,1,2.0,20.0,1,0,0.0,0.0,0.0,0.0,0.0,30,-0.1416105093871293,0.9899224533422392,3.407142857142857,26.6,65.35119047619048,30.0,1023.2791666666666,traffic_signals,secondary
42453613,2024-12-16,40.7199869,-73.9787229,4,0,3.0,25.0,1,0,1.0,1.0,1.0,1.0,0.0,2,-0.1416105093871293,0.9899224533422392,3.407142857142857,26.6,65.35119047619048,30.0,1023.2791666666666,missing,primary
42453624,2024-12-16,40.742832,-73.9886624,4,1,3.0,25.0,1,0,0.0,1.0,0.0,0.0,0.0,4,-0.1416105093871293,0.9899224533422392,3.407142857142857,26.6,65.35119047619048,30.0,1023.2791666666666,traffic_signals,secondary
42453630,2024-12-16,40.748974,-74.003236,4,1,5.0,25.0,1,0,0.0,1.0,0.0,0.0,0.0,7,-0.1416105093871293,0.9899224533422392,3.407142857142857,26.6,65.35119047619048,30.0,1023.2791666666666,traffic_signals,primary
42453638,2024-12-16,40.8679563,-73.9269852,3,0,,20.0,1,0,0.0,1.0,0.0,0.0,0.0,4,-0.1416105093871293,0.9899224533422392,3.407142857142857,26.6,65.35119047619048,30.0,1023.2791666666666,stop,residential
42453669,2024-12-16,40.868686,-73.923433,3,0,2.0,20.0,1,0,0.0,0.0,0.0,0.0,0.0,51,-0.1416105093871293,0.9899224533422392,3.407142857142857,26.6,65.35119047619048,30.0,1023.2791666666666,missing,tertiary
42453691,2024-12-16,40.7142285,-73.9948397,3,1,2.0,20.0,1,0,0.0,0.0,0.0,0.0,0.0,28,-0.1416105093871293,0.9899224533422392,3.407142857142857,26.6,65.35119047619048,30.0,1023.2791666666666,traffic_signals,secondary
42453700,2024-12-16,40.7144213,-73.9921353,3,0,,20.0,1,0,0.0,0.0,0.0,0.0,0.0,51,-0.1416105093871293,0.9899224533422392,3.407142857142857,26.6,65.35119047619048,30.0,1023.2791666666666,missing,residential
42453717,2024-12-16,40.8151611,-73.9578259,3,1,5.0,25.0,1,0,0.0,1.0,0.0,0.0,1.0,6,-0.1416105093871293,0.9899224533422392,3.407142857142857,26.6,65.35119047619048,30.0,1023.2791666666666,traffic_signals,primary
42453757,2024-12-16,40.8221764,-73.9521084,4,1,,,1,0,0.0,1.0,0.0,0.0,0.0,7,-0.1416105093871293,0.9899224533422392,3.407142857142857,26.6,65.35119047619048,30.0,1023.2791666666666,traffic_signals,residential
42453773,2024-12-16,40.7194648,-74.0061502,3,1,2.0,20.0,1,0,0.0,0.0,0.0,0.0,0.0,51,-0.1416105093871293,0.9899224533422392,3.407142857142857,26.6,65.35119047619048,30.0,1023.2791666666666,traffic_signals,secondary
42453777,2024-12-16,40.7188572,-74.0048363,4,1,3.0,20.0,1,0,0.0,0.0,0.0,0.0,0.0,51,-0.1416105093871293,0.9899224533422392,3.407142857142857,26.6,65.35119047619048,30.0,1023.2791666666666,traffic_signals,residential
42453792,2024-12-16,40.7091509,-74.001064,3,0,2.0,25.0,1,0,0.0,0.0,0.0,0.0,0.0,51,-0.1416105093871293,0.9899224533422392,3.407142857142857,26.6,65.35119047619048,30.0,1023.2791666666666,missing,motorway_link
42453902,2024-12-16,40.7051798,-74.0074068,4,1,4.0,20.0,1,0,0.0,0.0,0.0,0.0,0.0,50,-0.1416105093871293,0.9899224533422392,3.407142857142857,26.6,65.35119047619048,30.0,1023.2791666666666,traffic_signals,primary
42453934,2024-12-16,40.7110135,-74.0107773,3,1,3.0,20.0,1,0,0.0,0.0,0.0,0.0,0.0,39,-0.1416105093871293,0.9899224533422392,3.407142857142857,26.6,65.35119047619048,30.0,1023.2791666666666,traffic_signals,secondary
42453952,2024-12-16,40.712713,-74.009634,4,1,3.0,20.0,1,0,0.0,1.0,0.0,0.0,0.0,4,-0.1416105093871293,0.9899224533422392,3.407142857142857,26.6,65.35119047619048,30.0,1023.2791666666666,traffic_signals,secondary
42453986,2024-12-16,40.7495623,-73.9794227,4,0,3.0,25.0,1,0,0.0,0.0,0.0,0.0,0.0,21,-0.1416105093871293,0.9899224533422392,3.407142857142857,26.6,65.35119047619048,30.0,1023.2791666666666,missing,primary
42453999,2024-12-16,40.7478756,-73.9754367,4,0,3.0,25.0,1,1,1.0,1.0,1.0,0.0,1.0,0,-0.1416105093871293,0.9899224533422392,3.407142857142857,26.6,65.35119047619048,30.0,1023.2791666666666,missing,residential
42454006,2024-12-16,40.7469395,-73.9732058,4,1,3.0,25.0,1,0,0.0,0.0,0.0,0.0,0.0,51,-0.1416105093871293,0.9899224533422392,3.407142857142857,26.6,65.35119047619048,30.0,1023.2791666666666,traffic_signals,residential
42454010,2024-12-16,40.7462999,-73.9716752,4,1,3.0,25.0,1,0,0.0,1.0,0.0,0.0,0.0,6,-0.1416105093871293,0.9899224533422392,3.407142857142857,26.6,65.35119047619048,30.0,1023.2791666666666,traffic_signals,primary
42454042,2024-12-16,40.7653085,-73.9913292,4,1,3.0,25.0,1,0,2.0,3.0,2.0,1.0,1.0,2,-0.1416105093871293,0.9899224533422392,3.407142857142857,26.6,65.35119047619048,30.0,1023.2791666666666,traffic_signals,primary
42454089,2024-12-16,40.853537,-73.938378,3,0,1.0,20.0,1,0,0.0,0.0,0.0,0.0,0.0,46,-0.1416105093871293,0.9899224533422392,3.407142857142857,26.6,65.35119047619048,30.0,1023.2791666666666,missing,residential
42454102,2024-12-16,40.8511085,-73.9306027,3,1,2.0,20.0,0,0,0.0,0.0,0.0,0.0,0.0,51,-0.1416105093871293,0.9899224533422392,3.407142857142857,26.6,65.35119047619048,30.0,1023.2791666666666,traffic_signals,tertiary
42454189,2024-12-16,40.7822111,-73.9599188,3,1,2.0,25.0,1,0,0.0,0.0,0.0,0.0,0.0,37,-0.1416105093871293,0.9899224533422392,3.407142857142857,26.6,65.35119047619048,30.0,1023.2791666666666,traffic_signals,secondary
42454192,2024-12-16,40.7808233,-73.9566243,4,1,3.0,25.0,1,0,0.0,0.0,0.0,0.0,0.0,42,-0.1416105093871293,0.9899224533422392,3.407142857142857,26.6,65.35119047619048,30.0,1023.2791666666666,traffic_signals,primary
42454196,2024-12-16,40.7775516,-73.948881,4,1,5.0,25.0,1,0,1.0,1.0,0.0,0.0,0.0,1,-0.1416105093871293,0.9899224533422392,3.407142857142857,26.6,65.35119047619048,30.0,1023.2791666666666,traffic_signals,primary
42454240,2024-12-16,40.852339,-73.935716,4,0,,20.0,1,0,0.0,0.0,0.0,0.0,0.0,12,-0.1416105093871293,0.9899224533422392,3.407142857142857,26.6,65.35119047619048,30.0,1023.2791666666666,missing,tertiary
42454300,2024-12-16,40.856783,-73.933681,3,0,,20.0,1,0,0.0,0.0,0.0,0.0,0.0,51,-0.1416105093871293,0.9899224533422392,3.407142857142857,26.6,65.35119047619048,30.0,1023.2791666666666,missing,residential
42454325,2024-12-16,40.7416433,-74.0069905,3,0,2.0,25.0,0,0,0.0,0.0,0.0,0.0,0.0,13,-0.1416105093871293,0.9899224533422392,3.407142857142857,26.6,65.35119047619048,30.0,1023.2791666666666,missing,secondary
42454328,2024-12-16,40.7421447,-74.0081824,4,0,3.0,25.0,1,0,0.0,0.0,0.0,0.0,0.0,34,-0.1416105093871293,0.9899224533422392,3.407142857142857,26.6,65.35119047619048,30.0,1023.2791666666666,missing,primary
42454368,2024-12-16,40.849309,-73.931917,4,1,2.0,20.0,1,0,0.0,0.0,0.0,0.0,0.0,25,-0.1416105093871293,0.9899224533422392,3.407142857142857,26.6,65.35119047619048,30.0,1023.2791666666666,traffic_signals,tertiary
42454378,2024-12-16,40.7390984,-73.9913883,4,1,3.0,25.0,1,1,2.0,2.0,2.0,0.0,1.0,0,-0.1416105093871293,0.9899224533422392,3.407142857142857,26.6,65.35119047619048,30.0,1023.2791666666666,traffic_signals,secondary
42454381,2024-12-16,40.745231,-74.00596,4,1,3.0,25.0,1,0,1.0,1.0,0.0,0.0,0.0,1,-0.1416105093871293,0.9899224533422392,3.407142857142857,26.6,65.35119047619048,30.0,1023.2791666666666,traffic_signals,primary
42454391,2024-12-16,40.7189791,-73.9750822,4,1,2.0,25.0,1,0,0.0,0.0,0.0,0.0,0.0,51,-0.1416105093871293,0.9899224533422392,3.407142857142857,26.6,65.35119047619048,30.0,1023.2791666666666,traffic_signals,primary
42454401,2024-12-16,40.7133376,-74.0110084,4,1,3.0,20.0,1,0,0.0,0.0,0.0,0.0,0.0,22,-0.1416105093871293,0.9899224533422392,3.407142857142857,26.6,65.35119047619048,30.0,1023.2791666666666,traffic_signals,secondary
42454423,2024-12-16,40.7257774,-74.0009057,4,1,2.0,25.0,1,0,0.0,0.0,0.0,0.0,0.0,47,-0.1416105093871293,0.9899224533422392,3.407142857142857,26.6,65.35119047619048,30.0,1023.2791666666666,traffic_signals,residential
42454428,2024-12-16,40.7541655,-73.9803921,4,1,4.0,,1,0,0.0,0.0,0.0,0.0,0.0,16,-0.1416105093871293,0.9899224533422392,3.407142857142857,26.6,65.35119047619048,30.0,1023.2791666666666,traffic_signals,secondary
42454433,2024-12-16,40.7603122,-73.994972,4,1,4.0,25.0,1,0,1.0,2.0,0.0,0.0,0.0,1,-0.1416105093871293,0.9899224533422392,3.407142857142857,26.6,65.35119047619048,30.0,1023.2791666666666,traffic_signals,primary
42454495,2024-12-16,40.7457827,-73.974319,4,1,2.0,25.0,1,0,0.0,0.0,0.0,0.0,0.0,51,-0.1416105093871293,0.9899224533422392,3.407142857142857,26.6,65.35119047619048,30.0,1023.2791666666666,traffic_signals,primary
42454522,2024-12-16,40.7426886,-73.9844692,4,0,3.0,25.0,1,0,0.0,0.0,0.0,0.0,0.0,26,-0.1416105093871293,0.9899224533422392,3.407142857142857,26.6,65.35119047619048,30.0,1023.2791666666666,missing,primary
42454538,2024-12-16,40.871479,-73.918564,4,1,,20.0,0,0,1.0,1.0,0.0,0.0,0.0,2,-0.1416105093871293,0.9899224533422392,3.407142857142857,26.6,65.35119047619048,30.0,1023.2791666666666,traffic_signals,tertiary
42454553,2024-12-16,40.869551,-73.915183,4,1,2.0,,0,0,1.0,1.0,0.0,0.0,0.0,2,-0.1416105093871293,0.9899224533422392,3.407142857142857,26.6,65.35119047619048,30.0,1023.2791666666666,traffic_signals,primary
42454611,2024-12-16,40.844201,-73.935653,4,1,2.0,20.0,1,0,0.0,1.0,0.0,0.0,0.0,4,-0.1416105093871293,0.9899224533422392,3.407142857142857,26.6,65.35119047619048,30.0,1023.2791666666666,traffic_signals,tertiary
42454622,2024-12-16,40.8416705,-73.9375115,4,1,2.0,25.0,1,0,0.0,0.0,0.0,0.0,0.0,21,-0.1416105093871293,0.9899224533422392,3.407142857142857,26.6,65.35119047619048,30.0,1023.2791666666666,traffic_signals,tertiary
42454642,2024-12-16,40.7311635,-74.008943,4,0,1.0,25.0,1,0,0.0,0.0,0.0,0.0,0.0,51,-0.1416105093871293,0.9899224533422392,3.407142857142857,26.6,65.35119047619048,30.0,1023.2791666666666,stop,residential
42454660,2024-12-16,40.7580419,-73.960182,4,1,6.0,25.0,1,0,0.0,0.0,0.0,0.0,0.0,51,-0.1416105093871293,0.9899224533422392,3.407142857142857,26.6,65.35119047619048,30.0,1023.2791666666666,traffic_signals,secondary
42454679,2024-12-16,40.7750439,-73.9651421,3,1,3.0,25.0,1,0,0.0,0.0,0.0,0.0,0.0,13,-0.1416105093871293,0.9899224533422392,3.407142857142857,26.6,65.35119047619048,30.0,1023.2791666666666,traffic_signals,secondary
42454691,2024-12-16,40.7736608,-73.9618549,4,1,3.0,25.0,1,0,1.0,1.0,0.0,0.0,0.0,1,-0.1416105093871293,0.9899224533422392,3.407142857142857,26.6,65.35119047619048,30.0,1023.2791666666666,traffic_signals,primary
42454701,2024-12-16,40.7703906,-73.9541098,4,1,3.0,25.0,1,0,0.0,0.0,0.0,0.0,0.0,11,-0.1416105093871293,0.9899224533422392,3.407142857142857,26.6,65.35119047619048,30.0,1023.2791666666666,traffic_signals,primary
42454742,2024-12-16,40.738129,-74.003874,3,1,1.0,20.0,1,0,0.0,1.0,0.0,0.0,0.0,6,-0.1416105093871293,0.9899224533422392,3.407142857142857,26.6,65.35119047619048,30.0,1023.2791666666666,traffic_signals,residential
42454758,2024-12-16,40.7381488,-74.0081711,3,0,1.0,25.0,1,0,0.0,0.0,0.0,0.0,0.0,51,-0.1416105093871293,0.9899224533422392,3.407142857142857,26.6,65.35119047619048,30.0,1023.2791666666666,missing,residential
42454795,2024-12-16,40.7090594,-74.0088957,4,1,1.0,20.0,1,0,0.0,0.0,0.0,0.0,0.0,8,-0.1416105093871293,0.9899224533422392,3.407142857142857,26.6,65.35119047619048,30.0,1023.2791666666666,traffic_signals,residential
42454798,2024-12-16,40.7061497,-74.0060206,4,1,4.0,20.0,0,0,0.0,1.0,0.0,0.0,0.0,6,-0.1416105093871293,0.9899224533422392,3.407142857142857,26.6,65.35119047619048,30.0,1023.2791666666666,traffic_signals,primary
42454893,2024-12-16,40.8635159,-73.9317811,3,0,2.0,,1,0,0.0,0.0,0.0,0.0,0.0,51,-0.1416105093871293,0.9899224533422392,3.407142857142857,26.6,65.35119047619048,30.0,1023.2791666666666,missing,residential
42454994,2024-12-16,40.729373,-73.9839987,4,1,4.0,25.0,1,0,0.0,0.0,0.0,0.0,0.0,25,-0.1416105093871293,0.9899224533422392,3.407142857142857,26.6,65.35119047619048,30.0,1023.2791666666666,traffic_signals,primary
42454997,2024-12-16,40.728446,-73.98179,4,1,2.0,20.0,1,0,0.0,0.0,0.0,0.0,0.0,8,-0.1416105093871293,0.9899224533422392,3.407142857142857,26.6,65.35119047619048,30.0,1023.2791666666666,traffic_signals,secondary
42455007,2024-12-16,40.727468,-73.979469,4,1,2.0,20.0,1,0,0.0,0.0,0.0,0.0,0.0,32,-0.1416105093871293,0.9899224533422392,3.407142857142857,26.6,65.35119047619048,30.0,1023.2791666666666,traffic_signals,tertiary
42455013,2024-12-16,40.726465,-73.9770845,3,1,3.0,20.0,1,0,0.0,1.0,0.0,1.0,0.0,6,-0.1416105093871293,0.9899224533422392,3.407142857142857,26.6,65.35119047619048,30.0,1023.2791666666666,traffic_signals,secondary
42455026,2024-12-16,40.733304,-73.993322,4,1,1.0,25.0,1,0,1.0,1.0,0.0,0.0,0.0,2,-0.1416105093871293,0.9899224533422392,3.407142857142857,26.6,65.35119047619048,30.0,1023.2791666666666,traffic_signals,residential
42455051,2024-12-16,40.7242664,-73.9848308,4,1,3.0,20.0,1,0,0.0,0.0,0.0,0.0,0.0,18,-0.1416105093871293,0.9899224533422392,3.407142857142857,26.6,65.35119047619048,30.0,1023.2791666666666,traffic_signals,secondary
42455059,2024-12-16,40.8474152,-73.9333038,4,1,2.0,25.0,1,0,0.0,0.0,0.0,0.0,0.0,10,-0.1416105093871293,0.9899224533422392,3.407142857142857,26.6,65.35119047619048,30.0,1023.2791666666666,traffic_signals,secondary
42455083,2024-12-16,40.723278,-73.982524,4,1,2.0,20.0,1,0,0.0,0.0,0.0,0.0,0.0,19,-0.1416105093871293,0.9899224533422392,3.407142857142857,26.6,65.35119047619048,30.0,1023.2791666666666,traffic_signals,tertiary
42455175,2024-12-16,40.7222831,-73.9801612,4,1,2.0,20.0,1,0,0.0,1.0,0.0,0.0,0.0,7,-0.1416105093871293,0.9899224533422392,3.407142857142857,26.6,65.35119047619048,30.0,1023.2791666666666,traffic_signals,secondary
42455181,2024-12-16,40.7246931,-73.9784069,4,1,2.0,20.0,1,0,0.0,1.0,0.0,0.0,0.0,6,-0.1416105093871293,0.9899224533422392,3.407142857142857,26.6,65.35119047619048,30.0,1023.2791666666666,traffic_signals,secondary
42455200,2024-12-16,40.7278806,-74.0054267,4,1,4.0,25.0,1,0,0.0,0.0,0.0,0.0,0.0,12,-0.1416105093871293,0.9899224533422392,3.407142857142857,26.6,65.35119047619048,30.0,1023.2791666666666,traffic_signals,primary
42455234,2024-12-16,40.839296,-73.939239,4,1,,20.0,1,0,0.0,0.0,0.0,0.0,0.0,51,-0.1416105093871293,0.9899224533422392,3.407142857142857,26.6,65.35119047619048,30.0,1023.2791666666666,traffic_signals,tertiary
42455238,2024-12-16,40.840487,-73.938364,4,1,2.0,20.0,0,0,0.0,0.0,0.0,0.0,0.0,16,-0.1416105093871293,0.9899224533422392,3.407142857142857,26.6,65.35119047619048,30.0,1023.2791666666666,traffic_signals,tertiary
42455245,2024-12-16,40.8429245,-73.9365954,4,1,2.0,20.0,1,0,0.0,0.0,0.0,0.0,0.0,17,-0.1416105093871293,0.9899224533422392,3.407142857142857,26.6,65.35119047619048,30.0,1023.2791666666666,traffic_signals,tertiary
42455252,2024-12-16,40.846141,-73.934232,4,1,2.0,20.0,1,0,1.0,1.0,1.0,0.0,0.0,2,-0.1416105093871293,0.9899224533422392,3.407142857142857,26.6,65.35119047619048,30.0,1023.2791666666666,traffic_signals,tertiary
42455259,2024-12-16,40.850509,-73.931043,4,1,2.0,20.0,1,0,0.0,0.0,0.0,0.0,0.0,17,-0.1416105093871293,0.9899224533422392,3.407142857142857,26.6,65.35119047619048,30.0,1023.2791666666666,traffic_signals,tertiary
42455335,2024-12-16,40.8531,-73.929147,4,1,2.0,20.0,1,0,0.0,0.0,0.0,0.0,0.0,18,-0.1416105093871293,0.9899224533422392,3.407142857142857,26.6,65.35119047619048,30.0,1023.2791666666666,traffic_signals,tertiary
42455337,2024-12-16,40.854321,-73.928254,4,1,2.0,20.0,1,0,0.0,2.0,0.0,1.0,0.0,4,-0.1416105093871293,0.9899224533422392,3.407142857142857,26.6,65.35119047619048,30.0,1023.2791666666666,traffic_signals,tertiary
42455357,2024-12-16,40.7393829,-74.0080522,4,0,1.0,25.0,1,0,0.0,0.0,0.0,0.0,0.0,51,-0.1416105093871293,0.9899224533422392,3.407142857142857,26.6,65.35119047619048,30.0,1023.2791666666666,missing,residential
42455396,2024-12-16,40.721277,-73.977788,3,1,4.0,20.0,1,0,0.0,0.0,0.0,0.0,0.0,45,-0.1416105093871293,0.9899224533422392,3.407142857142857,26.6,65.35119047619048,30.0,1023.2791666666666,traffic_signals,tertiary
42455412,2024-12-16,40.723689,-73.97603,3,1,3.0,20.0,1,0,0.0,0.0,0.0,0.0,0.0,49,-0.1416105093871293,0.9899224533422392,3.407142857142857,26.6,65.35119047619048,30.0,1023.2791666666666,traffic_signals,tertiary
42455452,2024-12-16,40.73334,-73.983176,3,0,1.0,25.0,1,0,0.0,0.0,0.0,0.0,0.0,51,-0.1416105093871293,0.9899224533422392,3.407142857142857,26.6,65.35119047619048,30.0,1023.2791666666666,missing,residential
42455465,2024-12-16,40.734012,-73.984773,3,0,1.0,25.0,1,0,0.0,0.0,0.0,0.0,0.0,51,-0.1416105093871293,0.9899224533422392,3.407142857142857,26.6,65.35119047619048,30.0,1023.2791666666666,missing,residential
42455493,2024-12-16,40.8626109,-73.9202964,4,1,3.0,,0,0,0.0,2.0,0.0,0.0,0.0,4,-0.1416105093871293,0.9899224533422392,3.407142857142857,26.6,65.35119047619048,30.0,1023.2791666666666,traffic_signals,primary
42455509,2024-12-16,40.868473,-73.924038,3,1,2.0,20.0,0,0,0.0,0.0,0.0,0.0,0.0,29,-0.1416105093871293,0.9899224533422392,3.407142857142857,26.6,65.35119047619048,30.0,1023.2791666666666,traffic_signals,tertiary
42455643,2024-12-16,40.7691175,-73.988561,4,1,6.0,25.0,1,0,1.0,2.0,1.0,0.0,1.0,1,-0.1416105093871293,0.9899224533422392,3.407142857142857,26.6,65.35119047619048,30.0,1023.2791666666666,traffic_signals,primary
42455662,2024-12-16,40.7680278,-73.9702791,4,1,3.0,25.0,1,0,1.0,1.0,0.0,0.0,0.0,1,-0.1416105093871293,0.9899224533422392,3.407142857142857,26.6,65.35119047619048,30.0,1023.2791666666666,traffic_signals,secondary
42455666,2024-12-16,40.7666394,-73.9669732,4,0,3.0,25.0,1,0,1.0,1.0,0.0,0.0,0.0,2,-0.1416105093871293,0.9899224533422392,3.407142857142857,26.6,65.35119047619048,30.0,1023.2791666666666,missing,primary
42455675,2024-12-16,40.7633694,-73.9592368,4,1,5.0,25.0,1,0,0.0,0.0,0.0,0.0,0.0,24,-0.1416105093871293,0.9899224533422392,3.407142857142857,26.6,65.35119047619048,30.0,1023.2791666666666,traffic_signals,primary
42455693,2024-12-16,40.7705251,-73.9684509,3,1,3.0,25.0,1,0,0.0,0.0,0.0,0.0,0.0,51,-0.1416105093871293,0.9899224533422392,3.407142857142857,26.6,65.35119047619048,30.0,1023.2791666666666,traffic_signals,secondary
42455694,2024-12-16,40.7691362,-73.9651557,4,1,3.0,25.0,1,0,0.0,0.0,0.0,0.0,0.0,14,-0.1416105093871293,0.9899224533422392,3.407142857142857,26.6,65.35119047619048,30.0,1023.2791666666666,traffic_signals,primary
42455695,2024-12-16,40.7658671,-73.9573999,4,1,5.0,25.0,1,0,0.0,1.0,0.0,0.0,0.0,4,-0.1416105093871293,0.9899224533422392,3.407142857142857,26.6,65.35119047619048,30.0,1023.2791666666666,traffic_signals,primary
42455705,2024-12-16,40.8655852,-73.9181211,3,0,2.0,,0,0,0.0,0.0,0.0,0.0,0.0,51,-0.1416105093871293,0.9899224533422392,3.407142857142857,26.6,65.35119047619048,30.0,1023.2791666666666,missing,primary
42455735,2024-12-16,40.7552565,-73.9986588,4,1,4.0,25.0,1,0,0.0,0.0,0.0,0.0,0.0,8,-0.1416105093871293,0.9899224533422392,3.407142857142857,26.6,65.35119047619048,30.0,1023.2791666666666,traffic_signals,primary
42455751,2024-12-16,40.7589842,-73.9959405,4,1,5.0,25.0,1,0,0.0,1.0,0.0,0.0,0.0,7,-0.1416105093871293,0.9899224533422392,3.407142857142857,26.6,65.35119047619048,30.0,1023.2791666666666,traffic_signals,primary
42455761,2024-12-16,40.762185,-73.9936069,4,1,3.0,25.0,1,0,1.0,1.0,1.0,1.0,0.0,1,-0.1416105093871293,0.9899224533422392,3.407142857142857,26.6,65.35119047619048,30.0,1023.2791666666666,traffic_signals,primary
42455867,2024-12-16,40.725203,-73.987053,4,1,4.0,25.0,1,0,0.0,0.0,0.0,0.0,0.0,12,-0.1416105093871293,0.9899224533422392,3.407142857142857,26.6,65.35119047619048,30.0,1023.2791666666666,traffic_signals,primary
42455887,2024-12-16,40.7344252,-73.9803078,3,1,5.0,25.0,1,0,0.0,0.0,0.0,0.0,0.0,9,-0.1416105093871293,0.9899224533422392,3.407142857142857,26.6,65.35119047619048,30.0,1023.2791666666666,traffic_signals,primary
42455897,2024-12-16,40.7381697,-73.9776048,4,1,4.0,25.0,1,0,0.0,0.0,0.0,0.0,0.0,12,-0.1416105093871293,0.9899224533422392,3.407142857142857,26.6,65.35119047619048,30.0,1023.2791666666666,traffic_signals,primary
42455915,2024-12-16,40.7450699,-73.9725748,4,1,5.0,25.0,1,0,0.0,0.0,0.0,0.0,0.0,11,-0.1416105093871293,0.9899224533422392,3.407142857142857,26.6,65.35119047619048,30.0,1023.2791666666666,traffic_signals,primary
42455929,2024-12-16,40.7488839,-73.9699706,4,1,5.0,25.0,1,0,0.0,0.0,0.0,0.0,0.0,51,-0.1416105093871293,0.9899224533422392,3.407142857142857,26.6,65.35119047619048,30.0,1023.2791666666666,traffic_signals,primary
42455932,2024-12-16,40.7520288,-73.9676741,4,1,1.0,25.0,1,0,0.0,0.0,0.0,0.0,0.0,47,-0.1416105093871293,0.9899224533422392,3.407142857142857,26.6,65.35119047619048,30.0,1023.2791666666666,traffic_signals,primary
42455934,2024-12-16,40.7538651,-73.9661361,4,1,5.0,25.0,1,0,0.0,0.0,0.0,0.0,0.0,25,-0.1416105093871293,0.9899224533422392,3.407142857142857,26.6,65.35119047619048,30.0,1023.2791666666666,traffic_signals,primary
42455963,2024-12-16,40.7563888,-73.9643154,4,1,5.0,25.0,1,0,1.0,1.0,1.0,1.0,0.0,2,-0.1416105093871293,0.9899224533422392,3.407142857142857,26.6,65.35119047619048,30.0,1023.2791666666666,traffic_signals,primary
42456041,2024-12-16,40.7589866,-73.9624288,4,1,5.0,25.0,1,0,0.0,1.0,0.0,0.0,0.0,5,-0.1416105093871293,0.9899224533422392,3.407142857142857,26.6,65.35119047619048,30.0,1023.2791666666666,traffic_signals,primary
42456049,2024-12-16,40.7614886,-73.9605894,4,1,5.0,25.0,1,0,1.0,1.0,0.0,0.0,0.0,1,-0.1416105093871293,0.9899224533422392,3.407142857142857,26.6,65.35119047619048,30.0,1023.2791666666666,traffic_signals,primary
42456060,2024-12-16,40.7723435,-73.9526796,4,1,5.0,25.0,1,0,0.0,1.0,0.0,0.0,1.0,4,-0.1416105093871293,0.9899224533422392,3.407142857142857,26.6,65.35119047619048,30.0,1023.2791666666666,traffic_signals,primary
42456066,2024-12-16,40.7761941,-73.9498734,4,1,5.0,25.0,1,0,0.0,0.0,0.0,0.0,0.0,51,-0.1416105093871293,0.9899224533422392,3.407142857142857,26.6,65.35119047619048,30.0,1023.2791666666666,traffic_signals,primary
42456076,2024-12-16,40.7800714,-73.9470292,4,1,5.0,25.0,1,1,2.0,2.0,1.0,0.0,1.0,0,-0.1416105093871293,0.9899224533422392,3.407142857142857,26.6,65.35119047619048,30.0,1023.2791666666666,traffic_signals,primary
42456091,2024-12-16,40.7858143,-73.9428466,4,1,5.0,25.0,1,0,0.0,0.0,0.0,0.0,0.0,11,-0.1416105093871293,0.9899224533422392,3.407142857142857,26.6,65.35119047619048,30.0,1023.2791666666666,traffic_signals,primary
42456101,2024-12-16,40.7889397,-73.9405592,4,1,5.0,25.0,1,0,0.0,0.0,0.0,0.0,0.0,9,-0.1416105093871293,0.9899224533422392,3.407142857142857,26.6,65.35119047619048,30.0,1023.2791666666666,traffic_signals,primary
42456107,2024-12-16,40.7915669,-73.9386452,3,1,5.0,25.0,1,0,0.0,0.0,0.0,0.0,0.0,12,-0.1416105093871293,0.9899224533422392,3.407142857142857,26.6,65.35119047619048,30.0,1023.2791666666666,traffic_signals,primary
42456110,2024-12-16,40.7928134,-73.9377232,4,1,5.0,25.0,1,0,0.0,0.0,0.0,0.0,0.0,9,-0.1416105093871293,0.9899224533422392,3.407142857142857,26.6,65.35119047619048,30.0,1023.2791666666666,traffic_signals,primary
42456115,2024-12-16,40.7960087,-73.9354016,4,1,5.0,25.0,1,1,2.0,4.0,3.0,2.0,0.0,0,-0.1416105093871293,0.9899224533422392,3.407142857142857,26.6,65.35119047619048,30.0,1023.2791666666666,traffic_signals,primary
42456162,2024-12-16,40.8024413,-73.9407797,4,1,1.0,25.0,1,0,0.0,1.0,0.0,0.0,0.0,6,-0.1416105093871293,0.9899224533422392,3.407142857142857,26.6,65.35119047619048,30.0,1023.2791666666666,traffic_signals,primary
42456197,2024-12-16,40.725008,-73.999345,4,1,1.0,25.0,1,0,0.0,0.0,0.0,0.0,0.0,12,-0.1416105093871293,0.9899224533422392,3.407142857142857,26.6,65.35119047619048,30.0,1023.2791666666666,traffic_signals,residential
42456205,2024-12-16,40.7291865,-73.99582,3,0,1.0,25.0,1,0,0.0,0.0,0.0,0.0,0.0,51,-0.1416105093871293,0.9899224533422392,3.407142857142857,26.6,65.35119047619048,30.0,1023.2791666666666,missing,residential
42456206,2024-12-16,40.7297856,-73.9953096,4,0,1.0,25.0,1,0,0.0,0.0,0.0,0.0,0.0,51,-0.1416105093871293,0.9899224533422392,3.407142857142857,26.6,65.35119047619048,30.0,1023.2791666666666,missing,residential
42456211,2024-12-16,40.7312848,-73.9940524,3,0,2.0,25.0,1,0,0.0,0.0,0.0,0.0,0.0,16,-0.1416105093871293,0.9899224533422392,3.407142857142857,26.6,65.35119047619048,30.0,1023.2791666666666,missing,secondary
42456303,2024-12-16,40.7316016,-73.994804,4,0,2.0,25.0,1,0,0.0,0.0,0.0,0.0,0.0,24,-0.1416105093871293,0.9899224533422392,3.407142857142857,26.6,65.35119047619048,30.0,1023.2791666666666,missing,secondary
42456492,2024-12-16,40.711231,-74.006478,4,1,1.0,20.0,1,0,0.0,0.0,0.0,0.0,0.0,19,-0.1416105093871293,0.9899224533422392,3.407142857142857,26.6,65.35119047619048,30.0,1023.2791666666666,traffic_signals,residential
42456543,2024-12-16,40.7377164,-73.9881184,4,0,2.0,25.0,1,0,0.0,0.0,0.0,0.0,0.0,23,-0.1416105093871293,0.9899224533422392,3.407142857142857,26.6,65.35119047619048,30.0,1023.2791666666666,missing,primary
42456555,2024-12-16,40.7414523,-73.9853699,4,0,3.0,25.0,1,0,0.0,0.0,0.0,0.0,0.0,41,-0.1416105093871293,0.9899224533422392,3.407142857142857,26.6,65.35119047619048,30.0,1023.2791666666666,missing,primary
42456568,2024-12-16,40.7451567,-73.9826736,4,0,3.0,25.0,1,0,1.0,1.0,0.0,0.0,0.0,2,-0.1416105093871293,0.9899224533422392,3.407142857142857,26.6,65.35119047619048,30.0,1023.2791666666666,missing,primary
42456575,2024-12-16,40.7847313,-73.9580844,3,1,2.0,25.0,1,0,0.0,0.0,0.0,0.0,0.0,34,-0.1416105093871293,0.9899224533422392,3.407142857142857,26.6,65.35119047619048,30.0,1023.2791666666666,traffic_signals,secondary
42456578,2024-12-16,40.7833391,-73.9547909,4,1,3.0,25.0,1,0,0.0,0.0,0.0,0.0,0.0,15,-0.1416105093871293,0.9899224533422392,3.407142857142857,26.6,65.35119047619048,30.0,1023.2791666666666,traffic_signals,primary
42456598,2024-12-16,40.762252,-73.9701729,4,0,4.0,25.0,1,0,0.0,0.0,0.0,0.0,0.0,51,-0.1416105093871293,0.9899224533422392,3.407142857142857,26.6,65.35119047619048,30.0,1023.2791666666666,missing,primary
42456611,2024-12-16,40.7596534,-73.9720733,4,0,3.0,25.0,1,0,0.0,2.0,0.0,1.0,0.0,5,-0.1416105093871293,0.9899224533422392,3.407142857142857,26.6,65.35119047619048,30.0,1023.2791666666666,missing,primary
42456683,2024-12-16,40.7661447,-73.9716518,3,1,3.0,25.0,1,0,0.0,0.0,0.0,0.0,0.0,12,-0.1416105093871293,0.9899224533422392,3.407142857142857,26.6,65.35119047619048,30.0,1023.2791666666666,traffic_signals,secondary
42456708,2024-12-16,40.793608,-73.951602,3,1,3.0,25.0,1,0,0.0,0.0,0.0,0.0,0.0,51,-0.1416105093871293,0.9899224533422392,3.407142857142857,26.6,65.35119047619048,30.0,1023.2791666666666,traffic_signals,secondary
42456711,2024-12-16,40.7962219,-73.9496927,3,1,2.0,25.0,1,0,1.0,1.0,1.0,0.0,0.0,3,-0.1416105093871293,0.9899224533422392,3.407142857142857,26.6,65.35119047619048,30.0,1023.2791666666666,traffic_signals,secondary
42456831,2024-12-16,40.8153391,-73.9357666,5,1,2.0,25.0,1,0,0.0,0.0,0.0,0.0,0.0,38,-0.1416105093871293,0.9899224533422392,3.407142857142857,26.6,65.35119047619048,30.0,1023.2791666666666,traffic_signals,secondary
42456888,2024-12-16,40.7090349,-74.0121098,4,1,3.0,20.0,1,0,0.0,0.0,0.0,0.0,0.0,51,-0.1416105093871293,0.9899224533422392,3.407142857142857,26.6,65.35119047619048,30.0,1023.2791666666666,traffic_signals,secondary
42456986,2024-12-16,40.7304414,-74.0090905,4,1,1.0,25.0,1,0,0.0,0.0,0.0,0.0,0.0,8,-0.1416105093871293,0.9899224533422392,3.407142857142857,26.6,65.35119047619048,30.0,1023.2791666666666,traffic_signals,residential
42457282,2024-12-16,40.867384,-73.926406,3,0,2.0,20.0,0,0,0.0,0.0,0.0,0.0,0.0,51,-0.1416105093871293,0.9899224533422392,3.407142857142857,26.6,65.35119047619048,30.0,1023.2791666666666,missing,tertiary
42457292,2024-12-16,40.7076706,-74.0031101,3,0,1.0,20.0,1,0,0.0,0.0,0.0,0.0,0.0,51,-0.1416105093871293,0.9899224533422392,3.407142857142857,26.6,65.35119047619048,30.0,1023.2791666666666,missing,residential
42457311,2024-12-16,40.7096642,-74.004822,3,1,2.0,20.0,1,0,0.0,0.0,0.0,0.0,0.0,26,-0.1416105093871293,0.9899224533422392,3.407142857142857,26.6,65.35119047619048,30.0,1023.2791666666666,traffic_signals,residential
42457319,2024-12-16,40.725276,-73.9957848,4,1,4.0,25.0,1,0,0.0,0.0,0.0,0.0,0.0,51,-0.1416105093871293,0.9899224533422392,3.407142857142857,26.6,65.35119047619048,30.0,1023.2791666666666,traffic_signals,primary
42457325,2024-12-16,40.7245091,-73.9934284,4,1,3.0,25.0,1,0,0.0,0.0,0.0,0.0,0.0,17,-0.1416105093871293,0.9899224533422392,3.407142857142857,26.6,65.35119047619048,30.0,1023.2791666666666,traffic_signals,primary
42457401,2024-12-16,40.7187961,-73.9751131,4,1,3.0,25.0,1,0,0.0,0.0,0.0,0.0,0.0,51,-0.1416105093871293,0.9899224533422392,3.407142857142857,26.6,65.35119047619048,30.0,1023.2791666666666,traffic_signals,primary
42457421,2024-12-16,40.7355308,-74.0033399,4,0,1.0,20.0,1,0,0.0,0.0,0.0,0.0,0.0,51,-0.1416105093871293,0.9899224533422392,3.407142857142857,26.6,65.35119047619048,30.0,1023.2791666666666,stop,residential
42457426,2024-12-16,40.7347984,-74.0084507,4,1,1.0,25.0,1,0,0.0,0.0,0.0,0.0,0.0,51,-0.1416105093871293,0.9899224533422392,3.407142857142857,26.6,65.35119047619048,30.0,1023.2791666666666,traffic_signals,residential
42457476,2024-12-16,40.7553471,-73.9754421,4,0,3.0,25.0,1,0,0.0,0.0,0.0,0.0,0.0,51,-0.1416105093871293,0.9899224533422392,3.407142857142857,26.6,65.35119047619048,30.0,1023.2791666666666,missing,primary
42457660,2024-12-16,40.7865093,-73.9524444,4,1,6.0,25.0,1,0,0.0,0.0,0.0,0.0,0.0,16,-0.1416105093871293,0.9899224533422392,3.407142857142857,26.6,65.35119047619048,30.0,1023.2791666666666,traffic_signals,primary
42457728,2024-12-16,40.7342533,-74.0029703,4,1,1.0,20.0,1,0,0.0,0.0,0.0,0.0,0.0,51,-0.1416105093871293,0.9899224533422392,3.407142857142857,26.6,65.35119047619048,30.0,1023.2791666666666,traffic_signals,residential
42457735,2024-12-16,40.7333916,-74.0085749,4,0,1.0,25.0,1,0,0.0,0.0,0.0,0.0,0.0,51,-0.1416105093871293,0.9899224533422392,3.407142857142857,26.6,65.35119047619048,30.0,1023.2791666666666,missing,residential
42457788,2024-12-16,40.7688761,-73.9723598,3,0,2.0,25.0,1,0,0.0,0.0,0.0,0.0,0.0,51,-0.1416105093871293,0.9899224533422392,3.407142857142857,26.6,65.35119047619048,30.0,1023.2791666666666,missing,secondary
42457821,2024-12-16,40.7138465,-73.9927579,4,1,2.0,20.0,1,0,1.0,1.0,1.0,1.0,0.0,2,-0.1416105093871293,0.9899224533422392,3.407142857142857,26.6,65.35119047619048,30.0,1023.2791666666666,traffic_signals,primary
42457925,2024-12-16,40.7390235,-73.9730741,3,0,2.0,25.0,1,0,0.0,1.0,0.0,0.0,0.0,4,-0.1416105093871293,0.9899224533422392,3.407142857142857,26.6,65.35119047619048,30.0,1023.2791666666666,missing,primary
42457940,2024-12-16,40.7399483,-73.9727291,3,0,1.0,25.0,1,0,0.0,0.0,0.0,0.0,0.0,51,-0.1416105093871293,0.9899224533422392,3.407142857142857,26.6,65.35119047619048,30.0,1023.2791666666666,missing,primary
42458112,2024-12-16,40.79607,-73.9454293,4,1,1.0,25.0,1,0,0.0,0.0,0.0,0.0,0.0,12,-0.1416105093871293,0.9899224533422392,3.407142857142857,26.6,65.35119047619048,30.0,1023.2791666666666,traffic_signals,primary
42458267,2024-12-16,40.7238889,-73.9969461,4,0,,25.0,1,0,0.0,0.0,0.0,0.0,0.0,16,-0.1416105093871293,0.9899224533422392,3.407142857142857,26.6,65.35119047619048,30.0,1023.2791666666666,missing,residential
42458313,2024-12-16,40.722723,-73.994153,4,1,1.0,25.0,1,0,0.0,0.0,0.0,0.0,0.0,32,-0.1416105093871293,0.9899224533422392,3.407142857142857,26.6,65.35119047619048,30.0,1023.2791666666666,traffic_signals,residential
42458333,2024-12-16,40.7483359,-73.9803186,4,0,3.0,25.0,1,0,0.0,0.0,0.0,0.0,0.0,11,-0.1416105093871293,0.9899224533422392,3.407142857142857,26.6,65.35119047619048,30.0,1023.2791666666666,missing,primary
42458342,2024-12-16,40.7992557,-73.9431029,4,1,4.0,25.0,1,0,0.0,2.0,0.0,1.0,0.0,4,-0.1416105093871293,0.9899224533422392,3.407142857142857,26.6,65.35119047619048,30.0,1023.2791666666666,traffic_signals,primary
42458435,2024-12-16,40.795685,-73.9767319,3,0,3.0,50.0,1,0,0.0,0.0,0.0,0.0,0.0,51,-0.1416105093871293,0.9899224533422392,3.407142857142857,26.6,65.35119047619048,30.0,1023.2791666666666,motorway_junction,motorway
42458728,2024-12-16,40.869877,-73.920897,3,1,2.0,20.0,0,0,0.0,0.0,0.0,0.0,0.0,51,-0.1416105093871293,0.9899224533422392,3.407142857142857,26.6,65.35119047619048,30.0,1023.2791666666666,traffic_signals,tertiary
42458766,2024-12-16,40.7794585,-73.9576208,4,1,3.0,25.0,1,0,0.0,0.0,0.0,0.0,0.0,51,-0.1416105093871293,0.9899224533422392,3.407142857142857,26.6,65.35119047619048,30.0,1023.2791666666666,traffic_signals,primary
42458936,2024-12-16,40.8480246,-73.9404342,4,0,1.0,25.0,1,0,0.0,1.0,0.0,0.0,0.0,4,-0.1416105093871293,0.9899224533422392,3.407142857142857,26.6,65.35119047619048,30.0,1023.2791666666666,stop,residential
42458960,2024-12-16,40.789055,-73.9505513,3,0,1.0,25.0,1,0,0.0,0.0,0.0,0.0,0.0,51,-0.1416105093871293,0.9899224533422392,3.407142857142857,26.6,65.35119047619048,30.0,1023.2791666666666,missing,primary
42459041,2024-12-16,40.7921962,-73.9482635,4,1,1.0,25.0,1,0,0.0,0.0,0.0,0.0,0.0,51,-0.1416105093871293,0.9899224533422392,3.407142857142857,26.6,65.35119047619048,30.0,1023.2791666666666,traffic_signals,primary
42459098,2024-12-16,40.7571447,-73.9739026,4,0,3.0,25.0,1,0,0.0,0.0,0.0,0.0,0.0,51,-0.1416105093871293,0.9899224533422392,3.407142857142857,26.6,65.35119047619048,30.0,1023.2791666666666,missing,primary
42459114,2024-12-16,40.7647574,-73.9683491,4,0,3.0,25.0,1,0,0.0,0.0,0.0,0.0,0.0,15,-0.1416105093871293,0.9899224533422392,3.407142857142857,26.6,65.35119047619048,30.0,1023.2791666666666,missing,primary
42459137,2024-12-16,40.7756143,-73.9604288,4,1,4.0,25.0,1,0,1.0,1.0,0.0,0.0,0.0,1,-0.1416105093871293,0.9899224533422392,3.407142857142857,26.6,65.35119047619048,30.0,1023.2791666666666,traffic_signals,primary
42459180,2024-12-16,40.7948058,-73.9463574,4,1,1.0,25.0,1,1,1.0,1.0,0.0,0.0,0.0,0,-0.1416105093871293,0.9899224533422392,3.407142857142857,26.6,65.35119047619048,30.0,1023.2791666666666,traffic_signals,primary
42459436,2024-12-16,40.7369713,-74.0082739,4,0,1.0,25.0,1,0,0.0,0.0,0.0,0.0,0.0,10,-0.1416105093871293,0.9899224533422392,3.407142857142857,26.6,65.35119047619048,30.0,1023.2791666666666,missing,residential
42459493,2024-12-16,40.7139387,-74.0123263,3,1,2.0,25.0,1,0,0.0,0.0,0.0,0.0,0.0,51,-0.1416105093871293,0.9899224533422392,3.407142857142857,26.6,65.35119047619048,30.0,1023.2791666666666,traffic_signals,secondary
42459820,2024-12-16,40.710581,-74.0037866,3,0,3.0,20.0,1,0,0.0,1.0,0.0,0.0,0.0,7,-0.1416105093871293,0.9899224533422392,3.407142857142857,26.6,65.35119047619048,30.0,1023.2791666666666,missing,residential
4274141356,2024-12-16,40.740344,-73.9731358,4,0,1.0,25.0,1,0,1.0,1.0,0.0,0.0,0.0,2,-0.1416105093871293,0.9899224533422392,3.407142857142857,26.6,65.35119047619048,30.0,1023.2791666666666,missing,residential
427804205,2024-12-16,40.7583765,-73.9977612,3,0,1.0,25.0,1,0,0.0,0.0,0.0,0.0,0.0,51,-0.1416105093871293,0.9899224533422392,3.407142857142857,26.6,65.35119047619048,30.0,1023.2791666666666,motorway_junction,motorway
427804211,2024-12-16,40.7583819,-73.9984041,3,0,1.0,,1,0,0.0,0.0,0.0,0.0,0.0,51,-0.1416105093871293,0.9899224533422392,3.407142857142857,26.6,65.35119047619048,30.0,1023.2791666666666,missing,residential
427840965,2024-12-16,40.7562704,-73.9949687,3,0,2.0,25.0,1,0,0.0,0.0,0.0,0.0,0.0,51,-0.1416105093871293,0.9899224533422392,3.407142857142857,26.6,65.35119047619048,30.0,1023.2791666666666,missing,motorway
427840967,2024-12-16,40.7560047,-73.995113,3,0,2.0,25.0,1,0,0.0,0.0,0.0,0.0,0.0,51,-0.1416105093871293,0.9899224533422392,3.407142857142857,26.6,65.35119047619048,30.0,1023.2791666666666,missing,motorway
427840984,2024-12-16,40.7545575,-73.9978498,3,0,2.0,25.0,1,0,0.0,1.0,0.0,0.0,0.0,5,-0.1416105093871293,0.9899224533422392,3.407142857142857,26.6,65.35119047619048,30.0,1023.2791666666666,missing,motorway
427840998,2024-12-16,40.7522065,-73.9993807,4,0,3.0,25.0,1,0,0.0,0.0,0.0,0.0,0.0,33,-0.1416105093871293,0.9899224533422392,3.407142857142857,26.6,65.35119047619048,30.0,1023.2791666666666,missing,motorway
427841011,2024-12-16,40.757564,-73.9967634,4,0,2.0,35.0,1,0,0.0,0.0,0.0,0.0,0.0,51,-0.1416105093871293,0.9899224533422392,3.407142857142857,26.6,65.35119047619048,30.0,1023.2791666666666,motorway_junction,motorway
427841023,2024-12-16,40.7566236,-73.9951455,3,0,2.0,35.0,1,0,0.0,0.0,0.0,0.0,0.0,51,-0.1416105093871293,0.9899224533422392,3.407142857142857,26.6,65.35119047619048,30.0,1023.2791666666666,missing,motorway
427841034,2024-12-16,40.7559056,-73.9953727,3,0,2.0,25.0,1,0,0.0,0.0,0.0,0.0,0.0,51,-0.1416105093871293,0.9899224533422392,3.407142857142857,26.6,65.35119047619048,30.0,1023.2791666666666,motorway_junction,motorway
427841050,2024-12-16,40.7546452,-73.9979154,3,0,2.0,25.0,1,0,0.0,0.0,0.0,0.0,0.0,36,-0.1416105093871293,0.9899224533422392,3.407142857142857,26.6,65.35119047619048,30.0,1023.2791666666666,motorway_junction,motorway
427841052,2024-12-16,40.7543851,-73.9982439,3,0,2.0,,1,0,0.0,0.0,0.0,0.0,0.0,50,-0.1416105093871293,0.9899224533422392,3.407142857142857,26.6,65.35119047619048,30.0,1023.2791666666666,missing,motorway
427841062,2024-12-16,40.7522423,-73.999467,4,0,2.0,25.0,1,0,0.0,0.0,0.0,0.0,0.0,51,-0.1416105093871293,0.9899224533422392,3.407142857142857,26.6,65.35119047619048,30.0,1023.2791666666666,missing,motorway
427841071,2024-12-16,40.7518133,-73.9997474,4,0,2.0,25.0,1,0,0.0,0.0,0.0,0.0,0.0,15,-0.1416105093871293,0.9899224533422392,3.407142857142857,26.6,65.35119047619048,30.0,1023.2791666666666,missing,secondary
427841073,2024-12-16,40.7518775,-73.9996131,3,0,2.0,25.0,1,0,0.0,0.0,0.0,0.0,0.0,51,-0.1416105093871293,0.9899224533422392,3.407142857142857,26.6,65.35119047619048,30.0,1023.2791666666666,missing,secondary
427842069,2024-12-16,40.7553657,-73.9960116,3,0,2.0,25.0,1,0,0.0,0.0,0.0,0.0,0.0,51,-0.1416105093871293,0.9899224533422392,3.407142857142857,26.6,65.35119047619048,30.0,1023.2791666666666,missing,motorway_link
427842070,2024-12-16,40.7551147,-73.9963969,4,1,2.0,25.0,1,0,0.0,0.0,0.0,0.0,0.0,25,-0.1416105093871293,0.9899224533422392,3.407142857142857,26.6,65.35119047619048,30.0,1023.2791666666666,traffic_signals,primary
427842140,2024-12-16,40.7553882,-73.9965093,3,0,5.0,25.0,1,0,0.0,0.0,0.0,0.0,0.0,51,-0.1416105093871293,0.9899224533422392,3.407142857142857,26.6,65.35119047619048,30.0,1023.2791666666666,missing,primary
427845226,2024-12-16,40.7534567,-73.9985193,3,0,1.0,25.0,1,0,0.0,0.0,0.0,0.0,0.0,35,-0.1416105093871293,0.9899224533422392,3.407142857142857,26.6,65.35119047619048,30.0,1023.2791666666666,missing,unclassified
427845236,2024-12-16,40.7535471,-73.9987292,3,0,1.0,25.0,1,0,0.0,0.0,0.0,0.0,0.0,51,-0.1416105093871293,0.9899224533422392,3.407142857142857,26.6,65.35119047619048,30.0,1023.2791666666666,missing,unclassified
427850819,2024-12-16,40.7571357,-73.9970821,3,0,2.0,35.0,1,0,0.0,0.0,0.0,0.0,0.0,51,-0.1416105093871293,0.9899224533422392,3.407142857142857,26.6,65.35119047619048,30.0,1023.2791666666666,missing,motorway
427850840,2024-12-16,40.7570939,-73.9952445,4,0,3.0,,1,0,0.0,0.0,0.0,0.0,0.0,51,-0.1416105093871293,0.9899224533422392,3.407142857142857,26.6,65.35119047619048,30.0,1023.2791666666666,missing,motorway_link
4288677093,2024-12-16,40.7615618,-73.966589,4,1,5.0,25.0,1,0,0.0,3.0,0.0,0.0,0.0,4,-0.1416105093871293,0.9899224533422392,3.407142857142857,26.6,65.35119047619048,30.0,1023.2791666666666,traffic_signals,primary
4300940094,2024-12-16,40.7171005,-73.9826968,3,0,2.0,25.0,1,0,0.0,0.0,0.0,0.0,0.0,51,-0.1416105093871293,0.9899224533422392,3.407142857142857,26.6,65.35119047619048,30.0,1023.2791666666666,missing,residential
4320028826,2024-12-16,40.7337334,-74.0027408,4,0,4.0,25.0,1,0,0.0,0.0,0.0,0.0,0.0,51,-0.1416105093871293,0.9899224533422392,3.407142857142857,26.6,65.35119047619048,30.0,1023.2791666666666,missing,secondary
4321748237,2024-12-16,40.7284697,-74.0028017,4,0,3.0,25.0,1,0,0.0,0.0,0.0,0.0,0.0,51,-0.1416105093871293,0.9899224533422392,3.407142857142857,26.6,65.35119047619048,30.0,1023.2791666666666,missing,secondary
4321748238,2024-12-16,40.7283741,-74.0028488,4,0,3.0,25.0,1,0,0.0,0.0,0.0,0.0,0.0,51,-0.1416105093871293,0.9899224533422392,3.407142857142857,26.6,65.35119047619048,30.0,1023.2791666666666,missing,primary
4332491210,2024-12-16,40.7227585,-73.9878608,3,0,3.0,25.0,1,0,0.0,0.0,0.0,0.0,0.0,8,-0.1416105093871293,0.9899224533422392,3.407142857142857,26.6,65.35119047619048,30.0,1023.2791666666666,missing,primary
4347534767,2024-12-16,40.7645689,-73.9736594,4,1,4.0,25.0,1,0,2.0,3.0,3.0,0.0,0.0,3,-0.1416105093871293,0.9899224533422392,3.407142857142857,26.6,65.35119047619048,30.0,1023.2791666666666,traffic_signals,secondary
4347534768,2024-12-16,40.7651079,-73.973026,3,0,2.0,25.0,1,0,0.0,0.0,0.0,0.0,0.0,51,-0.1416105093871293,0.9899224533422392,3.407142857142857,26.6,65.35119047619048,30.0,1023.2791666666666,missing,secondary
4347534783,2024-12-16,40.7649193,-73.9725564,4,1,5.0,25.0,1,0,0.0,0.0,0.0,0.0,0.0,36,-0.1416105093871293,0.9899224533422392,3.407142857142857,26.6,65.35119047619048,30.0,1023.2791666666666,traffic_signals,secondary
4347550065,2024-12-16,40.768263,-73.981474,3,0,5.0,25.0,1,0,0.0,0.0,0.0,0.0,0.0,51,-0.1416105093871293,0.9899224533422392,3.407142857142857,26.6,65.35119047619048,30.0,1023.2791666666666,missing,primary
4347550071,2024-12-16,40.7681044,-73.9813948,3,0,5.0,25.0,1,0,0.0,0.0,0.0,0.0,0.0,23,-0.1416105093871293,0.9899224533422392,3.407142857142857,26.6,65.35119047619048,30.0,1023.2791666666666,missing,primary
4347550074,2024-12-16,40.7675992,-73.980785,3,0,2.0,25.0,1,0,0.0,1.0,0.0,0.0,0.0,7,-0.1416105093871293,0.9899224533422392,3.407142857142857,26.6,65.35119047619048,30.0,1023.2791666666666,missing,secondary
4375208206,2024-12-16,40.7147078,-73.9824653,4,1,2.0,25.0,1,0,1.0,1.0,0.0,0.0,0.0,1,-0.1416105093871293,0.9899224533422392,3.407142857142857,26.6,65.35119047619048,30.0,1023.2791666666666,traffic_signals,primary
4412043541,2024-12-16,40.7430812,-73.9722255,3,0,1.0,,1,0,1.0,1.0,0.0,0.0,0.0,2,-0.1416105093871293,0.9899224533422392,3.407142857142857,26.6,65.35119047619048,30.0,1023.2791666666666,missing,primary
4443775464,2024-12-16,40.7496742,-73.9952961,4,1,4.0,25.0,1,0,2.0,4.0,1.0,0.0,0.0,1,-0.1416105093871293,0.9899224533422392,3.407142857142857,26.6,65.35119047619048,30.0,1023.2791666666666,traffic_signals,secondary
4443775465,2024-12-16,40.7502936,-73.9948451,4,1,4.0,25.0,1,1,3.0,5.0,0.0,1.0,0.0,0,-0.1416105093871293,0.9899224533422392,3.407142857142857,26.6,65.35119047619048,30.0,1023.2791666666666,traffic_signals,secondary
4461990857,2024-12-16,40.7503422,-73.9910985,3,1,3.0,25.0,1,0,0.0,1.0,0.0,0.0,0.0,6,-0.1416105093871293,0.9899224533422392,3.407142857142857,26.6,65.35119047619048,30.0,1023.2791666666666,traffic_signals,secondary
4477147269,2024-12-16,40.7158245,-73.9948751,4,1,2.0,35.0,1,0,0.0,0.0,0.0,0.0,0.0,42,-0.1416105093871293,0.9899224533422392,3.407142857142857,26.6,65.35119047619048,30.0,1023.2791666666666,traffic_signals,secondary
4477147270,2024-12-16,40.7159115,-73.9950346,3,1,1.0,25.0,1,0,0.0,0.0,0.0,0.0,0.0,51,-0.1416105093871293,0.9899224533422392,3.407142857142857,26.6,65.35119047619048,30.0,1023.2791666666666,traffic_signals,secondary
4478001045,2024-12-16,40.7225365,-73.987092,4,1,3.0,25.0,1,0,0.0,0.0,0.0,0.0,0.0,51,-0.1416105093871293,0.9899224533422392,3.407142857142857,26.6,65.35119047619048,30.0,1023.2791666666666,traffic_signals,primary
4487582555,2024-12-16,40.7112524,-73.9896443,3,1,1.0,25.0,1,0,0.0,0.0,0.0,0.0,0.0,51,-0.1416105093871293,0.9899224533422392,3.407142857142857,26.6,65.35119047619048,30.0,1023.2791666666666,traffic_signals,residential
4487582556,2024-12-16,40.7126663,-73.9898655,3,0,,25.0,1,0,0.0,0.0,0.0,0.0,0.0,51,-0.1416105093871293,0.9899224533422392,3.407142857142857,26.6,65.35119047619048,30.0,1023.2791666666666,missing,residential
4487582557,2024-12-16,40.7119812,-73.9897583,3,0,,20.0,1,0,0.0,0.0,0.0,0.0,0.0,51,-0.1416105093871293,0.9899224533422392,3.407142857142857,26.6,65.35119047619048,30.0,1023.2791666666666,missing,residential
4491359481,2024-12-16,40.7552967,-73.9949298,4,1,3.0,25.0,1,0,1.0,1.0,2.0,0.0,0.0,3,-0.1416105093871293,0.9899224533422392,3.407142857142857,26.6,65.35119047619048,30.0,1023.2791666666666,traffic_signals,primary
4492821528,2024-12-16,40.7384641,-74.0037634,3,0,2.0,25.0,1,0,0.0,0.0,0.0,0.0,0.0,51,-0.1416105093871293,0.9899224533422392,3.407142857142857,26.6,65.35119047619048,30.0,1023.2791666666666,missing,secondary
449581627,2024-12-16,40.7424446,-73.9889406,3,0,3.0,25.0,1,0,0.0,0.0,0.0,0.0,0.0,51,-0.1416105093871293,0.9899224533422392,3.407142857142857,26.6,65.35119047619048,30.0,1023.2791666666666,missing,secondary
4506716195,2024-12-16,40.7160156,-73.9954504,3,1,2.0,35.0,1,0,0.0,0.0,0.0,0.0,0.0,51,-0.1416105093871293,0.9899224533422392,3.407142857142857,26.6,65.35119047619048,30.0,1023.2791666666666,traffic_signals,secondary
4515465264,2024-12-16,40.8303722,-73.9401371,4,1,4.0,25.0,0,0,0.0,0.0,0.0,0.0,0.0,9,-0.1416105093871293,0.9899224533422392,3.407142857142857,26.6,65.35119047619048,30.0,1023.2791666666666,traffic_signals,primary
4515465265,2024-12-16,40.8687597,-73.9311686,4,0,2.0,20.0,1,0,0.0,0.0,0.0,0.0,0.0,51,-0.1416105093871293,0.9899224533422392,3.407142857142857,26.6,65.35119047619048,30.0,1023.2791666666666,missing,secondary
4544455460,2024-12-16,40.7654356,-73.9819507,3,0,2.0,,1,0,0.0,0.0,0.0,0.0,0.0,51,-0.1416105093871293,0.9899224533422392,3.407142857142857,26.6,65.35119047619048,30.0,1023.2791666666666,missing,residential
4557495130,2024-12-16,40.774231,-73.9811332,4,1,3.0,25.0,1,0,0.0,0.0,0.0,0.0,0.0,48,-0.1416105093871293,0.9899224533422392,3.407142857142857,26.6,65.35119047619048,30.0,1023.2791666666666,traffic_signals,primary
4557517549,2024-12-16,40.7515074,-73.9977245,4,1,3.0,25.0,1,1,3.0,4.0,2.0,2.0,0.0,0,-0.1416105093871293,0.9899224533422392,3.407142857142857,26.6,65.35119047619048,30.0,1023.2791666666666,traffic_signals,secondary
4557517550,2024-12-16,40.7416809,-74.0049194,3,1,1.0,25.0,1,0,0.0,0.0,0.0,0.0,0.0,51,-0.1416105093871293,0.9899224533422392,3.407142857142857,26.6,65.35119047619048,30.0,1023.2791666666666,traffic_signals,secondary
4557517552,2024-12-16,40.7421252,-74.0045542,3,0,3.0,25.0,1,0,0.0,0.0,0.0,0.0,0.0,25,-0.1416105093871293,0.9899224533422392,3.407142857142857,26.6,65.35119047619048,30.0,1023.2791666666666,missing,secondary
4557517554,2024-12-16,40.7409804,-74.0054299,3,0,1.0,25.0,1,0,0.0,0.0,0.0,0.0,0.0,51,-0.1416105093871293,0.9899224533422392,3.407142857142857,26.6,65.35119047619048,30.0,1023.2791666666666,missing,secondary
4557517555,2024-12-16,40.740291,-74.0059134,4,0,1.0,25.0,1,0,1.0,1.0,0.0,0.0,0.0,1,-0.1416105093871293,0.9899224533422392,3.407142857142857,26.6,65.35119047619048,30.0,1023.2791666666666,missing,residential
4561384853,2024-12-16,40.7139579,-74.0030498,3,0,2.0,20.0,1,0,0.0,1.0,0.0,1.0,0.0,7,-0.1416105093871293,0.9899224533422392,3.407142857142857,26.6,65.35119047619048,30.0,1023.2791666666666,missing,secondary
4562863353,2024-12-16,40.7700936,-73.9494513,3,0,1.0,25.0,1,0,0.0,1.0,0.0,0.0,0.0,4,-0.1416105093871293,0.9899224533422392,3.407142857142857,26.6,65.35119047619048,30.0,1023.2791666666666,missing,residential
4597668020,2024-12-16,40.74583,-73.9823372,4,1,3.0,25.0,1,0,0.0,0.0,0.0,0.0,0.0,24,-0.1416105093871293,0.9899224533422392,3.407142857142857,26.6,65.35119047619048,30.0,1023.2791666666666,traffic_signals,primary
4597668023,2024-12-16,40.736003,-73.9894958,3,0,2.0,25.0,1,0,0.0,0.0,0.0,0.0,0.0,24,-0.1416105093871293,0.9899224533422392,3.407142857142857,26.6,65.35119047619048,30.0,1023.2791666666666,missing,primary
4597668026,2024-12-16,40.737173,-73.9886277,4,0,2.0,25.0,1,0,0.0,0.0,0.0,0.0,0.0,51,-0.1416105093871293,0.9899224533422392,3.407142857142857,26.6,65.35119047619048,30.0,1023.2791666666666,missing,primary
4597668028,2024-12-16,40.7383383,-73.9877778,4,0,2.0,25.0,1,0,0.0,0.0,0.0,0.0,0.0,22,-0.1416105093871293,0.9899224533422392,3.407142857142857,26.6,65.35119047619048,30.0,1023.2791666666666,missing,primary
4597668029,2024-12-16,40.7408738,-73.9859403,4,0,3.0,25.0,1,0,0.0,0.0,0.0,0.0,0.0,14,-0.1416105093871293,0.9899224533422392,3.407142857142857,26.6,65.35119047619048,30.0,1023.2791666666666,missing,primary
4597668030,2024-12-16,40.7433622,-73.9841441,4,1,3.0,25.0,1,0,0.0,0.0,0.0,0.0,0.0,51,-0.1416105093871293,0.9899224533422392,3.407142857142857,26.6,65.35119047619048,30.0,1023.2791666666666,traffic_signals,primary
4597668031,2024-12-16,40.742743,-73.9845957,4,0,3.0,25.0,1,0,0.0,0.0,0.0,0.0,0.0,51,-0.1416105093871293,0.9899224533422392,3.407142857142857,26.6,65.35119047619048,30.0,1023.2791666666666,missing,primary
4597668032,2024-12-16,40.7421242,-73.985046,4,0,3.0,25.0,1,0,0.0,0.0,0.0,0.0,0.0,51,-0.1416105093871293,0.9899224533422392,3.407142857142857,26.6,65.35119047619048,30.0,1023.2791666666666,missing,primary
4597668033,2024-12-16,40.744597,-73.983245,4,1,3.0,25.0,1,0,0.0,0.0,0.0,0.0,0.0,51,-0.1416105093871293,0.9899224533422392,3.407142857142857,26.6,65.35119047619048,30.0,1023.2791666666666,traffic_signals,primary
4597668035,2024-12-16,40.7353592,-73.989972,3,0,2.0,25.0,1,0,0.0,0.0,0.0,0.0,0.0,51,-0.1416105093871293,0.9899224533422392,3.407142857142857,26.6,65.35119047619048,30.0,1023.2791666666666,missing,primary
4597668036,2024-12-16,40.7365722,-73.9890653,4,0,2.0,25.0,1,0,0.0,0.0,0.0,0.0,0.0,14,-0.1416105093871293,0.9899224533422392,3.407142857142857,26.6,65.35119047619048,30.0,1023.2791666666666,missing,primary
4597668038,2024-12-16,40.7377527,-73.9882046,4,0,2.0,25.0,1,0,0.0,1.0,0.0,0.0,1.0,5,-0.1416105093871293,0.9899224533422392,3.407142857142857,26.6,65.35119047619048,30.0,1023.2791666666666,missing,primary
4597668039,2024-12-16,40.7389341,-73.9873431,4,0,2.0,25.0,1,0,0.0,0.0,0.0,0.0,0.0,51,-0.1416105093871293,0.9899224533422392,3.407142857142857,26.6,65.35119047619048,30.0,1023.2791666666666,missing,primary
4597668040,2024-12-16,40.7395448,-73.9868997,4,0,2.0,25.0,1,0,0.0,0.0,0.0,0.0,0.0,51,-0.1416105093871293,0.9899224533422392,3.407142857142857,26.6,65.35119047619048,30.0,1023.2791666666666,missing,primary
4597668041,2024-12-16,40.7402148,-73.98641,4,0,5.0,25.0,1,0,0.0,0.0,0.0,0.0,0.0,41,-0.1416105093871293,0.9899224533422392,3.407142857142857,26.6,65.35119047619048,30.0,1023.2791666666666,missing,primary
4597668042,2024-12-16,40.7415054,-73.9854972,4,0,3.0,25.0,1,0,0.0,0.0,0.0,0.0,0.0,51,-0.1416105093871293,0.9899224533422392,3.407142857142857,26.6,65.35119047619048,30.0,1023.2791666666666,missing,primary
4597668043,2024-12-16,40.7439834,-73.9836934,4,1,3.0,25.0,1,0,0.0,0.0,0.0,0.0,0.0,51,-0.1416105093871293,0.9899224533422392,3.407142857142857,26.6,65.35119047619048,30.0,1023.2791666666666,traffic_signals,primary
4597668044,2024-12-16,40.7452094,-73.9827991,4,0,3.0,25.0,1,0,0.0,0.0,0.0,0.0,0.0,16,-0.1416105093871293,0.9899224533422392,3.407142857142857,26.6,65.35119047619048,30.0,1023.2791666666666,missing,primary
4602414021,2024-12-16,40.7237608,-74.0061172,3,0,4.0,25.0,1,0,0.0,1.0,0.0,0.0,0.0,5,-0.1416105093871293,0.9899224533422392,3.407142857142857,26.6,65.35119047619048,30.0,1023.2791666666666,missing,secondary
4616536348,2024-12-16,40.7244198,-74.0060539,4,1,3.0,25.0,1,0,0.0,0.0,0.0,0.0,0.0,13,-0.1416105093871293,0.9899224533422392,3.407142857142857,26.6,65.35119047619048,30.0,1023.2791666666666,traffic_signals,primary
4616536351,2024-12-16,40.7256907,-74.0058541,4,1,3.0,25.0,1,0,0.0,0.0,0.0,0.0,0.0,9,-0.1416105093871293,0.9899224533422392,3.407142857142857,26.6,65.35119047619048,30.0,1023.2791666666666,traffic_signals,primary
4616536352,2024-12-16,40.7250366,-74.0059578,3,1,3.0,25.0,1,0,1.0,1.0,0.0,0.0,0.0,3,-0.1416105093871293,0.9899224533422392,3.407142857142857,26.6,65.35119047619048,30.0,1023.2791666666666,traffic_signals,primary
4629486879,2024-12-16,40.7234955,-74.0077224,3,0,2.0,20.0,1,0,0.0,0.0,0.0,0.0,0.0,51,-0.1416105093871293,0.9899224533422392,3.407142857142857,26.6,65.35119047619048,30.0,1023.2791666666666,missing,primary
4679523598,2024-12-16,40.7336357,-74.0026286,3,1,,25.0,1,0,0.0,0.0,0.0,0.0,0.0,51,-0.1416105093871293,0.9899224533422392,3.407142857142857,26.6,65.35119047619048,30.0,1023.2791666666666,traffic_signals,residential
4682935360,2024-12-16,40.7721744,-73.9917513,3,0,2.0,25.0,0,0,0.0,0.0,0.0,0.0,0.0,51,-0.1416105093871293,0.9899224533422392,3.407142857142857,26.6,65.35119047619048,30.0,1023.2791666666666,missing,residential
4682935365,2024-12-16,40.7726974,-73.9910498,3,0,2.0,25.0,0,0,1.0,1.0,0.0,0.0,0.0,2,-0.1416105093871293,0.9899224533422392,3.407142857142857,26.6,65.35119047619048,30.0,1023.2791666666666,stop,residential
470209120,2024-12-16,40.8080645,-73.9639884,5,1,3.0,25.0,1,0,0.0,0.0,0.0,0.0,0.0,51,-0.1416105093871293,0.9899224533422392,3.407142857142857,26.6,65.35119047619048,30.0,1023.2791666666666,traffic_signals,primary
470209122,2024-12-16,40.810952,-73.9630559,4,1,4.0,,0,0,0.0,0.0,0.0,0.0,0.0,51,-0.1416105093871293,0.9899224533422392,3.407142857142857,26.6,65.35119047619048,30.0,1023.2791666666666,traffic_signals,residential
4708064890,2024-12-16,40.805728,-73.9544117,4,1,2.0,25.0,1,0,0.0,1.0,0.0,0.0,0.0,7,-0.1416105093871293,0.9899224533422392,3.407142857142857,26.6,65.35119047619048,30.0,1023.2791666666666,traffic_signals,secondary
4754091366,2024-12-16,40.7157929,-74.0066159,3,0,1.0,20.0,1,1,1.0,1.0,0.0,0.0,0.0,0,-0.1416105093871293,0.9899224533422392,3.407142857142857,26.6,65.35119047619048,30.0,1023.2791666666666,missing,residential
4778174564,2024-12-16,40.7218075,-74.0064418,4,1,2.0,25.0,1,0,0.0,0.0,0.0,0.0,0.0,51,-0.1416105093871293,0.9899224533422392,3.407142857142857,26.6,65.35119047619048,30.0,1023.2791666666666,traffic_signals,primary
4779073677,2024-12-16,40.7830347,-73.9440388,4,1,3.0,25.0,1,0,0.0,0.0,0.0,0.0,0.0,51,-0.1416105093871293,0.9899224533422392,3.407142857142857,26.6,65.35119047619048,30.0,1023.2791666666666,traffic_signals,secondary
4779073679,2024-12-16,40.7832515,-73.9447201,5,1,6.0,25.0,1,0,1.0,3.0,2.0,0.0,1.0,3,-0.1416105093871293,0.9899224533422392,3.407142857142857,26.6,65.35119047619048,30.0,1023.2791666666666,traffic_signals,primary
4779073680,2024-12-16,40.7829268,-73.9441165,4,1,3.0,25.0,1,0,0.0,0.0,0.0,0.0,0.0,51,-0.1416105093871293,0.9899224533422392,3.407142857142857,26.6,65.35119047619048,30.0,1023.2791666666666,traffic_signals,secondary
4803647104,2024-12-16,40.84759,-73.9341824,3,0,3.0,45.0,1,0,0.0,0.0,0.0,0.0,0.0,51,-0.1416105093871293,0.9899224533422392,3.407142857142857,26.6,65.35119047619048,30.0,1023.2791666666666,missing,motorway
4814440062,2024-12-16,40.8613637,-73.9252612,3,0,2.0,,1,0,0.0,1.0,0.0,0.0,0.0,5,-0.1416105093871293,0.9899224533422392,3.407142857142857,26.6,65.35119047619048,30.0,1023.2791666666666,missing,primary
482807376,2024-12-16,40.7119696,-73.9899105,3,0,,20.0,1,0,0.0,0.0,0.0,0.0,0.0,51,-0.1416105093871293,0.9899224533422392,3.407142857142857,26.6,65.35119047619048,30.0,1023.2791666666666,missing,residential
4841945993,2024-12-16,40.7337978,-74.0044748,3,0,1.0,20.0,1,0,0.0,0.0,0.0,0.0,0.0,25,-0.1416105093871293,0.9899224533422392,3.407142857142857,26.6,65.35119047619048,30.0,1023.2791666666666,missing,residential
4841945995,2024-12-16,40.7333819,-74.0043633,3,1,1.0,20.0,1,0,0.0,0.0,0.0,0.0,0.0,51,-0.1416105093871293,0.9899224533422392,3.407142857142857,26.6,65.35119047619048,30.0,1023.2791666666666,traffic_signals,residential
4862610026,2024-12-16,40.7596371,-73.970072,4,1,4.0,25.0,1,0,0.0,0.0,0.0,0.0,0.0,10,-0.1416105093871293,0.9899224533422392,3.407142857142857,26.6,65.35119047619048,30.0,1023.2791666666666,traffic_signals,secondary
486819535,2024-12-16,40.7119599,-74.0040736,3,0,1.0,30.0,1,0,0.0,0.0,0.0,0.0,0.0,51,-0.1416105093871293,0.9899224533422392,3.407142857142857,26.6,65.35119047619048,30.0,1023.2791666666666,motorway_junction,secondary
486867405,2024-12-16,40.7194191,-73.9913219,4,0,3.0,25.0,1,0,0.0,0.0,0.0,0.0,0.0,15,-0.1416105093871293,0.9899224533422392,3.407142857142857,26.6,65.35119047619048,30.0,1023.2791666666666,missing,primary
486867432,2024-12-16,40.7196785,-73.9921764,4,0,3.0,25.0,1,0,0.0,0.0,0.0,0.0,0.0,14,-0.1416105093871293,0.9899224533422392,3.407142857142857,26.6,65.35119047619048,30.0,1023.2791666666666,missing,primary
486867459,2024-12-16,40.7187289,-73.9890537,4,0,3.0,25.0,1,0,0.0,0.0,0.0,0.0,0.0,8,-0.1416105093871293,0.9899224533422392,3.407142857142857,26.6,65.35119047619048,30.0,1023.2791666666666,missing,primary
486867490,2024-12-16,40.7189582,-73.9898116,4,1,3.0,25.0,1,0,1.0,4.0,0.0,1.0,0.0,1,-0.1416105093871293,0.9899224533422392,3.407142857142857,26.6,65.35119047619048,30.0,1023.2791666666666,traffic_signals,primary
486867513,2024-12-16,40.7184824,-73.9882439,4,0,5.0,25.0,1,0,0.0,0.0,0.0,0.0,0.0,16,-0.1416105093871293,0.9899224533422392,3.407142857142857,26.6,65.35119047619048,30.0,1023.2791666666666,missing,primary
486867534,2024-12-16,40.7182459,-73.9874583,4,0,3.0,25.0,1,1,2.0,2.0,0.0,0.0,0.0,0,-0.1416105093871293,0.9899224533422392,3.407142857142857,26.6,65.35119047619048,30.0,1023.2791666666666,missing,primary
486867548,2024-12-16,40.7179207,-73.9866412,3,0,3.0,25.0,1,0,0.0,2.0,0.0,0.0,0.0,7,-0.1416105093871293,0.9899224533422392,3.407142857142857,26.6,65.35119047619048,30.0,1023.2791666666666,missing,primary
486868138,2024-12-16,40.7181153,-73.9865259,3,0,4.0,25.0,1,0,0.0,0.0,0.0,0.0,0.0,31,-0.1416105093871293,0.9899224533422392,3.407142857142857,26.6,65.35119047619048,30.0,1023.2791666666666,missing,motorway
486868830,2024-12-16,40.7192474,-73.9902109,4,0,4.0,25.0,1,0,0.0,0.0,0.0,0.0,0.0,51,-0.1416105093871293,0.9899224533422392,3.407142857142857,26.6,65.35119047619048,30.0,1023.2791666666666,missing,primary
486868873,2024-12-16,40.7193234,-73.9904681,4,0,3.0,25.0,1,0,0.0,0.0,0.0,0.0,0.0,51,-0.1416105093871293,0.9899224533422392,3.407142857142857,26.6,65.35119047619048,30.0,1023.2791666666666,missing,primary
486869282,2024-12-16,40.7200534,-73.9928771,4,0,4.0,25.0,1,0,1.0,1.0,1.0,0.0,1.0,2,-0.1416105093871293,0.9899224533422392,3.407142857142857,26.6,65.35119047619048,30.0,1023.2791666666666,missing,primary
4872623863,2024-12-16,40.7461009,-74.0080044,3,0,3.0,30.0,1,0,0.0,0.0,0.0,0.0,0.0,12,-0.1416105093871293,0.9899224533422392,3.407142857142857,26.6,65.35119047619048,30.0,1023.2791666666666,missing,trunk
4878831008,2024-12-16,40.713155,-74.004109,4,1,3.0,20.0,1,0,0.0,0.0,0.0,0.0,0.0,9,-0.1416105093871293,0.9899224533422392,3.407142857142857,26.6,65.35119047619048,30.0,1023.2791666666666,traffic_signals,secondary
4886250352,2024-12-16,40.7609238,-73.9573589,3,0,2.0,25.0,1,0,0.0,1.0,0.0,0.0,0.0,4,-0.1416105093871293,0.9899224533422392,3.407142857142857,26.6,65.35119047619048,30.0,1023.2791666666666,missing,tertiary
4888388399,2024-12-16,40.810843,-73.95068,4,1,4.0,,1,0,0.0,0.0,0.0,0.0,0.0,14,-0.1416105093871293,0.9899224533422392,3.407142857142857,26.6,65.35119047619048,30.0,1023.2791666666666,traffic_signals,secondary
4899886584,2024-12-16,40.753874,-74.0072465,3,0,3.0,30.0,1,0,0.0,0.0,0.0,0.0,0.0,11,-0.1416105093871293,0.9899224533422392,3.407142857142857,26.6,65.35119047619048,30.0,1023.2791666666666,missing,trunk
496707000,2024-12-16,40.7130535,-73.9941106,3,0,2.0,20.0,1,0,0.0,0.0,0.0,0.0,0.0,9,-0.1416105093871293,0.9899224533422392,3.407142857142857,26.6,65.35119047619048,30.0,1023.2791666666666,missing,residential
496707003,2024-12-16,40.7123696,-73.9937507,3,0,2.0,20.0,1,0,0.0,0.0,0.0,0.0,0.0,51,-0.1416105093871293,0.9899224533422392,3.407142857142857,26.6,65.35119047619048,30.0,1023.2791666666666,missing,secondary
5004570627,2024-12-16,40.8010338,-73.9711777,4,1,2.0,,1,0,0.0,0.0,0.0,0.0,0.0,51,-0.1416105093871293,0.9899224533422392,3.407142857142857,26.6,65.35119047619048,30.0,1023.2791666666666,traffic_signals,secondary
5004570630,2024-12-16,40.8075991,-73.966962,5,1,2.0,,1,0,0.0,0.0,0.0,0.0,0.0,51,-0.1416105093871293,0.9899224533422392,3.407142857142857,26.6,65.35119047619048,30.0,1023.2791666666666,traffic_signals,secondary
5004570631,2024-12-16,40.8082218,-73.966476,4,1,2.0,,1,0,0.0,0.0,0.0,0.0,0.0,51,-0.1416105093871293,0.9899224533422392,3.407142857142857,26.6,65.35119047619048,30.0,1023.2791666666666,traffic_signals,secondary
5004570632,2024-12-16,40.8088175,-73.9657902,5,1,2.0,,1,0,0.0,0.0,0.0,0.0,0.0,17,-0.1416105093871293,0.9899224533422392,3.407142857142857,26.6,65.35119047619048,30.0,1023.2791666666666,traffic_signals,secondary
5004570644,2024-12-16,40.8069441,-73.9673729,4,1,2.0,,1,0,0.0,0.0,0.0,0.0,0.0,51,-0.1416105093871293,0.9899224533422392,3.407142857142857,26.6,65.35119047619048,30.0,1023.2791666666666,traffic_signals,secondary
5004570651,2024-12-16,40.8036478,-73.9692822,4,1,3.0,,1,0,0.0,0.0,0.0,0.0,0.0,51,-0.1416105093871293,0.9899224533422392,3.407142857142857,26.6,65.35119047619048,30.0,1023.2791666666666,traffic_signals,secondary
5004570653,2024-12-16,40.8107511,-73.9643865,3,1,2.0,,1,0,0.0,0.0,0.0,0.0,0.0,51,-0.1416105093871293,0.9899224533422392,3.407142857142857,26.6,65.35119047619048,30.0,1023.2791666666666,traffic_signals,secondary
5009645111,2024-12-16,40.8317856,-73.9354566,3,0,1.0,25.0,1,0,0.0,0.0,0.0,0.0,0.0,51,-0.1416105093871293,0.9899224533422392,3.407142857142857,26.6,65.35119047619048,30.0,1023.2791666666666,missing,secondary
5048446874,2024-12-16,40.8481999,-73.9413247,3,0,1.0,25.0,1,0,0.0,0.0,0.0,0.0,0.0,51,-0.1416105093871293,0.9899224533422392,3.407142857142857,26.6,65.35119047619048,30.0,1023.2791666666666,missing,residential
5048446875,2024-12-16,40.8490098,-73.9410524,3,0,2.0,25.0,1,0,0.0,0.0,0.0,0.0,0.0,9,-0.1416105093871293,0.9899224533422392,3.407142857142857,26.6,65.35119047619048,30.0,1023.2791666666666,missing,primary
5051482020,2024-12-16,40.85934,-73.93398,3,0,1.0,,1,0,0.0,0.0,0.0,0.0,0.0,51,-0.1416105093871293,0.9899224533422392,3.407142857142857,26.6,65.35119047619048,30.0,1023.2791666666666,missing,unclassified
5071822871,2024-12-16,40.8681842,-73.919497,3,0,4.0,,1,0,0.0,0.0,0.0,0.0,0.0,51,-0.1416105093871293,0.9899224533422392,3.407142857142857,26.6,65.35119047619048,30.0,1023.2791666666666,missing,primary
5079840929,2024-12-16,40.7177588,-73.9854974,3,1,4.0,35.0,1,0,1.0,1.0,0.0,0.0,0.0,1,-0.1416105093871293,0.9899224533422392,3.407142857142857,26.6,65.35119047619048,30.0,1023.2791666666666,traffic_signals,motorway
5131026388,2024-12-16,40.7447916,-73.9758876,4,1,6.0,25.0,1,0,0.0,2.0,0.0,0.0,0.0,4,-0.1416105093871293,0.9899224533422392,3.407142857142857,26.6,65.35119047619048,30.0,1023.2791666666666,traffic_signals,primary
5137747688,2024-12-16,40.7353742,-73.9747878,3,0,4.0,25.0,1,0,0.0,1.0,0.0,0.0,0.0,4,-0.1416105093871293,0.9899224533422392,3.407142857142857,26.6,65.35119047619048,30.0,1023.2791666666666,missing,primary
5137978709,2024-12-16,40.7323903,-73.9743564,3,0,5.0,25.0,1,0,0.0,0.0,0.0,0.0,0.0,12,-0.1416105093871293,0.9899224533422392,3.407142857142857,26.6,65.35119047619048,30.0,1023.2791666666666,missing,primary
5145531517,2024-12-16,40.7312891,-73.9740133,3,0,2.0,40.0,1,0,0.0,0.0,0.0,0.0,0.0,51,-0.1416105093871293,0.9899224533422392,3.407142857142857,26.6,65.35119047619048,30.0,1023.2791666666666,missing,primary
5159433792,2024-12-16,40.7219524,-73.9962656,4,1,1.0,25.0,1,0,0.0,0.0,0.0,0.0,0.0,9,-0.1416105093871293,0.9899224533422392,3.407142857142857,26.6,65.35119047619048,30.0,1023.2791666666666,traffic_signals,residential
5161246307,2024-12-16,40.7161492,-73.9961338,5,0,4.0,35.0,1,0,0.0,0.0,0.0,0.0,0.0,43,-0.1416105093871293,0.9899224533422392,3.407142857142857,26.6,65.35119047619048,30.0,1023.2791666666666,missing,primary
5165632724,2024-12-16,40.7560242,-74.0004455,3,0,1.0,,1,0,0.0,0.0,0.0,0.0,0.0,51,-0.1416105093871293,0.9899224533422392,3.407142857142857,26.6,65.35119047619048,30.0,1023.2791666666666,missing,unclassified
5173594703,2024-12-16,40.7176795,-73.9848249,3,0,1.0,25.0,1,0,0.0,0.0,0.0,0.0,0.0,51,-0.1416105093871293,0.9899224533422392,3.407142857142857,26.6,65.35119047619048,30.0,1023.2791666666666,crossing,residential
5216470727,2024-12-16,40.7230023,-74.0050623,4,1,4.0,25.0,1,0,0.0,0.0,0.0,0.0,0.0,51,-0.1416105093871293,0.9899224533422392,3.407142857142857,26.6,65.35119047619048,30.0,1023.2791666666666,traffic_signals,trunk
5286408252,2024-12-16,40.7340736,-73.9777088,3,1,3.0,25.0,0,0,0.0,0.0,0.0,0.0,0.0,51,-0.1416105093871293,0.9899224533422392,3.407142857142857,26.6,65.35119047619048,30.0,1023.2791666666666,traffic_signals,tertiary
5333189421,2024-12-16,40.8314909,-73.9355196,3,0,2.0,25.0,1,0,0.0,0.0,0.0,0.0,0.0,51,-0.1416105093871293,0.9899224533422392,3.407142857142857,26.6,65.35119047619048,30.0,1023.2791666666666,missing,secondary
5333189422,2024-12-16,40.8315256,-73.9356297,3,0,2.0,25.0,1,0,0.0,0.0,0.0,0.0,0.0,51,-0.1416105093871293,0.9899224533422392,3.407142857142857,26.6,65.35119047619048,30.0,1023.2791666666666,missing,secondary
5333189423,2024-12-16,40.8312003,-73.93571,3,0,2.0,25.0,1,0,0.0,0.0,0.0,0.0,0.0,51,-0.1416105093871293,0.9899224533422392,3.407142857142857,26.6,65.35119047619048,30.0,1023.2791666666666,missing,secondary
5333189424,2024-12-16,40.8312441,-73.935819,3,0,2.0,25.0,1,0,0.0,0.0,0.0,0.0,0.0,51,-0.1416105093871293,0.9899224533422392,3.407142857142857,26.6,65.35119047619048,30.0,1023.2791666666666,missing,secondary
5333189426,2024-12-16,40.8309992,-73.9358552,4,0,2.0,25.0,1,0,0.0,0.0,0.0,0.0,0.0,11,-0.1416105093871293,0.9899224533422392,3.407142857142857,26.6,65.35119047619048,30.0,1023.2791666666666,missing,secondary
5333189427,2024-12-16,40.8307376,-73.9360476,4,0,2.0,25.0,1,0,0.0,0.0,0.0,0.0,0.0,51,-0.1416105093871293,0.9899224533422392,3.407142857142857,26.6,65.35119047619048,30.0,1023.2791666666666,missing,secondary
5333189428,2024-12-16,40.8305317,-73.9362077,3,0,2.0,25.0,1,0,0.0,0.0,0.0,0.0,0.0,28,-0.1416105093871293,0.9899224533422392,3.407142857142857,26.6,65.35119047619048,30.0,1023.2791666666666,missing,secondary
5378284711,2024-12-16,40.7087864,-74.0008364,3,0,1.0,25.0,1,0,0.0,0.0,0.0,0.0,0.0,51,-0.1416105093871293,0.9899224533422392,3.407142857142857,26.6,65.35119047619048,30.0,1023.2791666666666,missing,secondary
5378686574,2024-12-16,40.8147982,-73.9361896,4,1,2.0,25.0,1,0,0.0,0.0,0.0,0.0,0.0,51,-0.1416105093871293,0.9899224533422392,3.407142857142857,26.6,65.35119047619048,30.0,1023.2791666666666,traffic_signals,secondary
541467364,2024-12-16,40.7154852,-73.9964822,3,0,3.0,35.0,1,0,1.0,1.0,2.0,1.0,0.0,2,-0.1416105093871293,0.9899224533422392,3.407142857142857,26.6,65.35119047619048,30.0,1023.2791666666666,missing,primary
5426969134,2024-12-16,40.755104,-73.9619994,3,0,3.0,40.0,1,0,0.0,0.0,0.0,0.0,0.0,51,-0.1416105093871293,0.9899224533422392,3.407142857142857,26.6,65.35119047619048,30.0,1023.2791666666666,motorway_junction,motorway
5482291262,2024-12-16,40.8044078,-73.9324189,3,0,2.0,25.0,1,0,0.0,0.0,0.0,0.0,0.0,51,-0.1416105093871293,0.9899224533422392,3.407142857142857,26.6,65.35119047619048,30.0,1023.2791666666666,missing,primary
5542680310,2024-12-16,40.7658448,-73.9634512,3,0,5.0,25.0,1,0,0.0,0.0,0.0,0.0,0.0,51,-0.1416105093871293,0.9899224533422392,3.407142857142857,26.6,65.35119047619048,30.0,1023.2791666666666,missing,primary
5542680312,2024-12-16,40.7657768,-73.9630103,3,0,1.0,25.0,1,0,0.0,0.0,0.0,0.0,0.0,51,-0.1416105093871293,0.9899224533422392,3.407142857142857,26.6,65.35119047619048,30.0,1023.2791666666666,missing,tertiary
5542680313,2024-12-16,40.7656844,-73.9630757,3,0,1.0,25.0,1,0,0.0,0.0,0.0,0.0,0.0,51,-0.1416105093871293,0.9899224533422392,3.407142857142857,26.6,65.35119047619048,30.0,1023.2791666666666,missing,residential
5545401594,2024-12-16,40.7502754,-73.9986119,4,0,5.0,25.0,1,0,0.0,0.0,0.0,0.0,0.0,9,-0.1416105093871293,0.9899224533422392,3.407142857142857,26.6,65.35119047619048,30.0,1023.2791666666666,missing,secondary
5550244687,2024-12-16,40.7648965,-73.9612132,3,0,5.0,25.0,1,0,0.0,0.0,0.0,0.0,0.0,21,-0.1416105093871293,0.9899224533422392,3.407142857142857,26.6,65.35119047619048,30.0,1023.2791666666666,missing,primary
5550244688,2024-12-16,40.7650445,-73.9615991,3,0,1.0,25.0,1,0,0.0,0.0,0.0,0.0,0.0,51,-0.1416105093871293,0.9899224533422392,3.407142857142857,26.6,65.35119047619048,30.0,1023.2791666666666,missing,residential
5550244689,2024-12-16,40.7651489,-73.9615207,3,0,1.0,25.0,1,0,0.0,0.0,0.0,0.0,0.0,51,-0.1416105093871293,0.9899224533422392,3.407142857142857,26.6,65.35119047619048,30.0,1023.2791666666666,missing,tertiary
561035330,2024-12-16,40.8035282,-73.9670403,4,1,3.0,,1,0,1.0,1.0,0.0,0.0,0.0,3,-0.1416105093871293,0.9899224533422392,3.407142857142857,26.6,65.35119047619048,30.0,1023.2791666666666,traffic_signals,primary
561035333,2024-12-16,40.8054119,-73.9656735,4,1,3.0,,1,0,0.0,0.0,0.0,0.0,0.0,51,-0.1416105093871293,0.9899224533422392,3.407142857142857,26.6,65.35119047619048,30.0,1023.2791666666666,traffic_signals,primary
561035334,2024-12-16,40.8060401,-73.9652167,4,1,3.0,,1,1,1.0,1.0,0.0,0.0,0.0,0,-0.1416105093871293,0.9899224533422392,3.407142857142857,26.6,65.35119047619048,30.0,1023.2791666666666,traffic_signals,primary
561035335,2024-12-16,40.8066746,-73.9647589,4,1,3.0,,1,0,0.0,0.0,0.0,0.0,0.0,26,-0.1416105093871293,0.9899224533422392,3.407142857142857,26.6,65.35119047619048,30.0,1023.2791666666666,traffic_signals,primary
561035338,2024-12-16,40.8111729,-73.9614867,4,1,3.0,,1,0,0.0,0.0,0.0,0.0,0.0,43,-0.1416105093871293,0.9899224533422392,3.407142857142857,26.6,65.35119047619048,30.0,1023.2791666666666,traffic_signals,primary
561035342,2024-12-16,40.8137352,-73.9595608,4,1,,,1,0,0.0,0.0,0.0,0.0,0.0,51,-0.1416105093871293,0.9899224533422392,3.407142857142857,26.6,65.35119047619048,30.0,1023.2791666666666,traffic_signals,primary
561035343,2024-12-16,40.8156143,-73.9582064,5,1,5.0,25.0,1,0,1.0,1.0,1.0,0.0,0.0,3,-0.1416105093871293,0.9899224533422392,3.407142857142857,26.6,65.35119047619048,30.0,1023.2791666666666,traffic_signals,primary
561035344,2024-12-16,40.8162833,-73.9577315,4,1,3.0,25.0,1,0,0.0,1.0,0.0,0.0,0.0,5,-0.1416105093871293,0.9899224533422392,3.407142857142857,26.6,65.35119047619048,30.0,1023.2791666666666,traffic_signals,primary
561035346,2024-12-16,40.8181613,-73.9563618,3,1,,,1,0,1.0,1.0,2.0,0.0,0.0,2,-0.1416105093871293,0.9899224533422392,3.407142857142857,26.6,65.35119047619048,30.0,1023.2791666666666,traffic_signals,primary
561035349,2024-12-16,40.8200718,-73.9549695,4,1,3.0,,1,0,0.0,0.0,0.0,0.0,0.0,13,-0.1416105093871293,0.9899224533422392,3.407142857142857,26.6,65.35119047619048,30.0,1023.2791666666666,traffic_signals,primary
561035350,2024-12-16,40.8207479,-73.954523,4,1,3.0,,1,0,0.0,0.0,0.0,0.0,0.0,47,-0.1416105093871293,0.9899224533422392,3.407142857142857,26.6,65.35119047619048,30.0,1023.2791666666666,traffic_signals,primary
561035351,2024-12-16,40.8208172,-73.9546928,4,1,3.0,,1,0,0.0,0.0,0.0,0.0,0.0,51,-0.1416105093871293,0.9899224533422392,3.407142857142857,26.6,65.35119047619048,30.0,1023.2791666666666,traffic_signals,primary
561035353,2024-12-16,40.8213579,-73.9540665,3,1,3.0,,1,0,0.0,1.0,0.0,0.0,0.0,7,-0.1416105093871293,0.9899224533422392,3.407142857142857,26.6,65.35119047619048,30.0,1023.2791666666666,traffic_signals,primary
561035354,2024-12-16,40.8219884,-73.9535995,4,1,3.0,,1,0,0.0,2.0,0.0,0.0,0.0,4,-0.1416105093871293,0.9899224533422392,3.407142857142857,26.6,65.35119047619048,30.0,1023.2791666666666,traffic_signals,primary
561035355,2024-12-16,40.8226075,-73.9531289,4,1,2.0,,1,0,0.0,3.0,0.0,0.0,1.0,5,-0.1416105093871293,0.9899224533422392,3.407142857142857,26.6,65.35119047619048,30.0,1023.2791666666666,traffic_signals,primary
561035356,2024-12-16,40.8232275,-73.952678,4,1,2.0,,1,0,0.0,1.0,0.0,0.0,1.0,6,-0.1416105093871293,0.9899224533422392,3.407142857142857,26.6,65.35119047619048,30.0,1023.2791666666666,traffic_signals,primary
561035357,2024-12-16,40.8238532,-73.9522227,4,1,2.0,,1,0,0.0,0.0,0.0,0.0,0.0,29,-0.1416105093871293,0.9899224533422392,3.407142857142857,26.6,65.35119047619048,30.0,1023.2791666666666,traffic_signals,primary
561035358,2024-12-16,40.824486,-73.9517593,4,1,2.0,,1,0,0.0,0.0,0.0,0.0,0.0,51,-0.1416105093871293,0.9899224533422392,3.407142857142857,26.6,65.35119047619048,30.0,1023.2791666666666,traffic_signals,primary
561035359,2024-12-16,40.8251039,-73.9513097,4,1,2.0,,1,0,0.0,0.0,0.0,0.0,0.0,38,-0.1416105093871293,0.9899224533422392,3.407142857142857,26.6,65.35119047619048,30.0,1023.2791666666666,traffic_signals,primary
561035360,2024-12-16,40.8257202,-73.9508622,4,1,2.0,,1,0,0.0,0.0,0.0,0.0,0.0,20,-0.1416105093871293,0.9899224533422392,3.407142857142857,26.6,65.35119047619048,30.0,1023.2791666666666,traffic_signals,primary
561035361,2024-12-16,40.8264034,-73.9503603,4,1,4.0,25.0,1,0,1.0,2.0,1.0,1.0,1.0,1,-0.1416105093871293,0.9899224533422392,3.407142857142857,26.6,65.35119047619048,30.0,1023.2791666666666,traffic_signals,primary
561035362,2024-12-16,40.8270669,-73.9498666,4,1,2.0,,1,0,0.0,1.0,0.0,0.0,0.0,4,-0.1416105093871293,0.9899224533422392,3.407142857142857,26.6,65.35119047619048,30.0,1023.2791666666666,traffic_signals,primary
561035363,2024-12-16,40.8276954,-73.9494163,4,1,2.0,,1,0,0.0,0.0,0.0,0.0,0.0,30,-0.1416105093871293,0.9899224533422392,3.407142857142857,26.6,65.35119047619048,30.0,1023.2791666666666,traffic_signals,primary
561035364,2024-12-16,40.8283196,-73.9489611,4,1,2.0,,1,0,1.0,1.0,0.0,0.0,0.0,1,-0.1416105093871293,0.9899224533422392,3.407142857142857,26.6,65.35119047619048,30.0,1023.2791666666666,traffic_signals,primary
561035365,2024-12-16,40.8289466,-73.9485061,4,1,2.0,,1,0,0.0,0.0,0.0,0.0,0.0,28,-0.1416105093871293,0.9899224533422392,3.407142857142857,26.6,65.35119047619048,30.0,1023.2791666666666,traffic_signals,primary
561035366,2024-12-16,40.8295673,-73.9480557,4,1,2.0,,1,0,0.0,0.0,0.0,0.0,0.0,12,-0.1416105093871293,0.9899224533422392,3.407142857142857,26.6,65.35119047619048,30.0,1023.2791666666666,traffic_signals,primary
561035367,2024-12-16,40.8301829,-73.9476033,4,1,2.0,,1,0,0.0,0.0,0.0,0.0,0.0,19,-0.1416105093871293,0.9899224533422392,3.407142857142857,26.6,65.35119047619048,30.0,1023.2791666666666,traffic_signals,primary
561035368,2024-12-16,40.8308032,-73.9471314,4,1,2.0,,1,0,0.0,0.0,0.0,0.0,0.0,20,-0.1416105093871293,0.9899224533422392,3.407142857142857,26.6,65.35119047619048,30.0,1023.2791666666666,traffic_signals,primary
561035369,2024-12-16,40.8314368,-73.946674,4,1,2.0,,1,0,0.0,0.0,0.0,0.0,0.0,51,-0.1416105093871293,0.9899224533422392,3.407142857142857,26.6,65.35119047619048,30.0,1023.2791666666666,traffic_signals,primary
561035370,2024-12-16,40.8327323,-73.9457489,4,1,4.0,25.0,1,0,1.0,1.0,1.0,0.0,0.0,1,-0.1416105093871293,0.9899224533422392,3.407142857142857,26.6,65.35119047619048,30.0,1023.2791666666666,traffic_signals,primary
561035371,2024-12-16,40.8334033,-73.9452488,4,1,3.0,25.0,1,0,1.0,3.0,4.0,0.0,0.0,1,-0.1416105093871293,0.9899224533422392,3.407142857142857,26.6,65.35119047619048,30.0,1023.2791666666666,traffic_signals,primary
561035372,2024-12-16,40.8340255,-73.9447869,4,1,3.0,25.0,1,0,0.0,0.0,0.0,0.0,0.0,10,-0.1416105093871293,0.9899224533422392,3.407142857142857,26.6,65.35119047619048,30.0,1023.2791666666666,traffic_signals,primary
561035373,2024-12-16,40.8346452,-73.9443287,4,1,2.0,25.0,1,0,1.0,1.0,1.0,1.0,0.0,1,-0.1416105093871293,0.9899224533422392,3.407142857142857,26.6,65.35119047619048,30.0,1023.2791666666666,traffic_signals,primary
561035374,2024-12-16,40.8352739,-73.9438727,4,1,2.0,25.0,1,0,0.0,1.0,0.0,0.0,0.0,5,-0.1416105093871293,0.9899224533422392,3.407142857142857,26.6,65.35119047619048,30.0,1023.2791666666666,traffic_signals,primary
561035375,2024-12-16,40.8359013,-73.9434196,4,1,2.0,25.0,1,0,0.0,0.0,0.0,0.0,0.0,13,-0.1416105093871293,0.9899224533422392,3.407142857142857,26.6,65.35119047619048,30.0,1023.2791666666666,traffic_signals,primary
561035376,2024-12-16,40.8365195,-73.9429606,4,1,2.0,25.0,1,0,0.0,0.0,0.0,0.0,0.0,14,-0.1416105093871293,0.9899224533422392,3.407142857142857,26.6,65.35119047619048,30.0,1023.2791666666666,traffic_signals,primary
561035377,2024-12-16,40.8371502,-73.9425038,4,1,2.0,25.0,1,0,0.0,0.0,0.0,0.0,0.0,9,-0.1416105093871293,0.9899224533422392,3.407142857142857,26.6,65.35119047619048,30.0,1023.2791666666666,traffic_signals,primary
561035378,2024-12-16,40.837765,-73.9420429,4,1,2.0,25.0,1,0,0.0,0.0,0.0,0.0,0.0,26,-0.1416105093871293,0.9899224533422392,3.407142857142857,26.6,65.35119047619048,30.0,1023.2791666666666,traffic_signals,primary
561035379,2024-12-16,40.8384061,-73.9416375,4,1,2.0,25.0,1,0,0.0,1.0,0.0,0.0,0.0,4,-0.1416105093871293,0.9899224533422392,3.407142857142857,26.6,65.35119047619048,30.0,1023.2791666666666,traffic_signals,primary
561035380,2024-12-16,40.8391601,-73.9410885,4,1,3.0,25.0,1,0,0.0,1.0,0.0,0.0,0.0,5,-0.1416105093871293,0.9899224533422392,3.407142857142857,26.6,65.35119047619048,30.0,1023.2791666666666,traffic_signals,primary
561035381,2024-12-16,40.8398471,-73.9405865,4,1,3.0,,1,0,0.0,0.0,0.0,0.0,0.0,8,-0.1416105093871293,0.9899224533422392,3.407142857142857,26.6,65.35119047619048,30.0,1023.2791666666666,traffic_signals,primary
561035382,2024-12-16,40.8410453,-73.939684,4,1,3.0,,1,0,0.0,1.0,0.0,1.0,0.0,7,-0.1416105093871293,0.9899224533422392,3.407142857142857,26.6,65.35119047619048,30.0,1023.2791666666666,traffic_signals,primary
561042188,2024-12-16,40.7464603,-73.981912,3,0,3.0,25.0,1,0,0.0,1.0,0.0,0.0,0.0,6,-0.1416105093871293,0.9899224533422392,3.407142857142857,26.6,65.35119047619048,30.0,1023.2791666666666,missing,primary
561042190,2024-12-16,40.7471247,-73.9814539,4,0,4.0,25.0,1,0,0.0,0.0,0.0,0.0,0.0,51,-0.1416105093871293,0.9899224533422392,3.407142857142857,26.6,65.35119047619048,30.0,1023.2791666666666,missing,primary
561042191,2024-12-16,40.747798,-73.980956,4,1,3.0,25.0,1,0,0.0,0.0,0.0,0.0,0.0,51,-0.1416105093871293,0.9899224533422392,3.407142857142857,26.6,65.35119047619048,30.0,1023.2791666666666,traffic_signals,primary
561042192,2024-12-16,40.7490334,-73.980051,4,0,3.0,25.0,1,0,0.0,0.0,0.0,0.0,0.0,17,-0.1416105093871293,0.9899224533422392,3.407142857142857,26.6,65.35119047619048,30.0,1023.2791666666666,missing,primary
561042193,2024-12-16,40.7484136,-73.9805029,4,0,2.0,25.0,1,0,0.0,0.0,0.0,0.0,0.0,51,-0.1416105093871293,0.9899224533422392,3.407142857142857,26.6,65.35119047619048,30.0,1023.2791666666666,missing,primary
561042194,2024-12-16,40.7496429,-73.9796046,4,0,2.0,25.0,1,0,0.0,0.0,0.0,0.0,0.0,51,-0.1416105093871293,0.9899224533422392,3.407142857142857,26.6,65.35119047619048,30.0,1023.2791666666666,missing,primary
561042195,2024-12-16,40.750272,-73.9791501,4,0,2.0,25.0,1,0,0.0,0.0,0.0,0.0,0.0,49,-0.1416105093871293,0.9899224533422392,3.407142857142857,26.6,65.35119047619048,30.0,1023.2791666666666,missing,primary
561042197,2024-12-16,40.750545,-73.9786965,3,0,2.0,25.0,1,0,0.0,0.0,0.0,0.0,0.0,27,-0.1416105093871293,0.9899224533422392,3.407142857142857,26.6,65.35119047619048,30.0,1023.2791666666666,missing,primary
561042198,2024-12-16,40.7509032,-73.9787069,4,0,2.0,25.0,1,0,0.0,0.0,0.0,0.0,0.0,51,-0.1416105093871293,0.9899224533422392,3.407142857142857,26.6,65.35119047619048,30.0,1023.2791666666666,missing,residential
561042199,2024-12-16,40.7508474,-73.9785793,5,0,2.0,25.0,1,0,1.0,1.0,1.0,0.0,0.0,1,-0.1416105093871293,0.9899224533422392,3.407142857142857,26.6,65.35119047619048,30.0,1023.2791666666666,missing,primary
561042200,2024-12-16,40.7515134,-73.9782694,3,0,3.0,25.0,1,0,0.0,0.0,0.0,0.0,0.0,51,-0.1416105093871293,0.9899224533422392,3.407142857142857,26.6,65.35119047619048,30.0,1023.2791666666666,missing,residential
5706568625,2024-12-16,40.7699178,-73.9805837,3,1,3.0,25.0,1,0,0.0,0.0,0.0,0.0,0.0,51,-0.1416105093871293,0.9899224533422392,3.407142857142857,26.6,65.35119047619048,30.0,1023.2791666666666,traffic_signals,secondary
5706568658,2024-12-16,40.713169,-73.9926598,4,1,2.0,20.0,1,0,0.0,0.0,0.0,0.0,0.0,51,-0.1416105093871293,0.9899224533422392,3.407142857142857,26.6,65.35119047619048,30.0,1023.2791666666666,traffic_signals,primary
5706568771,2024-12-16,40.7642754,-73.9730294,4,1,5.0,25.0,1,1,3.0,4.0,1.0,0.0,0.0,0,-0.1416105093871293,0.9899224533422392,3.407142857142857,26.6,65.35119047619048,30.0,1023.2791666666666,traffic_signals,secondary
5706569898,2024-12-16,40.7184492,-74.0005519,4,0,6.0,25.0,1,1,4.0,4.0,2.0,0.0,1.0,0,-0.1416105093871293,0.9899224533422392,3.407142857142857,26.6,65.35119047619048,30.0,1023.2791666666666,missing,primary
5706569905,2024-12-16,40.716871,-74.004026,4,1,2.0,20.0,1,0,0.0,0.0,0.0,0.0,0.0,23,-0.1416105093871293,0.9899224533422392,3.407142857142857,26.6,65.35119047619048,30.0,1023.2791666666666,traffic_signals,secondary
5730369220,2024-12-16,40.7501036,-74.006123,3,0,4.0,25.0,1,0,0.0,0.0,0.0,0.0,0.0,51,-0.1416105093871293,0.9899224533422392,3.407142857142857,26.6,65.35119047619048,30.0,1023.2791666666666,crossing,secondary
5749215967,2024-12-16,40.7858286,-73.9398936,3,0,1.0,25.0,1,0,0.0,0.0,0.0,0.0,0.0,23,-0.1416105093871293,0.9899224533422392,3.407142857142857,26.6,65.35119047619048,30.0,1023.2791666666666,missing,residential
5763775589,2024-12-16,40.8150353,-73.9586275,3,1,,,1,0,0.0,0.0,0.0,0.0,0.0,21,-0.1416105093871293,0.9899224533422392,3.407142857142857,26.6,65.35119047619048,30.0,1023.2791666666666,traffic_signals,primary
5779545445,2024-12-16,40.7478125,-73.9683571,3,0,3.0,40.0,1,0,1.0,1.0,0.0,0.0,0.0,3,-0.1416105093871293,0.9899224533422392,3.407142857142857,26.6,65.35119047619048,30.0,1023.2791666666666,motorway_junction,motorway
5796726888,2024-12-16,40.7143885,-73.9925624,4,0,3.0,20.0,1,0,0.0,0.0,0.0,0.0,0.0,51,-0.1416105093871293,0.9899224533422392,3.407142857142857,26.6,65.35119047619048,30.0,1023.2791666666666,missing,primary
5798966629,2024-12-16,40.722984,-73.9886268,5,0,3.0,25.0,1,0,1.0,1.0,1.0,1.0,0.0,2,-0.1416105093871293,0.9899224533422392,3.407142857142857,26.6,65.35119047619048,30.0,1023.2791666666666,missing,primary
5799117240,2024-12-16,40.726888,-73.9999665,4,0,3.0,25.0,1,0,0.0,1.0,0.0,1.0,0.0,5,-0.1416105093871293,0.9899224533422392,3.407142857142857,26.6,65.35119047619048,30.0,1023.2791666666666,missing,primary
5799117244,2024-12-16,40.7262337,-73.9983091,3,1,3.0,25.0,1,0,0.0,0.0,0.0,0.0,0.0,51,-0.1416105093871293,0.9899224533422392,3.407142857142857,26.6,65.35119047619048,30.0,1023.2791666666666,traffic_signals,primary
5799766717,2024-12-16,40.7105597,-73.9941336,4,1,2.0,20.0,1,0,0.0,0.0,0.0,0.0,0.0,51,-0.1416105093871293,0.9899224533422392,3.407142857142857,26.6,65.35119047619048,30.0,1023.2791666666666,traffic_signals,residential
5804835269,2024-12-16,40.7161863,-73.9874808,3,0,3.0,25.0,1,0,0.0,1.0,0.0,0.0,1.0,7,-0.1416105093871293,0.9899224533422392,3.407142857142857,26.6,65.35119047619048,30.0,1023.2791666666666,crossing,primary
5812723033,2024-12-16,40.7156024,-74.0111062,4,1,1.0,20.0,1,0,0.0,0.0,0.0,0.0,0.0,51,-0.1416105093871293,0.9899224533422392,3.407142857142857,26.6,65.35119047619048,30.0,1023.2791666666666,traffic_signals,residential
5812723035,2024-12-16,40.7188059,-74.0103517,4,1,2.0,20.0,1,0,0.0,1.0,0.0,0.0,1.0,4,-0.1416105093871293,0.9899224533422392,3.407142857142857,26.6,65.35119047619048,30.0,1023.2791666666666,traffic_signals,residential
5812723036,2024-12-16,40.7169068,-74.010766,3,0,1.0,20.0,1,0,0.0,0.0,0.0,0.0,0.0,51,-0.1416105093871293,0.9899224533422392,3.407142857142857,26.6,65.35119047619048,30.0,1023.2791666666666,missing,residential
5815234915,2024-12-16,40.7095204,-74.0151154,3,0,5.0,30.0,1,0,0.0,0.0,0.0,0.0,0.0,51,-0.1416105093871293,0.9899224533422392,3.407142857142857,26.6,65.35119047619048,30.0,1023.2791666666666,motorway_junction,trunk
5837088104,2024-12-16,40.7325066,-74.0034387,3,0,4.0,25.0,1,0,0.0,0.0,0.0,0.0,0.0,51,-0.1416105093871293,0.9899224533422392,3.407142857142857,26.6,65.35119047619048,30.0,1023.2791666666666,missing,secondary
5837088105,2024-12-16,40.7322539,-74.0035825,5,1,4.0,25.0,1,0,0.0,0.0,0.0,0.0,0.0,10,-0.1416105093871293,0.9899224533422392,3.407142857142857,26.6,65.35119047619048,30.0,1023.2791666666666,traffic_signals,secondary
5849918502,2024-12-16,40.7440255,-73.9994132,4,0,3.0,25.0,1,0,1.0,2.0,0.0,1.0,0.0,2,-0.1416105093871293,0.9899224533422392,3.407142857142857,26.6,65.35119047619048,30.0,1023.2791666666666,missing,secondary
5849918504,2024-12-16,40.7579117,-73.9892961,4,1,4.0,25.0,1,0,1.0,1.0,1.0,0.0,0.0,3,-0.1416105093871293,0.9899224533422392,3.407142857142857,26.6,65.35119047619048,30.0,1023.2791666666666,traffic_signals,secondary
5852272391,2024-12-16,40.7532753,-73.9666622,5,1,3.0,25.0,1,0,0.0,0.0,0.0,0.0,0.0,51,-0.1416105093871293,0.9899224533422392,3.407142857142857,26.6,65.35119047619048,30.0,1023.2791666666666,traffic_signals,primary
5854302557,2024-12-16,40.7296952,-74.0021934,3,0,3.0,25.0,1,0,0.0,1.0,0.0,0.0,0.0,7,-0.1416105093871293,0.9899224533422392,3.407142857142857,26.6,65.35119047619048,30.0,1023.2791666666666,missing,secondary
5871340510,2024-12-16,40.7946728,-73.9218314,3,0,2.0,,1,0,0.0,0.0,0.0,0.0,0.0,51,-0.1416105093871293,0.9899224533422392,3.407142857142857,26.6,65.35119047619048,30.0,1023.2791666666666,missing,tertiary
5871373017,2024-12-16,40.7982264,-73.9232188,4,0,3.0,40.0,1,0,0.0,0.0,0.0,0.0,0.0,16,-0.1416105093871293,0.9899224533422392,3.407142857142857,26.6,65.35119047619048,30.0,1023.2791666666666,motorway_junction,motorway
5871416389,2024-12-16,40.8757899,-73.9083857,4,1,1.0,,1,0,0.0,0.0,0.0,0.0,0.0,51,-0.1416105093871293,0.9899224533422392,3.407142857142857,26.6,65.35119047619048,30.0,1023.2791666666666,traffic_signals,primary
587812578,2024-12-16,40.7961053,-73.9752362,3,0,4.0,,1,0,0.0,0.0,0.0,0.0,0.0,51,-0.1416105093871293,0.9899224533422392,3.407142857142857,26.6,65.35119047619048,30.0,1023.2791666666666,missing,secondary
587812665,2024-12-16,40.7973911,-73.9755288,3,0,4.0,50.0,1,0,0.0,0.0,0.0,0.0,0.0,51,-0.1416105093871293,0.9899224533422392,3.407142857142857,26.6,65.35119047619048,30.0,1023.2791666666666,motorway_junction,motorway
587933855,2024-12-16,40.8406863,-73.944755,3,0,,,1,0,0.0,0.0,0.0,0.0,0.0,51,-0.1416105093871293,0.9899224533422392,3.407142857142857,26.6,65.35119047619048,30.0,1023.2791666666666,missing,residential
587933945,2024-12-16,40.8373178,-73.9468195,3,0,,,1,0,0.0,0.0,0.0,0.0,0.0,13,-0.1416105093871293,0.9899224533422392,3.407142857142857,26.6,65.35119047619048,30.0,1023.2791666666666,missing,residential
587934044,2024-12-16,40.8357503,-73.9459435,3,0,,,1,0,0.0,1.0,0.0,0.0,0.0,6,-0.1416105093871293,0.9899224533422392,3.407142857142857,26.6,65.35119047619048,30.0,1023.2791666666666,missing,secondary
587934073,2024-12-16,40.8377581,-73.9471227,3,0,,,1,0,0.0,0.0,0.0,0.0,0.0,28,-0.1416105093871293,0.9899224533422392,3.407142857142857,26.6,65.35119047619048,30.0,1023.2791666666666,missing,secondary
587934079,2024-12-16,40.8379956,-73.9472602,3,1,,,1,0,0.0,0.0,0.0,0.0,0.0,51,-0.1416105093871293,0.9899224533422392,3.407142857142857,26.6,65.35119047619048,30.0,1023.2791666666666,traffic_signals,secondary
587934139,2024-12-16,40.8332352,-73.9469172,3,0,2.0,,1,0,0.0,0.0,0.0,0.0,0.0,51,-0.1416105093871293,0.9899224533422392,3.407142857142857,26.6,65.35119047619048,30.0,1023.2791666666666,missing,residential
587934172,2024-12-16,40.8364991,-73.948846,3,0,2.0,,1,0,0.0,0.0,0.0,0.0,0.0,11,-0.1416105093871293,0.9899224533422392,3.407142857142857,26.6,65.35119047619048,30.0,1023.2791666666666,missing,secondary
587934263,2024-12-16,40.8347197,-73.9474676,3,0,1.0,,1,0,0.0,0.0,0.0,0.0,0.0,51,-0.1416105093871293,0.9899224533422392,3.407142857142857,26.6,65.35119047619048,30.0,1023.2791666666666,missing,secondary
587934268,2024-12-16,40.8350252,-73.9467835,3,0,1.0,25.0,1,0,0.0,0.0,0.0,0.0,0.0,12,-0.1416105093871293,0.9899224533422392,3.407142857142857,26.6,65.35119047619048,30.0,1023.2791666666666,missing,secondary
587934311,2024-12-16,40.8314619,-73.9512706,3,0,1.0,,1,0,0.0,0.0,0.0,0.0,0.0,51,-0.1416105093871293,0.9899224533422392,3.407142857142857,26.6,65.35119047619048,30.0,1023.2791666666666,missing,secondary_link
587934318,2024-12-16,40.8336553,-73.9502649,3,0,,,1,0,0.0,0.0,0.0,0.0,0.0,51,-0.1416105093871293,0.9899224533422392,3.407142857142857,26.6,65.35119047619048,30.0,1023.2791666666666,missing,secondary_link
587934347,2024-12-16,40.8325805,-73.9502612,3,0,3.0,50.0,1,0,0.0,0.0,0.0,0.0,0.0,51,-0.1416105093871293,0.9899224533422392,3.407142857142857,26.6,65.35119047619048,30.0,1023.2791666666666,motorway_junction,motorway
587934436,2024-12-16,40.8306765,-73.9510824,3,0,3.0,50.0,1,0,0.0,0.0,0.0,0.0,0.0,51,-0.1416105093871293,0.9899224533422392,3.407142857142857,26.6,65.35119047619048,30.0,1023.2791666666666,missing,motorway
587987721,2024-12-16,40.7051367,-74.0168143,3,0,2.0,30.0,1,0,0.0,0.0,0.0,0.0,0.0,51,-0.1416105093871293,0.9899224533422392,3.407142857142857,26.6,65.35119047619048,30.0,1023.2791666666666,missing,primary
588455697,2024-12-16,40.7106401,-73.9852574,3,0,2.0,25.0,1,0,0.0,0.0,0.0,0.0,0.0,42,-0.1416105093871293,0.9899224533422392,3.407142857142857,26.6,65.35119047619048,30.0,1023.2791666666666,missing,primary
588455698,2024-12-16,40.7104831,-73.9846564,3,1,2.0,40.0,1,0,0.0,0.0,0.0,0.0,0.0,51,-0.1416105093871293,0.9899224533422392,3.407142857142857,26.6,65.35119047619048,30.0,1023.2791666666666,traffic_signals,primary
588455700,2024-12-16,40.7137882,-73.9852253,4,1,1.0,25.0,1,0,1.0,1.0,0.0,0.0,0.0,1,-0.1416105093871293,0.9899224533422392,3.407142857142857,26.6,65.35119047619048,30.0,1023.2791666666666,traffic_signals,residential
588455701,2024-12-16,40.7133804,-73.9851117,3,0,2.0,25.0,1,0,0.0,0.0,0.0,0.0,0.0,12,-0.1416105093871293,0.9899224533422392,3.407142857142857,26.6,65.35119047619048,30.0,1023.2791666666666,missing,secondary
588455736,2024-12-16,40.7155795,-73.9957337,3,0,2.0,35.0,1,0,0.0,0.0,0.0,0.0,0.0,51,-0.1416105093871293,0.9899224533422392,3.407142857142857,26.6,65.35119047619048,30.0,1023.2791666666666,missing,primary
588455738,2024-12-16,40.7092334,-74.0002125,3,0,1.0,25.0,1,0,0.0,0.0,0.0,0.0,0.0,51,-0.1416105093871293,0.9899224533422392,3.407142857142857,26.6,65.35119047619048,30.0,1023.2791666666666,missing,secondary
588455742,2024-12-16,40.7136728,-73.997981,4,0,3.0,20.0,1,0,0.0,0.0,0.0,0.0,0.0,24,-0.1416105093871293,0.9899224533422392,3.407142857142857,26.6,65.35119047619048,30.0,1023.2791666666666,missing,primary
588455743,2024-12-16,40.713449,-73.9984987,4,0,3.0,25.0,1,0,0.0,0.0,0.0,0.0,0.0,51,-0.1416105093871293,0.9899224533422392,3.407142857142857,26.6,65.35119047619048,30.0,1023.2791666666666,missing,primary
588455857,2024-12-16,40.7092439,-73.995933,3,1,2.0,20.0,1,0,0.0,0.0,0.0,0.0,0.0,12,-0.1416105093871293,0.9899224533422392,3.407142857142857,26.6,65.35119047619048,30.0,1023.2791666666666,traffic_signals,primary
588455858,2024-12-16,40.7097861,-73.9960833,3,0,1.0,20.0,1,0,0.0,0.0,0.0,0.0,0.0,51,-0.1416105093871293,0.9899224533422392,3.407142857142857,26.6,65.35119047619048,30.0,1023.2791666666666,missing,residential
588545728,2024-12-16,40.7114635,-74.0079458,3,0,2.0,20.0,1,0,0.0,0.0,0.0,0.0,0.0,51,-0.1416105093871293,0.9899224533422392,3.407142857142857,26.6,65.35119047619048,30.0,1023.2791666666666,missing,secondary
588546798,2024-12-16,40.7048274,-74.014947,4,0,3.0,20.0,1,0,0.0,0.0,0.0,0.0,0.0,51,-0.1416105093871293,0.9899224533422392,3.407142857142857,26.6,65.35119047619048,30.0,1023.2791666666666,missing,primary
588546882,2024-12-16,40.7049418,-74.0156386,4,1,3.0,20.0,1,0,0.0,0.0,0.0,0.0,0.0,11,-0.1416105093871293,0.9899224533422392,3.407142857142857,26.6,65.35119047619048,30.0,1023.2791666666666,traffic_signals,primary
588546891,2024-12-16,40.7045416,-74.0142564,4,1,3.0,20.0,1,0,1.0,1.0,0.0,0.0,0.0,3,-0.1416105093871293,0.9899224533422392,3.407142857142857,26.6,65.35119047619048,30.0,1023.2791666666666,traffic_signals,primary
588593059,2024-12-16,40.7073089,-74.0156861,4,0,4.0,30.0,1,0,0.0,0.0,0.0,0.0,0.0,51,-0.1416105093871293,0.9899224533422392,3.407142857142857,26.6,65.35119047619048,30.0,1023.2791666666666,missing,trunk
588593353,2024-12-16,40.7064673,-74.0162777,3,0,4.0,30.0,1,0,0.0,0.0,0.0,0.0,0.0,51,-0.1416105093871293,0.9899224533422392,3.407142857142857,26.6,65.35119047619048,30.0,1023.2791666666666,motorway_junction,motorway
588593611,2024-12-16,40.7077457,-74.0157786,3,0,3.0,30.0,1,0,0.0,1.0,0.0,0.0,0.0,5,-0.1416105093871293,0.9899224533422392,3.407142857142857,26.6,65.35119047619048,30.0,1023.2791666666666,missing,trunk
588938271,2024-12-16,40.7155392,-73.995252,3,0,3.0,35.0,1,0,0.0,0.0,0.0,0.0,0.0,51,-0.1416105093871293,0.9899224533422392,3.407142857142857,26.6,65.35119047619048,30.0,1023.2791666666666,missing,primary
589099734,2024-12-16,40.7443472,-73.9713203,3,0,2.0,,1,0,0.0,0.0,0.0,0.0,0.0,51,-0.1416105093871293,0.9899224533422392,3.407142857142857,26.6,65.35119047619048,30.0,1023.2791666666666,missing,primary
589099881,2024-12-16,40.7445132,-73.9712406,3,0,2.0,25.0,1,0,0.0,0.0,0.0,0.0,0.0,9,-0.1416105093871293,0.9899224533422392,3.407142857142857,26.6,65.35119047619048,30.0,1023.2791666666666,missing,primary
589100228,2024-12-16,40.7359054,-73.9751612,3,0,2.0,25.0,1,0,0.0,1.0,0.0,0.0,0.0,7,-0.1416105093871293,0.9899224533422392,3.407142857142857,26.6,65.35119047619048,30.0,1023.2791666666666,missing,primary
589100267,2024-12-16,40.7359893,-73.974805,4,0,3.0,25.0,1,0,0.0,0.0,0.0,0.0,0.0,48,-0.1416105093871293,0.9899224533422392,3.407142857142857,26.6,65.35119047619048,30.0,1023.2791666666666,missing,primary
589101921,2024-12-16,40.7133306,-73.9774417,3,0,1.0,,1,0,0.0,0.0,0.0,0.0,0.0,9,-0.1416105093871293,0.9899224533422392,3.407142857142857,26.6,65.35119047619048,30.0,1023.2791666666666,missing,motorway_link
589927878,2024-12-16,40.8282929,-73.9352023,3,1,3.0,25.0,1,0,0.0,0.0,0.0,0.0,0.0,51,-0.1416105093871293,0.9899224533422392,3.407142857142857,26.6,65.35119047619048,30.0,1023.2791666666666,traffic_signals,tertiary
589927879,2024-12-16,40.8291804,-73.9372833,4,1,4.0,25.0,0,0,0.0,1.0,0.0,0.0,0.0,5,-0.1416105093871293,0.9899224533422392,3.407142857142857,26.6,65.35119047619048,30.0,1023.2791666666666,traffic_signals,secondary
589927880,2024-12-16,40.8297545,-73.9386411,3,0,,,0,0,0.0,0.0,0.0,0.0,0.0,49,-0.1416105093871293,0.9899224533422392,3.407142857142857,26.6,65.35119047619048,30.0,1023.2791666666666,missing,tertiary
589927901,2024-12-16,40.8317579,-73.9353874,3,0,1.0,25.0,1,0,0.0,0.0,0.0,0.0,0.0,51,-0.1416105093871293,0.9899224533422392,3.407142857142857,26.6,65.35119047619048,30.0,1023.2791666666666,missing,secondary
589927903,2024-12-16,40.8322217,-73.9351891,3,0,3.0,50.0,1,0,1.0,1.0,0.0,0.0,0.0,1,-0.1416105093871293,0.9899224533422392,3.407142857142857,26.6,65.35119047619048,30.0,1023.2791666666666,missing,motorway
589927943,2024-12-16,40.8275839,-73.935321,3,0,2.0,25.0,1,0,0.0,0.0,0.0,0.0,0.0,51,-0.1416105093871293,0.9899224533422392,3.407142857142857,26.6,65.35119047619048,30.0,1023.2791666666666,missing,primary
589927965,2024-12-16,40.814049,-73.9348455,4,0,1.0,25.0,1,0,1.0,1.0,0.0,0.0,0.0,1,-0.1416105093871293,0.9899224533422392,3.407142857142857,26.6,65.35119047619048,30.0,1023.2791666666666,missing,residential
589927991,2024-12-16,40.8095503,-73.9359324,4,1,4.0,25.0,1,0,0.0,1.0,0.0,0.0,0.0,4,-0.1416105093871293,0.9899224533422392,3.407142857142857,26.6,65.35119047619048,30.0,1023.2791666666666,traffic_signals,primary
589927993,2024-12-16,40.8169324,-73.9343477,3,0,1.0,25.0,1,0,0.0,0.0,0.0,0.0,0.0,51,-0.1416105093871293,0.9899224533422392,3.407142857142857,26.6,65.35119047619048,30.0,1023.2791666666666,missing,secondary
589927996,2024-12-16,40.8166513,-73.9348194,3,0,2.0,25.0,1,0,1.0,1.0,0.0,0.0,0.0,1,-0.1416105093871293,0.9899224533422392,3.407142857142857,26.6,65.35119047619048,30.0,1023.2791666666666,missing,secondary
589928003,2024-12-16,40.8149338,-73.9368471,3,0,,,1,0,0.0,0.0,0.0,0.0,0.0,51,-0.1416105093871293,0.9899224533422392,3.407142857142857,26.6,65.35119047619048,30.0,1023.2791666666666,missing,residential
589928020,2024-12-16,40.8094377,-73.935677,3,1,4.0,25.0,1,0,0.0,0.0,0.0,0.0,0.0,51,-0.1416105093871293,0.9899224533422392,3.407142857142857,26.6,65.35119047619048,30.0,1023.2791666666666,traffic_signals,primary
589928028,2024-12-16,40.8056693,-73.9384003,4,1,1.0,25.0,1,0,0.0,0.0,0.0,0.0,0.0,27,-0.1416105093871293,0.9899224533422392,3.407142857142857,26.6,65.35119047619048,30.0,1023.2791666666666,traffic_signals,primary
589928029,2024-12-16,40.8063016,-73.9379637,3,1,1.0,25.0,1,0,0.0,0.0,0.0,0.0,0.0,51,-0.1416105093871293,0.9899224533422392,3.407142857142857,26.6,65.35119047619048,30.0,1023.2791666666666,traffic_signals,primary
589928030,2024-12-16,40.8069166,-73.9375205,4,1,1.0,25.0,1,0,0.0,0.0,0.0,0.0,0.0,23,-0.1416105093871293,0.9899224533422392,3.407142857142857,26.6,65.35119047619048,30.0,1023.2791666666666,traffic_signals,primary
589928033,2024-12-16,40.8075512,-73.9370575,4,1,1.0,25.0,1,0,0.0,1.0,0.0,0.0,0.0,5,-0.1416105093871293,0.9899224533422392,3.407142857142857,26.6,65.35119047619048,30.0,1023.2791666666666,traffic_signals,primary
589928034,2024-12-16,40.8081768,-73.9366047,4,1,1.0,25.0,1,0,0.0,0.0,0.0,0.0,0.0,36,-0.1416105093871293,0.9899224533422392,3.407142857142857,26.6,65.35119047619048,30.0,1023.2791666666666,traffic_signals,primary
589928035,2024-12-16,40.8088106,-73.9361311,4,1,2.0,25.0,1,0,0.0,0.0,0.0,0.0,0.0,13,-0.1416105093871293,0.9899224533422392,3.407142857142857,26.6,65.35119047619048,30.0,1023.2791666666666,traffic_signals,primary
589928037,2024-12-16,40.8089052,-73.9363966,4,1,1.0,25.0,1,0,0.0,0.0,0.0,0.0,0.0,51,-0.1416105093871293,0.9899224533422392,3.407142857142857,26.6,65.35119047619048,30.0,1023.2791666666666,traffic_signals,primary
589928038,2024-12-16,40.8082806,-73.9368507,4,1,1.0,25.0,1,0,0.0,0.0,0.0,0.0,0.0,43,-0.1416105093871293,0.9899224533422392,3.407142857142857,26.6,65.35119047619048,30.0,1023.2791666666666,traffic_signals,primary
589928039,2024-12-16,40.8076564,-73.9373154,4,1,1.0,25.0,1,0,0.0,0.0,0.0,0.0,0.0,12,-0.1416105093871293,0.9899224533422392,3.407142857142857,26.6,65.35119047619048,30.0,1023.2791666666666,traffic_signals,primary
589928040,2024-12-16,40.8070213,-73.9377715,4,1,1.0,25.0,1,0,0.0,0.0,0.0,0.0,0.0,51,-0.1416105093871293,0.9899224533422392,3.407142857142857,26.6,65.35119047619048,30.0,1023.2791666666666,traffic_signals,primary
589928041,2024-12-16,40.8064089,-73.9382179,4,1,1.0,25.0,1,0,0.0,0.0,0.0,0.0,0.0,51,-0.1416105093871293,0.9899224533422392,3.407142857142857,26.6,65.35119047619048,30.0,1023.2791666666666,traffic_signals,primary
589928042,2024-12-16,40.8057906,-73.9386884,4,1,1.0,25.0,1,0,0.0,0.0,0.0,0.0,0.0,10,-0.1416105093871293,0.9899224533422392,3.407142857142857,26.6,65.35119047619048,30.0,1023.2791666666666,traffic_signals,primary
589928047,2024-12-16,40.8115152,-73.9349267,3,0,1.0,25.0,1,0,0.0,0.0,0.0,0.0,0.0,51,-0.1416105093871293,0.9899224533422392,3.407142857142857,26.6,65.35119047619048,30.0,1023.2791666666666,missing,residential
589929417,2024-12-16,40.7805427,-73.9442562,4,0,2.0,25.0,1,0,0.0,0.0,0.0,0.0,0.0,51,-0.1416105093871293,0.9899224533422392,3.407142857142857,26.6,65.35119047619048,30.0,1023.2791666666666,missing,secondary
5906371179,2024-12-16,40.7961544,-73.91937,3,0,1.0,,1,0,0.0,0.0,0.0,0.0,0.0,51,-0.1416105093871293,0.9899224533422392,3.407142857142857,26.6,65.35119047619048,30.0,1023.2791666666666,missing,tertiary
591454081,2024-12-16,40.7312977,-74.0103462,3,0,4.0,30.0,1,0,1.0,1.0,0.0,0.0,0.0,2,-0.1416105093871293,0.9899224533422392,3.407142857142857,26.6,65.35119047619048,30.0,1023.2791666666666,missing,trunk
5916527828,2024-12-16,40.8260123,-73.9357392,3,0,2.0,25.0,1,0,0.0,0.0,0.0,0.0,0.0,51,-0.1416105093871293,0.9899224533422392,3.407142857142857,26.6,65.35119047619048,30.0,1023.2791666666666,missing,primary
5920675990,2024-12-16,40.8059994,-73.9325,3,0,3.0,40.0,1,0,0.0,0.0,0.0,0.0,0.0,51,-0.1416105093871293,0.9899224533422392,3.407142857142857,26.6,65.35119047619048,30.0,1023.2791666666666,missing,motorway
592509222,2024-12-16,40.7203948,-73.980052,3,0,2.0,25.0,1,0,0.0,0.0,0.0,0.0,0.0,51,-0.1416105093871293,0.9899224533422392,3.407142857142857,26.6,65.35119047619048,30.0,1023.2791666666666,missing,primary
593300940,2024-12-16,40.7614575,-73.9624612,3,1,2.0,25.0,1,0,0.0,0.0,0.0,0.0,0.0,18,-0.1416105093871293,0.9899224533422392,3.407142857142857,26.6,65.35119047619048,30.0,1023.2791666666666,traffic_signals,secondary
593816275,2024-12-16,40.7393666,-74.0097004,3,0,2.0,25.0,1,0,1.0,1.0,2.0,0.0,0.0,1,-0.1416105093871293,0.9899224533422392,3.407142857142857,26.6,65.35119047619048,30.0,1023.2791666666666,missing,secondary
593839894,2024-12-16,40.7589139,-73.9996835,4,1,5.0,25.0,1,0,1.0,1.0,0.0,0.0,0.0,1,-0.1416105093871293,0.9899224533422392,3.407142857142857,26.6,65.35119047619048,30.0,1023.2791666666666,traffic_signals,primary
593854257,2024-12-16,40.7654276,-73.9979118,3,0,5.0,30.0,1,0,0.0,0.0,0.0,0.0,0.0,51,-0.1416105093871293,0.9899224533422392,3.407142857142857,26.6,65.35119047619048,30.0,1023.2791666666666,missing,trunk
593984752,2024-12-16,40.7568438,-73.996209,3,0,2.0,,1,0,0.0,0.0,0.0,0.0,0.0,34,-0.1416105093871293,0.9899224533422392,3.407142857142857,26.6,65.35119047619048,30.0,1023.2791666666666,missing,motorway_link
593984756,2024-12-16,40.7567212,-73.9958441,3,0,2.0,,1,0,0.0,0.0,0.0,0.0,0.0,51,-0.1416105093871293,0.9899224533422392,3.407142857142857,26.6,65.35119047619048,30.0,1023.2791666666666,missing,motorway_link
593988920,2024-12-16,40.7572045,-73.995157,3,0,5.0,,1,0,0.0,0.0,0.0,0.0,0.0,51,-0.1416105093871293,0.9899224533422392,3.407142857142857,26.6,65.35119047619048,30.0,1023.2791666666666,missing,motorway_link
595105472,2024-12-16,40.7494064,-73.9693844,3,0,3.0,25.0,1,0,0.0,0.0,0.0,0.0,0.0,14,-0.1416105093871293,0.9899224533422392,3.407142857142857,26.6,65.35119047619048,30.0,1023.2791666666666,crossing,primary
595105496,2024-12-16,40.7527726,-73.967115,3,0,1.0,25.0,1,0,0.0,0.0,0.0,0.0,0.0,20,-0.1416105093871293,0.9899224533422392,3.407142857142857,26.6,65.35119047619048,30.0,1023.2791666666666,missing,primary
595105499,2024-12-16,40.7532346,-73.9665625,5,1,3.0,25.0,1,0,0.0,0.0,0.0,0.0,0.0,12,-0.1416105093871293,0.9899224533422392,3.407142857142857,26.6,65.35119047619048,30.0,1023.2791666666666,traffic_signals,primary
595105538,2024-12-16,40.7481335,-73.9701821,3,0,2.0,25.0,1,0,0.0,0.0,0.0,0.0,0.0,51,-0.1416105093871293,0.9899224533422392,3.407142857142857,26.6,65.35119047619048,30.0,1023.2791666666666,missing,primary
595105581,2024-12-16,40.7518449,-73.9674542,3,1,3.0,25.0,1,0,0.0,0.0,0.0,0.0,0.0,21,-0.1416105093871293,0.9899224533422392,3.407142857142857,26.6,65.35119047619048,30.0,1023.2791666666666,traffic_signals,primary
595245836,2024-12-16,40.7788958,-73.9883218,3,0,2.0,25.0,1,0,0.0,0.0,0.0,0.0,0.0,51,-0.1416105093871293,0.9899224533422392,3.407142857142857,26.6,65.35119047619048,30.0,1023.2791666666666,missing,residential
595245843,2024-12-16,40.7807084,-73.9869955,3,0,3.0,25.0,1,0,0.0,0.0,0.0,0.0,0.0,30,-0.1416105093871293,0.9899224533422392,3.407142857142857,26.6,65.35119047619048,30.0,1023.2791666666666,stop,secondary
595245859,2024-12-16,40.7761698,-73.9896122,3,0,2.0,25.0,0,0,0.0,0.0,0.0,0.0,0.0,51,-0.1416105093871293,0.9899224533422392,3.407142857142857,26.6,65.35119047619048,30.0,1023.2791666666666,stop,residential
595245918,2024-12-16,40.7751752,-73.9891964,3,0,2.0,25.0,1,0,0.0,0.0,0.0,0.0,0.0,37,-0.1416105093871293,0.9899224533422392,3.407142857142857,26.6,65.35119047619048,30.0,1023.2791666666666,missing,residential
595245920,2024-12-16,40.774556,-73.9896514,4,0,2.0,25.0,1,0,0.0,0.0,0.0,0.0,0.0,51,-0.1416105093871293,0.9899224533422392,3.407142857142857,26.6,65.35119047619048,30.0,1023.2791666666666,stop,residential
595245925,2024-12-16,40.7755748,-73.9901444,3,0,2.0,25.0,1,0,0.0,0.0,0.0,0.0,0.0,51,-0.1416105093871293,0.9899224533422392,3.407142857142857,26.6,65.35119047619048,30.0,1023.2791666666666,stop,residential
595254571,2024-12-16,40.7744841,-73.9914364,3,0,2.0,25.0,1,0,0.0,0.0,0.0,0.0,0.0,51,-0.1416105093871293,0.9899224533422392,3.407142857142857,26.6,65.35119047619048,30.0,1023.2791666666666,missing,residential
595314028,2024-12-16,40.8180852,-73.9605452,3,0,2.0,25.0,1,0,0.0,0.0,0.0,0.0,0.0,51,-0.1416105093871293,0.9899224533422392,3.407142857142857,26.6,65.35119047619048,30.0,1023.2791666666666,missing,secondary
595314036,2024-12-16,40.8089155,-73.9645365,3,0,2.0,,1,0,0.0,0.0,0.0,0.0,0.0,51,-0.1416105093871293,0.9899224533422392,3.407142857142857,26.6,65.35119047619048,30.0,1023.2791666666666,missing,residential
595314040,2024-12-16,40.8086847,-73.9653822,3,0,1.0,,1,0,0.0,0.0,0.0,0.0,0.0,51,-0.1416105093871293,0.9899224533422392,3.407142857142857,26.6,65.35119047619048,30.0,1023.2791666666666,missing,residential
595314103,2024-12-16,40.8029732,-73.9676801,4,1,4.0,,1,0,0.0,0.0,0.0,0.0,0.0,51,-0.1416105093871293,0.9899224533422392,3.407142857142857,26.6,65.35119047619048,30.0,1023.2791666666666,traffic_signals,primary
595314104,2024-12-16,40.802891,-73.9674843,4,1,3.0,,1,0,1.0,1.0,3.0,0.0,0.0,2,-0.1416105093871293,0.9899224533422392,3.407142857142857,26.6,65.35119047619048,30.0,1023.2791666666666,traffic_signals,primary
595314114,2024-12-16,40.7959475,-73.97518,3,0,,,1,0,0.0,0.0,0.0,0.0,0.0,51,-0.1416105093871293,0.9899224533422392,3.407142857142857,26.6,65.35119047619048,30.0,1023.2791666666666,missing,secondary
595314119,2024-12-16,40.7961187,-73.9748911,3,0,1.0,,1,0,0.0,1.0,0.0,0.0,0.0,7,-0.1416105093871293,0.9899224533422392,3.407142857142857,26.6,65.35119047619048,30.0,1023.2791666666666,missing,secondary
595314120,2024-12-16,40.7965226,-73.9741146,4,1,1.0,,1,0,0.0,0.0,0.0,0.0,0.0,51,-0.1416105093871293,0.9899224533422392,3.407142857142857,26.6,65.35119047619048,30.0,1023.2791666666666,traffic_signals,residential
595314125,2024-12-16,40.7927869,-73.977046,3,0,,,1,0,0.0,0.0,0.0,0.0,0.0,51,-0.1416105093871293,0.9899224533422392,3.407142857142857,26.6,65.35119047619048,30.0,1023.2791666666666,crossing,secondary
595320307,2024-12-16,40.8206258,-73.958421,3,0,4.0,,0,0,0.0,1.0,0.0,0.0,0.0,5,-0.1416105093871293,0.9899224533422392,3.407142857142857,26.6,65.35119047619048,30.0,1023.2791666666666,missing,secondary
595352889,2024-12-16,40.8408932,-73.9444186,3,0,,,1,0,0.0,0.0,0.0,0.0,0.0,51,-0.1416105093871293,0.9899224533422392,3.407142857142857,26.6,65.35119047619048,30.0,1023.2791666666666,missing,secondary
595352897,2024-12-16,40.8382107,-73.9469759,3,0,4.0,,1,0,0.0,0.0,0.0,0.0,0.0,51,-0.1416105093871293,0.9899224533422392,3.407142857142857,26.6,65.35119047619048,30.0,1023.2791666666666,missing,secondary
595352904,2024-12-16,40.8336477,-73.9453237,3,0,3.0,25.0,1,0,0.0,0.0,0.0,0.0,0.0,51,-0.1416105093871293,0.9899224533422392,3.407142857142857,26.6,65.35119047619048,30.0,1023.2791666666666,missing,primary
595352906,2024-12-16,40.8341197,-73.9482127,3,0,1.0,,1,0,0.0,0.0,0.0,0.0,0.0,51,-0.1416105093871293,0.9899224533422392,3.407142857142857,26.6,65.35119047619048,30.0,1023.2791666666666,missing,secondary
595352915,2024-12-16,40.83799,-73.9480157,3,0,3.0,50.0,1,0,0.0,0.0,0.0,0.0,0.0,51,-0.1416105093871293,0.9899224533422392,3.407142857142857,26.6,65.35119047619048,30.0,1023.2791666666666,missing,motorway
595407648,2024-12-16,40.7310098,-73.9904506,3,0,2.0,25.0,1,0,0.0,0.0,0.0,0.0,0.0,11,-0.1416105093871293,0.9899224533422392,3.407142857142857,26.6,65.35119047619048,30.0,1023.2791666666666,missing,secondary
595436395,2024-12-16,40.8345157,-73.9495733,3,1,,,1,0,0.0,0.0,0.0,0.0,0.0,51,-0.1416105093871293,0.9899224533422392,3.407142857142857,26.6,65.35119047619048,30.0,1023.2791666666666,traffic_signals,secondary_link
595441960,2024-12-16,40.8459462,-73.9436219,3,0,,,1,0,0.0,0.0,0.0,0.0,0.0,51,-0.1416105093871293,0.9899224533422392,3.407142857142857,26.6,65.35119047619048,30.0,1023.2791666666666,missing,secondary
595442025,2024-12-16,40.8453814,-73.9437875,3,0,2.0,,1,0,0.0,0.0,0.0,0.0,0.0,51,-0.1416105093871293,0.9899224533422392,3.407142857142857,26.6,65.35119047619048,30.0,1023.2791666666666,missing,motorway_link
595462050,2024-12-16,40.8499327,-73.9435563,3,0,3.0,45.0,1,0,0.0,0.0,0.0,0.0,0.0,51,-0.1416105093871293,0.9899224533422392,3.407142857142857,26.6,65.35119047619048,30.0,1023.2791666666666,missing,motorway
595462053,2024-12-16,40.8498372,-73.9435883,3,0,3.0,45.0,1,0,0.0,0.0,0.0,0.0,0.0,51,-0.1416105093871293,0.9899224533422392,3.407142857142857,26.6,65.35119047619048,30.0,1023.2791666666666,motorway_junction,motorway
595480989,2024-12-16,40.8495285,-73.9399248,3,0,1.0,20.0,1,0,0.0,0.0,0.0,0.0,0.0,51,-0.1416105093871293,0.9899224533422392,3.407142857142857,26.6,65.35119047619048,30.0,1023.2791666666666,missing,residential
595481001,2024-12-16,40.8465019,-73.9320753,3,1,2.0,,0,0,0.0,0.0,0.0,0.0,0.0,51,-0.1416105093871293,0.9899224533422392,3.407142857142857,26.6,65.35119047619048,30.0,1023.2791666666666,traffic_signals,secondary
595484175,2024-12-16,40.8463847,-73.9318022,3,0,2.0,,1,0,0.0,0.0,0.0,0.0,0.0,16,-0.1416105093871293,0.9899224533422392,3.407142857142857,26.6,65.35119047619048,30.0,1023.2791666666666,missing,motorway_link
595703226,2024-12-16,40.7970992,-73.949736,3,1,2.0,,1,0,0.0,0.0,0.0,0.0,0.0,51,-0.1416105093871293,0.9899224533422392,3.407142857142857,26.6,65.35119047619048,30.0,1023.2791666666666,traffic_signals,secondary
595729838,2024-12-16,40.8655549,-73.9280646,3,0,,,1,0,0.0,0.0,0.0,0.0,0.0,51,-0.1416105093871293,0.9899224533422392,3.407142857142857,26.6,65.35119047619048,30.0,1023.2791666666666,missing,primary
595729841,2024-12-16,40.8652598,-73.9277837,3,0,4.0,,1,0,0.0,0.0,0.0,0.0,0.0,51,-0.1416105093871293,0.9899224533422392,3.407142857142857,26.6,65.35119047619048,30.0,1023.2791666666666,missing,primary
595729852,2024-12-16,40.8554719,-73.9380214,3,0,1.0,20.0,1,0,0.0,0.0,0.0,0.0,0.0,51,-0.1416105093871293,0.9899224533422392,3.407142857142857,26.6,65.35119047619048,30.0,1023.2791666666666,missing,residential
595729853,2024-12-16,40.8620097,-73.9344979,3,0,3.0,45.0,1,0,0.0,0.0,0.0,0.0,0.0,51,-0.1416105093871293,0.9899224533422392,3.407142857142857,26.6,65.35119047619048,30.0,1023.2791666666666,motorway_junction,motorway
596775808,2024-12-16,40.7936506,-73.9475371,3,1,1.0,25.0,1,0,0.0,0.0,0.0,0.0,0.0,51,-0.1416105093871293,0.9899224533422392,3.407142857142857,26.6,65.35119047619048,30.0,1023.2791666666666,traffic_signals,primary
596775819,2024-12-16,40.7923046,-73.9485228,3,1,1.0,25.0,1,0,0.0,0.0,0.0,0.0,0.0,29,-0.1416105093871293,0.9899224533422392,3.407142857142857,26.6,65.35119047619048,30.0,1023.2791666666666,traffic_signals,primary
596775825,2024-12-16,40.7910474,-73.9494429,3,1,1.0,25.0,1,0,0.0,0.0,0.0,0.0,0.0,18,-0.1416105093871293,0.9899224533422392,3.407142857142857,26.6,65.35119047619048,30.0,1023.2791666666666,traffic_signals,primary
596775840,2024-12-16,40.7547324,-73.9759246,4,0,3.0,25.0,1,0,1.0,1.0,0.0,0.0,0.0,2,-0.1416105093871293,0.9899224533422392,3.407142857142857,26.6,65.35119047619048,30.0,1023.2791666666666,missing,primary
596775867,2024-12-16,40.7565994,-73.9745281,4,0,4.0,25.0,1,0,0.0,0.0,0.0,0.0,0.0,51,-0.1416105093871293,0.9899224533422392,3.407142857142857,26.6,65.35119047619048,30.0,1023.2791666666666,missing,primary
596775870,2024-12-16,40.7572198,-73.9740765,4,0,4.0,25.0,1,0,0.0,0.0,0.0,0.0,0.0,51,-0.1416105093871293,0.9899224533422392,3.407142857142857,26.6,65.35119047619048,30.0,1023.2791666666666,missing,primary
596775876,2024-12-16,40.7578528,-73.9736145,4,0,4.0,25.0,1,0,0.0,0.0,0.0,0.0,0.0,51,-0.1416105093871293,0.9899224533422392,3.407142857142857,26.6,65.35119047619048,30.0,1023.2791666666666,missing,primary
596775882,2024-12-16,40.7559783,-73.9749834,4,0,4.0,25.0,1,0,0.0,0.0,0.0,0.0,0.0,51,-0.1416105093871293,0.9899224533422392,3.407142857142857,26.6,65.35119047619048,30.0,1023.2791666666666,missing,primary
596775900,2024-12-16,40.7590978,-73.9727039,4,0,3.0,25.0,1,0,0.0,0.0,0.0,0.0,0.0,12,-0.1416105093871293,0.9899224533422392,3.407142857142857,26.6,65.35119047619048,30.0,1023.2791666666666,missing,primary
596775907,2024-12-16,40.7603618,-73.971784,4,0,3.0,25.0,1,0,0.0,0.0,0.0,0.0,0.0,51,-0.1416105093871293,0.9899224533422392,3.407142857142857,26.6,65.35119047619048,30.0,1023.2791666666666,missing,primary
596775914,2024-12-16,40.7584847,-73.9731554,4,0,4.0,25.0,1,0,0.0,0.0,0.0,0.0,0.0,51,-0.1416105093871293,0.9899224533422392,3.407142857142857,26.6,65.35119047619048,30.0,1023.2791666666666,missing,primary
596775919,2024-12-16,40.7597298,-73.9722474,4,0,3.0,25.0,1,0,0.0,0.0,0.0,0.0,0.0,51,-0.1416105093871293,0.9899224533422392,3.407142857142857,26.6,65.35119047619048,30.0,1023.2791666666666,missing,primary
596775930,2024-12-16,40.7642073,-73.9689874,4,0,4.0,25.0,1,0,0.0,0.0,0.0,0.0,0.0,22,-0.1416105093871293,0.9899224533422392,3.407142857142857,26.6,65.35119047619048,30.0,1023.2791666666666,missing,primary
596775935,2024-12-16,40.761652,-73.9708483,4,0,4.0,25.0,1,0,0.0,0.0,0.0,0.0,0.0,51,-0.1416105093871293,0.9899224533422392,3.407142857142857,26.6,65.35119047619048,30.0,1023.2791666666666,missing,primary
596775941,2024-12-16,40.7623289,-73.9703537,4,0,4.0,25.0,1,0,0.0,0.0,0.0,0.0,0.0,12,-0.1416105093871293,0.9899224533422392,3.407142857142857,26.6,65.35119047619048,30.0,1023.2791666666666,missing,primary
596775946,2024-12-16,40.7629476,-73.969903,4,0,4.0,25.0,1,0,0.0,0.0,0.0,0.0,0.0,51,-0.1416105093871293,0.9899224533422392,3.407142857142857,26.6,65.35119047619048,30.0,1023.2791666666666,missing,primary
596775951,2024-12-16,40.7609819,-73.9713318,4,0,3.0,25.0,1,0,0.0,0.0,0.0,0.0,0.0,51,-0.1416105093871293,0.9899224533422392,3.407142857142857,26.6,65.35119047619048,30.0,1023.2791666666666,missing,primary
596775963,2024-12-16,40.7660871,-73.9676144,4,0,3.0,25.0,1,0,0.0,0.0,0.0,0.0,0.0,51,-0.1416105093871293,0.9899224533422392,3.407142857142857,26.6,65.35119047619048,30.0,1023.2791666666666,missing,primary
596775973,2024-12-16,40.7679632,-73.9662435,4,0,3.0,25.0,1,0,0.0,0.0,0.0,0.0,0.0,51,-0.1416105093871293,0.9899224533422392,3.407142857142857,26.6,65.35119047619048,30.0,1023.2791666666666,missing,primary
596775979,2024-12-16,40.767337,-73.9667022,4,0,3.0,25.0,1,0,0.0,0.0,0.0,0.0,0.0,51,-0.1416105093871293,0.9899224533422392,3.407142857142857,26.6,65.35119047619048,30.0,1023.2791666666666,missing,primary
596775985,2024-12-16,40.7648338,-73.9685319,4,0,3.0,25.0,1,0,0.0,0.0,0.0,0.0,0.0,51,-0.1416105093871293,0.9899224533422392,3.407142857142857,26.6,65.35119047619048,30.0,1023.2791666666666,missing,primary
596775998,2024-12-16,40.7654593,-73.9680718,4,0,3.0,25.0,1,0,0.0,0.0,0.0,0.0,0.0,51,-0.1416105093871293,0.9899224533422392,3.407142857142857,26.6,65.35119047619048,30.0,1023.2791666666666,missing,primary
596776009,2024-12-16,40.7698355,-73.9648768,4,1,4.0,25.0,1,0,0.0,0.0,0.0,0.0,0.0,51,-0.1416105093871293,0.9899224533422392,3.407142857142857,26.6,65.35119047619048,30.0,1023.2791666666666,traffic_signals,primary
596776017,2024-12-16,40.7685866,-73.9657883,4,1,4.0,25.0,1,0,0.0,0.0,0.0,0.0,0.0,51,-0.1416105093871293,0.9899224533422392,3.407142857142857,26.6,65.35119047619048,30.0,1023.2791666666666,traffic_signals,primary
596776021,2024-12-16,40.7704726,-73.9644127,4,1,3.0,25.0,1,0,0.0,0.0,0.0,0.0,0.0,51,-0.1416105093871293,0.9899224533422392,3.407142857142857,26.6,65.35119047619048,30.0,1023.2791666666666,traffic_signals,primary
596776027,2024-12-16,40.769211,-73.9653333,4,1,4.0,25.0,1,0,0.0,0.0,0.0,0.0,0.0,51,-0.1416105093871293,0.9899224533422392,3.407142857142857,26.6,65.35119047619048,30.0,1023.2791666666666,traffic_signals,primary
596776032,2024-12-16,40.7667157,-73.9671528,4,0,3.0,25.0,1,0,0.0,0.0,0.0,0.0,0.0,31,-0.1416105093871293,0.9899224533422392,3.407142857142857,26.6,65.35119047619048,30.0,1023.2791666666666,missing,primary
596776041,2024-12-16,40.773735,-73.9620329,4,1,3.0,25.0,1,0,0.0,0.0,0.0,0.0,0.0,11,-0.1416105093871293,0.9899224533422392,3.407142857142857,26.6,65.35119047619048,30.0,1023.2791666666666,traffic_signals,primary
596776046,2024-12-16,40.7730994,-73.9624991,4,1,3.0,25.0,1,0,0.0,0.0,0.0,0.0,0.0,51,-0.1416105093871293,0.9899224533422392,3.407142857142857,26.6,65.35119047619048,30.0,1023.2791666666666,traffic_signals,primary
596776052,2024-12-16,40.7743785,-73.9615646,4,1,3.0,25.0,1,0,0.0,0.0,0.0,0.0,0.0,42,-0.1416105093871293,0.9899224533422392,3.407142857142857,26.6,65.35119047619048,30.0,1023.2791666666666,traffic_signals,primary
596776057,2024-12-16,40.7711488,-73.9639199,4,1,4.0,25.0,1,0,0.0,0.0,0.0,0.0,0.0,9,-0.1416105093871293,0.9899224533422392,3.407142857142857,26.6,65.35119047619048,30.0,1023.2791666666666,traffic_signals,primary
596776063,2024-12-16,40.7718322,-73.9634212,4,1,3.0,25.0,1,0,0.0,0.0,0.0,0.0,0.0,19,-0.1416105093871293,0.9899224533422392,3.407142857142857,26.6,65.35119047619048,30.0,1023.2791666666666,traffic_signals,primary
596776074,2024-12-16,40.7782722,-73.9587235,4,1,3.0,25.0,1,0,0.0,0.0,0.0,0.0,0.0,24,-0.1416105093871293,0.9899224533422392,3.407142857142857,26.6,65.35119047619048,30.0,1023.2791666666666,traffic_signals,primary
596776078,2024-12-16,40.7749989,-73.961107,4,1,3.0,25.0,1,0,0.0,0.0,0.0,0.0,0.0,51,-0.1416105093871293,0.9899224533422392,3.407142857142857,26.6,65.35119047619048,30.0,1023.2791666666666,traffic_signals,primary
596776083,2024-12-16,40.776368,-73.9601147,4,1,3.0,25.0,1,0,0.0,0.0,0.0,0.0,0.0,17,-0.1416105093871293,0.9899224533422392,3.407142857142857,26.6,65.35119047619048,30.0,1023.2791666666666,traffic_signals,primary
596776089,2024-12-16,40.7756889,-73.9606062,4,1,4.0,25.0,1,0,0.0,0.0,0.0,0.0,0.0,42,-0.1416105093871293,0.9899224533422392,3.407142857142857,26.6,65.35119047619048,30.0,1023.2791666666666,traffic_signals,primary
596776095,2024-12-16,40.7770056,-73.9596488,4,1,3.0,25.0,1,0,0.0,0.0,0.0,0.0,0.0,28,-0.1416105093871293,0.9899224533422392,3.407142857142857,26.6,65.35119047619048,30.0,1023.2791666666666,traffic_signals,primary
596776103,2024-12-16,40.7815278,-73.9563489,4,1,3.0,25.0,1,0,0.0,0.0,0.0,0.0,0.0,51,-0.1416105093871293,0.9899224533422392,3.407142857142857,26.6,65.35119047619048,30.0,1023.2791666666666,traffic_signals,primary
596776115,2024-12-16,40.7809009,-73.9568062,4,1,3.0,25.0,1,0,0.0,0.0,0.0,0.0,0.0,51,-0.1416105093871293,0.9899224533422392,3.407142857142857,26.6,65.35119047619048,30.0,1023.2791666666666,traffic_signals,primary
596776120,2024-12-16,40.7789066,-73.9582602,4,1,3.0,25.0,1,0,0.0,0.0,0.0,0.0,0.0,30,-0.1416105093871293,0.9899224533422392,3.407142857142857,26.6,65.35119047619048,30.0,1023.2791666666666,traffic_signals,primary
596776127,2024-12-16,40.7776373,-73.9591886,4,1,3.0,25.0,1,0,0.0,0.0,0.0,0.0,0.0,51,-0.1416105093871293,0.9899224533422392,3.407142857142857,26.6,65.35119047619048,30.0,1023.2791666666666,traffic_signals,primary
596776132,2024-12-16,40.7795347,-73.9578009,4,1,3.0,25.0,1,0,0.0,0.0,0.0,0.0,0.0,51,-0.1416105093871293,0.9899224533422392,3.407142857142857,26.6,65.35119047619048,30.0,1023.2791666666666,traffic_signals,primary
596776144,2024-12-16,40.7846661,-73.9540596,4,1,3.0,25.0,1,0,0.0,0.0,0.0,0.0,0.0,51,-0.1416105093871293,0.9899224533422392,3.407142857142857,26.6,65.35119047619048,30.0,1023.2791666666666,traffic_signals,primary
596776150,2024-12-16,40.7821565,-73.9558911,4,1,3.0,25.0,1,0,0.0,0.0,0.0,0.0,0.0,46,-0.1416105093871293,0.9899224533422392,3.407142857142857,26.6,65.35119047619048,30.0,1023.2791666666666,traffic_signals,primary
596776156,2024-12-16,40.7827784,-73.9554342,4,1,3.0,25.0,1,0,0.0,0.0,0.0,0.0,0.0,16,-0.1416105093871293,0.9899224533422392,3.407142857142857,26.6,65.35119047619048,30.0,1023.2791666666666,traffic_signals,primary
596776163,2024-12-16,40.7834162,-73.9549702,4,1,3.0,25.0,1,0,0.0,0.0,0.0,0.0,0.0,51,-0.1416105093871293,0.9899224533422392,3.407142857142857,26.6,65.35119047619048,30.0,1023.2791666666666,traffic_signals,primary
596776164,2024-12-16,40.7802244,-73.9572984,4,1,4.0,25.0,1,0,0.0,0.0,0.0,0.0,0.0,51,-0.1416105093871293,0.9899224533422392,3.407142857142857,26.6,65.35119047619048,30.0,1023.2791666666666,traffic_signals,primary
596776165,2024-12-16,40.7872803,-73.9521844,4,1,1.0,25.0,1,0,0.0,0.0,0.0,0.0,0.0,32,-0.1416105093871293,0.9899224533422392,3.407142857142857,26.6,65.35119047619048,30.0,1023.2791666666666,traffic_signals,primary
596776166,2024-12-16,40.7879084,-73.9517278,3,0,1.0,25.0,1,0,0.0,0.0,0.0,0.0,0.0,51,-0.1416105093871293,0.9899224533422392,3.407142857142857,26.6,65.35119047619048,30.0,1023.2791666666666,missing,primary
596776167,2024-12-16,40.7859221,-73.953141,4,1,3.0,25.0,1,0,0.0,0.0,0.0,0.0,0.0,51,-0.1416105093871293,0.9899224533422392,3.407142857142857,26.6,65.35119047619048,30.0,1023.2791666666666,traffic_signals,primary
596776173,2024-12-16,40.7852889,-73.9536033,4,1,3.0,25.0,1,0,0.0,0.0,0.0,0.0,0.0,51,-0.1416105093871293,0.9899224533422392,3.407142857142857,26.6,65.35119047619048,30.0,1023.2791666666666,traffic_signals,primary
596776177,2024-12-16,40.7840307,-73.9545206,4,1,3.0,25.0,1,0,0.0,0.0,0.0,0.0,0.0,25,-0.1416105093871293,0.9899224533422392,3.407142857142857,26.6,65.35119047619048,30.0,1023.2791666666666,traffic_signals,primary
596776201,2024-12-16,40.7930118,-73.948012,4,1,1.0,25.0,1,1,1.0,3.0,1.0,0.0,1.0,0,-0.1416105093871293,0.9899224533422392,3.407142857142857,26.6,65.35119047619048,30.0,1023.2791666666666,traffic_signals,primary
596776224,2024-12-16,40.7904213,-73.9499026,4,1,1.0,25.0,1,0,0.0,0.0,0.0,0.0,0.0,12,-0.1416105093871293,0.9899224533422392,3.407142857142857,26.6,65.35119047619048,30.0,1023.2791666666666,traffic_signals,primary
596776231,2024-12-16,40.7885529,-73.9512551,3,0,1.0,25.0,1,0,0.0,0.0,0.0,0.0,0.0,35,-0.1416105093871293,0.9899224533422392,3.407142857142857,26.6,65.35119047619048,30.0,1023.2791666666666,missing,primary
596776260,2024-12-16,40.7866031,-73.9526692,4,1,6.0,25.0,1,0,0.0,0.0,0.0,0.0,0.0,51,-0.1416105093871293,0.9899224533422392,3.407142857142857,26.6,65.35119047619048,30.0,1023.2791666666666,traffic_signals,primary
596776314,2024-12-16,40.7961828,-73.9456927,4,1,1.0,25.0,1,1,1.0,1.0,0.0,0.0,0.0,0,-0.1416105093871293,0.9899224533422392,3.407142857142857,26.6,65.35119047619048,30.0,1023.2791666666666,traffic_signals,primary
596776325,2024-12-16,40.7955395,-73.9461625,4,1,1.0,25.0,1,0,0.0,0.0,0.0,0.0,0.0,11,-0.1416105093871293,0.9899224533422392,3.407142857142857,26.6,65.35119047619048,30.0,1023.2791666666666,traffic_signals,primary
596776349,2024-12-16,40.7942889,-73.947075,4,1,1.0,25.0,1,0,0.0,0.0,0.0,0.0,0.0,39,-0.1416105093871293,0.9899224533422392,3.407142857142857,26.6,65.35119047619048,30.0,1023.2791666666666,traffic_signals,primary
596776386,2024-12-16,40.7949177,-73.9466169,4,1,1.0,25.0,1,0,0.0,0.0,0.0,0.0,0.0,19,-0.1416105093871293,0.9899224533422392,3.407142857142857,26.6,65.35119047619048,30.0,1023.2791666666666,traffic_signals,primary
596776413,2024-12-16,40.7916755,-73.9489842,4,1,2.0,25.0,1,0,0.0,0.0,0.0,0.0,0.0,51,-0.1416105093871293,0.9899224533422392,3.407142857142857,26.6,65.35119047619048,30.0,1023.2791666666666,traffic_signals,primary
596776442,2024-12-16,40.8006686,-73.9424116,4,1,1.0,25.0,1,0,0.0,0.0,0.0,0.0,0.0,18,-0.1416105093871293,0.9899224533422392,3.407142857142857,26.6,65.35119047619048,30.0,1023.2791666666666,traffic_signals,primary
596776474,2024-12-16,40.8000383,-73.9428721,4,1,1.0,25.0,1,0,0.0,0.0,0.0,0.0,0.0,51,-0.1416105093871293,0.9899224533422392,3.407142857142857,26.6,65.35119047619048,30.0,1023.2791666666666,traffic_signals,primary
596776497,2024-12-16,40.7993612,-73.9433693,4,1,4.0,25.0,1,0,0.0,0.0,0.0,0.0,0.0,12,-0.1416105093871293,0.9899224533422392,3.407142857142857,26.6,65.35119047619048,30.0,1023.2791666666666,traffic_signals,primary
596776534,2024-12-16,40.798671,-73.9438788,4,1,1.0,25.0,1,0,0.0,0.0,0.0,0.0,0.0,18,-0.1416105093871293,0.9899224533422392,3.407142857142857,26.6,65.35119047619048,30.0,1023.2791666666666,traffic_signals,primary
596776546,2024-12-16,40.7968119,-73.9452335,4,1,2.0,25.0,1,0,0.0,0.0,0.0,0.0,0.0,51,-0.1416105093871293,0.9899224533422392,3.407142857142857,26.6,65.35119047619048,30.0,1023.2791666666666,traffic_signals,primary
596776578,2024-12-16,40.8031784,-73.9405724,4,1,1.0,25.0,1,0,0.0,0.0,0.0,0.0,0.0,45,-0.1416105093871293,0.9899224533422392,3.407142857142857,26.6,65.35119047619048,30.0,1023.2791666666666,traffic_signals,primary
596776594,2024-12-16,40.8019158,-73.9415029,4,1,1.0,25.0,1,0,0.0,0.0,0.0,0.0,0.0,51,-0.1416105093871293,0.9899224533422392,3.407142857142857,26.6,65.35119047619048,30.0,1023.2791666666666,traffic_signals,primary
596776613,2024-12-16,40.8025533,-73.9410458,4,1,1.0,25.0,1,0,0.0,0.0,0.0,0.0,0.0,51,-0.1416105093871293,0.9899224533422392,3.407142857142857,26.6,65.35119047619048,30.0,1023.2791666666666,traffic_signals,primary
596776624,2024-12-16,40.8012931,-73.9419552,4,1,1.0,25.0,1,0,0.0,0.0,0.0,0.0,0.0,37,-0.1416105093871293,0.9899224533422392,3.407142857142857,26.6,65.35119047619048,30.0,1023.2791666666666,traffic_signals,primary
596776654,2024-12-16,40.8051222,-73.9391836,4,1,1.0,25.0,1,0,0.0,0.0,0.0,0.0,0.0,8,-0.1416105093871293,0.9899224533422392,3.407142857142857,26.6,65.35119047619048,30.0,1023.2791666666666,traffic_signals,primary
596776656,2024-12-16,40.8044438,-73.9396716,4,1,1.0,25.0,1,0,0.0,0.0,0.0,0.0,0.0,51,-0.1416105093871293,0.9899224533422392,3.407142857142857,26.6,65.35119047619048,30.0,1023.2791666666666,traffic_signals,primary
596776659,2024-12-16,40.803808,-73.9401148,4,1,1.0,25.0,1,0,0.0,0.0,0.0,0.0,0.0,51,-0.1416105093871293,0.9899224533422392,3.407142857142857,26.6,65.35119047619048,30.0,1023.2791666666666,traffic_signals,primary
596788016,2024-12-16,40.7724621,-73.9629588,4,1,3.0,25.0,1,0,0.0,0.0,0.0,0.0,0.0,45,-0.1416105093871293,0.9899224533422392,3.407142857142857,26.6,65.35119047619048,30.0,1023.2791666666666,traffic_signals,primary
596800103,2024-12-16,40.7913085,-73.9361233,3,0,1.0,25.0,1,0,0.0,0.0,0.0,0.0,0.0,51,-0.1416105093871293,0.9899224533422392,3.407142857142857,26.6,65.35119047619048,30.0,1023.2791666666666,missing,residential
5993830853,2024-12-16,40.7533202,-73.9665034,3,1,3.0,25.0,1,0,0.0,0.0,0.0,0.0,0.0,51,-0.1416105093871293,0.9899224533422392,3.407142857142857,26.6,65.35119047619048,30.0,1023.2791666666666,traffic_signals,primary
607911351,2024-12-16,40.7015518,-74.0139809,3,0,2.0,20.0,1,0,1.0,1.0,1.0,0.0,0.0,3,-0.1416105093871293,0.9899224533422392,3.407142857142857,26.6,65.35119047619048,30.0,1023.2791666666666,missing,unclassified
60915682,2024-12-16,40.8728056,-73.9116935,3,0,,,1,0,0.0,0.0,0.0,0.0,0.0,51,-0.1416105093871293,0.9899224533422392,3.407142857142857,26.6,65.35119047619048,30.0,1023.2791666666666,missing,tertiary
60916829,2024-12-16,40.8542367,-73.9403011,3,0,3.0,45.0,1,0,0.0,0.0,0.0,0.0,0.0,51,-0.1416105093871293,0.9899224533422392,3.407142857142857,26.6,65.35119047619048,30.0,1023.2791666666666,missing,motorway
60916849,2024-12-16,40.8502609,-73.9431424,3,0,3.0,45.0,1,0,0.0,0.0,0.0,0.0,0.0,51,-0.1416105093871293,0.9899224533422392,3.407142857142857,26.6,65.35119047619048,30.0,1023.2791666666666,missing,motorway
60917021,2024-12-16,40.8479225,-73.9452408,3,0,3.0,50.0,1,0,0.0,0.0,0.0,0.0,0.0,51,-0.1416105093871293,0.9899224533422392,3.407142857142857,26.6,65.35119047619048,30.0,1023.2791666666666,motorway_junction,motorway
60918586,2024-12-16,40.8463545,-73.9313601,3,0,2.0,,1,0,0.0,0.0,0.0,0.0,0.0,51,-0.1416105093871293,0.9899224533422392,3.407142857142857,26.6,65.35119047619048,30.0,1023.2791666666666,missing,motorway_link
60918686,2024-12-16,40.8493251,-73.9399149,3,0,3.0,45.0,1,0,0.0,0.0,0.0,0.0,0.0,51,-0.1416105093871293,0.9899224533422392,3.407142857142857,26.6,65.35119047619048,30.0,1023.2791666666666,motorway_junction,motorway
60918736,2024-12-16,40.8489026,-73.9394629,3,0,3.0,45.0,1,0,0.0,0.0,0.0,0.0,0.0,51,-0.1416105093871293,0.9899224533422392,3.407142857142857,26.6,65.35119047619048,30.0,1023.2791666666666,missing,motorway
60921162,2024-12-16,40.8465328,-73.932624,3,0,2.0,,1,0,0.0,0.0,0.0,0.0,0.0,51,-0.1416105093871293,0.9899224533422392,3.407142857142857,26.6,65.35119047619048,30.0,1023.2791666666666,missing,motorway_link
60921167,2024-12-16,40.8457272,-73.9314979,3,0,1.0,,1,0,0.0,0.0,0.0,0.0,0.0,51,-0.1416105093871293,0.9899224533422392,3.407142857142857,26.6,65.35119047619048,30.0,1023.2791666666666,motorway_junction,motorway_link
60925101,2024-12-16,40.8452154,-73.9307098,3,0,2.0,,1,0,0.0,0.0,0.0,0.0,0.0,51,-0.1416105093871293,0.9899224533422392,3.407142857142857,26.6,65.35119047619048,30.0,1023.2791666666666,missing,motorway_link
60925316,2024-12-16,40.8467591,-73.9323168,3,0,2.0,,1,0,0.0,0.0,0.0,0.0,0.0,51,-0.1416105093871293,0.9899224533422392,3.407142857142857,26.6,65.35119047619048,30.0,1023.2791666666666,motorway_junction,motorway_link
60925389,2024-12-16,40.8386754,-73.9332395,3,0,4.0,50.0,1,0,0.0,0.0,0.0,0.0,0.0,51,-0.1416105093871293,0.9899224533422392,3.407142857142857,26.6,65.35119047619048,30.0,1023.2791666666666,motorway_junction,motorway
60925784,2024-12-16,40.8474364,-73.9344667,3,0,3.0,45.0,1,0,0.0,0.0,0.0,0.0,0.0,51,-0.1416105093871293,0.9899224533422392,3.407142857142857,26.6,65.35119047619048,30.0,1023.2791666666666,motorway_junction,motorway
60925795,2024-12-16,40.8470928,-73.9339681,3,0,3.0,45.0,1,0,0.0,0.0,0.0,0.0,0.0,51,-0.1416105093871293,0.9899224533422392,3.407142857142857,26.6,65.35119047619048,30.0,1023.2791666666666,motorway_junction,motorway
60925950,2024-12-16,40.8486832,-73.9391834,5,1,2.0,25.0,1,0,1.0,2.0,1.0,1.0,1.0,2,-0.1416105093871293,0.9899224533422392,3.407142857142857,26.6,65.35119047619048,30.0,1023.2791666666666,traffic_signals,primary
60925991,2024-12-16,40.8490251,-73.9411309,4,0,2.0,25.0,1,0,0.0,0.0,0.0,0.0,0.0,51,-0.1416105093871293,0.9899224533422392,3.407142857142857,26.6,65.35119047619048,30.0,1023.2791666666666,missing,primary
60926009,2024-12-16,40.8488344,-73.9401528,3,0,2.0,25.0,1,0,0.0,0.0,0.0,0.0,0.0,13,-0.1416105093871293,0.9899224533422392,3.407142857142857,26.6,65.35119047619048,30.0,1023.2791666666666,missing,primary
60926076,2024-12-16,40.8493131,-73.9389291,5,1,2.0,25.0,1,0,1.0,1.0,0.0,0.0,0.0,1,-0.1416105093871293,0.9899224533422392,3.407142857142857,26.6,65.35119047619048,30.0,1023.2791666666666,traffic_signals,primary
60926140,2024-12-16,40.8494764,-73.942199,3,0,2.0,,1,0,0.0,0.0,0.0,0.0,0.0,51,-0.1416105093871293,0.9899224533422392,3.407142857142857,26.6,65.35119047619048,30.0,1023.2791666666666,motorway_junction,motorway_link
60926616,2024-12-16,40.8483251,-73.9420607,3,0,1.0,25.0,1,0,0.0,0.0,0.0,0.0,0.0,51,-0.1416105093871293,0.9899224533422392,3.407142857142857,26.6,65.35119047619048,30.0,1023.2791666666666,missing,residential
60926787,2024-12-16,40.8505475,-73.9410342,3,0,2.0,,1,0,0.0,0.0,0.0,0.0,0.0,51,-0.1416105093871293,0.9899224533422392,3.407142857142857,26.6,65.35119047619048,30.0,1023.2791666666666,motorway_junction,motorway_link
60926904,2024-12-16,40.8467543,-73.9432631,3,0,2.0,,1,0,0.0,0.0,0.0,0.0,0.0,51,-0.1416105093871293,0.9899224533422392,3.407142857142857,26.6,65.35119047619048,30.0,1023.2791666666666,missing,motorway_link
60927291,2024-12-16,40.8458007,-73.9434484,3,0,2.0,,1,0,0.0,0.0,0.0,0.0,0.0,51,-0.1416105093871293,0.9899224533422392,3.407142857142857,26.6,65.35119047619048,30.0,1023.2791666666666,motorway_junction,motorway_link
60927487,2024-12-16,40.8467512,-73.9444012,3,0,1.0,,1,0,0.0,0.0,0.0,0.0,0.0,51,-0.1416105093871293,0.9899224533422392,3.407142857142857,26.6,65.35119047619048,30.0,1023.2791666666666,motorway_junction,motorway_link
60927650,2024-12-16,40.8445812,-73.9449217,3,0,2.0,50.0,1,0,0.0,0.0,0.0,0.0,0.0,51,-0.1416105093871293,0.9899224533422392,3.407142857142857,26.6,65.35119047619048,30.0,1023.2791666666666,motorway_junction,motorway
60927817,2024-12-16,40.8414892,-73.9443634,3,0,4.0,,1,0,0.0,0.0,0.0,0.0,0.0,51,-0.1416105093871293,0.9899224533422392,3.407142857142857,26.6,65.35119047619048,30.0,1023.2791666666666,missing,secondary
60927819,2024-12-16,40.8419918,-73.9441499,3,0,4.0,,1,0,0.0,0.0,0.0,0.0,0.0,25,-0.1416105093871293,0.9899224533422392,3.407142857142857,26.6,65.35119047619048,30.0,1023.2791666666666,missing,secondary
60927822,2024-12-16,40.8431837,-73.9439874,3,1,4.0,,1,0,0.0,3.0,0.0,0.0,0.0,4,-0.1416105093871293,0.9899224533422392,3.407142857142857,26.6,65.35119047619048,30.0,1023.2791666666666,traffic_signals,secondary
60927823,2024-12-16,40.8437003,-73.9439673,3,1,4.0,,1,0,0.0,0.0,0.0,0.0,0.0,51,-0.1416105093871293,0.9899224533422392,3.407142857142857,26.6,65.35119047619048,30.0,1023.2791666666666,traffic_signals,secondary
60927825,2024-12-16,40.8452666,-73.9437567,3,0,1.0,,1,0,0.0,0.0,0.0,0.0,0.0,51,-0.1416105093871293,0.9899224533422392,3.407142857142857,26.6,65.35119047619048,30.0,1023.2791666666666,missing,secondary
60927827,2024-12-16,40.8462078,-73.9435668,3,0,2.0,,1,0,0.0,1.0,0.0,0.0,0.0,7,-0.1416105093871293,0.9899224533422392,3.407142857142857,26.6,65.35119047619048,30.0,1023.2791666666666,missing,secondary
60927832,2024-12-16,40.8477205,-73.9435997,3,0,2.0,25.0,1,0,0.0,1.0,0.0,1.0,0.0,6,-0.1416105093871293,0.9899224533422392,3.407142857142857,26.6,65.35119047619048,30.0,1023.2791666666666,missing,secondary
60928137,2024-12-16,40.8460997,-73.9442154,3,0,2.0,,1,0,0.0,0.0,0.0,0.0,0.0,51,-0.1416105093871293,0.9899224533422392,3.407142857142857,26.6,65.35119047619048,30.0,1023.2791666666666,missing,motorway_link
60928402,2024-12-16,40.8414998,-73.9456414,3,0,3.0,50.0,1,0,0.0,0.0,0.0,0.0,0.0,51,-0.1416105093871293,0.9899224533422392,3.407142857142857,26.6,65.35119047619048,30.0,1023.2791666666666,missing,motorway
60928596,2024-12-16,40.8450495,-73.9432647,3,0,3.0,,1,0,0.0,0.0,0.0,0.0,0.0,51,-0.1416105093871293,0.9899224533422392,3.407142857142857,26.6,65.35119047619048,30.0,1023.2791666666666,missing,motorway_link
60928599,2024-12-16,40.8464253,-73.9430851,3,0,5.0,,1,0,0.0,0.0,0.0,0.0,0.0,51,-0.1416105093871293,0.9899224533422392,3.407142857142857,26.6,65.35119047619048,30.0,1023.2791666666666,motorway_junction,motorway_link
60928608,2024-12-16,40.8492152,-73.9420816,3,0,2.0,,1,0,0.0,0.0,0.0,0.0,0.0,51,-0.1416105093871293,0.9899224533422392,3.407142857142857,26.6,65.35119047619048,30.0,1023.2791666666666,motorway_junction,motorway_link
60928695,2024-12-16,40.8490646,-73.9413217,3,0,2.0,45.0,1,0,0.0,0.0,0.0,0.0,0.0,51,-0.1416105093871293,0.9899224533422392,3.407142857142857,26.6,65.35119047619048,30.0,1023.2791666666666,motorway_junction,motorway_link
60928941,2024-12-16,40.8497451,-73.9421393,3,0,2.0,,1,0,0.0,0.0,0.0,0.0,0.0,51,-0.1416105093871293,0.9899224533422392,3.407142857142857,26.6,65.35119047619048,30.0,1023.2791666666666,missing,motorway_link
60929022,2024-12-16,40.8467642,-73.9430387,3,0,3.0,,1,0,0.0,0.0,0.0,0.0,0.0,35,-0.1416105093871293,0.9899224533422392,3.407142857142857,26.6,65.35119047619048,30.0,1023.2791666666666,motorway_junction,motorway_link
60929261,2024-12-16,40.8517213,-73.9419656,3,0,2.0,25.0,1,0,1.0,1.0,0.0,0.0,0.0,2,-0.1416105093871293,0.9899224533422392,3.407142857142857,26.6,65.35119047619048,30.0,1023.2791666666666,missing,secondary
60929894,2024-12-16,40.8460927,-73.9430829,3,0,5.0,,1,0,0.0,0.0,0.0,0.0,0.0,50,-0.1416105093871293,0.9899224533422392,3.407142857142857,26.6,65.35119047619048,30.0,1023.2791666666666,missing,motorway_link
61269400,2024-12-16,40.7873443,-73.9831775,3,0,3.0,55.0,1,0,0.0,0.0,0.0,0.0,0.0,51,-0.1416105093871293,0.9899224533422392,3.407142857142857,26.6,65.35119047619048,30.0,1023.2791666666666,motorway_junction,motorway
61269797,2024-12-16,40.7816278,-73.9867312,3,0,3.0,50.0,1,0,0.0,0.0,0.0,0.0,0.0,51,-0.1416105093871293,0.9899224533422392,3.407142857142857,26.6,65.35119047619048,30.0,1023.2791666666666,missing,motorway
61271722,2024-12-16,40.7715328,-73.9942139,4,0,5.0,50.0,1,0,0.0,1.0,0.0,0.0,0.0,6,-0.1416105093871293,0.9899224533422392,3.407142857142857,26.6,65.35119047619048,30.0,1023.2791666666666,missing,motorway
61272284,2024-12-16,40.780231,-73.9875459,3,0,3.0,25.0,0,0,0.0,0.0,0.0,0.0,0.0,51,-0.1416105093871293,0.9899224533422392,3.407142857142857,26.6,65.35119047619048,30.0,1023.2791666666666,missing,residential
61272997,2024-12-16,40.7719981,-73.9941842,3,0,5.0,55.0,1,0,0.0,0.0,0.0,0.0,0.0,51,-0.1416105093871293,0.9899224533422392,3.407142857142857,26.6,65.35119047619048,30.0,1023.2791666666666,motorway_junction,motorway
61273001,2024-12-16,40.7708054,-73.9946779,3,0,5.0,30.0,1,0,0.0,0.0,0.0,0.0,0.0,51,-0.1416105093871293,0.9899224533422392,3.407142857142857,26.6,65.35119047619048,30.0,1023.2791666666666,missing,motorway
61273004,2024-12-16,40.7707028,-73.9944205,4,0,5.0,30.0,1,0,1.0,2.0,0.0,0.0,0.0,1,-0.1416105093871293,0.9899224533422392,3.407142857142857,26.6,65.35119047619048,30.0,1023.2791666666666,missing,trunk
61275380,2024-12-16,40.7699411,-73.994536,4,0,5.0,30.0,1,0,0.0,1.0,0.0,0.0,0.0,4,-0.1416105093871293,0.9899224533422392,3.407142857142857,26.6,65.35119047619048,30.0,1023.2791666666666,missing,trunk
6133355290,2024-12-16,40.7536872,-73.9662667,3,0,4.0,25.0,1,0,0.0,0.0,0.0,0.0,0.0,51,-0.1416105093871293,0.9899224533422392,3.407142857142857,26.6,65.35119047619048,30.0,1023.2791666666666,missing,primary
6159356499,2024-12-16,40.7984987,-73.9233187,3,0,3.0,40.0,1,0,0.0,0.0,0.0,0.0,0.0,51,-0.1416105093871293,0.9899224533422392,3.407142857142857,26.6,65.35119047619048,30.0,1023.2791666666666,missing,motorway
6166333235,2024-12-16,40.7464522,-73.974462,3,0,2.0,,1,0,0.0,0.0,0.0,0.0,0.0,51,-0.1416105093871293,0.9899224533422392,3.407142857142857,26.6,65.35119047619048,30.0,1023.2791666666666,missing,motorway_link
6166333257,2024-12-16,40.7471196,-73.9754887,3,0,2.0,25.0,1,0,0.0,0.0,0.0,0.0,0.0,51,-0.1416105093871293,0.9899224533422392,3.407142857142857,26.6,65.35119047619048,30.0,1023.2791666666666,missing,secondary
6166333258,2024-12-16,40.7469455,-73.9754354,3,0,1.0,,1,0,0.0,0.0,0.0,0.0,0.0,13,-0.1416105093871293,0.9899224533422392,3.407142857142857,26.6,65.35119047619048,30.0,1023.2791666666666,missing,motorway_link
6166969757,2024-12-16,40.8048929,-73.9624703,4,1,3.0,,1,0,0.0,0.0,0.0,0.0,0.0,11,-0.1416105093871293,0.9899224533422392,3.407142857142857,26.6,65.35119047619048,30.0,1023.2791666666666,traffic_signals,secondary
6173564360,2024-12-16,40.7729979,-73.9821059,4,0,3.0,25.0,1,0,1.0,1.0,1.0,0.0,0.0,2,-0.1416105093871293,0.9899224533422392,3.407142857142857,26.6,65.35119047619048,30.0,1023.2791666666666,missing,primary
6176483595,2024-12-16,40.7612397,-73.9639021,5,1,6.0,25.0,1,0,1.0,6.0,0.0,0.0,2.0,1,-0.1416105093871293,0.9899224533422392,3.407142857142857,26.6,65.35119047619048,30.0,1023.2791666666666,traffic_signals,primary
6176628861,2024-12-16,40.745191,-73.9709232,3,1,2.0,25.0,1,0,1.0,1.0,1.0,1.0,0.0,1,-0.1416105093871293,0.9899224533422392,3.407142857142857,26.6,65.35119047619048,30.0,1023.2791666666666,traffic_signals,primary
6177439749,2024-12-16,40.760251,-73.9615019,4,1,5.0,25.0,1,0,0.0,0.0,0.0,0.0,0.0,13,-0.1416105093871293,0.9899224533422392,3.407142857142857,26.6,65.35119047619048,30.0,1023.2791666666666,traffic_signals,primary
6177439750,2024-12-16,40.7635085,-73.969259,4,0,4.0,25.0,1,0,0.0,0.0,0.0,0.0,0.0,10,-0.1416105093871293,0.9899224533422392,3.407142857142857,26.6,65.35119047619048,30.0,1023.2791666666666,missing,primary
6177439752,2024-12-16,40.7635851,-73.9694394,4,0,4.0,25.0,1,0,0.0,0.0,0.0,0.0,0.0,51,-0.1416105093871293,0.9899224533422392,3.407142857142857,26.6,65.35119047619048,30.0,1023.2791666666666,missing,primary
6177439759,2024-12-16,40.7621951,-73.9661278,4,1,4.0,25.0,1,0,1.0,1.0,1.0,1.0,0.0,1,-0.1416105093871293,0.9899224533422392,3.407142857142857,26.6,65.35119047619048,30.0,1023.2791666666666,traffic_signals,primary
6181480033,2024-12-16,40.7871229,-73.9479214,4,1,4.0,,1,0,0.0,0.0,0.0,0.0,0.0,37,-0.1416105093871293,0.9899224533422392,3.407142857142857,26.6,65.35119047619048,30.0,1023.2791666666666,traffic_signals,primary
6185259892,2024-12-16,40.779687,-73.9443831,3,0,6.0,25.0,1,0,0.0,0.0,0.0,0.0,0.0,51,-0.1416105093871293,0.9899224533422392,3.407142857142857,26.6,65.35119047619048,30.0,1023.2791666666666,crossing,secondary
6198320765,2024-12-16,40.8168973,-73.9572758,3,1,3.0,,1,0,0.0,0.0,0.0,0.0,0.0,51,-0.1416105093871293,0.9899224533422392,3.407142857142857,26.6,65.35119047619048,30.0,1023.2791666666666,traffic_signals,primary
6207264908,2024-12-16,40.778601,-73.98161,4,1,4.0,25.0,1,0,2.0,2.0,1.0,1.0,0.0,1,-0.1416105093871293,0.9899224533422392,3.407142857142857,26.6,65.35119047619048,30.0,1023.2791666666666,traffic_signals,primary
6211332483,2024-12-16,40.7391128,-74.0031635,3,0,2.0,25.0,1,0,0.0,0.0,0.0,0.0,0.0,51,-0.1416105093871293,0.9899224533422392,3.407142857142857,26.6,65.35119047619048,30.0,1023.2791666666666,missing,residential
6211334202,2024-12-16,40.7368828,-74.0055274,4,1,2.0,25.0,1,0,1.0,1.0,0.0,0.0,0.0,1,-0.1416105093871293,0.9899224533422392,3.407142857142857,26.6,65.35119047619048,30.0,1023.2791666666666,traffic_signals,secondary
6213204061,2024-12-16,40.736611,-74.005314,3,0,,20.0,1,0,0.0,0.0,0.0,0.0,0.0,10,-0.1416105093871293,0.9899224533422392,3.407142857142857,26.6,65.35119047619048,30.0,1023.2791666666666,missing,residential
6223571521,2024-12-16,40.8100102,-73.9625801,3,1,3.0,25.0,1,0,0.0,0.0,0.0,0.0,0.0,51,-0.1416105093871293,0.9899224533422392,3.407142857142857,26.6,65.35119047619048,30.0,1023.2791666666666,traffic_signals,primary
6223571522,2024-12-16,40.8099318,-73.9623955,3,1,4.0,25.0,1,0,0.0,0.0,0.0,0.0,0.0,51,-0.1416105093871293,0.9899224533422392,3.407142857142857,26.6,65.35119047619048,30.0,1023.2791666666666,traffic_signals,primary
6223571523,2024-12-16,40.809363,-73.9630374,3,1,3.0,25.0,1,0,0.0,0.0,0.0,0.0,0.0,51,-0.1416105093871293,0.9899224533422392,3.407142857142857,26.6,65.35119047619048,30.0,1023.2791666666666,traffic_signals,primary
6223571524,2024-12-16,40.8092888,-73.9628599,3,1,4.0,25.0,1,0,0.0,1.0,0.0,0.0,0.0,7,-0.1416105093871293,0.9899224533422392,3.407142857142857,26.6,65.35119047619048,30.0,1023.2791666666666,traffic_signals,primary
6223969260,2024-12-16,40.7483045,-73.9881935,3,1,1.0,25.0,1,0,0.0,0.0,0.0,0.0,0.0,51,-0.1416105093871293,0.9899224533422392,3.407142857142857,26.6,65.35119047619048,30.0,1023.2791666666666,traffic_signals,residential
6262915547,2024-12-16,40.7083391,-74.0076543,3,0,1.0,20.0,1,0,0.0,0.0,0.0,0.0,0.0,8,-0.1416105093871293,0.9899224533422392,3.407142857142857,26.6,65.35119047619048,30.0,1023.2791666666666,missing,residential
6262915548,2024-12-16,40.7072416,-74.007454,4,1,2.0,20.0,1,0,0.0,0.0,0.0,0.0,0.0,27,-0.1416105093871293,0.9899224533422392,3.407142857142857,26.6,65.35119047619048,30.0,1023.2791666666666,traffic_signals,tertiary
6266152785,2024-12-16,40.8018953,-73.9300369,3,0,2.0,40.0,1,0,0.0,0.0,0.0,0.0,0.0,51,-0.1416105093871293,0.9899224533422392,3.407142857142857,26.6,65.35119047619048,30.0,1023.2791666666666,motorway_junction,motorway
627905367,2024-12-16,40.8073049,-73.9642951,3,1,3.0,,1,0,0.0,0.0,0.0,0.0,0.0,51,-0.1416105093871293,0.9899224533422392,3.407142857142857,26.6,65.35119047619048,30.0,1023.2791666666666,traffic_signals,primary
6289180287,2024-12-16,40.782228,-73.9443514,3,0,2.0,25.0,1,0,0.0,0.0,0.0,0.0,0.0,51,-0.1416105093871293,0.9899224533422392,3.407142857142857,26.6,65.35119047619048,30.0,1023.2791666666666,missing,secondary
6289180295,2024-12-16,40.7822424,-73.9444401,3,0,2.0,25.0,1,0,0.0,0.0,0.0,0.0,0.0,51,-0.1416105093871293,0.9899224533422392,3.407142857142857,26.6,65.35119047619048,30.0,1023.2791666666666,missing,secondary
6289180298,2024-12-16,40.7805009,-73.9441571,3,0,2.0,25.0,1,0,0.0,0.0,0.0,0.0,0.0,51,-0.1416105093871293,0.9899224533422392,3.407142857142857,26.6,65.35119047619048,30.0,1023.2791666666666,missing,secondary
62915509,2024-12-16,40.7630722,-73.9995988,4,0,4.0,30.0,1,0,0.0,0.0,0.0,0.0,0.0,20,-0.1416105093871293,0.9899224533422392,3.407142857142857,26.6,65.35119047619048,30.0,1023.2791666666666,missing,trunk
62915525,2024-12-16,40.7625524,-74.0002895,4,0,5.0,30.0,1,0,0.0,0.0,0.0,0.0,0.0,16,-0.1416105093871293,0.9899224533422392,3.407142857142857,26.6,65.35119047619048,30.0,1023.2791666666666,missing,trunk
62915527,2024-12-16,40.7636288,-73.9989729,3,0,4.0,30.0,1,0,0.0,0.0,0.0,0.0,0.0,51,-0.1416105093871293,0.9899224533422392,3.407142857142857,26.6,65.35119047619048,30.0,1023.2791666666666,missing,trunk
62915531,2024-12-16,40.7648743,-73.9980477,3,0,5.0,30.0,1,0,0.0,0.0,0.0,0.0,0.0,51,-0.1416105093871293,0.9899224533422392,3.407142857142857,26.6,65.35119047619048,30.0,1023.2791666666666,missing,trunk
62915536,2024-12-16,40.766122,-73.9971388,4,1,4.0,30.0,1,1,1.0,2.0,2.0,0.0,0.0,0,-0.1416105093871293,0.9899224533422392,3.407142857142857,26.6,65.35119047619048,30.0,1023.2791666666666,traffic_signals,trunk
62915549,2024-12-16,40.7619764,-74.0010599,4,1,5.0,30.0,1,0,0.0,1.0,0.0,0.0,0.0,7,-0.1416105093871293,0.9899224533422392,3.407142857142857,26.6,65.35119047619048,30.0,1023.2791666666666,traffic_signals,trunk
6330018917,2024-12-16,40.7124807,-73.9922797,4,1,2.0,20.0,1,0,1.0,1.0,0.0,0.0,0.0,2,-0.1416105093871293,0.9899224533422392,3.407142857142857,26.6,65.35119047619048,30.0,1023.2791666666666,traffic_signals,primary
6339939226,2024-12-16,40.7539315,-74.0033527,3,0,6.0,25.0,1,0,0.0,0.0,0.0,0.0,0.0,51,-0.1416105093871293,0.9899224533422392,3.407142857142857,26.6,65.35119047619048,30.0,1023.2791666666666,missing,secondary
6417761624,2024-12-16,40.71046,-74.0145533,3,0,6.0,30.0,1,0,0.0,0.0,0.0,0.0,0.0,51,-0.1416105093871293,0.9899224533422392,3.407142857142857,26.6,65.35119047619048,30.0,1023.2791666666666,missing,trunk
6431058183,2024-12-16,40.807775,-73.9529182,4,1,4.0,25.0,0,0,0.0,0.0,0.0,0.0,0.0,14,-0.1416105093871293,0.9899224533422392,3.407142857142857,26.6,65.35119047619048,30.0,1023.2791666666666,traffic_signals,secondary
6511274595,2024-12-16,40.8070815,-73.9335118,3,0,3.0,50.0,1,0,0.0,0.0,0.0,0.0,0.0,51,-0.1416105093871293,0.9899224533422392,3.407142857142857,26.6,65.35119047619048,30.0,1023.2791666666666,missing,motorway
6515269079,2024-12-16,40.8026118,-73.9307963,3,0,1.0,25.0,1,0,0.0,0.0,0.0,0.0,0.0,51,-0.1416105093871293,0.9899224533422392,3.407142857142857,26.6,65.35119047619048,30.0,1023.2791666666666,missing,secondary
6516908811,2024-12-16,40.8093528,-73.934988,3,0,2.0,50.0,1,0,0.0,0.0,0.0,0.0,0.0,51,-0.1416105093871293,0.9899224533422392,3.407142857142857,26.6,65.35119047619048,30.0,1023.2791666666666,motorway_junction,motorway
6518638079,2024-12-16,40.7382262,-74.0040312,3,0,2.0,25.0,1,0,0.0,0.0,0.0,0.0,0.0,51,-0.1416105093871293,0.9899224533422392,3.407142857142857,26.6,65.35119047619048,30.0,1023.2791666666666,missing,secondary
6575692624,2024-12-16,40.7589662,-74.0033682,3,0,5.0,30.0,1,0,0.0,0.0,0.0,0.0,0.0,51,-0.1416105093871293,0.9899224533422392,3.407142857142857,26.6,65.35119047619048,30.0,1023.2791666666666,missing,trunk
6636032331,2024-12-16,40.7545174,-74.0010655,3,1,1.0,25.0,1,0,0.0,0.0,0.0,0.0,0.0,51,-0.1416105093871293,0.9899224533422392,3.407142857142857,26.6,65.35119047619048,30.0,1023.2791666666666,traffic_signals,unclassified
6656258478,2024-12-16,40.754766,-74.001629,3,0,3.0,25.0,1,0,0.0,0.0,0.0,0.0,0.0,51,-0.1416105093871293,0.9899224533422392,3.407142857142857,26.6,65.35119047619048,30.0,1023.2791666666666,missing,unclassified
6656315591,2024-12-16,40.7545211,-74.0029219,3,0,6.0,25.0,1,0,0.0,0.0,0.0,0.0,0.0,25,-0.1416105093871293,0.9899224533422392,3.407142857142857,26.6,65.35119047619048,30.0,1023.2791666666666,missing,secondary
6680686184,2024-12-16,40.7595538,-73.9679487,4,1,3.0,25.0,1,0,0.0,0.0,0.0,0.0,0.0,35,-0.1416105093871293,0.9899224533422392,3.407142857142857,26.6,65.35119047619048,30.0,1023.2791666666666,traffic_signals,primary
6680686985,2024-12-16,40.7602235,-73.9674539,4,1,2.0,25.0,1,0,0.0,0.0,0.0,0.0,0.0,26,-0.1416105093871293,0.9899224533422392,3.407142857142857,26.6,65.35119047619048,30.0,1023.2791666666666,traffic_signals,primary
673008453,2024-12-16,40.7084065,-74.0047821,3,0,2.0,20.0,1,0,0.0,0.0,0.0,0.0,0.0,9,-0.1416105093871293,0.9899224533422392,3.407142857142857,26.6,65.35119047619048,30.0,1023.2791666666666,missing,residential
6744466013,2024-12-16,40.7627152,-73.961561,3,1,3.0,,1,0,0.0,0.0,0.0,0.0,0.0,51,-0.1416105093871293,0.9899224533422392,3.407142857142857,26.6,65.35119047619048,30.0,1023.2791666666666,traffic_signals,trunk
6813350876,2024-12-16,40.8158273,-73.9612283,3,1,2.0,,1,0,0.0,0.0,0.0,0.0,0.0,51,-0.1416105093871293,0.9899224533422392,3.407142857142857,26.6,65.35119047619048,30.0,1023.2791666666666,traffic_signals,secondary
6867580414,2024-12-16,40.8179509,-73.9604157,4,1,5.0,25.0,1,0,0.0,1.0,0.0,0.0,0.0,7,-0.1416105093871293,0.9899224533422392,3.407142857142857,26.6,65.35119047619048,30.0,1023.2791666666666,traffic_signals,secondary
6868145381,2024-12-16,40.8113749,-73.9640405,3,1,2.0,,1,0,0.0,0.0,0.0,0.0,0.0,26,-0.1416105093871293,0.9899224533422392,3.407142857142857,26.6,65.35119047619048,30.0,1023.2791666666666,traffic_signals,secondary
6882378422,2024-12-16,40.8610468,-73.9249627,3,0,,,1,0,0.0,0.0,0.0,0.0,0.0,51,-0.1416105093871293,0.9899224533422392,3.407142857142857,26.6,65.35119047619048,30.0,1023.2791666666666,missing,secondary
6885524021,2024-12-16,40.8253058,-73.9537325,3,0,2.0,,1,0,0.0,0.0,0.0,0.0,0.0,51,-0.1416105093871293,0.9899224533422392,3.407142857142857,26.6,65.35119047619048,30.0,1023.2791666666666,missing,secondary
6885524030,2024-12-16,40.8236481,-73.9552907,3,0,2.0,,1,0,0.0,0.0,0.0,0.0,0.0,51,-0.1416105093871293,0.9899224533422392,3.407142857142857,26.6,65.35119047619048,30.0,1023.2791666666666,missing,secondary
6979088365,2024-12-16,40.825333,-73.9536789,4,0,2.0,,1,0,0.0,0.0,0.0,0.0,0.0,51,-0.1416105093871293,0.9899224533422392,3.407142857142857,26.6,65.35119047619048,30.0,1023.2791666666666,missing,secondary
6979088367,2024-12-16,40.8253994,-73.9537502,3,0,2.0,,1,0,0.0,0.0,0.0,0.0,0.0,51,-0.1416105093871293,0.9899224533422392,3.407142857142857,26.6,65.35119047619048,30.0,1023.2791666666666,missing,secondary
7004393049,2024-12-16,40.8028712,-73.9677238,3,0,4.0,,1,0,0.0,0.0,0.0,0.0,0.0,51,-0.1416105093871293,0.9899224533422392,3.407142857142857,26.6,65.35119047619048,30.0,1023.2791666666666,missing,primary
7037071175,2024-12-16,40.754589,-73.9970628,4,1,1.0,25.0,1,0,0.0,0.0,0.0,0.0,0.0,51,-0.1416105093871293,0.9899224533422392,3.407142857142857,26.6,65.35119047619048,30.0,1023.2791666666666,traffic_signals,primary
7050687060,2024-12-16,40.7722805,-73.9862242,3,1,3.0,25.0,1,0,0.0,1.0,0.0,1.0,0.0,7,-0.1416105093871293,0.9899224533422392,3.407142857142857,26.6,65.35119047619048,30.0,1023.2791666666666,traffic_signals,primary
7073877295,2024-12-16,40.7583508,-74.0038169,3,0,5.0,30.0,1,0,0.0,0.0,0.0,0.0,0.0,51,-0.1416105093871293,0.9899224533422392,3.407142857142857,26.6,65.35119047619048,30.0,1023.2791666666666,missing,trunk
7076060066,2024-12-16,40.792956,-73.9480532,4,1,1.0,25.0,1,0,0.0,0.0,0.0,0.0,0.0,10,-0.1416105093871293,0.9899224533422392,3.407142857142857,26.6,65.35119047619048,30.0,1023.2791666666666,traffic_signals,primary
7076060068,2024-12-16,40.7928444,-73.9477848,4,0,1.0,25.0,1,0,0.0,0.0,0.0,0.0,0.0,51,-0.1416105093871293,0.9899224533422392,3.407142857142857,26.6,65.35119047619048,30.0,1023.2791666666666,missing,primary
7106818623,2024-12-16,40.7859742,-73.9688537,3,1,4.0,25.0,1,0,0.0,0.0,0.0,0.0,0.0,51,-0.1416105093871293,0.9899224533422392,3.407142857142857,26.6,65.35119047619048,30.0,1023.2791666666666,traffic_signals,secondary
7106818626,2024-12-16,40.7852965,-73.9693444,4,1,5.0,25.0,1,0,0.0,0.0,0.0,0.0,0.0,12,-0.1416105093871293,0.9899224533422392,3.407142857142857,26.6,65.35119047619048,30.0,1023.2791666666666,traffic_signals,secondary
7106818627,2024-12-16,40.786605,-73.9683927,3,1,4.0,25.0,1,0,0.0,0.0,0.0,0.0,0.0,51,-0.1416105093871293,0.9899224533422392,3.407142857142857,26.6,65.35119047619048,30.0,1023.2791666666666,traffic_signals,secondary
7132405535,2024-12-16,40.7159216,-73.9993221,4,1,1.0,20.0,1,0,0.0,0.0,0.0,0.0,0.0,24,-0.1416105093871293,0.9899224533422392,3.407142857142857,26.6,65.35119047619048,30.0,1023.2791666666666,traffic_signals,residential
7132405537,2024-12-16,40.7152927,-74.0007903,3,0,1.0,20.0,1,0,0.0,0.0,0.0,0.0,0.0,51,-0.1416105093871293,0.9899224533422392,3.407142857142857,26.6,65.35119047619048,30.0,1023.2791666666666,missing,residential
7132405547,2024-12-16,40.716211,-74.0001342,3,0,1.0,20.0,1,0,1.0,1.0,0.0,0.0,0.0,1,-0.1416105093871293,0.9899224533422392,3.407142857142857,26.6,65.35119047619048,30.0,1023.2791666666666,missing,residential
7132405548,2024-12-16,40.7139391,-73.9995713,3,0,4.0,20.0,1,0,0.0,0.0,0.0,0.0,0.0,51,-0.1416105093871293,0.9899224533422392,3.407142857142857,26.6,65.35119047619048,30.0,1023.2791666666666,missing,residential
7132814246,2024-12-16,40.841425,-73.9394464,3,0,2.0,25.0,1,0,0.0,0.0,0.0,0.0,0.0,51,-0.1416105093871293,0.9899224533422392,3.407142857142857,26.6,65.35119047619048,30.0,1023.2791666666666,missing,primary
7137281959,2024-12-16,40.7370745,-73.9748309,3,0,1.0,25.0,1,0,0.0,0.0,0.0,0.0,0.0,51,-0.1416105093871293,0.9899224533422392,3.407142857142857,26.6,65.35119047619048,30.0,1023.2791666666666,missing,residential
7137281963,2024-12-16,40.737103,-73.9750826,3,0,3.0,25.0,1,0,0.0,1.0,0.0,1.0,0.0,4,-0.1416105093871293,0.9899224533422392,3.407142857142857,26.6,65.35119047619048,30.0,1023.2791666666666,missing,residential
7147636389,2024-12-16,40.7309615,-73.9739374,4,1,2.0,40.0,1,0,0.0,0.0,0.0,0.0,0.0,51,-0.1416105093871293,0.9899224533422392,3.407142857142857,26.6,65.35119047619048,30.0,1023.2791666666666,traffic_signals,primary
7280430895,2024-12-16,40.7614359,-73.9978497,3,0,4.0,25.0,1,0,0.0,0.0,0.0,0.0,0.0,51,-0.1416105093871293,0.9899224533422392,3.407142857142857,26.6,65.35119047619048,30.0,1023.2791666666666,crossing,secondary
731930601,2024-12-16,40.7861197,-73.9292772,3,0,2.0,,0,0,0.0,0.0,0.0,0.0,0.0,51,-0.1416105093871293,0.9899224533422392,3.407142857142857,26.6,65.35119047619048,30.0,1023.2791666666666,missing,tertiary
731931110,2024-12-16,40.7956384,-73.921115,3,0,1.0,,1,0,0.0,0.0,0.0,0.0,0.0,51,-0.1416105093871293,0.9899224533422392,3.407142857142857,26.6,65.35119047619048,30.0,1023.2791666666666,missing,tertiary
731931141,2024-12-16,40.7964083,-73.921279,3,0,1.0,,1,0,0.0,0.0,0.0,0.0,0.0,51,-0.1416105093871293,0.9899224533422392,3.407142857142857,26.6,65.35119047619048,30.0,1023.2791666666666,missing,motorway_link
7372860100,2024-12-16,40.7432751,-73.9883247,3,0,4.0,25.0,1,0,0.0,0.0,0.0,0.0,0.0,51,-0.1416105093871293,0.9899224533422392,3.407142857142857,26.6,65.35119047619048,30.0,1023.2791666666666,missing,secondary
7372860102,2024-12-16,40.7427966,-73.9885771,3,0,1.0,25.0,1,0,0.0,0.0,0.0,0.0,0.0,51,-0.1416105093871293,0.9899224533422392,3.407142857142857,26.6,65.35119047619048,30.0,1023.2791666666666,missing,residential
740060236,2024-12-16,40.7852025,-73.928919,3,0,2.0,,1,0,0.0,0.0,0.0,0.0,0.0,51,-0.1416105093871293,0.9899224533422392,3.407142857142857,26.6,65.35119047619048,30.0,1023.2791666666666,stop,tertiary
7443621689,2024-12-16,40.7712271,-73.9935659,3,0,5.0,25.0,1,0,0.0,0.0,0.0,0.0,0.0,17,-0.1416105093871293,0.9899224533422392,3.407142857142857,26.6,65.35119047619048,30.0,1023.2791666666666,missing,primary
7476387556,2024-12-16,40.7175333,-73.9858645,4,0,1.0,25.0,1,0,0.0,0.0,0.0,0.0,0.0,51,-0.1416105093871293,0.9899224533422392,3.407142857142857,26.6,65.35119047619048,30.0,1023.2791666666666,missing,residential
7476469426,2024-12-16,40.7122115,-73.9807115,3,0,2.0,25.0,1,0,0.0,0.0,0.0,0.0,0.0,13,-0.1416105093871293,0.9899224533422392,3.407142857142857,26.6,65.35119047619048,30.0,1023.2791666666666,missing,residential
7476968854,2024-12-16,40.7130104,-74.0008309,3,0,2.0,25.0,1,0,0.0,0.0,0.0,0.0,0.0,36,-0.1416105093871293,0.9899224533422392,3.407142857142857,26.6,65.35119047619048,30.0,1023.2791666666666,crossing,residential
7476968855,2024-12-16,40.7130782,-74.0008317,3,1,2.0,10.0,1,0,0.0,0.0,0.0,0.0,0.0,26,-0.1416105093871293,0.9899224533422392,3.407142857142857,26.6,65.35119047619048,30.0,1023.2791666666666,traffic_signals,residential
7480301864,2024-12-16,40.7229037,-73.9887754,4,0,3.0,25.0,1,0,0.0,1.0,0.0,1.0,0.0,6,-0.1416105093871293,0.9899224533422392,3.407142857142857,26.6,65.35119047619048,30.0,1023.2791666666666,missing,primary
7480301866,2024-12-16,40.7228463,-73.9885922,4,0,3.0,25.0,1,0,0.0,0.0,0.0,0.0,0.0,17,-0.1416105093871293,0.9899224533422392,3.407142857142857,26.6,65.35119047619048,30.0,1023.2791666666666,missing,primary
7480301986,2024-12-16,40.7140532,-73.990218,4,1,4.0,25.0,1,0,0.0,0.0,0.0,0.0,0.0,38,-0.1416105093871293,0.9899224533422392,3.407142857142857,26.6,65.35119047619048,30.0,1023.2791666666666,traffic_signals,secondary
7480301987,2024-12-16,40.7143695,-73.9928102,4,0,2.0,20.0,1,0,0.0,0.0,0.0,0.0,0.0,25,-0.1416105093871293,0.9899224533422392,3.407142857142857,26.6,65.35119047619048,30.0,1023.2791666666666,missing,primary
7480346927,2024-12-16,40.714701,-73.9928559,3,0,2.0,20.0,1,0,0.0,0.0,0.0,0.0,0.0,51,-0.1416105093871293,0.9899224533422392,3.407142857142857,26.6,65.35119047619048,30.0,1023.2791666666666,missing,primary
7480410410,2024-12-16,40.7153571,-73.9933988,4,1,2.0,25.0,1,1,1.0,1.0,0.0,0.0,0.0,0,-0.1416105093871293,0.9899224533422392,3.407142857142857,26.6,65.35119047619048,30.0,1023.2791666666666,traffic_signals,secondary
7491182055,2024-12-16,40.8222735,-73.9562099,3,1,2.0,,1,0,0.0,0.0,0.0,0.0,0.0,19,-0.1416105093871293,0.9899224533422392,3.407142857142857,26.6,65.35119047619048,30.0,1023.2791666666666,traffic_signals,secondary
7491182059,2024-12-16,40.82357,-73.9554447,3,1,2.0,,1,0,0.0,0.0,0.0,0.0,0.0,51,-0.1416105093871293,0.9899224533422392,3.407142857142857,26.6,65.35119047619048,30.0,1023.2791666666666,traffic_signals,secondary
7491225319,2024-12-16,40.8217442,-73.9568342,3,0,2.0,,1,0,0.0,0.0,0.0,0.0,0.0,51,-0.1416105093871293,0.9899224533422392,3.407142857142857,26.6,65.35119047619048,30.0,1023.2791666666666,missing,secondary
7499263656,2024-12-16,40.7143755,-73.981322,3,0,2.0,25.0,0,0,0.0,0.0,0.0,0.0,0.0,31,-0.1416105093871293,0.9899224533422392,3.407142857142857,26.6,65.35119047619048,30.0,1023.2791666666666,missing,primary
7500756892,2024-12-16,40.7174266,-73.9829775,3,0,2.0,25.0,1,0,1.0,2.0,0.0,0.0,0.0,2,-0.1416105093871293,0.9899224533422392,3.407142857142857,26.6,65.35119047619048,30.0,1023.2791666666666,missing,residential
7541804761,2024-12-16,40.8127563,-73.9376408,4,1,4.0,25.0,1,1,1.0,2.0,1.0,1.0,1.0,0,-0.1416105093871293,0.9899224533422392,3.407142857142857,26.6,65.35119047619048,30.0,1023.2791666666666,traffic_signals,secondary
7541804762,2024-12-16,40.8120958,-73.9360803,5,1,4.0,25.0,1,0,0.0,0.0,0.0,0.0,0.0,51,-0.1416105093871293,0.9899224533422392,3.407142857142857,26.6,65.35119047619048,30.0,1023.2791666666666,traffic_signals,secondary
7598970693,2024-12-16,40.8120077,-73.9550848,3,0,5.0,25.0,1,0,1.0,2.0,0.0,0.0,1.0,1,-0.1416105093871293,0.9899224533422392,3.407142857142857,26.6,65.35119047619048,30.0,1023.2791666666666,missing,primary
7612925053,2024-12-16,40.7176751,-73.9859886,3,1,3.0,25.0,1,0,0.0,0.0,0.0,0.0,0.0,51,-0.1416105093871293,0.9899224533422392,3.407142857142857,26.6,65.35119047619048,30.0,1023.2791666666666,traffic_signals,primary
761293063,2024-12-16,40.834803,-73.9476795,3,0,1.0,,1,0,0.0,0.0,0.0,0.0,0.0,51,-0.1416105093871293,0.9899224533422392,3.407142857142857,26.6,65.35119047619048,30.0,1023.2791666666666,missing,secondary
761293064,2024-12-16,40.8344109,-73.947965,3,0,1.0,,1,0,0.0,0.0,0.0,0.0,0.0,51,-0.1416105093871293,0.9899224533422392,3.407142857142857,26.6,65.35119047619048,30.0,1023.2791666666666,missing,secondary
761293090,2024-12-16,40.834324,-73.9477493,3,0,1.0,,1,0,0.0,0.0,0.0,0.0,0.0,51,-0.1416105093871293,0.9899224533422392,3.407142857142857,26.6,65.35119047619048,30.0,1023.2791666666666,missing,secondary
761329683,2024-12-16,40.8344225,-73.9476826,3,0,1.0,,1,0,0.0,0.0,0.0,0.0,0.0,51,-0.1416105093871293,0.9899224533422392,3.407142857142857,26.6,65.35119047619048,30.0,1023.2791666666666,missing,secondary
7616585434,2024-12-16,40.8115063,-73.9364361,3,0,3.0,25.0,1,0,0.0,0.0,0.0,0.0,0.0,38,-0.1416105093871293,0.9899224533422392,3.407142857142857,26.6,65.35119047619048,30.0,1023.2791666666666,missing,secondary
7616688918,2024-12-16,40.817536,-73.9607211,4,0,3.0,25.0,1,0,0.0,0.0,0.0,0.0,0.0,28,-0.1416105093871293,0.9899224533422392,3.407142857142857,26.6,65.35119047619048,30.0,1023.2791666666666,missing,secondary
7620445877,2024-12-16,40.8033426,-73.9528149,3,0,,,1,0,0.0,0.0,0.0,0.0,0.0,16,-0.1416105093871293,0.9899224533422392,3.407142857142857,26.6,65.35119047619048,30.0,1023.2791666666666,missing,tertiary
7620540917,2024-12-16,40.8113373,-73.9639549,4,1,4.0,,1,0,0.0,0.0,0.0,0.0,0.0,51,-0.1416105093871293,0.9899224533422392,3.407142857142857,26.6,65.35119047619048,30.0,1023.2791666666666,traffic_signals,secondary
7620631148,2024-12-16,40.82116,-73.9574917,4,1,4.0,,1,0,0.0,1.0,0.0,0.0,0.0,5,-0.1416105093871293,0.9899224533422392,3.407142857142857,26.6,65.35119047619048,30.0,1023.2791666666666,traffic_signals,secondary
7641820943,2024-12-16,40.8017651,-73.9312131,5,1,5.0,30.0,1,0,0.0,0.0,0.0,0.0,0.0,51,-0.1416105093871293,0.9899224533422392,3.407142857142857,26.6,65.35119047619048,30.0,1023.2791666666666,traffic_signals,primary
764744759,2024-12-16,40.8184772,-73.9612924,3,0,2.0,,1,0,0.0,0.0,0.0,0.0,0.0,51,-0.1416105093871293,0.9899224533422392,3.407142857142857,26.6,65.35119047619048,30.0,1023.2791666666666,missing,secondary
765367023,2024-12-16,40.8408049,-73.9354698,3,0,1.0,25.0,1,0,0.0,0.0,0.0,0.0,0.0,25,-0.1416105093871293,0.9899224533422392,3.407142857142857,26.6,65.35119047619048,30.0,1023.2791666666666,missing,residential
7732243546,2024-12-16,40.8047385,-73.9582498,3,0,,,1,0,1.0,1.0,0.0,0.0,0.0,2,-0.1416105093871293,0.9899224533422392,3.407142857142857,26.6,65.35119047619048,30.0,1023.2791666666666,missing,residential
7732243573,2024-12-16,40.8146523,-73.9362392,5,1,3.0,25.0,1,1,1.0,1.0,0.0,0.0,0.0,0,-0.1416105093871293,0.9899224533422392,3.407142857142857,26.6,65.35119047619048,30.0,1023.2791666666666,traffic_signals,secondary
7732243576,2024-12-16,40.8116473,-73.9348857,3,0,1.0,25.0,1,0,0.0,0.0,0.0,0.0,0.0,23,-0.1416105093871293,0.9899224533422392,3.407142857142857,26.6,65.35119047619048,30.0,1023.2791666666666,missing,residential
7732551670,2024-12-16,40.8160871,-73.9621672,3,0,2.0,,1,0,0.0,0.0,0.0,0.0,0.0,14,-0.1416105093871293,0.9899224533422392,3.407142857142857,26.6,65.35119047619048,30.0,1023.2791666666666,missing,secondary
7732571885,2024-12-16,40.813975,-73.9621943,3,0,2.0,,1,0,0.0,0.0,0.0,0.0,0.0,51,-0.1416105093871293,0.9899224533422392,3.407142857142857,26.6,65.35119047619048,30.0,1023.2791666666666,missing,secondary
7732571915,2024-12-16,40.8170513,-73.9595343,3,1,5.0,25.0,1,0,0.0,0.0,0.0,0.0,0.0,51,-0.1416105093871293,0.9899224533422392,3.407142857142857,26.6,65.35119047619048,30.0,1023.2791666666666,traffic_signals,secondary
7732571917,2024-12-16,40.818157,-73.9602609,3,0,5.0,25.0,1,1,1.0,1.0,0.0,0.0,0.0,0,-0.1416105093871293,0.9899224533422392,3.407142857142857,26.6,65.35119047619048,30.0,1023.2791666666666,missing,residential
7732653969,2024-12-16,40.8187602,-73.9559061,4,1,2.0,,1,0,0.0,0.0,0.0,0.0,0.0,51,-0.1416105093871293,0.9899224533422392,3.407142857142857,26.6,65.35119047619048,30.0,1023.2791666666666,traffic_signals,primary
7732653970,2024-12-16,40.8188507,-73.9561236,4,1,3.0,,1,1,1.0,1.0,1.0,1.0,0.0,0,-0.1416105093871293,0.9899224533422392,3.407142857142857,26.6,65.35119047619048,30.0,1023.2791666666666,traffic_signals,primary
7732653971,2024-12-16,40.8193913,-73.9554594,3,0,2.0,,1,0,0.0,0.0,0.0,0.0,0.0,34,-0.1416105093871293,0.9899224533422392,3.407142857142857,26.6,65.35119047619048,30.0,1023.2791666666666,missing,primary
7732654931,2024-12-16,40.8163681,-73.9579439,5,1,2.0,25.0,1,0,0.0,0.0,0.0,0.0,0.0,41,-0.1416105093871293,0.9899224533422392,3.407142857142857,26.6,65.35119047619048,30.0,1023.2791666666666,traffic_signals,primary
7732654932,2024-12-16,40.8169831,-73.9574793,4,1,3.0,25.0,1,0,0.0,0.0,0.0,0.0,0.0,32,-0.1416105093871293,0.9899224533422392,3.407142857142857,26.6,65.35119047619048,30.0,1023.2791666666666,traffic_signals,primary
7734633950,2024-12-16,40.7852222,-73.9306953,3,0,,10.0,1,0,0.0,0.0,0.0,0.0,0.0,51,-0.1416105093871293,0.9899224533422392,3.407142857142857,26.6,65.35119047619048,30.0,1023.2791666666666,missing,unclassified
7734748115,2024-12-16,40.8000897,-73.9235565,3,0,,,1,0,0.0,0.0,0.0,0.0,0.0,51,-0.1416105093871293,0.9899224533422392,3.407142857142857,26.6,65.35119047619048,30.0,1023.2791666666666,missing,unclassified
7734748123,2024-12-16,40.7994731,-73.9219927,3,0,,,1,0,0.0,0.0,0.0,0.0,0.0,51,-0.1416105093871293,0.9899224533422392,3.407142857142857,26.6,65.35119047619048,30.0,1023.2791666666666,missing,unclassified
7734748127,2024-12-16,40.7993888,-73.9220479,3,0,,,1,0,0.0,0.0,0.0,0.0,0.0,51,-0.1416105093871293,0.9899224533422392,3.407142857142857,26.6,65.35119047619048,30.0,1023.2791666666666,missing,unclassified
7738506172,2024-12-16,40.7928528,-73.9226229,3,0,,,1,0,0.0,0.0,0.0,0.0,0.0,51,-0.1416105093871293,0.9899224533422392,3.407142857142857,26.6,65.35119047619048,30.0,1023.2791666666666,missing,tertiary
7777321715,2024-12-16,40.7922463,-73.9441827,3,1,4.0,,1,0,0.0,0.0,0.0,0.0,0.0,39,-0.1416105093871293,0.9899224533422392,3.407142857142857,26.6,65.35119047619048,30.0,1023.2791666666666,traffic_signals,primary
7785782284,2024-12-16,40.8054609,-73.9677213,3,0,1.0,,1,0,0.0,0.0,0.0,0.0,0.0,51,-0.1416105093871293,0.9899224533422392,3.407142857142857,26.6,65.35119047619048,30.0,1023.2791666666666,stop,residential
7801840675,2024-12-16,40.7961189,-73.9614548,3,1,4.0,25.0,1,0,0.0,0.0,0.0,0.0,0.0,39,-0.1416105093871293,0.9899224533422392,3.407142857142857,26.6,65.35119047619048,30.0,1023.2791666666666,traffic_signals,secondary
7802856341,2024-12-16,40.7730391,-73.978289,3,1,4.0,25.0,1,0,0.0,0.0,0.0,0.0,0.0,14,-0.1416105093871293,0.9899224533422392,3.407142857142857,26.6,65.35119047619048,30.0,1023.2791666666666,traffic_signals,secondary
7802856349,2024-12-16,40.7736592,-73.9778345,3,1,4.0,25.0,1,0,0.0,1.0,0.0,0.0,0.0,5,-0.1416105093871293,0.9899224533422392,3.407142857142857,26.6,65.35119047619048,30.0,1023.2791666666666,traffic_signals,secondary
7802856352,2024-12-16,40.7724211,-73.9787387,4,1,4.0,25.0,1,0,0.0,0.0,0.0,0.0,0.0,10,-0.1416105093871293,0.9899224533422392,3.407142857142857,26.6,65.35119047619048,30.0,1023.2791666666666,traffic_signals,secondary
7802856356,2024-12-16,40.7749199,-73.9769198,3,1,4.0,25.0,1,0,0.0,0.0,0.0,0.0,0.0,19,-0.1416105093871293,0.9899224533422392,3.407142857142857,26.6,65.35119047619048,30.0,1023.2791666666666,traffic_signals,secondary
7802856365,2024-12-16,40.7717854,-73.9792016,4,1,4.0,25.0,1,0,1.0,1.0,1.0,0.0,1.0,1,-0.1416105093871293,0.9899224533422392,3.407142857142857,26.6,65.35119047619048,30.0,1023.2791666666666,traffic_signals,secondary
7802856372,2024-12-16,40.774293,-73.9773736,3,1,4.0,25.0,1,1,2.0,2.0,1.0,0.0,1.0,0,-0.1416105093871293,0.9899224533422392,3.407142857142857,26.6,65.35119047619048,30.0,1023.2791666666666,traffic_signals,secondary
7907957252,2024-12-16,40.8319585,-73.9505849,3,0,3.0,50.0,1,0,0.0,0.0,0.0,0.0,0.0,51,-0.1416105093871293,0.9899224533422392,3.407142857142857,26.6,65.35119047619048,30.0,1023.2791666666666,motorway_junction,motorway
7908589044,2024-12-16,40.8418145,-73.9454066,3,0,3.0,50.0,1,0,0.0,0.0,0.0,0.0,0.0,51,-0.1416105093871293,0.9899224533422392,3.407142857142857,26.6,65.35119047619048,30.0,1023.2791666666666,missing,motorway
7910052385,2024-12-16,40.7958825,-73.9768851,3,0,4.0,50.0,1,0,0.0,0.0,0.0,0.0,0.0,51,-0.1416105093871293,0.9899224533422392,3.407142857142857,26.6,65.35119047619048,30.0,1023.2791666666666,motorway_junction,motorway
7911307251,2024-12-16,40.8500707,-73.9431817,3,0,3.0,50.0,1,0,0.0,0.0,0.0,0.0,0.0,51,-0.1416105093871293,0.9899224533422392,3.407142857142857,26.6,65.35119047619048,30.0,1023.2791666666666,missing,motorway
7911307252,2024-12-16,40.8483137,-73.9427169,3,0,2.0,,1,0,0.0,0.0,0.0,0.0,0.0,51,-0.1416105093871293,0.9899224533422392,3.407142857142857,26.6,65.35119047619048,30.0,1023.2791666666666,missing,motorway_link
7911452062,2024-12-16,40.8509814,-73.9414698,3,0,,,1,0,0.0,0.0,0.0,0.0,0.0,51,-0.1416105093871293,0.9899224533422392,3.407142857142857,26.6,65.35119047619048,30.0,1023.2791666666666,missing,secondary
7912855687,2024-12-16,40.7850603,-73.9828455,4,0,3.0,25.0,1,0,0.0,0.0,0.0,0.0,0.0,51,-0.1416105093871293,0.9899224533422392,3.407142857142857,26.6,65.35119047619048,30.0,1023.2791666666666,missing,secondary
7925143983,2024-12-16,40.8013714,-73.9343366,3,0,,,1,0,0.0,0.0,0.0,0.0,0.0,51,-0.1416105093871293,0.9899224533422392,3.407142857142857,26.6,65.35119047619048,30.0,1023.2791666666666,missing,residential
7937558690,2024-12-16,40.7992407,-73.9216636,3,0,,,1,0,0.0,0.0,0.0,0.0,0.0,51,-0.1416105093871293,0.9899224533422392,3.407142857142857,26.6,65.35119047619048,30.0,1023.2791666666666,missing,unclassified
7937558691,2024-12-16,40.7991781,-73.9217445,3,0,,,1,0,0.0,0.0,0.0,0.0,0.0,51,-0.1416105093871293,0.9899224533422392,3.407142857142857,26.6,65.35119047619048,30.0,1023.2791666666666,missing,unclassified
8122411159,2024-12-16,40.7514181,-73.9780429,3,0,3.0,25.0,1,0,0.0,0.0,0.0,0.0,0.0,51,-0.1416105093871293,0.9899224533422392,3.407142857142857,26.6,65.35119047619048,30.0,1023.2791666666666,missing,residential
8133385388,2024-12-16,40.7604309,-73.9674577,3,0,3.0,25.0,1,0,0.0,0.0,0.0,0.0,0.0,51,-0.1416105093871293,0.9899224533422392,3.407142857142857,26.6,65.35119047619048,30.0,1023.2791666666666,missing,primary
8262936580,2024-12-16,40.7115948,-74.0084808,3,0,4.0,20.0,1,0,0.0,0.0,0.0,0.0,0.0,51,-0.1416105093871293,0.9899224533422392,3.407142857142857,26.6,65.35119047619048,30.0,1023.2791666666666,missing,secondary
8262936586,2024-12-16,40.7113856,-74.0082065,3,0,2.0,20.0,1,0,0.0,0.0,0.0,0.0,0.0,51,-0.1416105093871293,0.9899224533422392,3.407142857142857,26.6,65.35119047619048,30.0,1023.2791666666666,missing,secondary
8288270047,2024-12-16,40.744116,-74.0085554,3,0,3.0,30.0,1,0,0.0,0.0,0.0,0.0,0.0,51,-0.1416105093871293,0.9899224533422392,3.407142857142857,26.6,65.35119047619048,30.0,1023.2791666666666,missing,trunk
8310246627,2024-12-16,40.711329,-73.9898147,3,0,1.0,20.0,1,0,0.0,0.0,0.0,0.0,0.0,19,-0.1416105093871293,0.9899224533422392,3.407142857142857,26.6,65.35119047619048,30.0,1023.2791666666666,crossing,residential
8316781084,2024-12-16,40.8461493,-73.9317009,3,0,2.0,,1,0,0.0,0.0,0.0,0.0,0.0,51,-0.1416105093871293,0.9899224533422392,3.407142857142857,26.6,65.35119047619048,30.0,1023.2791666666666,motorway_junction,motorway_link
8344404000,2024-12-16,40.8404944,-73.9401219,3,0,3.0,,1,0,0.0,0.0,0.0,0.0,0.0,51,-0.1416105093871293,0.9899224533422392,3.407142857142857,26.6,65.35119047619048,30.0,1023.2791666666666,missing,primary
8344404001,2024-12-16,40.8405794,-73.9402787,3,0,2.0,,1,0,0.0,0.0,0.0,0.0,0.0,51,-0.1416105093871293,0.9899224533422392,3.407142857142857,26.6,65.35119047619048,30.0,1023.2791666666666,missing,primary
8482948064,2024-12-16,40.7438891,-73.9815652,4,0,4.0,25.0,1,0,0.0,0.0,0.0,0.0,0.0,15,-0.1416105093871293,0.9899224533422392,3.407142857142857,26.6,65.35119047619048,30.0,1023.2791666666666,missing,secondary
8648032265,2024-12-16,40.7293914,-74.0057654,3,0,1.0,20.0,1,0,0.0,0.0,0.0,0.0,0.0,51,-0.1416105093871293,0.9899224533422392,3.407142857142857,26.6,65.35119047619048,30.0,1023.2791666666666,missing,secondary
8648032268,2024-12-16,40.7293021,-74.0052199,3,0,3.0,25.0,1,0,0.0,0.0,0.0,0.0,0.0,14,-0.1416105093871293,0.9899224533422392,3.407142857142857,26.6,65.35119047619048,30.0,1023.2791666666666,missing,secondary
8677891126,2024-12-16,40.7471427,-73.9758231,3,0,1.0,,1,0,0.0,0.0,0.0,0.0,0.0,51,-0.1416105093871293,0.9899224533422392,3.407142857142857,26.6,65.35119047619048,30.0,1023.2791666666666,missing,motorway_link
8828140387,2024-12-16,40.7797691,-73.9443667,4,1,2.0,25.0,1,0,0.0,0.0,0.0,0.0,0.0,47,-0.1416105093871293,0.9899224533422392,3.407142857142857,26.6,65.35119047619048,30.0,1023.2791666666666,traffic_signals,secondary
8840333846,2024-12-16,40.7115277,-74.0104404,3,1,3.0,20.0,1,0,0.0,0.0,0.0,0.0,0.0,51,-0.1416105093871293,0.9899224533422392,3.407142857142857,26.6,65.35119047619048,30.0,1023.2791666666666,traffic_signals,secondary
8840333851,2024-12-16,40.7120585,-74.0101209,3,1,3.0,20.0,1,0,0.0,0.0,0.0,0.0,0.0,10,-0.1416105093871293,0.9899224533422392,3.407142857142857,26.6,65.35119047619048,30.0,1023.2791666666666,traffic_signals,secondary
889298452,2024-12-16,40.7118516,-74.0156855,3,0,2.0,20.0,1,0,0.0,0.0,0.0,0.0,0.0,51,-0.1416105093871293,0.9899224533422392,3.407142857142857,26.6,65.35119047619048,30.0,1023.2791666666666,missing,residential
8904913030,2024-12-16,40.8590785,-73.9314426,3,0,4.0,,1,0,0.0,0.0,0.0,0.0,0.0,51,-0.1416105093871293,0.9899224533422392,3.407142857142857,26.6,65.35119047619048,30.0,1023.2791666666666,missing,primary
8996353563,2024-12-16,40.7204261,-74.0032974,3,0,4.0,25.0,1,0,1.0,1.0,1.0,1.0,0.0,2,-0.1416105093871293,0.9899224533422392,3.407142857142857,26.6,65.35119047619048,30.0,1023.2791666666666,missing,primary
9019680388,2024-12-16,40.7608084,-73.9982421,4,1,4.0,25.0,1,0,0.0,0.0,0.0,0.0,0.0,51,-0.1416105093871293,0.9899224533422392,3.407142857142857,26.6,65.35119047619048,30.0,1023.2791666666666,traffic_signals,primary
9019680389,2024-12-16,40.7601279,-73.9987232,4,1,3.0,25.0,1,0,0.0,0.0,0.0,0.0,0.0,51,-0.1416105093871293,0.9899224533422392,3.407142857142857,26.6,65.35119047619048,30.0,1023.2791666666666,traffic_signals,primary
9019680390,2024-12-16,40.7595158,-73.9991828,3,1,3.0,25.0,1,0,1.0,6.0,0.0,0.0,0.0,1,-0.1416105093871293,0.9899224533422392,3.407142857142857,26.6,65.35119047619048,30.0,1023.2791666666666,traffic_signals,primary
9121386334,2024-12-16,40.71312,-74.0039898,3,1,2.0,30.0,1,0,0.0,0.0,0.0,0.0,0.0,51,-0.1416105093871293,0.9899224533422392,3.407142857142857,26.6,65.35119047619048,30.0,1023.2791666666666,traffic_signals,secondary
9121386338,2024-12-16,40.7136604,-74.003649,4,1,2.0,20.0,1,0,0.0,0.0,0.0,0.0,0.0,18,-0.1416105093871293,0.9899224533422392,3.407142857142857,26.6,65.35119047619048,30.0,1023.2791666666666,traffic_signals,secondary
9140654137,2024-12-16,40.752195,-73.9776221,3,0,3.0,25.0,1,0,0.0,1.0,0.0,0.0,0.0,7,-0.1416105093871293,0.9899224533422392,3.407142857142857,26.6,65.35119047619048,30.0,1023.2791666666666,missing,primary
9140924713,2024-12-16,40.7700328,-73.9947846,4,0,5.0,30.0,1,0,0.0,0.0,0.0,0.0,0.0,51,-0.1416105093871293,0.9899224533422392,3.407142857142857,26.6,65.35119047619048,30.0,1023.2791666666666,missing,trunk
9140954071,2024-12-16,40.7692588,-73.9948504,4,0,6.0,30.0,1,0,1.0,2.0,2.0,1.0,0.0,2,-0.1416105093871293,0.9899224533422392,3.407142857142857,26.6,65.35119047619048,30.0,1023.2791666666666,missing,trunk
9150629570,2024-12-16,40.825397,-73.9362364,3,1,3.0,25.0,1,0,0.0,0.0,0.0,0.0,0.0,24,-0.1416105093871293,0.9899224533422392,3.407142857142857,26.6,65.35119047619048,30.0,1023.2791666666666,traffic_signals,primary
9153608678,2024-12-16,40.8267946,-73.9376391,4,0,1.0,25.0,1,0,0.0,0.0,0.0,0.0,0.0,16,-0.1416105093871293,0.9899224533422392,3.407142857142857,26.6,65.35119047619048,30.0,1023.2791666666666,missing,secondary
9153702893,2024-12-16,40.8056429,-73.9343963,4,0,2.0,25.0,1,0,0.0,0.0,0.0,0.0,0.0,31,-0.1416105093871293,0.9899224533422392,3.407142857142857,26.6,65.35119047619048,30.0,1023.2791666666666,missing,primary
9153856274,2024-12-16,40.8001625,-73.9239823,3,0,,,1,0,0.0,0.0,0.0,0.0,0.0,51,-0.1416105093871293,0.9899224533422392,3.407142857142857,26.6,65.35119047619048,30.0,1023.2791666666666,missing,unclassified
9153856304,2024-12-16,40.7958546,-73.9203513,3,0,1.0,,1,0,0.0,0.0,0.0,0.0,0.0,51,-0.1416105093871293,0.9899224533422392,3.407142857142857,26.6,65.35119047619048,30.0,1023.2791666666666,missing,tertiary
9166033061,2024-12-16,40.7221638,-73.9863339,4,0,3.0,25.0,1,0,0.0,0.0,0.0,0.0,0.0,36,-0.1416105093871293,0.9899224533422392,3.407142857142857,26.6,65.35119047619048,30.0,1023.2791666666666,missing,primary
9166033062,2024-12-16,40.7222849,-73.9862671,4,0,3.0,25.0,1,0,3.0,3.0,2.0,0.0,2.0,1,-0.1416105093871293,0.9899224533422392,3.407142857142857,26.6,65.35119047619048,30.0,1023.2791666666666,missing,primary
9166213997,2024-12-16,40.8513723,-73.9412123,5,0,2.0,25.0,1,0,0.0,0.0,0.0,0.0,0.0,8,-0.1416105093871293,0.9899224533422392,3.407142857142857,26.6,65.35119047619048,30.0,1023.2791666666666,missing,secondary
9168918373,2024-12-16,40.7972178,-73.9756094,3,0,4.0,50.0,1,0,0.0,0.0,0.0,0.0,0.0,51,-0.1416105093871293,0.9899224533422392,3.407142857142857,26.6,65.35119047619048,30.0,1023.2791666666666,missing,motorway
9170816532,2024-12-16,40.772973,-73.9820473,4,0,5.0,25.0,1,0,0.0,0.0,0.0,0.0,0.0,51,-0.1416105093871293,0.9899224533422392,3.407142857142857,26.6,65.35119047619048,30.0,1023.2791666666666,missing,primary
9177424867,2024-12-16,40.7778034,-73.9821832,4,0,3.0,,1,0,0.0,0.0,0.0,0.0,0.0,51,-0.1416105093871293,0.9899224533422392,3.407142857142857,26.6,65.35119047619048,30.0,1023.2791666666666,missing,primary
9177424868,2024-12-16,40.7779122,-73.982096,4,1,3.0,25.0,1,0,0.0,0.0,0.0,0.0,0.0,51,-0.1416105093871293,0.9899224533422392,3.407142857142857,26.6,65.35119047619048,30.0,1023.2791666666666,traffic_signals,primary
9177540204,2024-12-16,40.7605454,-73.9672227,3,0,2.0,25.0,1,0,0.0,0.0,0.0,0.0,0.0,51,-0.1416105093871293,0.9899224533422392,3.407142857142857,26.6,65.35119047619048,30.0,1023.2791666666666,missing,primary
9181525951,2024-12-16,40.7076904,-74.0155198,3,0,4.0,30.0,1,0,0.0,0.0,0.0,0.0,0.0,51,-0.1416105093871293,0.9899224533422392,3.407142857142857,26.6,65.35119047619048,30.0,1023.2791666666666,missing,trunk
9338511504,2024-12-16,40.859313,-73.9342479,4,0,1.0,20.0,1,0,0.0,0.0,0.0,0.0,0.0,51,-0.1416105093871293,0.9899224533422392,3.407142857142857,26.6,65.35119047619048,30.0,1023.2791666666666,missing,tertiary
9338511505,2024-12-16,40.8590989,-73.9342474,3,0,2.0,20.0,1,0,0.0,0.0,0.0,0.0,0.0,51,-0.1416105093871293,0.9899224533422392,3.407142857142857,26.6,65.35119047619048,30.0,1023.2791666666666,missing,tertiary
9421943093,2024-12-16,40.7571762,-73.9993866,3,0,2.0,25.0,1,0,0.0,0.0,0.0,0.0,0.0,9,-0.1416105093871293,0.9899224533422392,3.407142857142857,26.6,65.35119047619048,30.0,1023.2791666666666,missing,secondary
9490559521,2024-12-16,40.8009701,-73.9317759,3,1,5.0,25.0,1,0,0.0,1.0,0.0,0.0,0.0,4,-0.1416105093871293,0.9899224533422392,3.407142857142857,26.6,65.35119047619048,30.0,1023.2791666666666,traffic_signals,primary
9515699765,2024-12-16,40.815168,-73.9585365,3,0,1.0,,1,0,0.0,0.0,0.0,0.0,0.0,51,-0.1416105093871293,0.9899224533422392,3.407142857142857,26.6,65.35119047619048,30.0,1023.2791666666666,missing,primary
9563435886,2024-12-16,40.8609294,-73.9215062,3,0,3.0,,1,0,0.0,0.0,0.0,0.0,0.0,51,-0.1416105093871293,0.9899224533422392,3.407142857142857,26.6,65.35119047619048,30.0,1023.2791666666666,missing,primary
9566822912,2024-12-16,40.8312537,-73.9510744,3,0,1.0,,1,0,0.0,0.0,0.0,0.0,0.0,51,-0.1416105093871293,0.9899224533422392,3.407142857142857,26.6,65.35119047619048,30.0,1023.2791666666666,missing,motorway_link
9607729579,2024-12-16,40.729833,-74.0104866,4,0,4.0,30.0,1,0,0.0,0.0,0.0,0.0,0.0,51,-0.1416105093871293,0.9899224533422392,3.407142857142857,26.6,65.35119047619048,30.0,1023.2791666666666,missing,trunk
9611529611,2024-12-16,40.7251803,-74.0110523,4,0,5.0,30.0,1,0,0.0,0.0,0.0,0.0,0.0,51,-0.1416105093871293,0.9899224533422392,3.407142857142857,26.6,65.35119047619048,30.0,1023.2791666666666,motorway_junction,trunk
9802614798,2024-12-16,40.7079294,-74.0162175,3,0,2.0,20.0,1,0,0.0,0.0,0.0,0.0,0.0,51,-0.1416105093871293,0.9899224533422392,3.407142857142857,26.6,65.35119047619048,30.0,1023.2791666666666,missing,residential
9802614802,2024-12-16,40.7081012,-74.0166595,4,0,2.0,20.0,1,0,0.0,0.0,0.0,0.0,0.0,21,-0.1416105093871293,0.9899224533422392,3.407142857142857,26.6,65.35119047619048,30.0,1023.2791666666666,missing,residential
9807801426,2024-12-16,40.7553245,-73.9949943,4,1,2.0,25.0,1,0,0.0,0.0,0.0,0.0,0.0,8,-0.1416105093871293,0.9899224533422392,3.407142857142857,26.6,65.35119047619048,30.0,1023.2791666666666,traffic_signals,secondary
9902723823,2024-12-16,40.7970502,-73.9206203,3,0,2.0,,1,0,0.0,0.0,0.0,0.0,0.0,51,-0.1416105093871293,0.9899224533422392,3.407142857142857,26.6,65.35119047619048,30.0,1023.2791666666666,missing,motorway_link
9902723825,2024-12-16,40.7966224,-73.919733,3,0,2.0,,1,0,0.0,0.0,0.0,0.0,0.0,51,-0.1416105093871293,0.9899224533422392,3.407142857142857,26.6,65.35119047619048,30.0,1023.2791666666666,missing,motorway_link
9906966855,2024-12-16,40.7130646,-73.9776047,4,0,1.0,25.0,1,0,0.0,0.0,0.0,0.0,0.0,51,-0.1416105093871293,0.9899224533422392,3.407142857142857,26.6,65.35119047619048,30.0,1023.2791666666666,missing,primary
9915469771,2024-12-16,40.7730852,-73.9823112,4,1,3.0,25.0,1,0,0.0,0.0,0.0,0.0,0.0,51,-0.1416105093871293,0.9899224533422392,3.407142857142857,26.6,65.35119047619048,30.0,1023.2791666666666,traffic_signals,primary
9935939400,2024-12-16,40.8350293,-73.945513,3,0,2.0,25.0,1,0,0.0,0.0,0.0,0.0,0.0,51,-0.1416105093871293,0.9899224533422392,3.407142857142857,26.6,65.35119047619048,30.0,1023.2791666666666,crossing,secondary
9971300853,2024-12-16,40.7543104,-73.9973473,3,0,3.0,25.0,1,0,0.0,0.0,0.0,0.0,0.0,51,-0.1416105093871293,0.9899224533422392,3.407142857142857,26.6,65.35119047619048,30.0,1023.2791666666666,missing,primary
