time,temp,rhum,prcp,snwd,wdir,wspd,wpgt,pres,tsun,cldc,coco,weather_hour,weather_station_id
2024-01-01 00:00:00-05:00,6.0,55,0.1,,260,11.0,,1017.0,,8,12,2024-01-01 00:00:00,KNYC0
2024-01-01 01:00:00-05:00,6.0,57,0.0,,232,7.0,,1016.0,,8,3,2024-01-01 01:00:00,KNYC0
2024-01-01 02:00:00-05:00,5.0,60,0.0,,235,6.8,,1016.0,,8,3,2024-01-01 02:00:00,KNYC0
2024-01-01 03:00:00-05:00,5.0,62,0.0,,250,6.0,,1016.0,,8,3,2024-01-01 03:00:00,KNYC0
2024-01-01 04:00:00-05:00,4.0,68,0.0,,250,6.8,,1016.0,,8,3,2024-01-01 04:00:00,KNYC0
2024-01-01 05:00:00-05:00,5.0,65,0.0,,290,7.0,,1016.0,,8,3,2024-01-01 05:00:00,KNYC0
2024-01-01 06:00:00-05:00,4.0,70,0.0,,300,9.0,,1017.0,,8,3,2024-01-01 06:00:00,KNYC0
2024-01-01 07:00:00-05:00,4.0,82,0.0,,240,6.0,,1017.0,,8,3,2024-01-01 07:00:00,KNYC0
2024-01-01 08:00:00-05:00,4.0,79,0.0,,341,6.0,,1018.0,,8,3,2024-01-01 08:00:00,KNYC0
2024-01-01 09:00:00-05:00,5.0,73,0.0,,350,6.0,,1018.0,,8,3,2024-01-01 09:00:00,KNYC0
2024-01-01 10:00:00-05:00,6.0,68,0.0,,80,6.0,,1018.0,,8,3,2024-01-01 10:00:00,KNYC0
2024-01-01 11:00:00-05:00,7.0,60,0.0,,17,6.0,,1017.0,,7,3,2024-01-01 11:00:00,KNYC0
2024-01-01 12:00:00-05:00,8.0,58,0.0,,25,6.0,,1017.0,,4,3,2024-01-01 12:00:00,KNYC0
2024-01-01 13:00:00-05:00,7.0,56,0.0,,22,6.8,,1017.0,,4,3,2024-01-01 13:00:00,KNYC0
2024-01-01 14:00:00-05:00,8.0,53,0.0,,50,6.0,,1017.0,,7,3,2024-01-01 14:00:00,KNYC0
2024-01-01 15:00:00-05:00,8.0,53,0.0,,60,6.0,,1017.0,,8,3,2024-01-01 15:00:00,KNYC0
2024-01-01 16:00:00-05:00,7.0,56,0.0,,20,9.0,,1018.0,,8,3,2024-01-01 16:00:00,KNYC0
2024-01-01 17:00:00-05:00,6.0,55,0.0,,346,7.0,,1018.0,,3,3,2024-01-01 17:00:00,KNYC0
2024-01-01 18:00:00-05:00,6.0,57,0.0,,355,9.7,,1019.0,,3,2,2024-01-01 18:00:00,KNYC0
2024-01-01 19:00:00-05:00,5.0,57,0.0,,349,9.4,,1019.0,,3,3,2024-01-01 19:00:00,KNYC0
2024-01-01 20:00:00-05:00,4.0,60,0.0,,332,6.0,,1019.0,,3,3,2024-01-01 20:00:00,KNYC0
2024-01-01 21:00:00-05:00,3.0,62,0.0,,348,17.6,,1019.0,,1,2,2024-01-01 21:00:00,KNYC0
2024-01-01 22:00:00-05:00,3.0,64,0.0,,300,11.0,,1019.0,,1,2,2024-01-01 22:00:00,KNYC0
2024-01-01 23:00:00-05:00,2.0,66,0.0,,352,11.0,,1019.0,,0,1,2024-01-01 23:00:00,KNYC0
2024-01-02 00:00:00-05:00,1.0,67,0.0,,349,11.0,,1019.0,,0,1,2024-01-02 00:00:00,KNYC0
2024-01-02 01:00:00-05:00,0.0,66,0.0,,350,11.9,,1019.0,,0,1,2024-01-02 01:00:00,KNYC0
2024-01-02 02:00:00-05:00,-1.0,69,0.0,,352,10.8,,1019.0,,0,1,2024-01-02 02:00:00,KNYC0
2024-01-02 03:00:00-05:00,-1.0,63,0.0,,351,6.0,,1020.0,,0,1,2024-01-02 03:00:00,KNYC0
2024-01-02 04:00:00-05:00,-1.0,63,0.0,,349,10.1,,1019.0,,0,1,2024-01-02 04:00:00,KNYC0
2024-01-02 05:00:00-05:00,-1.0,63,0.0,,347,7.0,,1020.0,,0,1,2024-01-02 05:00:00,KNYC0
2024-01-02 06:00:00-05:00,-2.0,66,0.0,,348,11.0,,1020.0,,0,1,2024-01-02 06:00:00,KNYC0
2024-01-02 07:00:00-05:00,-4.3,88,0.0,,345,9.0,,1020.3,,0,1,2024-01-02 07:00:00,KNYC0
2024-01-02 08:00:00-05:00,-1.0,63,0.0,,335,8.6,,1021.0,,0,1,2024-01-02 08:00:00,KNYC0
2024-01-02 09:00:00-05:00,0.0,58,0.0,,331,6.0,,1021.0,,0,1,2024-01-02 09:00:00,KNYC0
2024-01-02 10:00:00-05:00,1.0,54,0.0,,290,11.0,,1020.0,,0,1,2024-01-02 10:00:00,KNYC0
2024-01-02 11:00:00-05:00,3.0,48,0.0,,320,6.0,,1019.0,,0,1,2024-01-02 11:00:00,KNYC0
2024-01-02 12:00:00-05:00,4.0,46,0.0,,310,11.0,,1018.0,,0,1,2024-01-02 12:00:00,KNYC0
2024-01-02 13:00:00-05:00,5.0,45,0.0,,293,7.0,,1017.0,,0,1,2024-01-02 13:00:00,KNYC0
2024-01-02 14:00:00-05:00,6.0,41,0.0,,310,11.0,,1017.0,,0,1,2024-01-02 14:00:00,KNYC0
2024-01-02 15:00:00-05:00,6.0,41,0.0,,292,9.0,,1016.0,,0,1,2024-01-02 15:00:00,KNYC0
2024-01-02 16:00:00-05:00,5.0,45,0.0,,298,6.0,,1017.0,,0,1,2024-01-02 16:00:00,KNYC0
2024-01-02 17:00:00-05:00,5.0,45,0.0,,288,10.8,,1017.0,,0,1,2024-01-02 17:00:00,KNYC0
2024-01-02 18:00:00-05:00,5.0,45,0.0,,272,10.4,,1017.0,,0,1,2024-01-02 18:00:00,KNYC0
2024-01-02 19:00:00-05:00,5.0,46,0.0,,290,7.0,,1017.0,,0,1,2024-01-02 19:00:00,KNYC0
2024-01-02 20:00:00-05:00,4.0,48,0.0,,270,7.0,,1017.0,,0,1,2024-01-02 20:00:00,KNYC0
2024-01-02 21:00:00-05:00,4.0,48,0.0,,280,13.0,,1017.0,,0,1,2024-01-02 21:00:00,KNYC0
2024-01-02 22:00:00-05:00,4.0,50,0.0,,280,9.0,,1017.0,,0,1,2024-01-02 22:00:00,KNYC0
2024-01-02 23:00:00-05:00,3.0,52,0.0,,270,13.0,,1017.0,,0,1,2024-01-02 23:00:00,KNYC0
2024-01-03 00:00:00-05:00,3.0,57,0.0,,270,11.0,,1017.0,,4,1,2024-01-03 00:00:00,KNYC0
2024-01-03 01:00:00-05:00,2.0,62,0.0,,290,11.0,,1017.0,,0,3,2024-01-03 01:00:00,KNYC0
2024-01-03 02:00:00-05:00,2.0,64,0.0,,270,7.0,,1017.0,,3,1,2024-01-03 02:00:00,KNYC0
2024-01-03 03:00:00-05:00,2.0,64,0.0,,310,9.0,,1016.0,,7,2,2024-01-03 03:00:00,KNYC0
2024-01-03 04:00:00-05:00,1.0,67,0.0,,275,9.0,,1017.0,,7,3,2024-01-03 04:00:00,KNYC0
2024-01-03 05:00:00-05:00,2.0,64,0.0,,280,7.0,,1017.0,,8,3,2024-01-03 05:00:00,KNYC0
2024-01-03 06:00:00-05:00,2.0,64,0.0,,270,9.0,,1017.0,,8,3,2024-01-03 06:00:00,KNYC0
2024-01-03 07:00:00-05:00,2.0,64,0.0,,280,7.0,,1018.0,,8,3,2024-01-03 07:00:00,KNYC0
2024-01-03 08:00:00-05:00,2.0,62,0.0,,277,6.0,,1018.0,,1,3,2024-01-03 08:00:00,KNYC0
2024-01-03 09:00:00-05:00,3.0,59,0.0,,269,7.0,,1019.0,,0,2,2024-01-03 09:00:00,KNYC0
2024-01-03 10:00:00-05:00,4.0,53,0.0,,291,6.0,,1018.0,,0,1,2024-01-03 10:00:00,KNYC0
2024-01-03 11:00:00-05:00,5.0,51,0.0,,300,11.0,,1017.0,,0,1,2024-01-03 11:00:00,KNYC0
2024-01-03 12:00:00-05:00,6.0,49,0.0,,360,9.0,,1016.0,,0,1,2024-01-03 12:00:00,KNYC0
2024-01-03 13:00:00-05:00,6.0,49,0.0,,283,7.0,,1016.0,,4,1,2024-01-03 13:00:00,KNYC0
2024-01-03 14:00:00-05:00,6.0,50,0.0,,280,13.0,,1016.0,,7,3,2024-01-03 14:00:00,KNYC0
2024-01-03 15:00:00-05:00,5.0,53,0.0,,239,15.5,,1016.0,,0,3,2024-01-03 15:00:00,KNYC0
2024-01-03 16:00:00-05:00,4.0,55,0.0,,300,9.0,,1017.0,,0,1,2024-01-03 16:00:00,KNYC0
2024-01-03 17:00:00-05:00,4.0,55,0.0,,227,6.0,,1017.0,,0,1,2024-01-03 17:00:00,KNYC0
2024-01-03 18:00:00-05:00,4.0,55,0.0,,280,7.0,,1017.0,,7,1,2024-01-03 18:00:00,KNYC0
2024-01-03 19:00:00-05:00,4.0,55,0.0,,253,6.0,,1017.0,,8,3,2024-01-03 19:00:00,KNYC0
2024-01-03 20:00:00-05:00,4.0,55,0.0,,253,6.0,,1017.0,,8,3,2024-01-03 20:00:00,KNYC0
2024-01-03 21:00:00-05:00,4.0,53,0.0,,248,6.0,,1016.0,,8,3,2024-01-03 21:00:00,KNYC0
2024-01-03 22:00:00-05:00,4.0,55,0.0,,270,13.0,,1016.0,,8,3,2024-01-03 22:00:00,KNYC0
2024-01-03 23:00:00-05:00,4.0,57,0.0,,244,7.2,,1016.0,,8,3,2024-01-03 23:00:00,KNYC0
2024-01-04 00:00:00-05:00,4.0,57,0.0,,232,7.2,,1016.0,,8,3,2024-01-04 00:00:00,KNYC0
2024-01-04 01:00:00-05:00,4.0,57,0.0,,280,6.0,,1016.0,,8,3,2024-01-04 01:00:00,KNYC0
2024-01-04 02:00:00-05:00,4.0,57,0.0,,227,7.6,,1015.0,,8,3,2024-01-04 02:00:00,KNYC0
2024-01-04 03:00:00-05:00,4.0,57,0.0,,229,6.0,,1015.0,,8,3,2024-01-04 03:00:00,KNYC0
2024-01-04 04:00:00-05:00,4.0,57,0.0,,250,11.0,,1014.0,,8,3,2024-01-04 04:00:00,KNYC0
2024-01-04 05:00:00-05:00,4.0,57,0.0,,280,6.0,,1014.0,,8,3,2024-01-04 05:00:00,KNYC0
2024-01-04 06:00:00-05:00,4.0,62,0.0,,246,7.0,,1014.0,,8,3,2024-01-04 06:00:00,KNYC0
2024-01-04 07:00:00-05:00,4.0,64,0.0,,280,13.0,,1015.0,,8,3,2024-01-04 07:00:00,KNYC0
2024-01-04 08:00:00-05:00,4.0,60,0.0,,234,7.0,,1015.0,,8,3,2024-01-04 08:00:00,KNYC0
2024-01-04 09:00:00-05:00,4.0,60,0.0,,290,13.0,,1015.0,,8,3,2024-01-04 09:00:00,KNYC0
2024-01-04 10:00:00-05:00,5.0,60,0.0,,310,9.0,,1015.0,,6,3,2024-01-04 10:00:00,KNYC0
2024-01-04 11:00:00-05:00,6.0,53,0.0,,310,13.0,,1015.0,,3,3,2024-01-04 11:00:00,KNYC0
2024-01-04 12:00:00-05:00,7.0,47,0.0,,360,13.0,,1014.0,,5,2,2024-01-04 12:00:00,KNYC0
2024-01-04 13:00:00-05:00,7.0,41,0.0,,328,11.0,,1014.0,,7,3,2024-01-04 13:00:00,KNYC0
2024-01-04 14:00:00-05:00,6.0,38,0.0,,327,27.4,,1015.0,,7,3,2024-01-04 14:00:00,KNYC0
2024-01-04 15:00:00-05:00,5.0,41,0.0,,300,20.0,,1016.0,,1,3,2024-01-04 15:00:00,KNYC0
2024-01-04 16:00:00-05:00,4.0,39,0.0,,321,25.2,,1018.0,,0,1,2024-01-04 16:00:00,KNYC0
2024-01-04 17:00:00-05:00,3.0,40,0.0,,290,19.0,,1019.0,,0,1,2024-01-04 17:00:00,KNYC0
2024-01-04 18:00:00-05:00,2.0,40,0.0,,300,28.0,,1020.0,,0,1,2024-01-04 18:00:00,KNYC0
2024-01-04 19:00:00-05:00,1.0,38,0.0,,300,15.0,,1021.0,,0,1,2024-01-04 19:00:00,KNYC0
2024-01-04 20:00:00-05:00,0.0,39,0.0,,300,15.0,,1021.0,,0,1,2024-01-04 20:00:00,KNYC0
2024-01-04 21:00:00-05:00,-1.0,41,0.0,,320,20.0,,1022.0,,0,1,2024-01-04 21:00:00,KNYC0
2024-01-04 22:00:00-05:00,-2.0,46,0.0,,290,19.0,,1023.0,,0,1,2024-01-04 22:00:00,KNYC0
2024-01-04 23:00:00-05:00,-2.0,49,0.0,,300,17.0,,1023.0,,0,1,2024-01-04 23:00:00,KNYC0
2024-01-05 00:00:00-05:00,-2.0,48,0.0,,300,15.0,,1024.0,,0,1,2024-01-05 00:00:00,KNYC0
2024-01-05 01:00:00-05:00,-3.0,50,0.0,,300,19.0,,1024.0,,0,1,2024-01-05 01:00:00,KNYC0
2024-01-05 02:00:00-05:00,-3.0,55,0.0,,300,24.0,,1025.0,,0,1,2024-01-05 02:00:00,KNYC0
2024-01-05 03:00:00-05:00,-3.0,55,0.0,,290,17.0,,1025.0,,0,1,2024-01-05 03:00:00,KNYC0
2024-01-05 04:00:00-05:00,-3.0,53,0.0,,300,17.0,,1025.0,,4,1,2024-01-05 04:00:00,KNYC0
2024-01-05 05:00:00-05:00,-3.0,55,0.0,,315,9.0,,1025.0,,4,3,2024-01-05 05:00:00,KNYC0
2024-01-05 06:00:00-05:00,-3.0,55,0.0,,299,7.0,,1026.0,,0,3,2024-01-05 06:00:00,KNYC0
2024-01-05 07:00:00-05:00,-3.0,55,0.0,,280,13.0,,1026.0,,0,1,2024-01-05 07:00:00,KNYC0
2024-01-05 08:00:00-05:00,-2.0,53,0.0,,260,13.0,,1027.0,,0,1,2024-01-05 08:00:00,KNYC0
2024-01-05 09:00:00-05:00,-1.0,47,0.0,,300,15.0,,1028.0,,0,1,2024-01-05 09:00:00,KNYC0
2024-01-05 10:00:00-05:00,0.0,43,0.0,,298,15.5,,1027.0,,0,1,2024-01-05 10:00:00,KNYC0
2024-01-05 11:00:00-05:00,1.0,41,0.0,,293,13.7,,1026.0,,0,1,2024-01-05 11:00:00,KNYC0
2024-01-05 12:00:00-05:00,3.0,38,0.0,,310,15.0,,1025.0,,0,1,2024-01-05 12:00:00,KNYC0
2024-01-05 13:00:00-05:00,2.0,38,0.0,,260,13.0,,1024.0,,0,1,2024-01-05 13:00:00,KNYC0
2024-01-05 14:00:00-05:00,3.0,40,0.0,,273,14.4,,1024.0,,0,1,2024-01-05 14:00:00,KNYC0
2024-01-05 15:00:00-05:00,3.0,40,0.0,,260,6.0,,1024.0,,0,1,2024-01-05 15:00:00,KNYC0
2024-01-05 16:00:00-05:00,2.0,42,0.0,,252,7.0,,1024.0,,0,1,2024-01-05 16:00:00,KNYC0
2024-01-05 17:00:00-05:00,2.0,42,0.0,,280,9.0,,1024.0,,1,1,2024-01-05 17:00:00,KNYC0
2024-01-05 18:00:00-05:00,2.0,44,0.0,,234,6.0,,1025.0,,8,1,2024-01-05 18:00:00,KNYC0
2024-01-05 19:00:00-05:00,2.0,47,0.0,,236,14.0,,1024.0,,8,3,2024-01-05 19:00:00,KNYC0
2024-01-05 20:00:00-05:00,2.0,49,0.0,,238,11.0,,1024.0,,7,3,2024-01-05 20:00:00,KNYC0
2024-01-05 21:00:00-05:00,1.0,52,0.0,,240,13.0,,1024.0,,1,3,2024-01-05 21:00:00,KNYC0
2024-01-05 22:00:00-05:00,1.0,53,0.0,,247,6.0,,1024.0,,0,2,2024-01-05 22:00:00,KNYC0
2024-01-05 23:00:00-05:00,1.0,53,0.0,,250,10.1,,1023.0,,4,1,2024-01-05 23:00:00,KNYC0
2024-01-06 00:00:00-05:00,0.0,56,0.0,,243,7.0,,1023.0,,6,5,2024-01-06 00:00:00,KNYC0
2024-01-06 01:00:00-05:00,0.0,56,0.0,,260,6.0,,1024.0,,6,3,2024-01-06 01:00:00,KNYC0
2024-01-06 02:00:00-05:00,1.0,53,0.0,,234,8.6,,1024.0,,3,3,2024-01-06 02:00:00,KNYC0
2024-01-06 03:00:00-05:00,0.0,56,0.0,,280,6.0,,1023.0,,8,3,2024-01-06 03:00:00,KNYC0
2024-01-06 04:00:00-05:00,0.0,56,0.0,,243,6.8,,1023.0,,8,3,2024-01-06 04:00:00,KNYC0
2024-01-06 05:00:00-05:00,0.0,56,0.0,,261,5.4,,1023.0,,8,3,2024-01-06 05:00:00,KNYC0
2024-01-06 06:00:00-05:00,0.0,58,0.0,,217,4.3,,1023.0,,8,3,2024-01-06 06:00:00,KNYC0
2024-01-06 07:00:00-05:00,1.0,58,0.0,,50,9.0,,1023.0,,8,3,2024-01-06 07:00:00,KNYC0
2024-01-06 08:00:00-05:00,1.0,61,0.0,,58,7.0,,1023.0,,8,3,2024-01-06 08:00:00,KNYC0
2024-01-06 09:00:00-05:00,2.0,56,0.0,,67,6.8,,1023.0,,8,3,2024-01-06 09:00:00,KNYC0
2024-01-06 10:00:00-05:00,2.0,56,0.0,,60,15.0,,1022.0,,8,3,2024-01-06 10:00:00,KNYC0
2024-01-06 11:00:00-05:00,2.0,56,0.0,,74,11.0,,1021.0,,8,3,2024-01-06 11:00:00,KNYC0
2024-01-06 12:00:00-05:00,3.0,57,0.0,,82,11.0,,1019.0,,8,3,2024-01-06 12:00:00,KNYC0
2024-01-06 13:00:00-05:00,3.0,59,0.0,,99,11.0,,1018.0,,8,3,2024-01-06 13:00:00,KNYC0
2024-01-06 14:00:00-05:00,3.0,59,0.0,,92,7.0,,1017.0,,8,3,2024-01-06 14:00:00,KNYC0
2024-01-06 15:00:00-05:00,3.0,64,0.0,,60,17.0,,1017.0,,8,3,2024-01-06 15:00:00,KNYC0
2024-01-06 16:00:00-05:00,1.0,82,0.2,,60,17.0,,1016.0,,8,12,2024-01-06 16:00:00,KNYC0
2024-01-06 17:00:00-05:00,1.0,88,1.0,,60,20.0,,1015.0,,8,13,2024-01-06 17:00:00,KNYC0
2024-01-06 18:00:00-05:00,2.0,89,1.7,,60,17.0,,1014.0,,8,13,2024-01-06 18:00:00,KNYC0
2024-01-06 19:00:00-05:00,1.0,92,2.6,,60,20.0,,1011.0,,8,13,2024-01-06 19:00:00,KNYC0
2024-01-06 20:00:00-05:00,2.0,89,3.6,,60,15.0,,1008.0,,8,13,2024-01-06 20:00:00,KNYC0
2024-01-06 21:00:00-05:00,2.0,85,2.4,,50,26.0,,1007.0,,8,13,2024-01-06 21:00:00,KNYC0
2024-01-06 22:00:00-05:00,2.0,89,2.0,,70,20.0,,1006.0,,8,13,2024-01-06 22:00:00,KNYC0
2024-01-06 23:00:00-05:00,2.0,89,1.1,,60,19.0,,1006.0,,8,13,2024-01-06 23:00:00,KNYC0
2024-01-07 00:00:00-05:00,2.0,89,1.2,,50,22.0,,1005.0,,8,13,2024-01-07 00:00:00,KNYC0
2024-01-07 01:00:00-05:00,2.0,89,0.8,,40,17.0,,1005.0,,8,8,2024-01-07 01:00:00,KNYC0
2024-01-07 02:00:00-05:00,2.0,89,0.2,,50,17.0,,1004.0,,8,5,2024-01-07 02:00:00,KNYC0
2024-01-07 03:00:00-05:00,2.0,92,0.0,,50,15.0,,1003.0,,8,3,2024-01-07 03:00:00,KNYC0
2024-01-07 04:00:00-05:00,3.0,89,0.0,,40,17.0,,1003.0,,8,3,2024-01-07 04:00:00,KNYC0
2024-01-07 05:00:00-05:00,3.0,89,0.0,,60,15.0,,1003.0,,8,3,2024-01-07 05:00:00,KNYC0
2024-01-07 06:00:00-05:00,3.0,89,0.1,,40,13.0,,1003.0,,8,7,2024-01-07 06:00:00,KNYC0
2024-01-07 07:00:00-05:00,3.0,89,0.2,,50,17.0,,1002.0,,8,7,2024-01-07 07:00:00,KNYC0
2024-01-07 08:00:00-05:00,3.0,89,0.7,,10,11.0,,1003.0,,8,8,2024-01-07 08:00:00,KNYC0
2024-01-07 09:00:00-05:00,3.0,89,1.4,,30,13.0,,1002.0,,8,9,2024-01-07 09:00:00,KNYC0
2024-01-07 10:00:00-05:00,3.0,85,0.6,,329,9.0,,1003.0,,8,8,2024-01-07 10:00:00,KNYC0
2024-01-07 11:00:00-05:00,2.0,89,0.6,,313,11.0,,1003.0,,8,8,2024-01-07 11:00:00,KNYC0
2024-01-07 12:00:00-05:00,2.0,92,0.8,,300,15.0,,1003.0,,8,8,2024-01-07 12:00:00,KNYC0
2024-01-07 13:00:00-05:00,3.0,82,0.1,,333,7.0,,1003.0,,8,7,2024-01-07 13:00:00,KNYC0
2024-01-07 14:00:00-05:00,3.0,79,0.0,,339,6.0,,1004.0,,8,3,2024-01-07 14:00:00,KNYC0
2024-01-07 15:00:00-05:00,3.0,72,0.0,,300,13.0,,1005.0,,8,3,2024-01-07 15:00:00,KNYC0
2024-01-07 16:00:00-05:00,3.0,72,0.0,,290,15.0,,1006.0,,8,3,2024-01-07 16:00:00,KNYC0
2024-01-07 17:00:00-05:00,3.0,76,0.0,,340,11.0,,1007.0,,8,3,2024-01-07 17:00:00,KNYC0
2024-01-07 18:00:00-05:00,2.0,79,0.0,,300,11.0,,1010.0,,8,3,2024-01-07 18:00:00,KNYC0
2024-01-07 19:00:00-05:00,2.0,75,0.0,,270,13.0,,1012.0,,7,3,2024-01-07 19:00:00,KNYC0
2024-01-07 20:00:00-05:00,2.0,67,0.0,,300,13.0,,1013.0,,3,3,2024-01-07 20:00:00,KNYC0
2024-01-07 21:00:00-05:00,2.0,64,0.0,,290,20.0,,1014.0,,1,2,2024-01-07 21:00:00,KNYC0
2024-01-07 22:00:00-05:00,3.0,64,0.0,,300,15.0,,1015.0,,2,2,2024-01-07 22:00:00,KNYC0
2024-01-07 23:00:00-05:00,3.0,64,0.0,,308,11.0,,1016.0,,1,2,2024-01-07 23:00:00,KNYC0
2024-01-08 00:00:00-05:00,2.0,64,0.0,,299,9.0,,1017.0,,2,2,2024-01-08 00:00:00,KNYC0
2024-01-08 01:00:00-05:00,2.0,64,0.0,,293,14.8,,1018.0,,5,2,2024-01-08 01:00:00,KNYC0
2024-01-08 02:00:00-05:00,3.0,64,0.0,,287,7.0,,1020.0,,1,3,2024-01-08 02:00:00,KNYC0
2024-01-08 03:00:00-05:00,3.0,59,0.0,,320,15.0,,1021.0,,0,2,2024-01-08 03:00:00,KNYC0
2024-01-08 04:00:00-05:00,3.0,57,0.0,,313,11.0,,1022.0,,0,1,2024-01-08 04:00:00,KNYC0
2024-01-08 05:00:00-05:00,3.0,54,0.0,,300,17.0,,1023.0,,0,1,2024-01-08 05:00:00,KNYC0
2024-01-08 06:00:00-05:00,3.0,57,0.0,,310,19.0,,1024.0,,1,1,2024-01-08 06:00:00,KNYC0
2024-01-08 07:00:00-05:00,3.0,59,0.0,,309,6.0,,1025.0,,1,2,2024-01-08 07:00:00,KNYC0
2024-01-08 08:00:00-05:00,3.0,57,0.0,,304,9.0,,1027.0,,3,1,2024-01-08 08:00:00,KNYC0
2024-01-08 09:00:00-05:00,4.0,52,0.0,,321,19.8,,1028.0,,0,2,2024-01-08 09:00:00,KNYC0
2024-01-08 10:00:00-05:00,5.0,48,0.0,,321,11.0,,1028.0,,0,1,2024-01-08 10:00:00,KNYC0
2024-01-08 11:00:00-05:00,7.0,41,0.0,,340,15.0,,1029.0,,0,1,2024-01-08 11:00:00,KNYC0
2024-01-08 12:00:00-05:00,7.0,41,0.0,,360,15.0,,1029.0,,0,1,2024-01-08 12:00:00,KNYC0
2024-01-08 13:00:00-05:00,7.0,41,0.0,,312,11.0,,1029.0,,0,5,2024-01-08 13:00:00,KNYC0
2024-01-08 14:00:00-05:00,7.0,41,0.0,,317,11.0,,1029.0,,0,1,2024-01-08 14:00:00,KNYC0
2024-01-08 15:00:00-05:00,6.0,45,0.0,,324,13.3,,1030.0,,2,1,2024-01-08 15:00:00,KNYC0
2024-01-08 16:00:00-05:00,6.0,46,0.0,,314,6.0,,1030.0,,1,2,2024-01-08 16:00:00,KNYC0
2024-01-08 17:00:00-05:00,5.0,48,0.0,,277,6.0,,1032.0,,0,1,2024-01-08 17:00:00,KNYC0
2024-01-08 18:00:00-05:00,5.0,48,0.0,,284,11.2,,1032.0,,1,1,2024-01-08 18:00:00,KNYC0
2024-01-08 19:00:00-05:00,5.0,48,0.0,,300,6.0,,1032.0,,2,1,2024-01-08 19:00:00,KNYC0
2024-01-08 20:00:00-05:00,4.0,53,0.0,,290,5.4,,1032.0,,2,2,2024-01-08 20:00:00,KNYC0
2024-01-08 21:00:00-05:00,4.0,52,0.0,,327,4.0,,1031.0,,1,2,2024-01-08 21:00:00,KNYC0
2024-01-08 22:00:00-05:00,4.0,55,0.0,,272,5.8,,1031.0,,3,1,2024-01-08 22:00:00,KNYC0
2024-01-08 23:00:00-05:00,3.0,55,0.0,,231,6.5,,1031.0,,0,2,2024-01-08 23:00:00,KNYC0
2024-01-09 00:00:00-05:00,3.0,57,0.0,,306,4.0,,1031.0,,4,1,2024-01-09 00:00:00,KNYC0
2024-01-09 01:00:00-05:00,3.0,64,0.0,,345,3.6,,1031.0,,6,3,2024-01-09 01:00:00,KNYC0
2024-01-09 02:00:00-05:00,3.0,59,0.0,,13,5.4,,1031.0,,7,3,2024-01-09 02:00:00,KNYC0
2024-01-09 03:00:00-05:00,3.0,64,0.0,,29,4.7,,1030.0,,8,3,2024-01-09 03:00:00,KNYC0
2024-01-09 04:00:00-05:00,4.0,57,0.0,,51,7.0,,1030.0,,8,3,2024-01-09 04:00:00,KNYC0
2024-01-09 05:00:00-05:00,4.0,57,0.0,,80,7.0,,1030.0,,8,3,2024-01-09 05:00:00,KNYC0
2024-01-09 06:00:00-05:00,4.0,60,0.0,,82,6.0,,1029.0,,8,3,2024-01-09 06:00:00,KNYC0
2024-01-09 07:00:00-05:00,4.0,65,0.0,,80,7.0,,1027.0,,8,3,2024-01-09 07:00:00,KNYC0
2024-01-09 08:00:00-05:00,6.0,62,0.0,,110,6.0,,1027.0,,8,3,2024-01-09 08:00:00,KNYC0
2024-01-09 09:00:00-05:00,7.0,60,0.0,,90,13.0,,1026.0,,8,3,2024-01-09 09:00:00,KNYC0
2024-01-09 10:00:00-05:00,7.0,62,0.0,,120,13.0,,1025.0,,8,3,2024-01-09 10:00:00,KNYC0
2024-01-09 11:00:00-05:00,6.0,76,0.0,,120,19.0,,1023.0,,8,3,2024-01-09 11:00:00,KNYC0
2024-01-09 12:00:00-05:00,6.0,79,0.4,,100,19.0,,1021.0,,8,8,2024-01-09 12:00:00,KNYC0
2024-01-09 13:00:00-05:00,6.0,82,0.8,,110,17.0,,1018.0,,8,8,2024-01-09 13:00:00,KNYC0
2024-01-09 14:00:00-05:00,7.0,82,1.7,,110,13.0,,1018.0,,8,9,2024-01-09 14:00:00,KNYC0
2024-01-09 15:00:00-05:00,7.0,90,1.9,,119,9.0,,1013.0,,8,9,2024-01-09 15:00:00,KNYC0
2024-01-09 16:00:00-05:00,7.0,90,1.3,,117,39.2,,1013.0,,8,9,2024-01-09 16:00:00,KNYC0
2024-01-09 17:00:00-05:00,9.0,86,1.0,,122,36.4,,1008.0,,8,9,2024-01-09 17:00:00,KNYC0
2024-01-09 18:00:00-05:00,9.0,90,2.8,,128,36.0,,1007.0,,8,9,2024-01-09 18:00:00,KNYC0
2024-01-09 19:00:00-05:00,11.0,86,3.9,,120,22.0,,1003.0,,8,9,2024-01-09 19:00:00,KNYC0
2024-01-09 20:00:00-05:00,12.0,89,2.5,,130,19.0,,999.0,,8,9,2024-01-09 20:00:00,KNYC0
2024-01-09 21:00:00-05:00,12.0,90,4.1,,140,13.0,,996.0,,8,9,2024-01-09 21:00:00,KNYC0
2024-01-09 22:00:00-05:00,12.0,93,4.8,,140,20.0,,993.0,,8,9,2024-01-09 22:00:00,KNYC0
2024-01-09 23:00:00-05:00,13.0,90,4.3,,140,15.0,,992.0,,8,9,2024-01-09 23:00:00,KNYC0
2024-01-10 00:00:00-05:00,14.0,90,6.5,,130,9.0,,990.0,,8,9,2024-01-10 00:00:00,KNYC0
2024-01-10 01:00:00-05:00,12.0,93,10.6,,172,11.0,,986.0,,8,9,2024-01-10 01:00:00,KNYC0
2024-01-10 02:00:00-05:00,13.0,93,1.1,,160,13.0,,985.0,,8,9,2024-01-10 02:00:00,KNYC0
2024-01-10 03:00:00-05:00,13.0,90,0.6,,194,9.0,,983.0,,8,8,2024-01-10 03:00:00,KNYC0
2024-01-10 04:00:00-05:00,13.0,90,0.0,,219,9.0,,983.0,,3,3,2024-01-10 04:00:00,KNYC0
2024-01-10 05:00:00-05:00,13.0,69,0.2,,280,19.0,,984.0,,0,17,2024-01-10 05:00:00,KNYC0
2024-01-10 06:00:00-05:00,11.0,59,0.0,,250,19.0,,986.0,,1,1,2024-01-10 06:00:00,KNYC0
2024-01-10 07:00:00-05:00,10.0,56,0.0,,260,15.0,,988.0,,7,2,2024-01-10 07:00:00,KNYC0
2024-01-10 08:00:00-05:00,9.0,56,0.0,,260,17.0,,990.0,,8,3,2024-01-10 08:00:00,KNYC0
2024-01-10 09:00:00-05:00,9.0,46,0.0,,260,19.0,,991.0,,8,3,2024-01-10 09:00:00,KNYC0
2024-01-10 10:00:00-05:00,9.0,48,0.0,,260,11.0,,992.0,,7,3,2024-01-10 10:00:00,KNYC0
2024-01-10 11:00:00-05:00,8.4,58,0.0,,257,33.5,,991.8,,3,3,2024-01-10 11:00:00,KNYC0
2024-01-10 12:00:00-05:00,10.0,41,0.0,,259,33.1,,993.0,,2,3,2024-01-10 12:00:00,KNYC0
2024-01-10 13:00:00-05:00,9.0,44,0.0,,250,19.0,,995.0,,4,2,2024-01-10 13:00:00,KNYC0
2024-01-10 14:00:00-05:00,9.0,44,0.0,,260,24.0,,996.0,,6,3,2024-01-10 14:00:00,KNYC0
2024-01-10 15:00:00-05:00,9.0,44,0.0,,240,24.0,,997.0,,8,3,2024-01-10 15:00:00,KNYC0
2024-01-10 16:00:00-05:00,9.0,46,0.0,,259,9.0,,999.0,,7,3,2024-01-10 16:00:00,KNYC0
2024-01-10 17:00:00-05:00,9.0,44,0.0,,254,11.0,,1000.0,,5,3,2024-01-10 17:00:00,KNYC0
2024-01-10 18:00:00-05:00,8.0,48,0.0,,270,20.0,,1002.0,,3,3,2024-01-10 18:00:00,KNYC0
2024-01-10 19:00:00-05:00,8.0,48,0.0,,280,17.0,,1003.0,,4,3,2024-01-10 19:00:00,KNYC0
2024-01-10 20:00:00-05:00,8.0,47,0.0,,230,11.0,,1004.0,,5,3,2024-01-10 20:00:00,KNYC0
2024-01-10 21:00:00-05:00,7.0,49,0.0,,258,9.0,,1004.0,,5,3,2024-01-10 21:00:00,KNYC0
2024-01-10 22:00:00-05:00,7.0,49,0.0,,240,19.0,,1005.0,,4,3,2024-01-10 22:00:00,KNYC0
2024-01-10 23:00:00-05:00,7.0,51,0.0,,254,20.2,,1006.0,,7,3,2024-01-10 23:00:00,KNYC0
2024-01-11 00:00:00-05:00,7.0,51,0.0,,254,6.0,,1006.0,,5,3,2024-01-11 00:00:00,KNYC0
2024-01-11 01:00:00-05:00,7.0,53,0.0,,260,7.0,,1008.0,,8,3,2024-01-11 01:00:00,KNYC0
2024-01-11 02:00:00-05:00,6.0,51,0.0,,255,11.0,,1008.0,,8,3,2024-01-11 02:00:00,KNYC0
2024-01-11 03:00:00-05:00,6.0,51,0.0,,270,15.0,,1009.0,,5,3,2024-01-11 03:00:00,KNYC0
2024-01-11 04:00:00-05:00,6.0,47,0.0,,270,17.0,,1009.0,,3,3,2024-01-11 04:00:00,KNYC0
2024-01-11 05:00:00-05:00,6.0,50,0.0,,248,6.0,,1010.0,,0,3,2024-01-11 05:00:00,KNYC0
2024-01-11 06:00:00-05:00,5.0,53,0.0,,246,7.0,,1010.0,,0,1,2024-01-11 06:00:00,KNYC0
2024-01-11 07:00:00-05:00,5.0,53,0.0,,248,6.0,,1011.0,,0,1,2024-01-11 07:00:00,KNYC0
2024-01-11 08:00:00-05:00,6.0,49,0.0,,250,19.0,,1012.0,,0,1,2024-01-11 08:00:00,KNYC0
2024-01-11 09:00:00-05:00,6.0,45,0.0,,260,15.0,,1012.0,,0,1,2024-01-11 09:00:00,KNYC0
2024-01-11 10:00:00-05:00,6.0,47,0.0,,243,9.0,,1012.0,,0,1,2024-01-11 10:00:00,KNYC0
2024-01-11 11:00:00-05:00,6.0,49,0.0,,243,7.0,,1012.0,,0,1,2024-01-11 11:00:00,KNYC0
2024-01-11 12:00:00-05:00,7.0,47,0.0,,251,7.0,,1011.0,,5,1,2024-01-11 12:00:00,KNYC0
2024-01-11 13:00:00-05:00,7.0,44,0.0,,210,13.0,,1010.0,,3,3,2024-01-11 13:00:00,KNYC0
2024-01-11 14:00:00-05:00,7.0,45,0.0,,253,20.9,,1011.0,,0,2,2024-01-11 14:00:00,KNYC0
2024-01-11 15:00:00-05:00,8.0,43,0.0,,246,9.0,,1011.0,,1,1,2024-01-11 15:00:00,KNYC0
2024-01-11 16:00:00-05:00,8.0,43,0.0,,250,15.0,,1012.0,,0,1,2024-01-11 16:00:00,KNYC0
2024-01-11 17:00:00-05:00,8.0,43,0.0,,200,13.0,,1012.0,,0,1,2024-01-11 17:00:00,KNYC0
2024-01-11 18:00:00-05:00,8.0,47,0.0,,220,11.0,,1013.0,,7,1,2024-01-11 18:00:00,KNYC0
2024-01-11 19:00:00-05:00,8.0,49,0.0,,219,16.9,,1014.0,,5,3,2024-01-11 19:00:00,KNYC0
2024-01-11 20:00:00-05:00,8.0,49,0.0,,224,11.0,,1015.0,,2,3,2024-01-11 20:00:00,KNYC0
2024-01-11 21:00:00-05:00,8.0,49,0.0,,229,20.2,,1015.0,,1,2,2024-01-11 21:00:00,KNYC0
2024-01-11 22:00:00-05:00,7.0,53,0.0,,250,19.0,,1016.0,,0,1,2024-01-11 22:00:00,KNYC0
2024-01-11 23:00:00-05:00,7.0,53,0.0,,220,15.0,,1017.0,,0,1,2024-01-11 23:00:00,KNYC0
2024-01-12 00:00:00-05:00,6.0,57,0.0,,255,7.0,,1017.0,,0,1,2024-01-12 00:00:00,KNYC0
2024-01-12 01:00:00-05:00,6.0,57,0.0,,250,9.0,,1019.0,,0,1,2024-01-12 01:00:00,KNYC0
2024-01-12 02:00:00-05:00,6.0,55,0.0,,250,9.0,,1020.0,,0,1,2024-01-12 02:00:00,KNYC0
2024-01-12 03:00:00-05:00,6.0,57,0.0,,281,7.0,,1020.0,,4,1,2024-01-12 03:00:00,KNYC0
2024-01-12 04:00:00-05:00,5.0,60,0.0,,302,10.1,,1021.0,,1,3,2024-01-12 04:00:00,KNYC0
2024-01-12 05:00:00-05:00,5.0,57,0.0,,296,6.0,,1021.0,,0,2,2024-01-12 05:00:00,KNYC0
2024-01-12 06:00:00-05:00,5.0,57,0.0,,280,6.0,,1022.0,,2,1,2024-01-12 06:00:00,KNYC0
2024-01-12 07:00:00-05:00,5.0,57,0.0,,280,10.1,,1023.0,,4,2,2024-01-12 07:00:00,KNYC0
2024-01-12 08:00:00-05:00,6.0,55,0.0,,312,7.9,,1023.0,,8,3,2024-01-12 08:00:00,KNYC0
2024-01-12 09:00:00-05:00,6.0,53,0.0,,10,26.0,,1023.0,,7,3,2024-01-12 09:00:00,KNYC0
2024-01-12 10:00:00-05:00,7.0,49,0.0,,60,9.0,,1024.0,,2,3,2024-01-12 10:00:00,KNYC0
2024-01-12 11:00:00-05:00,9.0,44,0.0,,36,9.7,,1023.0,,2,2,2024-01-12 11:00:00,KNYC0
2024-01-12 12:00:00-05:00,9.0,42,0.0,,80,9.0,,1022.0,,8,2,2024-01-12 12:00:00,KNYC0
2024-01-12 13:00:00-05:00,10.0,39,0.0,,114,11.5,,1021.0,,7,3,2024-01-12 13:00:00,KNYC0
2024-01-12 14:00:00-05:00,9.0,44,0.0,,120,17.0,,1020.0,,8,3,2024-01-12 14:00:00,KNYC0
2024-01-12 15:00:00-05:00,8.0,49,0.0,,120,19.0,,1020.0,,6,3,2024-01-12 15:00:00,KNYC0
2024-01-12 16:00:00-05:00,7.0,60,0.0,,120,13.0,,1019.0,,8,3,2024-01-12 16:00:00,KNYC0
2024-01-12 17:00:00-05:00,7.0,65,0.0,,130,13.0,,1017.0,,8,3,2024-01-12 17:00:00,KNYC0
2024-01-12 18:00:00-05:00,7.0,68,0.0,,110,15.0,,1016.0,,8,3,2024-01-12 18:00:00,KNYC0
2024-01-12 19:00:00-05:00,8.0,65,0.0,,119,11.0,,1016.0,,8,3,2024-01-12 19:00:00,KNYC0
2024-01-12 20:00:00-05:00,8.0,71,0.0,,70,17.0,,1012.0,,8,3,2024-01-12 20:00:00,KNYC0
2024-01-12 21:00:00-05:00,8.0,68,0.1,,70,19.0,,1011.0,,8,7,2024-01-12 21:00:00,KNYC0
2024-01-12 22:00:00-05:00,8.0,76,0.4,,110,13.0,,1009.0,,8,8,2024-01-12 22:00:00,KNYC0
2024-01-12 23:00:00-05:00,8.0,80,3.3,,100,19.0,,1008.0,,8,9,2024-01-12 23:00:00,KNYC0
2024-01-13 00:00:00-05:00,9.0,86,2.0,,100,13.0,,1003.0,,8,9,2024-01-13 00:00:00,KNYC0
2024-01-13 01:00:00-05:00,10.0,89,5.4,,100,15.0,,1001.0,,8,9,2024-01-13 01:00:00,KNYC0
2024-01-13 02:00:00-05:00,11.0,92,8.4,,80,19.0,,998.0,,8,9,2024-01-13 02:00:00,KNYC0
2024-01-13 03:00:00-05:00,11.0,89,17.2,,70,15.0,,997.0,,8,9,2024-01-13 03:00:00,KNYC0
2024-01-13 04:00:00-05:00,12.0,93,11.3,,76,11.0,,993.0,,8,9,2024-01-13 04:00:00,KNYC0
2024-01-13 05:00:00-05:00,12.0,93,2.4,,134,11.0,,993.0,,8,9,2024-01-13 05:00:00,KNYC0
2024-01-13 06:00:00-05:00,13.0,93,1.6,,140,9.0,,991.0,,7,5,2024-01-13 06:00:00,KNYC0
2024-01-13 07:00:00-05:00,13.0,94,0.2,,159,15.8,,990.0,,6,5,2024-01-13 07:00:00,KNYC0
2024-01-13 08:00:00-05:00,14.0,90,0.0,,189,18.7,,989.0,,7,3,2024-01-13 08:00:00,KNYC0
2024-01-13 09:00:00-05:00,15.0,83,0.0,,219,11.0,,989.0,,8,3,2024-01-13 09:00:00,KNYC0
2024-01-13 10:00:00-05:00,15.0,60,0.1,,260,20.0,,990.0,,2,7,2024-01-13 10:00:00,KNYC0
2024-01-13 11:00:00-05:00,14.0,57,0.0,,250,15.0,,989.0,,2,2,2024-01-13 11:00:00,KNYC0
2024-01-13 12:00:00-05:00,9.0,63,0.0,,261,36.4,,991.0,,3,2,2024-01-13 12:00:00,KNYC0
2024-01-13 13:00:00-05:00,9.0,61,0.0,,260,13.0,,992.0,,1,3,2024-01-13 13:00:00,KNYC0
2024-01-13 14:00:00-05:00,9.0,44,0.0,,240,19.0,,993.0,,2,2,2024-01-13 14:00:00,KNYC0
2024-01-13 15:00:00-05:00,8.0,39,0.0,,240,17.0,,995.0,,1,2,2024-01-13 15:00:00,KNYC0
2024-01-13 16:00:00-05:00,8.0,37,0.0,,280,24.0,,997.0,,0,2,2024-01-13 16:00:00,KNYC0
2024-01-13 17:00:00-05:00,7.0,36,0.0,,260,24.0,,999.0,,1,1,2024-01-13 17:00:00,KNYC0
2024-01-13 18:00:00-05:00,6.0,39,0.0,,270,15.0,,1001.0,,2,1,2024-01-13 18:00:00,KNYC0
2024-01-13 19:00:00-05:00,4.0,43,0.0,,259,11.0,,1002.0,,2,2,2024-01-13 19:00:00,KNYC0
2024-01-13 20:00:00-05:00,4.0,41,0.0,,255,29.2,,1004.0,,0,2,2024-01-13 20:00:00,KNYC0
2024-01-13 21:00:00-05:00,3.0,46,0.0,,240,15.0,,1005.0,,0,1,2024-01-13 21:00:00,KNYC0
2024-01-13 22:00:00-05:00,3.0,44,0.0,,250,15.0,,1006.0,,0,1,2024-01-13 22:00:00,KNYC0
2024-01-13 23:00:00-05:00,2.0,44,0.0,,280,20.0,,1008.0,,0,1,2024-01-13 23:00:00,KNYC0
2024-01-14 00:00:00-05:00,2.0,45,0.0,,260,13.0,,1009.0,,0,1,2024-01-14 00:00:00,KNYC0
2024-01-14 01:00:00-05:00,2.0,45,0.0,,260,13.0,,1010.0,,0,1,2024-01-14 01:00:00,KNYC0
2024-01-14 02:00:00-05:00,1.0,47,0.0,,252,7.0,,1011.0,,0,1,2024-01-14 02:00:00,KNYC0
2024-01-14 03:00:00-05:00,1.0,47,0.0,,250,9.0,,1011.0,,2,1,2024-01-14 03:00:00,KNYC0
2024-01-14 04:00:00-05:00,1.0,51,0.0,,248,6.0,,1011.0,,0,2,2024-01-14 04:00:00,KNYC0
2024-01-14 05:00:00-05:00,1.0,53,0.0,,240,11.0,,1012.0,,0,1,2024-01-14 05:00:00,KNYC0
2024-01-14 06:00:00-05:00,1.0,56,0.0,,228,15.8,,1012.0,,0,1,2024-01-14 06:00:00,KNYC0
2024-01-14 07:00:00-05:00,1.0,56,0.0,,216,9.0,,1012.0,,0,1,2024-01-14 07:00:00,KNYC0
2024-01-14 08:00:00-05:00,2.0,54,0.0,,216,7.0,,1012.0,,5,1,2024-01-14 08:00:00,KNYC0
2024-01-14 09:00:00-05:00,3.0,48,0.0,,208,9.0,,1012.0,,0,3,2024-01-14 09:00:00,KNYC0
2024-01-14 10:00:00-05:00,5.0,39,0.0,,213,9.0,,1010.0,,2,1,2024-01-14 10:00:00,KNYC0
2024-01-14 11:00:00-05:00,6.0,38,0.0,,230,20.0,,1009.0,,3,2,2024-01-14 11:00:00,KNYC0
2024-01-14 12:00:00-05:00,6.0,44,0.0,,280,20.0,,1009.0,,8,3,2024-01-14 12:00:00,KNYC0
2024-01-14 13:00:00-05:00,3.0,52,0.2,,300,13.0,,1010.0,,8,7,2024-01-14 13:00:00,KNYC0
2024-01-14 14:00:00-05:00,3.0,46,0.0,,250,24.0,,1010.0,,8,3,2024-01-14 14:00:00,KNYC0
2024-01-14 15:00:00-05:00,3.0,21,0.0,,270,30.0,,1012.0,,3,3,2024-01-14 15:00:00,KNYC0
2024-01-14 16:00:00-05:00,2.0,25,0.0,,280,17.0,,1015.0,,0,3,2024-01-14 16:00:00,KNYC0
2024-01-14 17:00:00-05:00,1.0,26,0.0,,280,28.0,,1017.0,,2,1,2024-01-14 17:00:00,KNYC0
2024-01-14 18:00:00-05:00,-1.0,29,0.0,,290,17.0,,1019.0,,0,2,2024-01-14 18:00:00,KNYC0
2024-01-14 19:00:00-05:00,-1.0,31,0.0,,270,15.0,,1020.0,,1,1,2024-01-14 19:00:00,KNYC0
2024-01-14 20:00:00-05:00,-1.0,31,0.0,,258,11.0,,1020.0,,0,1,2024-01-14 20:00:00,KNYC0
2024-01-14 21:00:00-05:00,-2.0,32,0.0,,270,9.0,,1020.0,,0,1,2024-01-14 21:00:00,KNYC0
2024-01-14 22:00:00-05:00,-2.0,34,0.0,,280,15.0,,1021.0,,1,1,2024-01-14 22:00:00,KNYC0
2024-01-14 23:00:00-05:00,-3.0,35,0.0,,281,7.0,,1021.0,,3,2,2024-01-14 23:00:00,KNYC0
2024-01-15 00:00:00-05:00,-3.0,38,0.0,,267,11.0,,1022.0,,5,3,2024-01-15 00:00:00,KNYC0
2024-01-15 01:00:00-05:00,-4.0,40,0.0,,260,9.0,,1023.0,,5,3,2024-01-15 01:00:00,KNYC0
2024-01-15 02:00:00-05:00,-4.0,38,0.0,,256,9.0,,1023.0,,4,3,2024-01-15 02:00:00,KNYC0
2024-01-15 03:00:00-05:00,-4.0,40,0.0,,280,9.0,,1023.0,,4,3,2024-01-15 03:00:00,KNYC0
2024-01-15 04:00:00-05:00,-4.0,40,0.0,,280,13.0,,1023.0,,8,3,2024-01-15 04:00:00,KNYC0
2024-01-15 05:00:00-05:00,-4.0,41,0.0,,250,9.0,,1024.0,,7,3,2024-01-15 05:00:00,KNYC0
2024-01-15 06:00:00-05:00,-4.0,43,0.0,,241,9.0,,1025.0,,1,3,2024-01-15 06:00:00,KNYC0
2024-01-15 07:00:00-05:00,-4.0,43,0.0,,300,11.0,,1025.0,,2,2,2024-01-15 07:00:00,KNYC0
2024-01-15 08:00:00-05:00,-4.0,43,0.0,,243,11.0,,1025.0,,2,2,2024-01-15 08:00:00,KNYC0
2024-01-15 09:00:00-05:00,-4.0,42,0.0,,300,15.0,,1026.0,,4,2,2024-01-15 09:00:00,KNYC0
2024-01-15 10:00:00-05:00,-3.0,37,0.0,,257,12.6,,1025.0,,7,3,2024-01-15 10:00:00,KNYC0
2024-01-15 11:00:00-05:00,-2.0,35,0.0,,240,7.0,,1025.0,,7,3,2024-01-15 11:00:00,KNYC0
2024-01-15 12:00:00-05:00,-2.0,34,0.0,,330,15.0,,1024.0,,8,3,2024-01-15 12:00:00,KNYC0
2024-01-15 13:00:00-05:00,-2.0,28,0.0,,232,9.0,,1024.0,,8,3,2024-01-15 13:00:00,KNYC0
2024-01-15 14:00:00-05:00,-2.0,29,0.0,,232,11.9,,1023.0,,8,3,2024-01-15 14:00:00,KNYC0
2024-01-15 15:00:00-05:00,-2.0,31,0.0,,229,6.0,,1024.0,,8,3,2024-01-15 15:00:00,KNYC0
2024-01-15 16:00:00-05:00,-2.0,31,0.0,,300,7.0,,1023.0,,8,3,2024-01-15 16:00:00,KNYC0
2024-01-15 17:00:00-05:00,-2.0,34,0.0,,219,7.0,,1023.0,,8,3,2024-01-15 17:00:00,KNYC0
2024-01-15 18:00:00-05:00,-2.0,43,0.0,,230,9.0,,1023.0,,8,3,2024-01-15 18:00:00,KNYC0
2024-01-15 19:00:00-05:00,-2.0,43,0.0,,250,15.0,,1023.0,,8,3,2024-01-15 19:00:00,KNYC0
2024-01-15 20:00:00-05:00,-2.0,58,0.0,,237,8.3,,1023.0,,8,3,2024-01-15 20:00:00,KNYC0
2024-01-15 21:00:00-05:00,-3.0,66,0.0,,240,6.0,,1023.0,,8,3,2024-01-15 21:00:00,KNYC0
2024-01-15 22:00:00-05:00,-3.0,77,0.0,,300,7.0,,1023.0,,8,3,2024-01-15 22:00:00,KNYC0
2024-01-15 23:00:00-05:00,-3.0,77,0.2,,216,4.3,,1023.0,,8,14,2024-01-15 23:00:00,KNYC0
2024-01-16 00:00:00-05:00,-4.0,81,0.5,,310,6.0,,1021.0,,8,15,2024-01-16 00:00:00,KNYC0
2024-01-16 01:00:00-05:00,-4.0,85,1.2,,358,2.9,,1020.0,,8,16,2024-01-16 01:00:00,KNYC0
2024-01-16 02:00:00-05:00,-3.0,84,0.8,,20,7.0,,1020.0,,8,15,2024-01-16 02:00:00,KNYC0
2024-01-16 03:00:00-05:00,-3.0,81,0.6,,50,11.0,,1019.0,,8,15,2024-01-16 03:00:00,KNYC0
2024-01-16 04:00:00-05:00,-3.0,81,0.2,,20,9.0,,1018.0,,8,14,2024-01-16 04:00:00,KNYC0
2024-01-16 05:00:00-05:00,-3.0,81,0.6,,50,7.0,,1017.0,,8,15,2024-01-16 05:00:00,KNYC0
2024-01-16 06:00:00-05:00,-3.0,85,0.2,,60,9.0,,1016.0,,8,14,2024-01-16 06:00:00,KNYC0
2024-01-16 07:00:00-05:00,-2.0,85,0.4,,30,6.0,,1015.0,,8,15,2024-01-16 07:00:00,KNYC0
2024-01-16 08:00:00-05:00,-2.0,85,0.6,,40,32.0,,1014.0,,8,15,2024-01-16 08:00:00,KNYC0
2024-01-16 09:00:00-05:00,-2.0,85,0.2,,40,22.0,,1013.0,,8,14,2024-01-16 09:00:00,KNYC0
2024-01-16 10:00:00-05:00,-1.0,85,1.1,,15,11.0,,1012.0,,8,16,2024-01-16 10:00:00,KNYC0
2024-01-16 11:00:00-05:00,-1.0,85,1.2,,40,13.0,,1010.0,,8,16,2024-01-16 11:00:00,KNYC0
2024-01-16 12:00:00-05:00,-1.0,89,0.4,,30,15.0,,1006.0,,8,15,2024-01-16 12:00:00,KNYC0
2024-01-16 13:00:00-05:00,-1.0,89,0.3,,30,13.0,,1005.0,,8,5,2024-01-16 13:00:00,KNYC0
2024-01-16 14:00:00-05:00,-1.0,88,0.7,,310,17.0,,1006.0,,8,15,2024-01-16 14:00:00,KNYC0
2024-01-16 15:00:00-05:00,-2.0,85,0.3,,330,20.0,,1007.0,,8,5,2024-01-16 15:00:00,KNYC0
2024-01-16 16:00:00-05:00,-2.0,88,0.2,,300,20.0,,1007.0,,8,14,2024-01-16 16:00:00,KNYC0
2024-01-16 17:00:00-05:00,-2.0,81,0.0,,300,24.0,,1007.0,,8,3,2024-01-16 17:00:00,KNYC0
2024-01-16 18:00:00-05:00,-2.0,71,0.0,,320,24.0,,1008.0,,8,3,2024-01-16 18:00:00,KNYC0
2024-01-16 19:00:00-05:00,-2.0,63,0.0,,290,19.0,,1009.0,,8,3,2024-01-16 19:00:00,KNYC0
2024-01-16 20:00:00-05:00,-3.0,77,0.0,,314,20.9,,1009.3,,5,3,2024-01-16 20:00:00,KNYC0
2024-01-16 21:00:00-05:00,-4.1,71,0.0,,318,22.7,,1009.9,,0,3,2024-01-16 21:00:00,KNYC0
2024-01-16 22:00:00-05:00,-5.4,65,0.0,,322,23.4,,1010.8,,0,1,2024-01-16 22:00:00,KNYC0
2024-01-16 23:00:00-05:00,-6.0,60,0.0,,300,11.0,,1012.0,,0,1,2024-01-16 23:00:00,KNYC0
2024-01-17 00:00:00-05:00,-6.6,71,0.0,,307,17.3,,1011.8,,0,1,2024-01-17 00:00:00,KNYC0
2024-01-17 01:00:00-05:00,-6.0,59,0.0,,302,9.0,,1013.0,,0,1,2024-01-17 01:00:00,KNYC0
2024-01-17 02:00:00-05:00,-6.0,62,0.0,,270,15.0,,1013.0,,0,1,2024-01-17 02:00:00,KNYC0
2024-01-17 03:00:00-05:00,-7.0,59,0.0,,296,6.0,,1013.0,,0,1,2024-01-17 03:00:00,KNYC0
2024-01-17 04:00:00-05:00,-7.0,59,0.0,,290,13.0,,1013.0,,0,1,2024-01-17 04:00:00,KNYC0
2024-01-17 05:00:00-05:00,-7.0,59,0.0,,285,9.0,,1014.0,,0,1,2024-01-17 05:00:00,KNYC0
2024-01-17 06:00:00-05:00,-8.0,59,0.0,,282,9.0,,1015.0,,0,1,2024-01-17 06:00:00,KNYC0
2024-01-17 07:00:00-05:00,-8.0,59,0.0,,280,15.0,,1015.0,,0,1,2024-01-17 07:00:00,KNYC0
2024-01-17 08:00:00-05:00,-8.0,54,0.0,,276,17.3,,1016.0,,0,1,2024-01-17 08:00:00,KNYC0
2024-01-17 09:00:00-05:00,-7.0,54,0.0,,280,13.0,,1017.0,,0,1,2024-01-17 09:00:00,KNYC0
2024-01-17 10:00:00-05:00,-7.0,45,0.0,,300,15.0,,1017.0,,0,1,2024-01-17 10:00:00,KNYC0
2024-01-17 11:00:00-05:00,-6.0,40,0.0,,300,19.0,,1016.0,,0,1,2024-01-17 11:00:00,KNYC0
2024-01-17 12:00:00-05:00,-5.0,36,0.0,,290,19.0,,1015.0,,0,1,2024-01-17 12:00:00,KNYC0
2024-01-17 13:00:00-05:00,-4.0,33,0.0,,267,25.2,,1015.0,,0,1,2024-01-17 13:00:00,KNYC0
2024-01-17 14:00:00-05:00,-4.0,33,0.0,,280,17.0,,1015.0,,0,1,2024-01-17 14:00:00,KNYC0
2024-01-17 15:00:00-05:00,-4.0,30,0.0,,260,13.0,,1016.0,,0,1,2024-01-17 15:00:00,KNYC0
2024-01-17 16:00:00-05:00,-5.0,35,0.0,,255,22.7,,1017.0,,0,1,2024-01-17 16:00:00,KNYC0
2024-01-17 17:00:00-05:00,-5.0,35,0.0,,249,11.0,,1018.0,,0,1,2024-01-17 17:00:00,KNYC0
2024-01-17 18:00:00-05:00,-5.0,38,0.0,,280,15.0,,1019.0,,0,1,2024-01-17 18:00:00,KNYC0
2024-01-17 19:00:00-05:00,-5.0,36,0.0,,250,15.0,,1018.0,,0,1,2024-01-17 19:00:00,KNYC0
2024-01-17 20:00:00-05:00,-5.0,38,0.0,,250,17.0,,1019.0,,0,1,2024-01-17 20:00:00,KNYC0
2024-01-17 21:00:00-05:00,-5.0,38,0.0,,230,17.0,,1020.0,,0,1,2024-01-17 21:00:00,KNYC0
2024-01-17 22:00:00-05:00,-6.0,41,0.0,,259,18.0,,1021.0,,0,1,2024-01-17 22:00:00,KNYC0
2024-01-17 23:00:00-05:00,-6.0,41,0.0,,253,7.0,,1021.0,,1,1,2024-01-17 23:00:00,KNYC0
2024-01-18 00:00:00-05:00,-6.0,40,0.0,,230,13.0,,1021.0,,4,1,2024-01-18 00:00:00,KNYC0
2024-01-18 01:00:00-05:00,-6.0,40,0.0,,240,13.0,,1022.0,,3,3,2024-01-18 01:00:00,KNYC0
2024-01-18 02:00:00-05:00,-6.0,38,0.0,,230,24.0,,1022.0,,3,2,2024-01-18 02:00:00,KNYC0
2024-01-18 03:00:00-05:00,-6.0,40,0.0,,240,15.0,,1022.0,,0,3,2024-01-18 03:00:00,KNYC0
2024-01-18 04:00:00-05:00,-5.0,38,0.0,,280,13.0,,1021.0,,3,1,2024-01-18 04:00:00,KNYC0
2024-01-18 05:00:00-05:00,-4.0,36,0.0,,258,13.0,,1022.0,,8,2,2024-01-18 05:00:00,KNYC0
2024-01-18 06:00:00-05:00,-4.0,38,0.0,,210,13.0,,1022.0,,8,3,2024-01-18 06:00:00,KNYC0
2024-01-18 07:00:00-05:00,-4.0,40,0.0,,242,12.2,,1022.0,,8,3,2024-01-18 07:00:00,KNYC0
2024-01-18 08:00:00-05:00,-4.0,40,0.0,,240,15.0,,1023.0,,8,3,2024-01-18 08:00:00,KNYC0
2024-01-18 09:00:00-05:00,-3.0,35,0.0,,221,9.0,,1023.0,,8,3,2024-01-18 09:00:00,KNYC0
2024-01-18 10:00:00-05:00,-2.0,39,0.0,,227,15.5,,1023.0,,8,3,2024-01-18 10:00:00,KNYC0
2024-01-18 11:00:00-05:00,-2.0,53,0.0,,233,9.0,,1023.0,,8,3,2024-01-18 11:00:00,KNYC0
2024-01-18 12:00:00-05:00,-3.0,60,0.0,,290,17.0,,1023.0,,8,3,2024-01-18 12:00:00,KNYC0
2024-01-18 13:00:00-05:00,-1.0,45,0.0,,232,18.0,,1020.0,,8,3,2024-01-18 13:00:00,KNYC0
2024-01-18 14:00:00-05:00,0.0,38,0.0,,226,6.0,,1019.0,,8,3,2024-01-18 14:00:00,KNYC0
2024-01-18 15:00:00-05:00,0.0,49,0.0,,231,6.0,,1018.0,,8,3,2024-01-18 15:00:00,KNYC0
2024-01-18 16:00:00-05:00,0.0,47,0.0,,224,6.0,,1018.0,,8,3,2024-01-18 16:00:00,KNYC0
2024-01-18 17:00:00-05:00,0.0,49,0.0,,228,10.1,,1019.0,,8,3,2024-01-18 17:00:00,KNYC0
2024-01-18 18:00:00-05:00,1.0,43,0.0,,236,6.0,,1019.0,,8,3,2024-01-18 18:00:00,KNYC0
2024-01-18 19:00:00-05:00,0.0,45,0.0,,218,9.0,,1019.0,,8,3,2024-01-18 19:00:00,KNYC0
2024-01-18 20:00:00-05:00,1.0,43,0.0,,252,6.0,,1019.0,,8,3,2024-01-18 20:00:00,KNYC0
2024-01-18 21:00:00-05:00,1.0,39,0.0,,240,6.0,,1018.0,,8,3,2024-01-18 21:00:00,KNYC0
2024-01-18 22:00:00-05:00,1.0,43,0.0,,315,7.0,,1017.0,,8,3,2024-01-18 22:00:00,KNYC0
2024-01-18 23:00:00-05:00,0.0,47,0.0,,346,6.0,,1017.0,,8,3,2024-01-18 23:00:00,KNYC0
2024-01-19 00:00:00-05:00,-1.0,51,0.0,,358,8.6,,1016.0,,8,3,2024-01-19 00:00:00,KNYC0
2024-01-19 01:00:00-05:00,-1.0,51,0.0,,12,5.0,,1015.0,,8,3,2024-01-19 01:00:00,KNYC0
2024-01-19 02:00:00-05:00,0.0,51,0.0,,25,5.8,,1015.0,,8,3,2024-01-19 02:00:00,KNYC0
2024-01-19 03:00:00-05:00,0.0,49,0.0,,33,6.0,,1014.0,,8,3,2024-01-19 03:00:00,KNYC0
2024-01-19 04:00:00-05:00,0.0,41,0.0,,50,13.0,,1014.0,,8,3,2024-01-19 04:00:00,KNYC0
2024-01-19 05:00:00-05:00,-1.0,45,0.1,,50,7.0,,1013.0,,8,14,2024-01-19 05:00:00,KNYC0
2024-01-19 06:00:00-05:00,-1.0,43,0.2,,50,17.0,,1012.0,,8,14,2024-01-19 06:00:00,KNYC0
2024-01-19 07:00:00-05:00,-1.0,58,0.1,,60,17.0,,1012.0,,8,14,2024-01-19 07:00:00,KNYC0
2024-01-19 08:00:00-05:00,-1.0,63,0.0,,44,10.1,,1012.0,,8,5,2024-01-19 08:00:00,KNYC0
2024-01-19 09:00:00-05:00,-1.0,69,0.0,,20,19.0,,1012.0,,8,3,2024-01-19 09:00:00,KNYC0
2024-01-19 10:00:00-05:00,-1.0,72,0.0,,50,24.0,,1011.0,,8,3,2024-01-19 10:00:00,KNYC0
2024-01-19 11:00:00-05:00,-1.0,72,0.2,,46,16.2,,1010.0,,8,5,2024-01-19 11:00:00,KNYC0
2024-01-19 12:00:00-05:00,-1.0,75,0.3,,50,22.0,,1008.0,,8,15,2024-01-19 12:00:00,KNYC0
2024-01-19 13:00:00-05:00,-1.0,75,0.3,,20,15.0,,1008.0,,8,15,2024-01-19 13:00:00,KNYC0
2024-01-19 14:00:00-05:00,-2.0,78,0.2,,20,19.1,,1008.0,,8,14,2024-01-19 14:00:00,KNYC0
2024-01-19 15:00:00-05:00,-2.0,75,0.2,,40,13.0,,1008.0,,8,14,2024-01-19 15:00:00,KNYC0
2024-01-19 16:00:00-05:00,-2.0,80,0.1,,4,6.0,,1008.0,,8,14,2024-01-19 16:00:00,KNYC0
2024-01-19 17:00:00-05:00,-2.0,78,0.0,,351,6.0,,1009.0,,8,3,2024-01-19 17:00:00,KNYC0
2024-01-19 18:00:00-05:00,-3.0,66,0.0,,354,6.0,,1011.0,,8,3,2024-01-19 18:00:00,KNYC0
2024-01-19 19:00:00-05:00,-3.0,66,0.0,,353,11.0,,1011.0,,8,3,2024-01-19 19:00:00,KNYC0
2024-01-19 20:00:00-05:00,-3.0,71,0.0,,300,11.0,,1011.0,,8,3,2024-01-19 20:00:00,KNYC0
2024-01-19 21:00:00-05:00,-3.0,72,0.0,,280,13.0,,1011.0,,6,3,2024-01-19 21:00:00,KNYC0
2024-01-19 22:00:00-05:00,-3.0,66,0.0,,260,13.0,,1012.0,,8,3,2024-01-19 22:00:00,KNYC0
2024-01-19 23:00:00-05:00,-3.0,55,0.0,,290,17.0,,1012.0,,5,3,2024-01-19 23:00:00,KNYC0
2024-01-20 00:00:00-05:00,-4.0,46,0.0,,300,22.0,,1012.0,,6,3,2024-01-20 00:00:00,KNYC0
2024-01-20 01:00:00-05:00,-6.0,48,0.0,,280,15.0,,1013.0,,6,3,2024-01-20 01:00:00,KNYC0
2024-01-20 02:00:00-05:00,-6.0,49,0.0,,315,20.5,,1013.0,,2,3,2024-01-20 02:00:00,KNYC0
2024-01-20 03:00:00-05:00,-7.0,54,0.0,,310,9.0,,1014.0,,0,2,2024-01-20 03:00:00,KNYC0
2024-01-20 04:00:00-05:00,-7.0,54,0.0,,307,9.0,,1014.0,,0,1,2024-01-20 04:00:00,KNYC0
2024-01-20 05:00:00-05:00,-8.0,56,0.0,,280,13.0,,1015.0,,0,1,2024-01-20 05:00:00,KNYC0
2024-01-20 06:00:00-05:00,-8.0,56,0.0,,306,6.0,,1015.0,,0,1,2024-01-20 06:00:00,KNYC0
2024-01-20 07:00:00-05:00,-8.0,59,0.0,,300,13.0,,1015.0,,0,1,2024-01-20 07:00:00,KNYC0
2024-01-20 08:00:00-05:00,-7.0,54,0.0,,290,17.0,,1016.0,,0,1,2024-01-20 08:00:00,KNYC0
2024-01-20 09:00:00-05:00,-7.0,47,0.0,,310,26.0,,1016.0,,3,1,2024-01-20 09:00:00,KNYC0
2024-01-20 10:00:00-05:00,-6.0,43,0.0,,310,17.0,,1015.0,,1,2,2024-01-20 10:00:00,KNYC0
2024-01-20 11:00:00-05:00,-4.0,44,0.0,,290,17.0,,1015.0,,6,1,2024-01-20 11:00:00,KNYC0
2024-01-20 12:00:00-05:00,-4.0,41,0.0,,290,13.0,,1014.0,,4,3,2024-01-20 12:00:00,KNYC0
2024-01-20 13:00:00-05:00,-4.0,41,0.0,,280,22.0,,1014.0,,7,3,2024-01-20 13:00:00,KNYC0
2024-01-20 14:00:00-05:00,-4.0,41,0.0,,280,19.0,,1014.0,,8,3,2024-01-20 14:00:00,KNYC0
2024-01-20 15:00:00-05:00,-5.0,42,0.0,,310,26.0,,1015.0,,8,3,2024-01-20 15:00:00,KNYC0
2024-01-20 16:00:00-05:00,-6.0,45,0.0,,300,19.0,,1016.0,,8,3,2024-01-20 16:00:00,KNYC0
2024-01-20 17:00:00-05:00,-6.0,45,0.0,,310,19.0,,1017.0,,8,3,2024-01-20 17:00:00,KNYC0
2024-01-20 18:00:00-05:00,-6.0,47,0.0,,320,26.0,,1017.0,,8,3,2024-01-20 18:00:00,KNYC0
2024-01-20 19:00:00-05:00,-7.0,49,0.0,,310,19.0,,1018.0,,6,3,2024-01-20 19:00:00,KNYC0
2024-01-20 20:00:00-05:00,-7.0,49,0.0,,300,17.0,,1018.0,,7,3,2024-01-20 20:00:00,KNYC0
2024-01-20 21:00:00-05:00,-7.0,54,0.0,,300,15.0,,1019.0,,8,3,2024-01-20 21:00:00,KNYC0
2024-01-20 22:00:00-05:00,-7.0,57,0.0,,310,22.0,,1019.0,,7,3,2024-01-20 22:00:00,KNYC0
2024-01-20 23:00:00-05:00,-6.0,54,0.0,,310,17.0,,1020.0,,8,3,2024-01-20 23:00:00,KNYC0
2024-01-21 00:00:00-05:00,-6.0,59,0.0,,300,19.0,,1020.0,,8,3,2024-01-21 00:00:00,KNYC0
2024-01-21 01:00:00-05:00,-6.0,55,0.0,,310,11.0,,1021.0,,6,3,2024-01-21 01:00:00,KNYC0
2024-01-21 02:00:00-05:00,-6.0,55,0.0,,312,18.7,,1022.0,,5,3,2024-01-21 02:00:00,KNYC0
2024-01-21 03:00:00-05:00,-6.0,52,0.0,,313,11.0,,1022.0,,3,3,2024-01-21 03:00:00,KNYC0
2024-01-21 04:00:00-05:00,-6.0,50,0.0,,300,20.0,,1023.0,,0,3,2024-01-21 04:00:00,KNYC0
2024-01-21 05:00:00-05:00,-6.0,49,0.0,,310,17.0,,1024.0,,1,1,2024-01-21 05:00:00,KNYC0
2024-01-21 06:00:00-05:00,-7.0,49,0.0,,320,17.0,,1025.0,,0,1,2024-01-21 06:00:00,KNYC0
2024-01-21 07:00:00-05:00,-7.0,49,0.0,,300,20.0,,1026.0,,0,1,2024-01-21 07:00:00,KNYC0
2024-01-21 08:00:00-05:00,-6.0,47,0.0,,320,15.0,,1027.0,,0,1,2024-01-21 08:00:00,KNYC0
2024-01-21 09:00:00-05:00,-6.0,43,0.0,,310,22.0,,1028.0,,1,1,2024-01-21 09:00:00,KNYC0
2024-01-21 10:00:00-05:00,-4.0,41,0.0,,318,22.7,,1028.0,,0,1,2024-01-21 10:00:00,KNYC0
2024-01-21 11:00:00-05:00,-3.0,41,0.0,,320,17.0,,1027.0,,1,1,2024-01-21 11:00:00,KNYC0
2024-01-21 12:00:00-05:00,-2.0,39,0.0,,312,9.0,,1027.0,,0,1,2024-01-21 12:00:00,KNYC0
2024-01-21 13:00:00-05:00,-1.0,39,0.0,,300,19.0,,1027.0,,0,1,2024-01-21 13:00:00,KNYC0
2024-01-21 14:00:00-05:00,-1.0,38,0.0,,290,15.0,,1027.0,,0,1,2024-01-21 14:00:00,KNYC0
2024-01-21 15:00:00-05:00,-1.0,37,0.0,,290,20.0,,1028.0,,0,1,2024-01-21 15:00:00,KNYC0
2024-01-21 16:00:00-05:00,-2.0,41,0.0,,300,13.0,,1030.0,,0,1,2024-01-21 16:00:00,KNYC0
2024-01-21 17:00:00-05:00,-2.0,43,0.0,,300,17.0,,1031.0,,0,1,2024-01-21 17:00:00,KNYC0
2024-01-21 18:00:00-05:00,-2.0,42,0.0,,300,17.0,,1031.0,,0,1,2024-01-21 18:00:00,KNYC0
2024-01-21 19:00:00-05:00,-3.0,42,0.0,,300,9.0,,1032.0,,0,1,2024-01-21 19:00:00,KNYC0
2024-01-21 20:00:00-05:00,-3.0,42,0.0,,310,15.0,,1032.0,,0,1,2024-01-21 20:00:00,KNYC0
2024-01-21 21:00:00-05:00,-3.0,42,0.0,,307,11.0,,1033.0,,0,1,2024-01-21 21:00:00,KNYC0
2024-01-21 22:00:00-05:00,-4.0,48,0.0,,310,13.0,,1033.0,,0,1,2024-01-21 22:00:00,KNYC0
2024-01-21 23:00:00-05:00,-4.0,53,0.0,,297,11.5,,1034.0,,0,1,2024-01-21 23:00:00,KNYC0
2024-01-22 00:00:00-05:00,-4.0,53,0.0,,291,10.4,,1034.0,,0,1,2024-01-22 00:00:00,KNYC0
2024-01-22 01:00:00-05:00,-4.0,55,0.0,,280,9.0,,1034.0,,0,1,2024-01-22 01:00:00,KNYC0
2024-01-22 02:00:00-05:00,-3.0,52,0.0,,290,11.0,,1034.0,,0,1,2024-01-22 02:00:00,KNYC0
2024-01-22 03:00:00-05:00,-3.0,55,0.0,,270,19.0,,1035.0,,0,1,2024-01-22 03:00:00,KNYC0
2024-01-22 04:00:00-05:00,-4.0,57,0.0,,290,7.0,,1034.0,,0,1,2024-01-22 04:00:00,KNYC0
2024-01-22 05:00:00-05:00,-4.0,57,0.0,,320,6.0,,1035.0,,0,1,2024-01-22 05:00:00,KNYC0
2024-01-22 06:00:00-05:00,-4.0,57,0.0,,280,13.0,,1035.0,,0,1,2024-01-22 06:00:00,KNYC0
2024-01-22 07:00:00-05:00,-4.0,60,0.0,,268,9.4,,1035.0,,0,1,2024-01-22 07:00:00,KNYC0
2024-01-22 08:00:00-05:00,-3.0,55,0.0,,253,11.0,,1035.0,,0,1,2024-01-22 08:00:00,KNYC0
2024-01-22 09:00:00-05:00,-2.0,53,0.0,,290,6.0,,1036.0,,0,1,2024-01-22 09:00:00,KNYC0
2024-01-22 10:00:00-05:00,-1.0,49,0.0,,270,7.0,,1035.0,,1,1,2024-01-22 10:00:00,KNYC0
2024-01-22 11:00:00-05:00,1.0,43,0.0,,300,17.0,,1034.0,,2,1,2024-01-22 11:00:00,KNYC0
2024-01-22 12:00:00-05:00,1.0,41,0.0,,222,12.6,,1033.0,,8,2,2024-01-22 12:00:00,KNYC0
2024-01-22 13:00:00-05:00,2.0,35,0.0,,224,11.0,,1033.0,,8,3,2024-01-22 13:00:00,KNYC0
2024-01-22 14:00:00-05:00,3.0,32,0.0,,260,13.0,,1032.0,,7,3,2024-01-22 14:00:00,KNYC0
2024-01-22 15:00:00-05:00,3.0,32,0.0,,260,9.0,,1032.0,,8,3,2024-01-22 15:00:00,KNYC0
2024-01-22 16:00:00-05:00,2.0,35,0.0,,217,15.8,,1033.0,,8,3,2024-01-22 16:00:00,KNYC0
2024-01-22 17:00:00-05:00,2.0,37,0.0,,260,13.0,,1032.0,,8,3,2024-01-22 17:00:00,KNYC0
2024-01-22 18:00:00-05:00,2.0,38,0.0,,320,15.0,,1032.0,,8,3,2024-01-22 18:00:00,KNYC0
2024-01-22 19:00:00-05:00,2.0,44,0.0,,230,15.0,,1033.0,,5,3,2024-01-22 19:00:00,KNYC0
2024-01-22 20:00:00-05:00,2.0,47,0.0,,230,17.0,,1032.0,,4,3,2024-01-22 20:00:00,KNYC0
2024-01-22 21:00:00-05:00,1.0,50,0.0,,250,15.0,,1032.0,,8,3,2024-01-22 21:00:00,KNYC0
2024-01-22 22:00:00-05:00,1.0,47,0.0,,240,19.0,,1032.0,,4,3,2024-01-22 22:00:00,KNYC0
2024-01-22 23:00:00-05:00,2.0,47,0.0,,237,7.0,,1031.0,,7,3,2024-01-22 23:00:00,KNYC0
2024-01-23 00:00:00-05:00,2.0,47,0.0,,230,13.0,,1031.0,,7,3,2024-01-23 00:00:00,KNYC0
2024-01-23 01:00:00-05:00,2.0,47,0.0,,250,13.0,,1031.0,,5,3,2024-01-23 01:00:00,KNYC0
2024-01-23 02:00:00-05:00,1.0,52,0.0,,245,7.0,,1031.0,,5,3,2024-01-23 02:00:00,KNYC0
2024-01-23 03:00:00-05:00,2.0,47,0.0,,230,19.0,,1031.0,,6,3,2024-01-23 03:00:00,KNYC0
2024-01-23 04:00:00-05:00,2.0,46,0.0,,234,14.4,,1031.0,,8,3,2024-01-23 04:00:00,KNYC0
2024-01-23 05:00:00-05:00,2.0,47,0.0,,237,16.6,,1031.0,,8,3,2024-01-23 05:00:00,KNYC0
2024-01-23 06:00:00-05:00,2.0,47,0.0,,240,9.0,,1031.0,,5,3,2024-01-23 06:00:00,KNYC0
2024-01-23 07:00:00-05:00,3.0,44,0.0,,320,17.0,,1032.0,,8,3,2024-01-23 07:00:00,KNYC0
2024-01-23 08:00:00-05:00,4.0,39,0.0,,266,6.0,,1032.0,,8,3,2024-01-23 08:00:00,KNYC0
2024-01-23 09:00:00-05:00,4.0,41,0.0,,258,11.0,,1033.0,,8,3,2024-01-23 09:00:00,KNYC0
2024-01-23 10:00:00-05:00,3.0,55,0.0,,268,11.0,,1034.0,,8,3,2024-01-23 10:00:00,KNYC0
2024-01-23 11:00:00-05:00,3.0,72,0.0,,247,7.9,,1034.0,,8,3,2024-01-23 11:00:00,KNYC0
2024-01-23 12:00:00-05:00,3.0,72,0.2,,290,7.0,,1033.0,,8,12,2024-01-23 12:00:00,KNYC0
2024-01-23 13:00:00-05:00,3.0,76,0.1,,299,9.0,,1033.0,,8,5,2024-01-23 13:00:00,KNYC0
2024-01-23 14:00:00-05:00,4.0,73,0.0,,311,10.4,,1033.0,,8,3,2024-01-23 14:00:00,KNYC0
2024-01-23 15:00:00-05:00,4.0,73,0.0,,320,9.0,,1034.0,,8,3,2024-01-23 15:00:00,KNYC0
2024-01-23 16:00:00-05:00,4.0,73,0.0,,327,7.0,,1034.0,,8,3,2024-01-23 16:00:00,KNYC0
2024-01-23 17:00:00-05:00,4.0,73,0.0,,20,6.0,,1035.0,,8,3,2024-01-23 17:00:00,KNYC0
2024-01-23 18:00:00-05:00,4.0,70,0.0,,50,6.8,,1035.0,,8,3,2024-01-23 18:00:00,KNYC0
2024-01-23 19:00:00-05:00,4.0,73,0.0,,68,6.5,,1035.0,,8,3,2024-01-23 19:00:00,KNYC0
2024-01-23 20:00:00-05:00,4.0,65,0.0,,100,6.0,,1035.0,,8,3,2024-01-23 20:00:00,KNYC0
2024-01-23 21:00:00-05:00,4.0,65,0.0,,130,6.0,,1035.0,,8,3,2024-01-23 21:00:00,KNYC0
2024-01-23 22:00:00-05:00,4.0,68,0.0,,60,7.0,,1035.0,,8,3,2024-01-23 22:00:00,KNYC0
2024-01-23 23:00:00-05:00,4.0,73,0.0,,80,7.0,,1035.0,,8,3,2024-01-23 23:00:00,KNYC0
2024-01-24 00:00:00-05:00,4.0,67,0.0,,75,7.0,,1035.0,,8,3,2024-01-24 00:00:00,KNYC0
2024-01-24 01:00:00-05:00,4.0,67,0.0,,80,7.0,,1035.0,,8,3,2024-01-24 01:00:00,KNYC0
2024-01-24 02:00:00-05:00,4.0,70,0.0,,86,9.0,,1035.0,,8,3,2024-01-24 02:00:00,KNYC0
2024-01-24 03:00:00-05:00,3.0,76,0.0,,90,7.0,,1035.0,,8,3,2024-01-24 03:00:00,KNYC0
2024-01-24 04:00:00-05:00,3.0,79,0.0,,90,9.0,,1035.0,,8,3,2024-01-24 04:00:00,KNYC0
2024-01-24 05:00:00-05:00,3.0,79,0.0,,90,15.0,,1035.0,,8,3,2024-01-24 05:00:00,KNYC0
2024-01-24 06:00:00-05:00,4.0,83,0.0,,98,10.8,,1034.0,,8,3,2024-01-24 06:00:00,KNYC0
2024-01-24 07:00:00-05:00,4.0,83,0.0,,92,9.7,,1034.0,,7,3,2024-01-24 07:00:00,KNYC0
2024-01-24 08:00:00-05:00,5.0,82,0.0,,86,7.0,,1034.0,,8,5,2024-01-24 08:00:00,KNYC0
2024-01-24 09:00:00-05:00,6.0,79,0.0,,71,10.4,,1034.0,,8,5,2024-01-24 09:00:00,KNYC0
2024-01-24 10:00:00-05:00,6.0,82,0.0,,47,9.4,,1034.0,,8,5,2024-01-24 10:00:00,KNYC0
2024-01-24 11:00:00-05:00,6.0,82,0.0,,54,8.3,,1033.0,,8,5,2024-01-24 11:00:00,KNYC0
2024-01-24 12:00:00-05:00,6.0,85,0.0,,62,9.4,,1033.0,,8,5,2024-01-24 12:00:00,KNYC0
2024-01-24 13:00:00-05:00,6.0,86,0.0,,115,9.0,,1031.0,,8,5,2024-01-24 13:00:00,KNYC0
2024-01-24 14:00:00-05:00,6.0,89,0.0,,80,7.0,,1031.0,,8,5,2024-01-24 14:00:00,KNYC0
2024-01-24 15:00:00-05:00,6.0,89,0.0,,128,7.2,,1030.0,,8,3,2024-01-24 15:00:00,KNYC0
2024-01-24 16:00:00-05:00,7.0,90,0.0,,119,5.4,,1030.0,,8,5,2024-01-24 16:00:00,KNYC0
2024-01-24 17:00:00-05:00,7.0,90,0.0,,124,6.1,,1029.0,,8,5,2024-01-24 17:00:00,KNYC0
2024-01-24 18:00:00-05:00,8.0,89,0.3,,100,5.4,,1028.0,,8,8,2024-01-24 18:00:00,KNYC0
2024-01-24 19:00:00-05:00,8.0,89,0.6,,130,9.0,,1027.0,,8,8,2024-01-24 19:00:00,KNYC0
2024-01-24 20:00:00-05:00,8.0,90,0.5,,133,9.0,,1026.0,,8,5,2024-01-24 20:00:00,KNYC0
2024-01-24 21:00:00-05:00,8.0,90,0.5,,113,7.6,,1026.0,,8,5,2024-01-24 21:00:00,KNYC0
2024-01-24 22:00:00-05:00,7.0,90,0.7,,300,7.0,,1025.0,,8,5,2024-01-24 22:00:00,KNYC0
2024-01-24 23:00:00-05:00,7.0,90,0.2,,207,12.6,,1025.0,,8,5,2024-01-24 23:00:00,KNYC0
2024-01-25 00:00:00-05:00,8.0,86,0.2,,222,15.8,,1023.0,,8,7,2024-01-25 00:00:00,KNYC0
2024-01-25 01:00:00-05:00,9.0,90,0.3,,232,6.0,,1022.0,,8,8,2024-01-25 01:00:00,KNYC0
2024-01-25 02:00:00-05:00,9.0,89,0.3,,280,9.0,,1022.0,,8,8,2024-01-25 02:00:00,KNYC0
2024-01-25 03:00:00-05:00,9.0,90,0.2,,230,11.0,,1022.0,,8,7,2024-01-25 03:00:00,KNYC0
2024-01-25 04:00:00-05:00,11.0,89,0.3,,232,7.0,,1020.0,,8,8,2024-01-25 04:00:00,KNYC0
2024-01-25 05:00:00-05:00,10.0,93,0.2,,233,9.0,,1021.0,,8,7,2024-01-25 05:00:00,KNYC0
2024-01-25 06:00:00-05:00,11.0,89,0.3,,245,6.0,,1021.0,,8,8,2024-01-25 06:00:00,KNYC0
2024-01-25 07:00:00-05:00,11.0,92,0.2,,264,11.5,,1021.0,,8,7,2024-01-25 07:00:00,KNYC0
2024-01-25 08:00:00-05:00,11.0,89,0.2,,245,7.0,,1021.0,,8,7,2024-01-25 08:00:00,KNYC0
2024-01-25 09:00:00-05:00,11.0,89,0.3,,273,10.1,,1021.0,,8,8,2024-01-25 09:00:00,KNYC0
2024-01-25 10:00:00-05:00,12.0,90,0.7,,264,9.4,,1021.0,,8,8,2024-01-25 10:00:00,KNYC0
2024-01-25 11:00:00-05:00,14.0,83,0.2,,269,8.3,,1020.0,,8,7,2024-01-25 11:00:00,KNYC0
2024-01-25 12:00:00-05:00,14.0,78,0.5,,273,9.0,,1020.0,,8,8,2024-01-25 12:00:00,KNYC0
2024-01-25 13:00:00-05:00,14.0,81,0.2,,296,7.2,,1020.0,,8,7,2024-01-25 13:00:00,KNYC0
2024-01-25 14:00:00-05:00,14.0,81,0.0,,332,5.8,,1020.0,,8,3,2024-01-25 14:00:00,KNYC0
2024-01-25 15:00:00-05:00,13.0,84,0.0,,2,8.3,,1020.0,,8,3,2024-01-25 15:00:00,KNYC0
2024-01-25 16:00:00-05:00,13.0,77,0.0,,17,8.3,,1021.0,,8,3,2024-01-25 16:00:00,KNYC0
2024-01-25 17:00:00-05:00,13.0,80,0.0,,60,9.0,,1022.0,,8,3,2024-01-25 17:00:00,KNYC0
2024-01-25 18:00:00-05:00,13.0,80,0.0,,70,9.0,,1022.0,,8,3,2024-01-25 18:00:00,KNYC0
2024-01-25 19:00:00-05:00,13.0,80,0.0,,28,6.0,,1023.0,,8,3,2024-01-25 19:00:00,KNYC0
2024-01-25 20:00:00-05:00,12.0,80,0.0,,60,11.0,,1023.0,,8,3,2024-01-25 20:00:00,KNYC0
2024-01-25 21:00:00-05:00,12.0,83,0.2,,26,11.0,,1023.0,,8,7,2024-01-25 21:00:00,KNYC0
2024-01-25 22:00:00-05:00,11.0,86,0.2,,40,6.0,,1023.0,,8,7,2024-01-25 22:00:00,KNYC0
2024-01-25 23:00:00-05:00,8.0,90,0.1,,60,9.0,,1023.0,,8,5,2024-01-25 23:00:00,KNYC0
2024-01-26 00:00:00-05:00,8.0,89,0.1,,60,11.0,,1023.0,,8,5,2024-01-26 00:00:00,KNYC0
2024-01-26 01:00:00-05:00,7.0,93,0.0,,70,6.0,,1022.0,,8,3,2024-01-26 01:00:00,KNYC0
2024-01-26 02:00:00-05:00,7.0,89,0.2,,76,7.0,,1022.0,,8,7,2024-01-26 02:00:00,KNYC0
2024-01-26 03:00:00-05:00,6.0,92,0.2,,86,6.0,,1021.0,,8,7,2024-01-26 03:00:00,KNYC0
2024-01-26 04:00:00-05:00,6.0,89,0.7,,88,9.0,,1020.0,,8,8,2024-01-26 04:00:00,KNYC0
2024-01-26 05:00:00-05:00,6.0,92,1.1,,70,7.0,,1020.0,,8,9,2024-01-26 05:00:00,KNYC0
2024-01-26 06:00:00-05:00,6.0,92,0.4,,90,15.0,,1020.0,,8,8,2024-01-26 06:00:00,KNYC0
2024-01-26 07:00:00-05:00,6.0,89,0.2,,50,15.0,,1019.0,,8,7,2024-01-26 07:00:00,KNYC0
2024-01-26 08:00:00-05:00,6.0,92,0.5,,70,11.0,,1019.0,,8,8,2024-01-26 08:00:00,KNYC0
2024-01-26 09:00:00-05:00,6.0,89,0.2,,50,11.0,,1019.0,,8,7,2024-01-26 09:00:00,KNYC0
2024-01-26 10:00:00-05:00,6.0,89,0.7,,40,13.0,,1019.0,,8,5,2024-01-26 10:00:00,KNYC0
2024-01-26 11:00:00-05:00,6.0,89,0.5,,50,20.0,,1018.0,,8,5,2024-01-26 11:00:00,KNYC0
2024-01-26 12:00:00-05:00,7.0,85,0.2,,40,9.0,,1016.0,,8,7,2024-01-26 12:00:00,KNYC0
2024-01-26 13:00:00-05:00,6.0,89,0.0,,29,10.8,,1016.0,,8,5,2024-01-26 13:00:00,KNYC0
2024-01-26 14:00:00-05:00,6.0,89,0.0,,60,13.0,,1017.0,,8,3,2024-01-26 14:00:00,KNYC0
2024-01-26 15:00:00-05:00,7.0,85,0.0,,53,7.0,,1017.0,,8,3,2024-01-26 15:00:00,KNYC0
2024-01-26 16:00:00-05:00,7.0,85,0.0,,45,6.1,,1017.0,,8,3,2024-01-26 16:00:00,KNYC0
2024-01-26 17:00:00-05:00,7.0,85,0.0,,64,7.0,,1017.0,,8,3,2024-01-26 17:00:00,KNYC0
2024-01-26 18:00:00-05:00,7.0,86,0.0,,300,6.0,,1018.0,,8,3,2024-01-26 18:00:00,KNYC0
2024-01-26 19:00:00-05:00,8.0,86,0.0,,153,3.6,,1019.0,,8,3,2024-01-26 19:00:00,KNYC0
2024-01-26 20:00:00-05:00,7.0,86,0.0,,70,5.0,,1019.0,,4,5,2024-01-26 20:00:00,KNYC0
2024-01-26 21:00:00-05:00,7.0,90,0.0,,300,6.0,,1019.0,,8,5,2024-01-26 21:00:00,KNYC0
2024-01-26 22:00:00-05:00,7.0,89,0.0,,30,6.0,,1019.0,,7,5,2024-01-26 22:00:00,KNYC0
2024-01-26 23:00:00-05:00,7.0,89,0.0,,268,2.2,,1019.0,,5,5,2024-01-26 23:00:00,KNYC0
2024-01-27 00:00:00-05:00,7.0,89,0.0,,280,7.0,,1020.0,,8,5,2024-01-27 00:00:00,KNYC0
2024-01-27 01:00:00-05:00,7.0,90,0.0,,307,6.0,,1020.0,,7,5,2024-01-27 01:00:00,KNYC0
2024-01-27 02:00:00-05:00,7.0,86,0.0,,314,14.4,,1020.0,,7,5,2024-01-27 02:00:00,KNYC0
2024-01-27 03:00:00-05:00,7.0,86,0.0,,328,14.0,,1020.0,,5,3,2024-01-27 03:00:00,KNYC0
2024-01-27 04:00:00-05:00,7.0,89,0.0,,337,12.6,,1020.0,,8,3,2024-01-27 04:00:00,KNYC0
2024-01-27 05:00:00-05:00,7.0,85,0.0,,30,7.0,,1022.0,,8,3,2024-01-27 05:00:00,KNYC0
2024-01-27 06:00:00-05:00,7.0,85,0.0,,30,7.0,,1022.0,,8,3,2024-01-27 06:00:00,KNYC0
2024-01-27 07:00:00-05:00,7.0,82,0.0,,20,17.0,,1023.0,,8,3,2024-01-27 07:00:00,KNYC0
2024-01-27 08:00:00-05:00,7.0,79,0.0,,357,13.7,,1024.0,,8,3,2024-01-27 08:00:00,KNYC0
2024-01-27 09:00:00-05:00,7.0,76,0.0,,3,7.0,,1024.0,,8,3,2024-01-27 09:00:00,KNYC0
2024-01-27 10:00:00-05:00,8.0,71,0.0,,4,7.0,,1024.0,,8,3,2024-01-27 10:00:00,KNYC0
2024-01-27 11:00:00-05:00,9.0,66,0.0,,9,7.0,,1024.0,,8,3,2024-01-27 11:00:00,KNYC0
2024-01-27 12:00:00-05:00,8.0,63,0.0,,6,6.0,,1023.0,,8,3,2024-01-27 12:00:00,KNYC0
2024-01-27 13:00:00-05:00,8.0,68,0.0,,10,19.0,,1024.0,,8,3,2024-01-27 13:00:00,KNYC0
2024-01-27 14:00:00-05:00,8.0,65,0.0,,6,6.0,,1024.0,,8,3,2024-01-27 14:00:00,KNYC0
2024-01-27 15:00:00-05:00,8.0,65,0.0,,10,6.5,,1024.0,,8,3,2024-01-27 15:00:00,KNYC0
2024-01-27 16:00:00-05:00,8.0,68,0.0,,344,4.3,,1023.0,,8,3,2024-01-27 16:00:00,KNYC0
2024-01-27 17:00:00-05:00,8.0,65,0.0,,354,6.8,,1023.0,,8,3,2024-01-27 17:00:00,KNYC0
2024-01-27 18:00:00-05:00,7.0,68,0.0,,40,9.0,,1024.0,,8,3,2024-01-27 18:00:00,KNYC0
2024-01-27 19:00:00-05:00,7.0,68,0.0,,20,7.0,,1024.0,,8,3,2024-01-27 19:00:00,KNYC0
2024-01-27 20:00:00-05:00,7.0,68,0.0,,100,9.0,,1024.0,,8,3,2024-01-27 20:00:00,KNYC0
2024-01-27 21:00:00-05:00,7.0,73,0.0,,120,6.0,,1023.0,,8,3,2024-01-27 21:00:00,KNYC0
2024-01-27 22:00:00-05:00,6.0,82,0.0,,135,8.3,,1023.0,,8,3,2024-01-27 22:00:00,KNYC0
2024-01-27 23:00:00-05:00,6.0,79,0.0,,145,7.0,,1023.0,,8,3,2024-01-27 23:00:00,KNYC0
2024-01-28 00:00:00-05:00,6.0,76,0.0,,130,11.0,,1021.0,,8,3,2024-01-28 00:00:00,KNYC0
2024-01-28 01:00:00-05:00,6.0,82,0.0,,140,9.0,,1021.0,,8,3,2024-01-28 01:00:00,KNYC0
2024-01-28 02:00:00-05:00,5.0,86,0.5,,120,7.0,,1019.0,,8,8,2024-01-28 02:00:00,KNYC0
2024-01-28 03:00:00-05:00,5.0,86,1.0,,50,15.0,,1019.0,,8,9,2024-01-28 03:00:00,KNYC0
2024-01-28 04:00:00-05:00,4.0,89,1.8,,66,6.0,,1018.0,,8,9,2024-01-28 04:00:00,KNYC0
2024-01-28 05:00:00-05:00,4.0,89,3.0,,68,7.0,,1016.0,,8,9,2024-01-28 05:00:00,KNYC0
2024-01-28 06:00:00-05:00,4.0,89,2.4,,100,15.0,,1016.0,,8,9,2024-01-28 06:00:00,KNYC0
2024-01-28 07:00:00-05:00,4.0,89,4.1,,80,13.0,,1015.0,,8,9,2024-01-28 07:00:00,KNYC0
2024-01-28 08:00:00-05:00,4.0,89,0.9,,100,15.0,,1015.0,,8,8,2024-01-28 08:00:00,KNYC0
2024-01-28 09:00:00-05:00,4.0,89,1.6,,68,20.2,,1014.0,,8,9,2024-01-28 09:00:00,KNYC0
2024-01-28 10:00:00-05:00,4.0,86,1.2,,60,26.0,,1010.0,,8,9,2024-01-28 10:00:00,KNYC0
2024-01-28 11:00:00-05:00,4.0,89,0.7,,53,25.9,,1009.0,,8,8,2024-01-28 11:00:00,KNYC0
2024-01-28 12:00:00-05:00,4.0,89,0.6,,60,24.0,,1007.0,,8,8,2024-01-28 12:00:00,KNYC0
2024-01-28 13:00:00-05:00,4.0,89,0.8,,50,37.0,,1007.0,,8,8,2024-01-28 13:00:00,KNYC0
2024-01-28 14:00:00-05:00,4.0,87,0.5,,50,28.0,,1005.0,,8,8,2024-01-28 14:00:00,KNYC0
2024-01-28 15:00:00-05:00,4.0,89,0.3,,70,32.0,,1005.0,,8,8,2024-01-28 15:00:00,KNYC0
2024-01-28 16:00:00-05:00,4.0,89,0.7,,33,24.8,,1005.0,,8,8,2024-01-28 16:00:00,KNYC0
2024-01-28 17:00:00-05:00,4.0,89,0.7,,10,15.0,,1005.0,,8,8,2024-01-28 17:00:00,KNYC0
2024-01-28 18:00:00-05:00,3.0,89,0.5,,20,20.0,,1005.0,,8,8,2024-01-28 18:00:00,KNYC0
2024-01-28 19:00:00-05:00,3.0,89,0.4,,360,15.0,,1005.0,,8,5,2024-01-28 19:00:00,KNYC0
2024-01-28 20:00:00-05:00,3.0,86,0.4,,13,9.0,,1004.0,,8,8,2024-01-28 20:00:00,KNYC0
2024-01-28 21:00:00-05:00,3.0,86,0.4,,360,11.0,,1004.0,,8,8,2024-01-28 21:00:00,KNYC0
2024-01-28 22:00:00-05:00,3.0,89,0.2,,4,9.0,,1004.0,,8,5,2024-01-28 22:00:00,KNYC0
2024-01-28 23:00:00-05:00,3.0,89,0.4,,30,15.0,,1004.0,,8,5,2024-01-28 23:00:00,KNYC0
2024-01-29 00:00:00-05:00,3.0,89,0.0,,356,21.2,,1004.0,,8,5,2024-01-29 00:00:00,KNYC0
2024-01-29 01:00:00-05:00,3.0,89,0.0,,356,6.0,,1004.0,,8,3,2024-01-29 01:00:00,KNYC0
2024-01-29 02:00:00-05:00,3.0,85,0.2,,349,19.8,,1005.0,,8,7,2024-01-29 02:00:00,KNYC0
2024-01-29 03:00:00-05:00,3.0,89,0.5,,346,19.1,,1005.0,,8,8,2024-01-29 03:00:00,KNYC0
2024-01-29 04:00:00-05:00,3.0,83,0.3,,347,6.0,,1006.0,,8,12,2024-01-29 04:00:00,KNYC0
2024-01-29 05:00:00-05:00,3.0,82,0.0,,352,9.0,,1007.0,,8,3,2024-01-29 05:00:00,KNYC0
2024-01-29 06:00:00-05:00,3.0,82,0.0,,330,6.0,,1007.0,,8,3,2024-01-29 06:00:00,KNYC0
2024-01-29 07:00:00-05:00,3.0,78,0.0,,10,15.0,,1009.0,,8,3,2024-01-29 07:00:00,KNYC0
2024-01-29 08:00:00-05:00,3.0,78,0.0,,10,13.0,,1010.0,,8,3,2024-01-29 08:00:00,KNYC0
2024-01-29 09:00:00-05:00,3.0,76,0.0,,355,24.1,,1011.0,,6,3,2024-01-29 09:00:00,KNYC0
2024-01-29 10:00:00-05:00,3.0,76,0.0,,352,11.0,,1011.0,,7,3,2024-01-29 10:00:00,KNYC0
2024-01-29 11:00:00-05:00,4.0,73,0.0,,350,30.2,,1011.0,,8,3,2024-01-29 11:00:00,KNYC0
2024-01-29 12:00:00-05:00,4.0,70,0.0,,347,11.0,,1012.0,,8,3,2024-01-29 12:00:00,KNYC0
2024-01-29 13:00:00-05:00,4.0,70,0.0,,10,20.0,,1012.0,,8,3,2024-01-29 13:00:00,KNYC0
2024-01-29 14:00:00-05:00,4.0,67,0.0,,345,28.4,,1012.0,,8,3,2024-01-29 14:00:00,KNYC0
2024-01-29 15:00:00-05:00,4.0,67,0.0,,40,13.0,,1014.0,,7,3,2024-01-29 15:00:00,KNYC0
2024-01-29 16:00:00-05:00,3.0,67,0.0,,350,11.0,,1015.0,,2,3,2024-01-29 16:00:00,KNYC0
2024-01-29 17:00:00-05:00,3.0,64,0.0,,10,15.0,,1015.0,,2,2,2024-01-29 17:00:00,KNYC0
2024-01-29 18:00:00-05:00,3.0,67,0.0,,20,17.0,,1017.0,,4,2,2024-01-29 18:00:00,KNYC0
2024-01-29 19:00:00-05:00,3.0,67,0.0,,20,13.0,,1018.0,,3,3,2024-01-29 19:00:00,KNYC0
2024-01-29 20:00:00-05:00,3.0,64,0.0,,10,15.0,,1019.0,,3,3,2024-01-29 20:00:00,KNYC0
2024-01-29 21:00:00-05:00,3.0,64,0.0,,30,17.0,,1019.0,,0,3,2024-01-29 21:00:00,KNYC0
2024-01-29 22:00:00-05:00,2.0,67,0.0,,20,13.0,,1020.0,,0,1,2024-01-29 22:00:00,KNYC0
2024-01-29 23:00:00-05:00,2.0,67,0.0,,349,7.0,,1020.0,,0,1,2024-01-29 23:00:00,KNYC0
2024-01-30 00:00:00-05:00,2.0,67,0.0,,30,7.0,,1020.0,,1,1,2024-01-30 00:00:00,KNYC0
2024-01-30 01:00:00-05:00,2.0,67,0.0,,359,11.9,,1021.0,,0,2,2024-01-30 01:00:00,KNYC0
2024-01-30 02:00:00-05:00,2.0,64,0.0,,30,9.0,,1021.0,,0,1,2024-01-30 02:00:00,KNYC0
2024-01-30 03:00:00-05:00,2.0,61,0.0,,20,15.0,,1021.0,,0,1,2024-01-30 03:00:00,KNYC0
2024-01-30 04:00:00-05:00,2.0,61,0.0,,356,7.0,,1022.0,,1,1,2024-01-30 04:00:00,KNYC0
2024-01-30 05:00:00-05:00,2.0,61,0.0,,360,9.0,,1023.0,,0,2,2024-01-30 05:00:00,KNYC0
2024-01-30 06:00:00-05:00,2.0,64,0.0,,330,6.0,,1023.0,,0,1,2024-01-30 06:00:00,KNYC0
2024-01-30 07:00:00-05:00,2.0,61,0.0,,6,9.7,,1024.0,,0,1,2024-01-30 07:00:00,KNYC0
2024-01-30 08:00:00-05:00,2.0,59,0.0,,13,11.2,,1024.0,,0,1,2024-01-30 08:00:00,KNYC0
2024-01-30 09:00:00-05:00,2.0,62,0.0,,290,6.0,,1024.0,,0,1,2024-01-30 09:00:00,KNYC0
2024-01-30 10:00:00-05:00,3.0,59,0.0,,80,9.0,,1024.0,,7,1,2024-01-30 10:00:00,KNYC0
2024-01-30 11:00:00-05:00,3.0,57,0.0,,95,9.0,,1023.0,,7,3,2024-01-30 11:00:00,KNYC0
2024-01-30 12:00:00-05:00,3.0,59,0.0,,70,9.0,,1023.0,,8,3,2024-01-30 12:00:00,KNYC0
2024-01-30 13:00:00-05:00,3.0,59,0.0,,140,9.0,,1023.0,,8,3,2024-01-30 13:00:00,KNYC0
2024-01-30 14:00:00-05:00,3.0,57,0.0,,158,13.7,,1023.0,,8,3,2024-01-30 14:00:00,KNYC0
2024-01-30 15:00:00-05:00,3.0,59,0.0,,153,7.0,,1023.0,,8,3,2024-01-30 15:00:00,KNYC0
2024-01-30 16:00:00-05:00,3.0,59,0.0,,200,13.0,,1023.0,,8,3,2024-01-30 16:00:00,KNYC0
2024-01-30 17:00:00-05:00,3.0,59,0.0,,142,8.6,,1023.0,,8,3,2024-01-30 17:00:00,KNYC0
2024-01-30 18:00:00-05:00,3.0,70,0.0,,134,8.6,,1023.0,,8,3,2024-01-30 18:00:00,KNYC0
2024-01-30 19:00:00-05:00,2.0,75,0.0,,130,11.0,,1023.0,,8,3,2024-01-30 19:00:00,KNYC0
2024-01-30 20:00:00-05:00,2.0,79,0.0,,126,7.0,,1023.0,,8,3,2024-01-30 20:00:00,KNYC0
2024-01-30 21:00:00-05:00,2.0,82,0.0,,120,9.0,,1023.0,,8,3,2024-01-30 21:00:00,KNYC0
2024-01-30 22:00:00-05:00,2.0,85,0.0,,127,12.6,,1023.0,,8,3,2024-01-30 22:00:00,KNYC0
2024-01-30 23:00:00-05:00,2.0,82,0.0,,170,15.0,,1022.0,,8,3,2024-01-30 23:00:00,KNYC0
2024-01-31 00:00:00-05:00,2.0,78,0.0,,115,7.0,,1022.0,,8,3,2024-01-31 00:00:00,KNYC0
2024-01-31 01:00:00-05:00,2.0,82,0.0,,112,11.5,,1022.0,,8,3,2024-01-31 01:00:00,KNYC0
2024-01-31 02:00:00-05:00,2.0,85,0.0,,80,9.0,,1022.0,,8,3,2024-01-31 02:00:00,KNYC0
2024-01-31 03:00:00-05:00,1.0,87,0.0,,80,15.0,,1021.0,,8,3,2024-01-31 03:00:00,KNYC0
2024-01-31 04:00:00-05:00,2.0,78,0.0,,94,7.0,,1021.0,,8,3,2024-01-31 04:00:00,KNYC0
2024-01-31 05:00:00-05:00,2.0,75,0.0,,100,11.0,,1021.0,,8,3,2024-01-31 05:00:00,KNYC0
2024-01-31 06:00:00-05:00,2.0,75,0.0,,70,13.0,,1021.0,,8,3,2024-01-31 06:00:00,KNYC0
2024-01-31 07:00:00-05:00,2.0,72,0.0,,80,11.0,,1021.0,,8,3,2024-01-31 07:00:00,KNYC0
2024-01-31 08:00:00-05:00,2.0,70,0.0,,92,6.0,,1021.0,,8,3,2024-01-31 08:00:00,KNYC0
2024-01-31 09:00:00-05:00,3.0,67,0.0,,105,10.8,,1021.0,,8,3,2024-01-31 09:00:00,KNYC0
2024-01-31 10:00:00-05:00,3.0,64,0.0,,170,11.0,,1021.0,,8,3,2024-01-31 10:00:00,KNYC0
2024-01-31 11:00:00-05:00,3.0,67,0.0,,180,11.0,,1020.0,,8,3,2024-01-31 11:00:00,KNYC0
2024-01-31 12:00:00-05:00,4.0,64,0.0,,150,7.0,,1020.0,,8,3,2024-01-31 12:00:00,KNYC0
2024-01-31 13:00:00-05:00,4.0,67,0.0,,188,5.8,,1020.0,,8,3,2024-01-31 13:00:00,KNYC0
2024-01-31 14:00:00-05:00,4.0,64,0.0,,226,4.7,,1020.0,,8,3,2024-01-31 14:00:00,KNYC0
2024-01-31 15:00:00-05:00,4.0,65,0.0,,239,7.0,,1020.0,,8,3,2024-01-31 15:00:00,KNYC0
2024-01-31 16:00:00-05:00,4.0,70,0.0,,229,5.8,,1020.0,,8,3,2024-01-31 16:00:00,KNYC0
2024-01-31 17:00:00-05:00,4.0,70,0.0,,190,6.8,,1020.0,,8,3,2024-01-31 17:00:00,KNYC0
2024-01-31 18:00:00-05:00,4.0,67,0.0,,177,6.0,,1020.0,,8,3,2024-01-31 18:00:00,KNYC0
2024-01-31 19:00:00-05:00,4.0,67,0.0,,280,6.0,,1019.0,,8,3,2024-01-31 19:00:00,KNYC0
2024-01-31 20:00:00-05:00,3.0,70,0.0,,270,6.0,,1019.0,,8,3,2024-01-31 20:00:00,KNYC0
2024-01-31 21:00:00-05:00,4.0,70,0.0,,240,6.0,,1019.0,,8,3,2024-01-31 21:00:00,KNYC0
2024-01-31 22:00:00-05:00,4.0,73,0.0,,260,9.0,,1019.0,,2,3,2024-01-31 22:00:00,KNYC0
2024-01-31 23:00:00-05:00,4.0,73,0.0,,237,10.1,,1019.0,,0,2,2024-01-31 23:00:00,KNYC0
2024-02-01 00:00:00-05:00,4.0,73,0.0,,232,10.1,,1019.0,,0,1,2024-02-01 00:00:00,KNYC0
2024-02-01 01:00:00-05:00,4.0,68,0.0,,280,6.0,,1018.0,,0,1,2024-02-01 01:00:00,KNYC0
2024-02-01 02:00:00-05:00,3.0,70,0.0,,233,7.6,,1018.0,,1,1,2024-02-01 02:00:00,KNYC0
2024-02-01 03:00:00-05:00,3.0,78,0.0,,236,9.0,,1018.0,,4,1,2024-02-01 03:00:00,KNYC0
2024-02-01 04:00:00-05:00,3.0,76,0.0,,240,6.0,,1018.0,,2,3,2024-02-01 04:00:00,KNYC0
2024-02-01 05:00:00-05:00,3.0,78,0.0,,250,6.0,,1018.0,,5,2,2024-02-01 05:00:00,KNYC0
2024-02-01 06:00:00-05:00,4.0,73,0.0,,270,7.0,,1018.0,,4,3,2024-02-01 06:00:00,KNYC0
2024-02-01 07:00:00-05:00,4.0,70,0.0,,228,7.0,,1018.0,,2,5,2024-02-01 07:00:00,KNYC0
2024-02-01 08:00:00-05:00,5.0,67,0.0,,221,11.5,,1018.0,,7,2,2024-02-01 08:00:00,KNYC0
2024-02-01 09:00:00-05:00,6.0,70,0.0,,211,9.0,,1018.0,,5,3,2024-02-01 09:00:00,KNYC0
2024-02-01 10:00:00-05:00,6.0,70,0.0,,209,9.0,,1018.0,,6,3,2024-02-01 10:00:00,KNYC0
2024-02-01 11:00:00-05:00,6.0,70,0.0,,219,7.0,,1017.0,,6,3,2024-02-01 11:00:00,KNYC0
2024-02-01 12:00:00-05:00,6.0,65,0.0,,226,9.0,,1016.0,,6,3,2024-02-01 12:00:00,KNYC0
2024-02-01 13:00:00-05:00,7.0,62,0.0,,260,11.0,,1015.0,,8,3,2024-02-01 13:00:00,KNYC0
2024-02-01 14:00:00-05:00,7.0,58,0.0,,244,6.0,,1014.0,,8,3,2024-02-01 14:00:00,KNYC0
2024-02-01 15:00:00-05:00,7.0,58,0.0,,240,15.0,,1014.0,,7,3,2024-02-01 15:00:00,KNYC0
2024-02-01 16:00:00-05:00,7.0,60,0.0,,273,6.0,,1014.0,,6,3,2024-02-01 16:00:00,KNYC0
2024-02-01 17:00:00-05:00,7.0,60,0.0,,279,10.8,,1014.0,,5,3,2024-02-01 17:00:00,KNYC0
2024-02-01 18:00:00-05:00,7.0,60,0.0,,230,7.0,,1014.0,,5,3,2024-02-01 18:00:00,KNYC0
2024-02-01 19:00:00-05:00,8.0,58,0.0,,282,9.4,,1014.0,,7,3,2024-02-01 19:00:00,KNYC0
2024-02-01 20:00:00-05:00,7.0,60,0.0,,291,6.0,,1014.0,,8,3,2024-02-01 20:00:00,KNYC0
2024-02-01 21:00:00-05:00,8.0,58,0.0,,306,9.0,,1014.0,,8,3,2024-02-01 21:00:00,KNYC0
2024-02-01 22:00:00-05:00,8.0,58,0.0,,260,7.0,,1013.0,,8,3,2024-02-01 22:00:00,KNYC0
2024-02-01 23:00:00-05:00,8.0,60,0.0,,261,6.0,,1013.0,,8,3,2024-02-01 23:00:00,KNYC0
2024-02-02 00:00:00-05:00,7.0,73,0.4,,217,5.0,,1012.0,,8,8,2024-02-02 00:00:00,KNYC0
2024-02-02 01:00:00-05:00,6.0,79,0.8,,290,6.0,,1013.0,,8,8,2024-02-02 01:00:00,KNYC0
2024-02-02 02:00:00-05:00,6.0,82,0.6,,290,6.0,,1012.0,,8,8,2024-02-02 02:00:00,KNYC0
2024-02-02 03:00:00-05:00,6.0,85,0.4,,149,7.0,,1011.0,,8,8,2024-02-02 03:00:00,KNYC0
2024-02-02 04:00:00-05:00,6.0,79,0.4,,199,7.9,,1011.0,,8,8,2024-02-02 04:00:00,KNYC0
2024-02-02 05:00:00-05:00,6.0,79,0.1,,240,9.0,,1011.0,,8,7,2024-02-02 05:00:00,KNYC0
2024-02-02 06:00:00-05:00,7.0,76,0.2,,197,7.9,,1011.0,,8,7,2024-02-02 06:00:00,KNYC0
2024-02-02 07:00:00-05:00,7.0,79,0.2,,188,6.8,,1011.0,,8,7,2024-02-02 07:00:00,KNYC0
2024-02-02 08:00:00-05:00,6.0,82,0.0,,194,5.8,,1011.0,,8,3,2024-02-02 08:00:00,KNYC0
2024-02-02 09:00:00-05:00,6.0,86,0.1,,310,6.0,,1012.0,,8,7,2024-02-02 09:00:00,KNYC0
2024-02-02 10:00:00-05:00,6.0,89,0.0,,10,9.0,,1012.0,,8,3,2024-02-02 10:00:00,KNYC0
2024-02-02 11:00:00-05:00,5.0,89,0.2,,8,9.0,,1012.0,,8,7,2024-02-02 11:00:00,KNYC0
2024-02-02 12:00:00-05:00,5.0,86,0.1,,12,11.0,,1012.0,,8,7,2024-02-02 12:00:00,KNYC0
2024-02-02 13:00:00-05:00,6.0,79,0.0,,10,18.0,,1012.0,,8,3,2024-02-02 13:00:00,KNYC0
2024-02-02 14:00:00-05:00,6.0,73,0.0,,360,17.0,,1012.0,,8,3,2024-02-02 14:00:00,KNYC0
2024-02-02 15:00:00-05:00,6.0,73,0.0,,350,17.0,,1013.0,,8,3,2024-02-02 15:00:00,KNYC0
2024-02-02 16:00:00-05:00,6.0,73,0.0,,350,11.0,,1014.0,,5,3,2024-02-02 16:00:00,KNYC0
2024-02-02 17:00:00-05:00,5.0,70,0.0,,10,13.0,,1015.0,,1,3,2024-02-02 17:00:00,KNYC0
2024-02-02 18:00:00-05:00,5.0,65,0.0,,10,17.0,,1015.0,,1,1,2024-02-02 18:00:00,KNYC0
2024-02-02 19:00:00-05:00,5.0,62,0.0,,10,11.0,,1016.0,,0,2,2024-02-02 19:00:00,KNYC0
2024-02-02 20:00:00-05:00,4.0,65,0.0,,359,9.0,,1016.0,,0,1,2024-02-02 20:00:00,KNYC0
2024-02-02 21:00:00-05:00,4.0,60,0.0,,20,13.0,,1016.0,,2,1,2024-02-02 21:00:00,KNYC0
2024-02-02 22:00:00-05:00,4.0,57,0.0,,360,17.0,,1017.0,,0,2,2024-02-02 22:00:00,KNYC0
2024-02-02 23:00:00-05:00,3.0,57,0.0,,4,11.0,,1017.0,,0,1,2024-02-02 23:00:00,KNYC0
2024-02-03 00:00:00-05:00,2.0,62,0.0,,4,7.0,,1017.0,,2,1,2024-02-03 00:00:00,KNYC0
2024-02-03 01:00:00-05:00,2.0,59,0.0,,10,13.0,,1017.0,,0,2,2024-02-03 01:00:00,KNYC0
2024-02-03 02:00:00-05:00,2.0,61,0.0,,1,21.2,,1017.0,,4,1,2024-02-03 02:00:00,KNYC0
2024-02-03 03:00:00-05:00,2.0,64,0.0,,0,9.0,,1017.0,,2,3,2024-02-03 03:00:00,KNYC0
2024-02-03 04:00:00-05:00,1.0,64,0.0,,1,9.0,,1018.0,,1,2,2024-02-03 04:00:00,KNYC0
2024-02-03 05:00:00-05:00,1.0,66,0.0,,20,17.0,,1018.0,,0,2,2024-02-03 05:00:00,KNYC0
2024-02-03 06:00:00-05:00,1.0,63,0.0,,10,19.0,,1018.0,,0,1,2024-02-03 06:00:00,KNYC0
2024-02-03 07:00:00-05:00,0.0,64,0.0,,20,15.0,,1019.0,,1,1,2024-02-03 07:00:00,KNYC0
2024-02-03 08:00:00-05:00,1.0,59,0.0,,360,15.0,,1019.0,,0,2,2024-02-03 08:00:00,KNYC0
2024-02-03 09:00:00-05:00,2.0,56,0.0,,360,11.0,,1020.0,,0,1,2024-02-03 09:00:00,KNYC0
2024-02-03 10:00:00-05:00,3.0,52,0.0,,30,13.0,,1019.0,,0,1,2024-02-03 10:00:00,KNYC0
2024-02-03 11:00:00-05:00,4.0,46,0.0,,20,22.0,,1019.0,,0,1,2024-02-03 11:00:00,KNYC0
2024-02-03 12:00:00-05:00,6.0,39,0.0,,360,15.0,,1018.0,,0,1,2024-02-03 12:00:00,KNYC0
2024-02-03 13:00:00-05:00,6.0,39,0.0,,354,11.0,,1017.0,,0,1,2024-02-03 13:00:00,KNYC0
2024-02-03 14:00:00-05:00,6.0,36,0.0,,353,9.0,,1017.0,,0,1,2024-02-03 14:00:00,KNYC0
2024-02-03 15:00:00-05:00,6.0,38,0.0,,20,19.0,,1017.0,,0,1,2024-02-03 15:00:00,KNYC0
2024-02-03 16:00:00-05:00,5.0,39,0.0,,20,17.0,,1017.0,,0,1,2024-02-03 16:00:00,KNYC0
2024-02-03 17:00:00-05:00,4.0,41,0.0,,14,11.0,,1018.0,,0,1,2024-02-03 17:00:00,KNYC0
2024-02-03 18:00:00-05:00,4.0,44,0.0,,20,15.0,,1018.0,,0,1,2024-02-03 18:00:00,KNYC0
2024-02-03 19:00:00-05:00,4.0,44,0.0,,30,19.0,,1018.0,,1,1,2024-02-03 19:00:00,KNYC0
2024-02-03 20:00:00-05:00,3.0,46,0.0,,359,9.0,,1018.0,,3,1,2024-02-03 20:00:00,KNYC0
2024-02-03 21:00:00-05:00,3.0,48,0.0,,349,9.0,,1018.0,,3,2,2024-02-03 21:00:00,KNYC0
2024-02-03 22:00:00-05:00,3.0,50,0.0,,20,11.0,,1018.0,,3,2,2024-02-03 22:00:00,KNYC0
2024-02-03 23:00:00-05:00,2.0,52,0.0,,10,9.0,,1018.0,,4,2,2024-02-03 23:00:00,KNYC0
2024-02-04 00:00:00-05:00,2.0,52,0.0,,30,15.0,,1018.0,,1,3,2024-02-04 00:00:00,KNYC0
2024-02-04 01:00:00-05:00,1.0,56,0.0,,359,7.0,,1018.0,,0,2,2024-02-04 01:00:00,KNYC0
2024-02-04 02:00:00-05:00,1.0,56,0.0,,358,6.0,,1018.0,,0,1,2024-02-04 02:00:00,KNYC0
2024-02-04 03:00:00-05:00,1.0,53,0.0,,356,7.0,,1018.0,,0,1,2024-02-04 03:00:00,KNYC0
2024-02-04 04:00:00-05:00,-1.0,58,0.0,,357,7.0,,1018.0,,0,1,2024-02-04 04:00:00,KNYC0
2024-02-04 05:00:00-05:00,-1.0,61,0.0,,358,6.0,,1018.0,,0,1,2024-02-04 05:00:00,KNYC0
2024-02-04 06:00:00-05:00,-1.0,61,0.0,,1,11.0,,1018.0,,0,1,2024-02-04 06:00:00,KNYC0
2024-02-04 07:00:00-05:00,-1.0,58,0.0,,6,9.0,,1018.0,,0,1,2024-02-04 07:00:00,KNYC0
2024-02-04 08:00:00-05:00,0.0,56,0.0,,10,13.0,,1018.0,,0,1,2024-02-04 08:00:00,KNYC0
2024-02-04 09:00:00-05:00,1.0,52,0.0,,352,7.0,,1018.0,,0,1,2024-02-04 09:00:00,KNYC0
2024-02-04 10:00:00-05:00,3.0,48,0.0,,300,9.0,,1018.0,,0,1,2024-02-04 10:00:00,KNYC0
2024-02-04 11:00:00-05:00,5.0,41,0.0,,335,11.9,,1016.0,,0,1,2024-02-04 11:00:00,KNYC0
2024-02-04 12:00:00-05:00,7.0,33,0.0,,338,6.0,,1016.0,,0,1,2024-02-04 12:00:00,KNYC0
2024-02-04 13:00:00-05:00,8.0,31,0.0,,329,14.4,,1015.0,,0,1,2024-02-04 13:00:00,KNYC0
2024-02-04 14:00:00-05:00,7.0,35,0.0,,327,11.0,,1014.0,,0,1,2024-02-04 14:00:00,KNYC0
2024-02-04 15:00:00-05:00,7.2,41,0.0,,339,11.5,,1013.2,,0,1,2024-02-04 15:00:00,KNYC0
2024-02-04 16:00:00-05:00,7.0,42,0.0,,348,9.0,,1013.0,,0,1,2024-02-04 16:00:00,KNYC0
2024-02-04 17:00:00-05:00,4.7,56,0.0,,27,9.0,,1013.1,,0,1,2024-02-04 17:00:00,KNYC0
2024-02-04 18:00:00-05:00,2.3,61,0.0,,38,11.2,,1013.4,,0,1,2024-02-04 18:00:00,KNYC0
2024-02-04 19:00:00-05:00,1.6,60,0.0,,16,11.9,,1013.5,,0,1,2024-02-04 19:00:00,KNYC0
2024-02-04 20:00:00-05:00,0.9,59,0.0,,5,12.2,,1013.6,,0,1,2024-02-04 20:00:00,KNYC0
2024-02-04 21:00:00-05:00,0.0,60,0.0,,0,11.2,,1013.8,,0,1,2024-02-04 21:00:00,KNYC0
2024-02-04 22:00:00-05:00,-0.9,62,0.0,,350,11.2,,1014.1,,0,1,2024-02-04 22:00:00,KNYC0
2024-02-04 23:00:00-05:00,-1.3,63,0.0,,352,11.9,,1014.3,,0,1,2024-02-04 23:00:00,KNYC0
2024-02-05 00:00:00-05:00,2.0,52,0.0,,352,6.0,,1014.0,,0,1,2024-02-05 00:00:00,KNYC0
2024-02-05 01:00:00-05:00,2.0,52,0.0,,354,11.0,,1014.0,,0,1,2024-02-05 01:00:00,KNYC0
2024-02-05 02:00:00-05:00,1.0,54,0.0,,356,16.2,,1013.0,,0,1,2024-02-05 02:00:00,KNYC0
2024-02-05 03:00:00-05:00,1.0,52,0.0,,2,6.0,,1013.0,,0,1,2024-02-05 03:00:00,KNYC0
2024-02-05 04:00:00-05:00,1.0,53,0.0,,2,16.6,,1014.0,,0,1,2024-02-05 04:00:00,KNYC0
2024-02-05 05:00:00-05:00,1.0,43,0.0,,5,9.0,,1014.0,,0,1,2024-02-05 05:00:00,KNYC0
2024-02-05 06:00:00-05:00,0.0,47,0.0,,3,7.0,,1014.0,,0,1,2024-02-05 06:00:00,KNYC0
2024-02-05 07:00:00-05:00,0.0,51,0.0,,359,7.0,,1015.0,,0,1,2024-02-05 07:00:00,KNYC0
2024-02-05 08:00:00-05:00,1.0,50,0.0,,357,11.0,,1015.0,,0,1,2024-02-05 08:00:00,KNYC0
2024-02-05 09:00:00-05:00,2.0,48,0.0,,40,13.0,,1015.0,,0,1,2024-02-05 09:00:00,KNYC0
2024-02-05 10:00:00-05:00,3.0,42,0.0,,0,7.0,,1015.0,,0,1,2024-02-05 10:00:00,KNYC0
2024-02-05 11:00:00-05:00,5.0,35,0.0,,360,15.0,,1015.0,,0,1,2024-02-05 11:00:00,KNYC0
2024-02-05 12:00:00-05:00,6.0,32,0.0,,356,11.0,,1014.0,,0,1,2024-02-05 12:00:00,KNYC0
2024-02-05 13:00:00-05:00,6.0,29,0.0,,350,13.0,,1014.0,,0,1,2024-02-05 13:00:00,KNYC0
2024-02-05 14:00:00-05:00,7.0,27,0.0,,20,11.0,,1014.0,,0,1,2024-02-05 14:00:00,KNYC0
2024-02-05 15:00:00-05:00,6.0,28,0.0,,30,13.0,,1014.0,,0,1,2024-02-05 15:00:00,KNYC0
2024-02-05 16:00:00-05:00,5.0,30,0.0,,20,17.0,,1015.0,,0,1,2024-02-05 16:00:00,KNYC0
2024-02-05 17:00:00-05:00,4.0,30,0.0,,20,19.0,,1015.0,,3,1,2024-02-05 17:00:00,KNYC0
2024-02-05 18:00:00-05:00,4.0,27,0.0,,30,22.0,,1016.0,,2,3,2024-02-05 18:00:00,KNYC0
2024-02-05 19:00:00-05:00,3.0,32,0.0,,30,20.0,,1017.0,,0,2,2024-02-05 19:00:00,KNYC0
2024-02-05 20:00:00-05:00,3.0,32,0.0,,30,15.0,,1017.0,,0,1,2024-02-05 20:00:00,KNYC0
2024-02-05 21:00:00-05:00,2.0,32,0.0,,10,15.0,,1018.0,,0,1,2024-02-05 21:00:00,KNYC0
2024-02-05 22:00:00-05:00,2.0,35,0.0,,13,11.0,,1018.0,,0,1,2024-02-05 22:00:00,KNYC0
2024-02-05 23:00:00-05:00,1.0,36,0.0,,20,13.0,,1018.0,,0,1,2024-02-05 23:00:00,KNYC0
2024-02-06 00:00:00-05:00,0.0,36,0.0,,6,7.0,,1018.0,,0,1,2024-02-06 00:00:00,KNYC0
2024-02-06 01:00:00-05:00,-1.0,33,0.0,,360,13.0,,1019.0,,0,1,2024-02-06 01:00:00,KNYC0
2024-02-06 02:00:00-05:00,-1.0,39,0.0,,30,15.0,,1020.0,,0,1,2024-02-06 02:00:00,KNYC0
2024-02-06 03:00:00-05:00,-1.0,44,0.0,,20,7.0,,1020.0,,0,1,2024-02-06 03:00:00,KNYC0
2024-02-06 04:00:00-05:00,-2.0,51,0.0,,10,9.0,,1020.0,,0,1,2024-02-06 04:00:00,KNYC0
2024-02-06 05:00:00-05:00,-2.0,51,0.0,,20,11.0,,1021.0,,0,1,2024-02-06 05:00:00,KNYC0
2024-02-06 06:00:00-05:00,-2.0,53,0.0,,30,13.0,,1022.0,,0,1,2024-02-06 06:00:00,KNYC0
2024-02-06 07:00:00-05:00,-1.0,49,0.0,,40,17.0,,1022.0,,0,1,2024-02-06 07:00:00,KNYC0
2024-02-06 08:00:00-05:00,0.0,47,0.0,,40,13.0,,1023.0,,0,1,2024-02-06 08:00:00,KNYC0
2024-02-06 09:00:00-05:00,1.0,46,0.0,,10,15.0,,1023.0,,0,1,2024-02-06 09:00:00,KNYC0
2024-02-06 10:00:00-05:00,2.0,45,0.0,,10,9.0,,1023.0,,0,1,2024-02-06 10:00:00,KNYC0
2024-02-06 11:00:00-05:00,4.0,41,0.0,,25,11.0,,1023.0,,0,1,2024-02-06 11:00:00,KNYC0
2024-02-06 12:00:00-05:00,4.0,37,0.0,,31,13.7,,1022.0,,0,1,2024-02-06 12:00:00,KNYC0
2024-02-06 13:00:00-05:00,4.0,37,0.0,,25,6.0,,1022.0,,0,1,2024-02-06 13:00:00,KNYC0
2024-02-06 14:00:00-05:00,5.0,36,0.0,,23,6.0,,1022.0,,1,1,2024-02-06 14:00:00,KNYC0
2024-02-06 15:00:00-05:00,5.0,38,0.0,,50,17.0,,1022.0,,5,1,2024-02-06 15:00:00,KNYC0
2024-02-06 16:00:00-05:00,4.0,39,0.0,,30,9.0,,1023.0,,0,3,2024-02-06 16:00:00,KNYC0
2024-02-06 17:00:00-05:00,4.0,41,0.0,,23,11.0,,1024.0,,0,1,2024-02-06 17:00:00,KNYC0
2024-02-06 18:00:00-05:00,4.0,41,0.0,,356,7.0,,1024.0,,0,1,2024-02-06 18:00:00,KNYC0
2024-02-06 19:00:00-05:00,3.0,44,0.0,,30,13.0,,1024.0,,0,1,2024-02-06 19:00:00,KNYC0
2024-02-06 20:00:00-05:00,-0.4,68,0.0,,22,10.1,,1023.7,,0,1,2024-02-06 20:00:00,KNYC0
2024-02-06 21:00:00-05:00,2.0,50,0.0,,1,11.2,,1025.0,,0,1,2024-02-06 21:00:00,KNYC0
2024-02-06 22:00:00-05:00,2.0,52,0.0,,40,11.0,,1025.0,,0,1,2024-02-06 22:00:00,KNYC0
2024-02-06 23:00:00-05:00,2.0,54,0.0,,60,13.0,,1024.0,,0,1,2024-02-06 23:00:00,KNYC0
2024-02-07 00:00:00-05:00,2.0,54,0.0,,340,7.0,,1025.0,,4,1,2024-02-07 00:00:00,KNYC0
2024-02-07 01:00:00-05:00,2.0,54,0.0,,40,7.0,,1025.0,,0,3,2024-02-07 01:00:00,KNYC0
2024-02-07 02:00:00-05:00,1.0,56,0.0,,5,9.0,,1025.0,,0,1,2024-02-07 02:00:00,KNYC0
2024-02-07 03:00:00-05:00,1.0,56,0.0,,20,7.0,,1025.0,,0,1,2024-02-07 03:00:00,KNYC0
2024-02-07 04:00:00-05:00,1.0,58,0.0,,30,6.0,,1025.0,,0,1,2024-02-07 04:00:00,KNYC0
2024-02-07 05:00:00-05:00,1.0,56,0.0,,30,9.0,,1026.0,,3,1,2024-02-07 05:00:00,KNYC0
2024-02-07 06:00:00-05:00,1.0,56,0.0,,20,7.0,,1027.0,,1,3,2024-02-07 06:00:00,KNYC0
2024-02-07 07:00:00-05:00,1.0,59,0.0,,356,6.0,,1027.0,,0,1,2024-02-07 07:00:00,KNYC0
2024-02-07 08:00:00-05:00,3.0,52,0.0,,358,7.0,,1028.0,,1,1,2024-02-07 08:00:00,KNYC0
2024-02-07 09:00:00-05:00,4.0,48,0.0,,40,13.0,,1028.0,,1,1,2024-02-07 09:00:00,KNYC0
2024-02-07 10:00:00-05:00,4.0,46,0.0,,6,10.8,,1028.0,,1,2,2024-02-07 10:00:00,KNYC0
2024-02-07 11:00:00-05:00,7.0,38,0.0,,50,9.0,,1027.0,,1,1,2024-02-07 11:00:00,KNYC0
2024-02-07 12:00:00-05:00,8.0,36,0.0,,50,9.0,,1026.0,,0,2,2024-02-07 12:00:00,KNYC0
2024-02-07 13:00:00-05:00,8.0,35,0.0,,6,7.0,,1025.0,,1,1,2024-02-07 13:00:00,KNYC0
2024-02-07 14:00:00-05:00,8.0,36,0.0,,344,5.0,,1025.0,,6,1,2024-02-07 14:00:00,KNYC0
2024-02-07 15:00:00-05:00,8.0,36,0.0,,60,9.0,,1025.0,,3,3,2024-02-07 15:00:00,KNYC0
2024-02-07 16:00:00-05:00,8.0,37,0.0,,40,7.0,,1025.0,,1,3,2024-02-07 16:00:00,KNYC0
2024-02-07 17:00:00-05:00,7.0,38,0.0,,60,7.0,,1026.0,,3,1,2024-02-07 17:00:00,KNYC0
2024-02-07 18:00:00-05:00,7.0,36,0.0,,20,7.0,,1026.0,,3,3,2024-02-07 18:00:00,KNYC0
2024-02-07 19:00:00-05:00,7.0,36,0.0,,30,6.0,,1026.0,,1,3,2024-02-07 19:00:00,KNYC0
2024-02-07 20:00:00-05:00,6.0,38,0.0,,50,6.0,,1026.0,,0,1,2024-02-07 20:00:00,KNYC0
2024-02-07 21:00:00-05:00,6.0,43,0.0,,300,6.0,,1026.0,,0,1,2024-02-07 21:00:00,KNYC0
2024-02-07 22:00:00-05:00,6.0,53,0.0,,324,7.9,,1026.0,,0,1,2024-02-07 22:00:00,KNYC0
2024-02-07 23:00:00-05:00,6.0,53,0.0,,327,7.6,,1026.0,,0,1,2024-02-07 23:00:00,KNYC0
2024-02-08 00:00:00-05:00,5.0,57,0.0,,280,9.0,,1027.0,,0,1,2024-02-08 00:00:00,KNYC0
2024-02-08 01:00:00-05:00,5.0,53,0.0,,340,8.3,,1027.0,,4,1,2024-02-08 01:00:00,KNYC0
2024-02-08 02:00:00-05:00,4.0,55,0.0,,342,8.6,,1027.0,,0,3,2024-02-08 02:00:00,KNYC0
2024-02-08 03:00:00-05:00,4.0,57,0.0,,310,6.0,,1026.0,,0,1,2024-02-08 03:00:00,KNYC0
2024-02-08 04:00:00-05:00,4.0,52,0.0,,22,8.6,,1027.0,,0,1,2024-02-08 04:00:00,KNYC0
2024-02-08 05:00:00-05:00,3.0,57,0.0,,3,8.6,,1027.0,,2,1,2024-02-08 05:00:00,KNYC0
2024-02-08 06:00:00-05:00,4.0,52,0.0,,20,6.0,,1027.0,,2,2,2024-02-08 06:00:00,KNYC0
2024-02-08 07:00:00-05:00,4.0,48,0.0,,30,7.0,,1028.0,,3,2,2024-02-08 07:00:00,KNYC0
2024-02-08 08:00:00-05:00,6.0,47,0.0,,60,6.0,,1028.0,,0,2,2024-02-08 08:00:00,KNYC0
2024-02-08 09:00:00-05:00,8.0,35,0.0,,60,7.0,,1027.0,,0,1,2024-02-08 09:00:00,KNYC0
2024-02-08 10:00:00-05:00,9.0,30,0.0,,50,9.0,,1027.0,,0,1,2024-02-08 10:00:00,KNYC0
2024-02-08 11:00:00-05:00,11.0,29,0.0,,60,6.0,,1026.0,,2,1,2024-02-08 11:00:00,KNYC0
2024-02-08 12:00:00-05:00,11.0,32,0.0,,260,7.0,,1026.0,,1,2,2024-02-08 12:00:00,KNYC0
2024-02-08 13:00:00-05:00,11.0,31,0.0,,201,6.0,,1025.0,,4,2,2024-02-08 13:00:00,KNYC0
2024-02-08 14:00:00-05:00,11.0,32,0.0,,155,6.0,,1025.0,,8,3,2024-02-08 14:00:00,KNYC0
2024-02-08 15:00:00-05:00,11.0,33,0.0,,161,9.0,,1025.0,,8,3,2024-02-08 15:00:00,KNYC0
2024-02-08 16:00:00-05:00,9.0,39,0.0,,130,6.0,,1025.0,,8,3,2024-02-08 16:00:00,KNYC0
2024-02-08 17:00:00-05:00,8.0,45,0.0,,159,6.0,,1025.0,,8,3,2024-02-08 17:00:00,KNYC0
2024-02-08 18:00:00-05:00,7.0,47,0.0,,149,10.8,,1025.0,,8,3,2024-02-08 18:00:00,KNYC0
2024-02-08 19:00:00-05:00,7.0,51,0.0,,154,11.2,,1025.0,,7,3,2024-02-08 19:00:00,KNYC0
2024-02-08 20:00:00-05:00,7.0,51,0.0,,166,11.2,,1024.0,,8,3,2024-02-08 20:00:00,KNYC0
2024-02-08 21:00:00-05:00,7.0,60,0.0,,140,9.0,,1025.0,,8,3,2024-02-08 21:00:00,KNYC0
2024-02-08 22:00:00-05:00,7.0,68,0.0,,168,9.0,,1025.0,,8,3,2024-02-08 22:00:00,KNYC0
2024-02-08 23:00:00-05:00,7.0,65,0.0,,110,6.0,,1024.0,,8,3,2024-02-08 23:00:00,KNYC0
2024-02-09 00:00:00-05:00,7.0,58,0.0,,209,8.6,,1024.0,,8,3,2024-02-09 00:00:00,KNYC0
2024-02-09 01:00:00-05:00,7.0,55,0.0,,130,11.0,,1023.0,,8,3,2024-02-09 01:00:00,KNYC0
2024-02-09 02:00:00-05:00,6.0,57,0.2,,162,8.3,,1022.0,,8,12,2024-02-09 02:00:00,KNYC0
2024-02-09 03:00:00-05:00,7.0,55,0.0,,200,6.0,,1023.0,,8,3,2024-02-09 03:00:00,KNYC0
2024-02-09 04:00:00-05:00,7.0,49,0.0,,220,7.0,,1023.0,,8,3,2024-02-09 04:00:00,KNYC0
2024-02-09 05:00:00-05:00,7.0,49,0.0,,223,7.0,,1022.0,,8,3,2024-02-09 05:00:00,KNYC0
2024-02-09 06:00:00-05:00,7.0,58,0.0,,156,7.0,,1022.0,,8,3,2024-02-09 06:00:00,KNYC0
2024-02-09 07:00:00-05:00,7.0,71,0.0,,160,13.0,,1022.0,,8,3,2024-02-09 07:00:00,KNYC0
2024-02-09 08:00:00-05:00,8.0,73,0.0,,150,7.0,,1022.0,,8,3,2024-02-09 08:00:00,KNYC0
2024-02-09 09:00:00-05:00,8.0,71,0.0,,201,9.0,,1021.0,,7,3,2024-02-09 09:00:00,KNYC0
2024-02-09 10:00:00-05:00,9.0,66,0.0,,212,7.0,,1021.0,,0,3,2024-02-09 10:00:00,KNYC0
2024-02-09 11:00:00-05:00,11.0,59,0.0,,183,9.0,,1020.0,,0,1,2024-02-09 11:00:00,KNYC0
2024-02-09 12:00:00-05:00,12.0,57,0.0,,180,7.0,,1019.0,,3,1,2024-02-09 12:00:00,KNYC0
2024-02-09 13:00:00-05:00,12.0,59,0.0,,140,13.0,,1018.0,,4,3,2024-02-09 13:00:00,KNYC0
2024-02-09 14:00:00-05:00,11.0,61,0.0,,170,11.0,,1017.0,,0,3,2024-02-09 14:00:00,KNYC0
2024-02-09 15:00:00-05:00,11.0,66,0.0,,140,9.0,,1017.0,,0,1,2024-02-09 15:00:00,KNYC0
2024-02-09 16:00:00-05:00,9.0,69,0.0,,144,9.0,,1017.0,,0,1,2024-02-09 16:00:00,KNYC0
2024-02-09 17:00:00-05:00,9.0,71,0.0,,146,6.0,,1017.0,,0,1,2024-02-09 17:00:00,KNYC0
2024-02-09 18:00:00-05:00,8.0,76,0.0,,162,6.0,,1016.0,,0,1,2024-02-09 18:00:00,KNYC0
2024-02-09 19:00:00-05:00,8.0,79,0.0,,185,11.2,,1016.0,,5,1,2024-02-09 19:00:00,KNYC0
2024-02-09 20:00:00-05:00,8.0,79,0.0,,221,10.4,,1016.0,,4,3,2024-02-09 20:00:00,KNYC0
2024-02-09 21:00:00-05:00,7.0,82,0.0,,229,10.4,,1016.0,,7,3,2024-02-09 21:00:00,KNYC0
2024-02-09 22:00:00-05:00,8.0,76,0.0,,226,6.0,,1015.0,,7,3,2024-02-09 22:00:00,KNYC0
2024-02-09 23:00:00-05:00,10.0,61,0.0,,240,13.0,,1015.0,,8,3,2024-02-09 23:00:00,KNYC0
2024-02-10 00:00:00-05:00,11.0,59,0.0,,250,15.0,,1014.0,,8,3,2024-02-10 00:00:00,KNYC0
2024-02-10 01:00:00-05:00,11.0,59,0.0,,241,9.7,,1014.0,,8,3,2024-02-10 01:00:00,KNYC0
2024-02-10 02:00:00-05:00,10.0,61,0.0,,225,10.1,,1013.0,,8,3,2024-02-10 02:00:00,KNYC0
2024-02-10 03:00:00-05:00,9.0,63,0.0,,310,6.0,,1013.0,,8,3,2024-02-10 03:00:00,KNYC0
2024-02-10 04:00:00-05:00,8.0,68,0.0,,236,11.2,,1013.0,,8,3,2024-02-10 04:00:00,KNYC0
2024-02-10 05:00:00-05:00,9.0,63,0.0,,235,6.0,,1013.0,,8,3,2024-02-10 05:00:00,KNYC0
2024-02-10 06:00:00-05:00,9.0,66,0.0,,232,10.1,,1013.0,,8,3,2024-02-10 06:00:00,KNYC0
2024-02-10 07:00:00-05:00,8.0,68,0.0,,280,9.0,,1014.0,,8,3,2024-02-10 07:00:00,KNYC0
2024-02-10 08:00:00-05:00,10.0,63,0.0,,233,12.6,,1013.0,,8,3,2024-02-10 08:00:00,KNYC0
2024-02-10 09:00:00-05:00,12.0,54,0.0,,240,6.0,,1012.0,,8,3,2024-02-10 09:00:00,KNYC0
2024-02-10 10:00:00-05:00,13.0,52,0.0,,240,13.0,,1012.0,,8,3,2024-02-10 10:00:00,KNYC0
2024-02-10 11:00:00-05:00,14.0,53,0.0,,221,7.0,,1012.0,,8,3,2024-02-10 11:00:00,KNYC0
2024-02-10 12:00:00-05:00,14.0,53,0.0,,217,6.0,,1011.0,,8,3,2024-02-10 12:00:00,KNYC0
2024-02-10 13:00:00-05:00,14.0,53,0.0,,219,14.8,,1010.0,,8,3,2024-02-10 13:00:00,KNYC0
2024-02-10 14:00:00-05:00,15.0,53,0.0,,240,7.0,,1010.0,,8,3,2024-02-10 14:00:00,KNYC0
2024-02-10 15:00:00-05:00,15.0,55,0.0,,230,13.0,,1009.0,,8,3,2024-02-10 15:00:00,KNYC0
2024-02-10 16:00:00-05:00,15.0,55,0.0,,239,7.0,,1009.0,,8,3,2024-02-10 16:00:00,KNYC0
2024-02-10 17:00:00-05:00,15.0,58,0.0,,239,7.0,,1009.0,,8,3,2024-02-10 17:00:00,KNYC0
2024-02-10 18:00:00-05:00,14.0,60,0.0,,227,7.0,,1010.0,,8,3,2024-02-10 18:00:00,KNYC0
2024-02-10 19:00:00-05:00,13.0,62,0.0,,238,13.7,,1011.0,,8,3,2024-02-10 19:00:00,KNYC0
2024-02-10 20:00:00-05:00,13.0,62,0.0,,244,14.8,,1011.0,,8,3,2024-02-10 20:00:00,KNYC0
2024-02-10 21:00:00-05:00,14.0,62,0.0,,250,14.4,,1011.0,,8,3,2024-02-10 21:00:00,KNYC0
2024-02-10 22:00:00-05:00,13.0,64,0.0,,264,14.8,,1011.0,,8,3,2024-02-10 22:00:00,KNYC0
2024-02-10 23:00:00-05:00,13.0,64,0.0,,278,6.0,,1011.0,,8,3,2024-02-10 23:00:00,KNYC0
2024-02-11 00:00:00-05:00,13.0,64,0.0,,308,7.0,,1011.0,,8,3,2024-02-11 00:00:00,KNYC0
2024-02-11 01:00:00-05:00,13.0,66,0.0,,310,7.0,,1012.0,,8,3,2024-02-11 01:00:00,KNYC0
2024-02-11 02:00:00-05:00,12.0,71,0.0,,280,7.0,,1012.0,,8,3,2024-02-11 02:00:00,KNYC0
2024-02-11 03:00:00-05:00,10.0,66,0.0,,318,9.0,,1013.0,,8,3,2024-02-11 03:00:00,KNYC0
2024-02-11 04:00:00-05:00,9.0,61,0.0,,321,9.0,,1013.0,,8,3,2024-02-11 04:00:00,KNYC0
2024-02-11 05:00:00-05:00,8.0,63,0.0,,300,13.0,,1014.0,,8,3,2024-02-11 05:00:00,KNYC0
2024-02-11 06:00:00-05:00,7.0,60,0.0,,310,6.0,,1014.0,,8,3,2024-02-11 06:00:00,KNYC0
2024-02-11 07:00:00-05:00,7.0,58,0.0,,328,7.0,,1015.0,,8,3,2024-02-11 07:00:00,KNYC0
2024-02-11 08:00:00-05:00,7.0,53,0.0,,310,13.0,,1015.0,,8,3,2024-02-11 08:00:00,KNYC0
2024-02-11 09:00:00-05:00,8.0,51,0.0,,300,17.0,,1015.0,,8,3,2024-02-11 09:00:00,KNYC0
2024-02-11 10:00:00-05:00,8.0,51,0.0,,334,7.0,,1015.0,,8,3,2024-02-11 10:00:00,KNYC0
2024-02-11 11:00:00-05:00,8.0,49,0.0,,327,7.0,,1014.0,,8,3,2024-02-11 11:00:00,KNYC0
2024-02-11 12:00:00-05:00,8.0,48,0.0,,300,9.0,,1014.0,,8,3,2024-02-11 12:00:00,KNYC0
2024-02-11 13:00:00-05:00,8.0,48,0.0,,300,11.0,,1013.0,,8,3,2024-02-11 13:00:00,KNYC0
2024-02-11 14:00:00-05:00,9.0,46,0.0,,330,9.0,,1013.0,,8,3,2024-02-11 14:00:00,KNYC0
2024-02-11 15:00:00-05:00,9.0,46,0.0,,300,7.0,,1013.0,,8,3,2024-02-11 15:00:00,KNYC0
2024-02-11 16:00:00-05:00,8.0,49,0.0,,290,11.0,,1014.0,,8,3,2024-02-11 16:00:00,KNYC0
2024-02-11 17:00:00-05:00,8.0,49,0.0,,300,9.0,,1014.0,,8,3,2024-02-11 17:00:00,KNYC0
2024-02-11 18:00:00-05:00,8.0,51,0.0,,291,9.0,,1014.0,,8,3,2024-02-11 18:00:00,KNYC0
2024-02-11 19:00:00-05:00,7.0,53,0.0,,300,13.0,,1014.0,,8,3,2024-02-11 19:00:00,KNYC0
2024-02-11 20:00:00-05:00,4.6,70,0.0,,281,10.4,,1012.8,,5,3,2024-02-11 20:00:00,KNYC0
2024-02-11 21:00:00-05:00,4.3,71,0.0,,298,9.7,,1013.0,,7,3,2024-02-11 21:00:00,KNYC0
2024-02-11 22:00:00-05:00,7.0,53,0.0,,300,9.0,,1014.0,,8,3,2024-02-11 22:00:00,KNYC0
2024-02-11 23:00:00-05:00,6.0,55,0.0,,334,11.0,,1014.0,,6,3,2024-02-11 23:00:00,KNYC0
2024-02-12 00:00:00-05:00,6.0,57,0.0,,350,15.0,,1014.0,,6,3,2024-02-12 00:00:00,KNYC0
2024-02-12 01:00:00-05:00,5.0,60,0.0,,356,11.5,,1014.0,,8,3,2024-02-12 01:00:00,KNYC0
2024-02-12 02:00:00-05:00,4.0,62,0.0,,0,7.0,,1013.0,,7,3,2024-02-12 02:00:00,KNYC0
2024-02-12 03:00:00-05:00,4.0,64,0.0,,330,7.0,,1014.0,,3,3,2024-02-12 03:00:00,KNYC0
2024-02-12 04:00:00-05:00,3.0,64,0.0,,340,6.0,,1014.0,,0,2,2024-02-12 04:00:00,KNYC0
2024-02-12 05:00:00-05:00,3.0,67,0.0,,4,6.0,,1014.0,,6,1,2024-02-12 05:00:00,KNYC0
2024-02-12 06:00:00-05:00,3.0,67,0.0,,8,6.0,,1015.0,,8,3,2024-02-12 06:00:00,KNYC0
2024-02-12 07:00:00-05:00,3.0,67,0.0,,350,7.9,,1015.0,,8,3,2024-02-12 07:00:00,KNYC0
2024-02-12 08:00:00-05:00,4.0,62,0.0,,350,9.0,,1015.0,,8,3,2024-02-12 08:00:00,KNYC0
2024-02-12 09:00:00-05:00,4.0,60,0.0,,8,6.0,,1016.0,,8,3,2024-02-12 09:00:00,KNYC0
2024-02-12 10:00:00-05:00,6.0,55,0.0,,19,5.8,,1014.0,,8,3,2024-02-12 10:00:00,KNYC0
2024-02-12 11:00:00-05:00,7.0,53,0.0,,21,6.0,,1013.0,,8,3,2024-02-12 11:00:00,KNYC0
2024-02-12 12:00:00-05:00,7.0,51,0.0,,294,7.0,,1012.0,,8,3,2024-02-12 12:00:00,KNYC0
2024-02-12 13:00:00-05:00,8.0,48,0.0,,268,6.0,,1012.0,,8,3,2024-02-12 13:00:00,KNYC0
2024-02-12 14:00:00-05:00,8.0,49,0.0,,260,6.0,,1012.0,,8,3,2024-02-12 14:00:00,KNYC0
2024-02-12 15:00:00-05:00,8.0,49,0.0,,201,7.6,,1011.0,,8,3,2024-02-12 15:00:00,KNYC0
2024-02-12 16:00:00-05:00,8.0,51,0.0,,175,10.4,,1011.0,,8,3,2024-02-12 16:00:00,KNYC0
2024-02-12 17:00:00-05:00,7.0,53,0.0,,50,7.0,,1012.0,,8,3,2024-02-12 17:00:00,KNYC0
2024-02-12 18:00:00-05:00,7.0,53,0.0,,30,9.0,,1011.0,,8,3,2024-02-12 18:00:00,KNYC0
2024-02-12 19:00:00-05:00,6.0,57,0.0,,60,11.0,,1011.0,,8,3,2024-02-12 19:00:00,KNYC0
2024-02-12 20:00:00-05:00,3.7,77,0.0,,148,7.9,,1009.3,,8,3,2024-02-12 20:00:00,KNYC0
2024-02-12 21:00:00-05:00,6.0,57,0.0,,60,11.0,,1011.0,,8,3,2024-02-12 21:00:00,KNYC0
2024-02-12 22:00:00-05:00,5.0,60,0.0,,50,15.0,,1009.0,,8,3,2024-02-12 22:00:00,KNYC0
2024-02-12 23:00:00-05:00,4.0,57,0.6,,50,17.0,,1008.0,,8,8,2024-02-12 23:00:00,KNYC0
2024-02-13 00:00:00-05:00,4.0,57,0.0,,70,11.0,,1006.0,,8,3,2024-02-13 00:00:00,KNYC0
2024-02-13 01:00:00-05:00,4.0,62,0.0,,50,22.0,,1005.0,,8,3,2024-02-13 01:00:00,KNYC0
2024-02-13 02:00:00-05:00,3.0,70,0.4,,40,15.0,,1005.0,,8,8,2024-02-13 02:00:00,KNYC0
2024-02-13 03:00:00-05:00,2.0,82,0.6,,40,15.0,,1004.0,,8,12,2024-02-13 03:00:00,KNYC0
2024-02-13 04:00:00-05:00,1.0,88,1.0,,60,13.0,,1002.0,,8,13,2024-02-13 04:00:00,KNYC0
2024-02-13 05:00:00-05:00,1.0,85,1.1,,40,20.0,,1001.0,,8,13,2024-02-13 05:00:00,KNYC0
2024-02-13 06:00:00-05:00,1.0,88,1.4,,40,19.0,,1000.0,,8,13,2024-02-13 06:00:00,KNYC0
2024-02-13 07:00:00-05:00,1.0,92,1.7,,40,22.0,,998.0,,8,13,2024-02-13 07:00:00,KNYC0
2024-02-13 08:00:00-05:00,1.0,92,1.7,,20,11.0,,999.0,,8,16,2024-02-13 08:00:00,KNYC0
2024-02-13 09:00:00-05:00,1.0,92,4.7,,20,17.0,,998.0,,8,16,2024-02-13 09:00:00,KNYC0
2024-02-13 10:00:00-05:00,1.0,88,6.2,,10,15.0,,998.0,,8,16,2024-02-13 10:00:00,KNYC0
2024-02-13 11:00:00-05:00,1.0,88,4.2,,350,15.0,,999.0,,8,16,2024-02-13 11:00:00,KNYC0
2024-02-13 12:00:00-05:00,1.0,88,1.6,,346,11.0,,1001.0,,8,16,2024-02-13 12:00:00,KNYC0
2024-02-13 13:00:00-05:00,3.0,76,0.4,,339,25.9,,1002.0,,8,15,2024-02-13 13:00:00,KNYC0
2024-02-13 14:00:00-05:00,4.0,67,0.0,,336,9.0,,1003.0,,8,3,2024-02-13 14:00:00,KNYC0
2024-02-13 15:00:00-05:00,4.0,65,0.0,,310,11.0,,1004.0,,7,3,2024-02-13 15:00:00,KNYC0
2024-02-13 16:00:00-05:00,4.0,60,0.0,,332,11.0,,1005.0,,2,3,2024-02-13 16:00:00,KNYC0
2024-02-13 17:00:00-05:00,4.0,53,0.0,,298,9.0,,1007.0,,6,2,2024-02-13 17:00:00,KNYC0
2024-02-13 18:00:00-05:00,4.0,55,0.0,,290,13.0,,1008.0,,1,3,2024-02-13 18:00:00,KNYC0
2024-02-13 19:00:00-05:00,4.0,50,0.0,,296,17.6,,1009.0,,0,1,2024-02-13 19:00:00,KNYC0
2024-02-13 20:00:00-05:00,0.8,68,0.0,,296,19.8,,1008.0,,0,1,2024-02-13 20:00:00,KNYC0
2024-02-13 21:00:00-05:00,3.0,55,0.0,,260,11.0,,1010.0,,0,1,2024-02-13 21:00:00,KNYC0
2024-02-13 22:00:00-05:00,3.0,55,0.0,,280,17.0,,1010.0,,0,1,2024-02-13 22:00:00,KNYC0
2024-02-13 23:00:00-05:00,3.0,57,0.0,,260,9.0,,1010.0,,1,1,2024-02-13 23:00:00,KNYC0
2024-02-14 00:00:00-05:00,3.0,50,0.0,,280,22.0,,1011.0,,0,1,2024-02-14 00:00:00,KNYC0
2024-02-14 01:00:00-05:00,3.0,50,0.0,,270,13.0,,1011.0,,0,1,2024-02-14 01:00:00,KNYC0
2024-02-14 02:00:00-05:00,2.0,58,0.0,,290,19.0,,1012.0,,0,1,2024-02-14 02:00:00,KNYC0
2024-02-14 03:00:00-05:00,1.0,54,0.0,,290,13.0,,1013.0,,0,1,2024-02-14 03:00:00,KNYC0
2024-02-14 04:00:00-05:00,1.0,38,0.0,,300,13.0,,1013.0,,2,1,2024-02-14 04:00:00,KNYC0
2024-02-14 05:00:00-05:00,-1.0,39,0.0,,300,17.0,,1014.0,,4,2,2024-02-14 05:00:00,KNYC0
2024-02-14 06:00:00-05:00,-1.0,43,0.0,,310,17.0,,1015.0,,3,3,2024-02-14 06:00:00,KNYC0
2024-02-14 07:00:00-05:00,-2.0,45,0.0,,300,19.0,,1016.0,,0,3,2024-02-14 07:00:00,KNYC0
2024-02-14 08:00:00-05:00,-2.0,43,0.0,,310,30.0,,1017.0,,0,1,2024-02-14 08:00:00,KNYC0
2024-02-14 09:00:00-05:00,-1.0,41,0.0,,290,22.0,,1018.0,,0,1,2024-02-14 09:00:00,KNYC0
2024-02-14 10:00:00-05:00,-1.0,41,0.0,,303,11.0,,1018.0,,0,1,2024-02-14 10:00:00,KNYC0
2024-02-14 11:00:00-05:00,1.0,38,0.0,,300,15.0,,1017.0,,0,1,2024-02-14 11:00:00,KNYC0
2024-02-14 12:00:00-05:00,1.0,36,0.0,,302,25.2,,1017.0,,1,1,2024-02-14 12:00:00,KNYC0
2024-02-14 13:00:00-05:00,2.0,33,0.0,,280,20.0,,1017.0,,0,2,2024-02-14 13:00:00,KNYC0
2024-02-14 14:00:00-05:00,2.0,30,0.0,,300,22.0,,1017.0,,0,1,2024-02-14 14:00:00,KNYC0
2024-02-14 15:00:00-05:00,2.0,30,0.0,,300,30.0,,1018.0,,0,1,2024-02-14 15:00:00,KNYC0
2024-02-14 16:00:00-05:00,2.0,32,0.0,,310,22.0,,1018.0,,0,1,2024-02-14 16:00:00,KNYC0
2024-02-14 17:00:00-05:00,1.0,32,0.0,,300,17.0,,1019.0,,0,1,2024-02-14 17:00:00,KNYC0
2024-02-14 18:00:00-05:00,1.0,35,0.0,,300,17.0,,1020.0,,0,1,2024-02-14 18:00:00,KNYC0
2024-02-14 19:00:00-05:00,0.0,38,0.0,,280,13.0,,1020.0,,0,1,2024-02-14 19:00:00,KNYC0
2024-02-14 20:00:00-05:00,-3.4,58,0.0,,304,19.1,,1020.4,,0,1,2024-02-14 20:00:00,KNYC0
2024-02-14 21:00:00-05:00,-3.7,59,0.0,,299,19.4,,1020.6,,0,1,2024-02-14 21:00:00,KNYC0
2024-02-14 22:00:00-05:00,-3.8,60,0.0,,302,20.2,,1020.9,,0,1,2024-02-14 22:00:00,KNYC0
2024-02-14 23:00:00-05:00,-1.0,47,0.0,,290,13.0,,1021.0,,0,1,2024-02-14 23:00:00,KNYC0
2024-02-15 00:00:00-05:00,-2.0,49,0.0,,310,15.0,,1022.0,,1,1,2024-02-15 00:00:00,KNYC0
2024-02-15 01:00:00-05:00,-2.0,51,0.0,,296,7.0,,1022.0,,1,2,2024-02-15 01:00:00,KNYC0
2024-02-15 02:00:00-05:00,-2.0,53,0.0,,300,15.0,,1022.0,,0,1,2024-02-15 02:00:00,KNYC0
2024-02-15 03:00:00-05:00,-2.0,53,0.0,,288,6.0,,1023.0,,0,1,2024-02-15 03:00:00,KNYC0
2024-02-15 04:00:00-05:00,-2.0,53,0.0,,290,13.0,,1023.0,,0,1,2024-02-15 04:00:00,KNYC0
2024-02-15 05:00:00-05:00,-2.0,51,0.0,,286,10.8,,1023.0,,0,1,2024-02-15 05:00:00,KNYC0
2024-02-15 06:00:00-05:00,-3.0,55,0.0,,276,11.0,,1023.0,,0,1,2024-02-15 06:00:00,KNYC0
2024-02-15 07:00:00-05:00,-3.0,55,0.0,,240,11.0,,1024.0,,0,1,2024-02-15 07:00:00,KNYC0
2024-02-15 08:00:00-05:00,-2.0,51,0.0,,300,11.0,,1023.0,,0,1,2024-02-15 08:00:00,KNYC0
2024-02-15 09:00:00-05:00,-1.0,49,0.0,,334,10.4,,1023.0,,1,1,2024-02-15 09:00:00,KNYC0
2024-02-15 10:00:00-05:00,1.0,41,0.0,,324,6.0,,1023.0,,1,1,2024-02-15 10:00:00,KNYC0
2024-02-15 11:00:00-05:00,2.0,35,0.0,,249,7.0,,1022.0,,1,2,2024-02-15 11:00:00,KNYC0
2024-02-15 12:00:00-05:00,3.0,32,0.0,,250,9.0,,1020.0,,5,2,2024-02-15 12:00:00,KNYC0
2024-02-15 13:00:00-05:00,4.0,31,0.0,,194,8.3,,1018.0,,8,3,2024-02-15 13:00:00,KNYC0
2024-02-15 14:00:00-05:00,3.0,35,0.0,,240,9.0,,1017.0,,8,3,2024-02-15 14:00:00,KNYC0
2024-02-15 15:00:00-05:00,3.0,35,0.0,,178,17.3,,1015.0,,8,3,2024-02-15 15:00:00,KNYC0
2024-02-15 16:00:00-05:00,2.0,52,0.0,,140,13.0,,1014.0,,8,3,2024-02-15 16:00:00,KNYC0
2024-02-15 17:00:00-05:00,2.0,59,0.0,,147,9.0,,1013.0,,8,3,2024-02-15 17:00:00,KNYC0
2024-02-15 18:00:00-05:00,3.0,57,0.0,,165,7.0,,1012.0,,8,3,2024-02-15 18:00:00,KNYC0
2024-02-15 19:00:00-05:00,3.0,54,0.0,,177,6.0,,1012.0,,8,3,2024-02-15 19:00:00,KNYC0
2024-02-15 20:00:00-05:00,3.0,52,0.3,,197,23.8,,1010.0,,4,15,2024-02-15 20:00:00,KNYC0
2024-02-15 21:00:00-05:00,3.0,59,0.0,,200,17.0,,1009.0,,7,3,2024-02-15 21:00:00,KNYC0
2024-02-15 22:00:00-05:00,3.0,64,0.0,,219,11.0,,1009.0,,4,3,2024-02-15 22:00:00,KNYC0
2024-02-15 23:00:00-05:00,3.0,64,0.0,,239,19.4,,1008.0,,1,3,2024-02-15 23:00:00,KNYC0
2024-02-16 00:00:00-05:00,3.0,64,0.0,,260,9.0,,1007.0,,1,1,2024-02-16 00:00:00,KNYC0
2024-02-16 01:00:00-05:00,3.0,64,0.0,,277,7.0,,1007.0,,1,2,2024-02-16 01:00:00,KNYC0
2024-02-16 02:00:00-05:00,3.0,62,0.0,,276,9.0,,1007.0,,2,1,2024-02-16 02:00:00,KNYC0
2024-02-16 03:00:00-05:00,4.0,48,0.0,,280,24.0,,1008.0,,1,2,2024-02-16 03:00:00,KNYC0
2024-02-16 04:00:00-05:00,4.0,44,0.0,,300,19.0,,1009.0,,0,1,2024-02-16 04:00:00,KNYC0
2024-02-16 05:00:00-05:00,3.0,40,0.0,,290,22.0,,1010.0,,0,1,2024-02-16 05:00:00,KNYC0
2024-02-16 06:00:00-05:00,2.0,38,0.0,,300,17.0,,1012.0,,0,1,2024-02-16 06:00:00,KNYC0
2024-02-16 07:00:00-05:00,2.0,37,0.0,,290,22.0,,1013.0,,0,1,2024-02-16 07:00:00,KNYC0
2024-02-16 08:00:00-05:00,2.0,37,0.0,,280,20.0,,1013.0,,0,1,2024-02-16 08:00:00,KNYC0
2024-02-16 09:00:00-05:00,3.0,37,0.0,,270,17.0,,1013.0,,0,1,2024-02-16 09:00:00,KNYC0
2024-02-16 10:00:00-05:00,3.0,35,0.0,,280,24.0,,1013.0,,0,1,2024-02-16 10:00:00,KNYC0
2024-02-16 11:00:00-05:00,4.0,31,0.0,,301,9.0,,1013.0,,0,1,2024-02-16 11:00:00,KNYC0
2024-02-16 12:00:00-05:00,5.0,26,0.0,,300,19.0,,1013.0,,0,1,2024-02-16 12:00:00,KNYC0
2024-02-16 13:00:00-05:00,6.0,27,0.0,,310,15.0,,1013.0,,0,1,2024-02-16 13:00:00,KNYC0
2024-02-16 14:00:00-05:00,6.0,25,0.0,,304,24.8,,1013.0,,0,1,2024-02-16 14:00:00,KNYC0
2024-02-16 15:00:00-05:00,6.0,27,0.0,,280,15.0,,1013.0,,0,1,2024-02-16 15:00:00,KNYC0
2024-02-16 16:00:00-05:00,5.0,28,0.0,,270,19.0,,1013.0,,0,1,2024-02-16 16:00:00,KNYC0
2024-02-16 17:00:00-05:00,4.0,30,0.0,,296,7.0,,1014.0,,2,1,2024-02-16 17:00:00,KNYC0
2024-02-16 18:00:00-05:00,4.0,33,0.0,,293,10.8,,1015.0,,4,2,2024-02-16 18:00:00,KNYC0
2024-02-16 19:00:00-05:00,3.0,32,0.0,,50,9.0,,1015.0,,8,3,2024-02-16 19:00:00,KNYC0
2024-02-16 20:00:00-05:00,3.0,37,0.0,,50,7.0,,1014.0,,8,3,2024-02-16 20:00:00,KNYC0
2024-02-16 21:00:00-05:00,3.0,34,0.0,,344,9.7,,1014.0,,8,3,2024-02-16 21:00:00,KNYC0
2024-02-16 22:00:00-05:00,3.0,38,0.0,,90,7.0,,1013.0,,8,3,2024-02-16 22:00:00,KNYC0
2024-02-16 23:00:00-05:00,2.0,44,0.0,,54,6.0,,1013.0,,8,3,2024-02-16 23:00:00,KNYC0
2024-02-17 00:00:00-05:00,1.0,67,0.2,,41,5.4,,1013.0,,8,14,2024-02-17 00:00:00,KNYC0
2024-02-17 01:00:00-05:00,0.0,81,0.3,,82,7.0,,1012.0,,8,15,2024-02-17 01:00:00,KNYC0
2024-02-17 02:00:00-05:00,0.0,81,0.6,,77,7.0,,1012.0,,8,15,2024-02-17 02:00:00,KNYC0
2024-02-17 03:00:00-05:00,-1.0,85,0.9,,70,15.0,,1010.0,,8,15,2024-02-17 03:00:00,KNYC0
2024-02-17 04:00:00-05:00,-1.0,89,1.0,,80,8.6,,1010.0,,8,16,2024-02-17 04:00:00,KNYC0
2024-02-17 05:00:00-05:00,-1.0,89,0.8,,80,7.0,,1009.0,,8,15,2024-02-17 05:00:00,KNYC0
2024-02-17 06:00:00-05:00,-1.0,89,0.5,,60,7.0,,1008.0,,8,15,2024-02-17 06:00:00,KNYC0
2024-02-17 07:00:00-05:00,0.0,85,0.3,,10,9.4,,1008.0,,8,15,2024-02-17 07:00:00,KNYC0
2024-02-17 08:00:00-05:00,1.0,85,0.3,,10,6.0,,1008.0,,8,15,2024-02-17 08:00:00,KNYC0
2024-02-17 09:00:00-05:00,0.0,88,0.2,,350,7.9,,1009.0,,8,14,2024-02-17 09:00:00,KNYC0
2024-02-17 10:00:00-05:00,1.0,82,0.0,,309,7.6,,1009.0,,8,3,2024-02-17 10:00:00,KNYC0
2024-02-17 11:00:00-05:00,1.0,78,0.0,,290,13.0,,1009.0,,8,3,2024-02-17 11:00:00,KNYC0
2024-02-17 12:00:00-05:00,1.0,72,0.0,,300,17.0,,1008.0,,7,3,2024-02-17 12:00:00,KNYC0
2024-02-17 13:00:00-05:00,2.0,54,0.0,,300,15.0,,1008.0,,6,3,2024-02-17 13:00:00,KNYC0
2024-02-17 14:00:00-05:00,2.0,40,0.1,,300,20.0,,1008.0,,3,19,2024-02-17 14:00:00,KNYC0
2024-02-17 15:00:00-05:00,2.0,37,0.0,,304,26.6,,1008.0,,2,2,2024-02-17 15:00:00,KNYC0
2024-02-17 16:00:00-05:00,2.0,35,0.0,,310,17.0,,1009.0,,1,2,2024-02-17 16:00:00,KNYC0
2024-02-17 17:00:00-05:00,1.0,41,0.0,,300,20.0,,1010.0,,1,1,2024-02-17 17:00:00,KNYC0
2024-02-17 18:00:00-05:00,-1.0,49,0.0,,280,19.0,,1012.0,,0,1,2024-02-17 18:00:00,KNYC0
2024-02-17 19:00:00-05:00,-1.0,53,0.0,,307,16.6,,1012.0,,0,1,2024-02-17 19:00:00,KNYC0
2024-02-17 20:00:00-05:00,-2.0,51,0.0,,313,7.0,,1013.0,,0,1,2024-02-17 20:00:00,KNYC0
2024-02-17 21:00:00-05:00,-2.0,51,0.0,,280,17.0,,1013.0,,0,1,2024-02-17 21:00:00,KNYC0
2024-02-17 22:00:00-05:00,-2.0,51,0.0,,280,17.0,,1014.0,,0,1,2024-02-17 22:00:00,KNYC0
2024-02-17 23:00:00-05:00,-2.0,48,0.0,,270,15.0,,1014.0,,0,1,2024-02-17 23:00:00,KNYC0
2024-02-18 00:00:00-05:00,-3.0,50,0.0,,266,11.9,,1014.0,,0,1,2024-02-18 00:00:00,KNYC0
2024-02-18 01:00:00-05:00,-3.0,50,0.0,,256,6.0,,1014.0,,0,1,2024-02-18 01:00:00,KNYC0
2024-02-18 02:00:00-05:00,-3.0,60,0.0,,251,11.9,,1014.0,,0,1,2024-02-18 02:00:00,KNYC0
2024-02-18 03:00:00-05:00,-3.0,63,0.0,,220,6.0,,1014.0,,0,1,2024-02-18 03:00:00,KNYC0
2024-02-18 04:00:00-05:00,-3.0,57,0.0,,236,12.6,,1014.0,,0,1,2024-02-18 04:00:00,KNYC0
2024-02-18 05:00:00-05:00,-3.0,55,0.0,,237,7.0,,1014.0,,1,1,2024-02-18 05:00:00,KNYC0
2024-02-18 06:00:00-05:00,-3.0,52,0.0,,210,13.0,,1014.0,,2,1,2024-02-18 06:00:00,KNYC0
2024-02-18 07:00:00-05:00,-3.0,50,0.0,,220,20.0,,1014.0,,0,2,2024-02-18 07:00:00,KNYC0
2024-02-18 08:00:00-05:00,-2.0,48,0.0,,216,7.0,,1014.0,,0,1,2024-02-18 08:00:00,KNYC0
2024-02-18 09:00:00-05:00,-1.0,44,0.0,,220,19.0,,1013.0,,0,1,2024-02-18 09:00:00,KNYC0
2024-02-18 10:00:00-05:00,0.0,41,0.0,,240,13.0,,1012.0,,0,1,2024-02-18 10:00:00,KNYC0
2024-02-18 11:00:00-05:00,2.0,37,0.0,,270,13.0,,1011.0,,0,1,2024-02-18 11:00:00,KNYC0
2024-02-18 12:00:00-05:00,3.0,34,0.0,,240,20.0,,1010.0,,0,1,2024-02-18 12:00:00,KNYC0
2024-02-18 13:00:00-05:00,3.0,32,0.0,,230,13.0,,1010.0,,0,1,2024-02-18 13:00:00,KNYC0
2024-02-18 14:00:00-05:00,4.0,31,0.0,,240,19.0,,1009.0,,0,1,2024-02-18 14:00:00,KNYC0
2024-02-18 15:00:00-05:00,4.0,31,0.0,,240,17.0,,1009.0,,0,1,2024-02-18 15:00:00,KNYC0
2024-02-18 16:00:00-05:00,4.0,33,0.0,,290,9.0,,1009.0,,0,1,2024-02-18 16:00:00,KNYC0
2024-02-18 17:00:00-05:00,4.0,34,0.0,,240,9.0,,1010.0,,0,1,2024-02-18 17:00:00,KNYC0
2024-02-18 18:00:00-05:00,4.0,34,0.0,,270,9.0,,1010.0,,0,1,2024-02-18 18:00:00,KNYC0
2024-02-18 19:00:00-05:00,4.0,34,0.0,,245,19.8,,1011.0,,0,1,2024-02-18 19:00:00,KNYC0
2024-02-18 20:00:00-05:00,0.3,54,0.0,,256,20.9,,1011.0,,0,1,2024-02-18 20:00:00,KNYC0
2024-02-18 21:00:00-05:00,4.0,37,0.0,,240,11.0,,1013.0,,0,1,2024-02-18 21:00:00,KNYC0
2024-02-18 22:00:00-05:00,3.0,40,0.0,,247,11.0,,1013.0,,0,1,2024-02-18 22:00:00,KNYC0
2024-02-18 23:00:00-05:00,3.0,38,0.0,,260,15.0,,1014.0,,0,1,2024-02-18 23:00:00,KNYC0
2024-02-19 00:00:00-05:00,3.0,38,0.0,,276,9.0,,1015.0,,0,1,2024-02-19 00:00:00,KNYC0
2024-02-19 01:00:00-05:00,2.0,42,0.0,,275,9.0,,1015.0,,0,1,2024-02-19 01:00:00,KNYC0
2024-02-19 02:00:00-05:00,2.0,44,0.0,,260,7.0,,1016.0,,0,1,2024-02-19 02:00:00,KNYC0
2024-02-19 03:00:00-05:00,2.0,42,0.0,,266,6.0,,1016.0,,0,1,2024-02-19 03:00:00,KNYC0
2024-02-19 04:00:00-05:00,1.0,46,0.0,,274,11.0,,1017.0,,0,1,2024-02-19 04:00:00,KNYC0
2024-02-19 05:00:00-05:00,1.0,49,0.0,,285,13.0,,1018.0,,0,1,2024-02-19 05:00:00,KNYC0
2024-02-19 06:00:00-05:00,1.0,49,0.0,,293,6.0,,1019.0,,0,1,2024-02-19 06:00:00,KNYC0
2024-02-19 07:00:00-05:00,1.0,47,0.0,,280,9.0,,1020.0,,0,1,2024-02-19 07:00:00,KNYC0
2024-02-19 08:00:00-05:00,2.0,46,0.0,,310,13.0,,1021.0,,0,1,2024-02-19 08:00:00,KNYC0
2024-02-19 09:00:00-05:00,3.0,40,0.0,,318,20.2,,1021.0,,0,1,2024-02-19 09:00:00,KNYC0
2024-02-19 10:00:00-05:00,3.0,35,0.0,,326,18.7,,1022.0,,0,1,2024-02-19 10:00:00,KNYC0
2024-02-19 11:00:00-05:00,3.0,31,0.0,,300,17.0,,1023.0,,0,1,2024-02-19 11:00:00,KNYC0
2024-02-19 12:00:00-05:00,4.0,30,0.0,,280,9.0,,1022.0,,0,1,2024-02-19 12:00:00,KNYC0
2024-02-19 13:00:00-05:00,4.0,29,0.0,,313,16.2,,1022.0,,0,1,2024-02-19 13:00:00,KNYC0
2024-02-19 14:00:00-05:00,4.0,27,0.0,,312,6.0,,1022.0,,0,1,2024-02-19 14:00:00,KNYC0
2024-02-19 15:00:00-05:00,4.0,24,0.0,,300,11.0,,1022.0,,0,1,2024-02-19 15:00:00,KNYC0
2024-02-19 16:00:00-05:00,4.0,25,0.0,,310,11.0,,1023.0,,0,1,2024-02-19 16:00:00,KNYC0
2024-02-19 17:00:00-05:00,3.0,26,0.0,,324,9.0,,1024.0,,0,1,2024-02-19 17:00:00,KNYC0
2024-02-19 18:00:00-05:00,3.0,27,0.0,,339,10.4,,1025.0,,0,1,2024-02-19 18:00:00,KNYC0
2024-02-19 19:00:00-05:00,2.0,30,0.0,,343,11.2,,1026.0,,0,1,2024-02-19 19:00:00,KNYC0
2024-02-19 20:00:00-05:00,2.0,30,0.0,,350,11.0,,1027.0,,0,1,2024-02-19 20:00:00,KNYC0
2024-02-19 21:00:00-05:00,1.0,32,0.0,,350,13.0,,1028.0,,0,1,2024-02-19 21:00:00,KNYC0
2024-02-19 22:00:00-05:00,0.0,34,0.0,,347,15.5,,1028.0,,0,1,2024-02-19 22:00:00,KNYC0
2024-02-19 23:00:00-05:00,-1.0,36,0.0,,40,11.0,,1029.0,,0,1,2024-02-19 23:00:00,KNYC0
2024-02-20 00:00:00-05:00,-1.0,38,0.0,,4,9.0,,1030.0,,0,1,2024-02-20 00:00:00,KNYC0
2024-02-20 01:00:00-05:00,-1.0,41,0.0,,360,9.0,,1030.0,,0,1,2024-02-20 01:00:00,KNYC0
2024-02-20 02:00:00-05:00,-2.0,41,0.0,,40,15.0,,1030.0,,0,1,2024-02-20 02:00:00,KNYC0
2024-02-20 03:00:00-05:00,-3.0,37,0.0,,15,11.0,,1030.0,,0,1,2024-02-20 03:00:00,KNYC0
2024-02-20 04:00:00-05:00,-3.0,39,0.0,,30,9.0,,1030.0,,0,1,2024-02-20 04:00:00,KNYC0
2024-02-20 05:00:00-05:00,-3.0,40,0.0,,20,13.0,,1031.0,,0,1,2024-02-20 05:00:00,KNYC0
2024-02-20 06:00:00-05:00,-3.0,40,0.0,,30,13.0,,1032.0,,0,1,2024-02-20 06:00:00,KNYC0
2024-02-20 07:00:00-05:00,-2.0,37,0.0,,50,11.0,,1033.0,,0,1,2024-02-20 07:00:00,KNYC0
2024-02-20 08:00:00-05:00,-1.0,33,0.0,,60,13.0,,1034.0,,0,1,2024-02-20 08:00:00,KNYC0
2024-02-20 09:00:00-05:00,-1.0,36,0.0,,70,15.0,,1034.0,,0,1,2024-02-20 09:00:00,KNYC0
2024-02-20 10:00:00-05:00,1.0,32,0.0,,50,13.0,,1035.0,,0,1,2024-02-20 10:00:00,KNYC0
2024-02-20 11:00:00-05:00,2.0,28,0.0,,60,9.0,,1034.0,,0,1,2024-02-20 11:00:00,KNYC0
2024-02-20 12:00:00-05:00,3.0,30,0.0,,102,6.0,,1033.0,,0,1,2024-02-20 12:00:00,KNYC0
2024-02-20 13:00:00-05:00,4.0,28,0.0,,124,6.0,,1033.0,,0,1,2024-02-20 13:00:00,KNYC0
2024-02-20 14:00:00-05:00,4.0,28,0.0,,163,6.0,,1033.0,,0,1,2024-02-20 14:00:00,KNYC0
2024-02-20 15:00:00-05:00,3.0,30,0.0,,20,7.0,,1032.0,,0,1,2024-02-20 15:00:00,KNYC0
2024-02-20 16:00:00-05:00,3.0,31,0.0,,90,6.0,,1032.0,,0,1,2024-02-20 16:00:00,KNYC0
2024-02-20 17:00:00-05:00,1.0,43,0.0,,180,9.0,,1033.0,,0,1,2024-02-20 17:00:00,KNYC0
2024-02-20 18:00:00-05:00,1.0,47,0.0,,157,9.4,,1033.0,,0,1,2024-02-20 18:00:00,KNYC0
2024-02-20 19:00:00-05:00,0.0,49,0.0,,145,10.1,,1033.0,,0,1,2024-02-20 19:00:00,KNYC0
2024-02-20 20:00:00-05:00,0.0,49,0.0,,125,10.8,,1033.0,,0,1,2024-02-20 20:00:00,KNYC0
2024-02-20 21:00:00-05:00,0.0,47,0.0,,120,9.0,,1033.0,,2,1,2024-02-20 21:00:00,KNYC0
2024-02-20 22:00:00-05:00,1.0,45,0.0,,69,9.0,,1033.0,,2,2,2024-02-20 22:00:00,KNYC0
2024-02-20 23:00:00-05:00,0.0,45,0.0,,71,9.4,,1033.0,,1,2,2024-02-20 23:00:00,KNYC0
2024-02-21 00:00:00-05:00,0.0,45,0.0,,130,6.0,,1033.0,,1,2,2024-02-21 00:00:00,KNYC0
2024-02-21 01:00:00-05:00,0.0,56,0.0,,28,7.9,,1033.0,,5,2,2024-02-21 01:00:00,KNYC0
2024-02-21 02:00:00-05:00,0.0,58,0.0,,21,6.0,,1033.0,,8,3,2024-02-21 02:00:00,KNYC0
2024-02-21 03:00:00-05:00,0.0,58,0.0,,23,8.3,,1033.0,,8,3,2024-02-21 03:00:00,KNYC0
2024-02-21 04:00:00-05:00,-1.0,63,0.0,,43,9.4,,1033.0,,8,3,2024-02-21 04:00:00,KNYC0
2024-02-21 05:00:00-05:00,-1.0,63,0.0,,50,11.0,,1033.0,,0,3,2024-02-21 05:00:00,KNYC0
2024-02-21 06:00:00-05:00,0.0,66,0.0,,50,9.0,,1033.0,,1,1,2024-02-21 06:00:00,KNYC0
2024-02-21 07:00:00-05:00,1.0,66,0.0,,60,13.0,,1033.0,,0,1,2024-02-21 07:00:00,KNYC0
2024-02-21 08:00:00-05:00,2.0,64,0.0,,70,11.0,,1034.0,,3,1,2024-02-21 08:00:00,KNYC0
2024-02-21 09:00:00-05:00,2.0,64,0.0,,50,13.0,,1034.0,,4,2,2024-02-21 09:00:00,KNYC0
2024-02-21 10:00:00-05:00,3.0,57,0.0,,50,11.0,,1033.0,,8,3,2024-02-21 10:00:00,KNYC0
2024-02-21 11:00:00-05:00,4.0,57,0.0,,132,9.0,,1032.0,,8,3,2024-02-21 11:00:00,KNYC0
2024-02-21 12:00:00-05:00,4.0,48,0.0,,137,7.0,,1031.0,,7,3,2024-02-21 12:00:00,KNYC0
2024-02-21 13:00:00-05:00,5.0,48,0.0,,140,14.8,,1030.0,,7,3,2024-02-21 13:00:00,KNYC0
2024-02-21 14:00:00-05:00,6.0,45,0.0,,150,15.1,,1029.0,,7,3,2024-02-21 14:00:00,KNYC0
2024-02-21 15:00:00-05:00,5.0,53,0.0,,149,9.0,,1028.0,,8,3,2024-02-21 15:00:00,KNYC0
2024-02-21 16:00:00-05:00,4.0,57,0.0,,130,13.0,,1028.0,,1,3,2024-02-21 16:00:00,KNYC0
2024-02-21 17:00:00-05:00,3.0,57,0.0,,120,11.0,,1028.0,,0,2,2024-02-21 17:00:00,KNYC0
2024-02-21 18:00:00-05:00,3.0,57,0.0,,120,15.0,,1028.0,,1,1,2024-02-21 18:00:00,KNYC0
2024-02-21 19:00:00-05:00,2.0,59,0.0,,115,7.0,,1028.0,,3,1,2024-02-21 19:00:00,KNYC0
2024-02-21 20:00:00-05:00,2.0,59,0.0,,107,9.0,,1027.0,,3,2,2024-02-21 20:00:00,KNYC0
2024-02-21 21:00:00-05:00,2.0,59,0.0,,108,9.4,,1027.0,,6,2,2024-02-21 21:00:00,KNYC0
2024-02-21 22:00:00-05:00,2.0,64,0.0,,113,6.0,,1026.0,,8,3,2024-02-21 22:00:00,KNYC0
2024-02-21 23:00:00-05:00,2.0,62,0.0,,95,7.9,,1025.0,,3,3,2024-02-21 23:00:00,KNYC0
2024-02-22 00:00:00-05:00,2.0,64,0.0,,130,7.0,,1025.0,,0,2,2024-02-22 00:00:00,KNYC0
2024-02-22 01:00:00-05:00,2.0,64,0.0,,16,4.0,,1024.0,,2,1,2024-02-22 01:00:00,KNYC0
2024-02-22 02:00:00-05:00,2.0,64,0.0,,230,6.0,,1023.0,,0,2,2024-02-22 02:00:00,KNYC0
2024-02-22 03:00:00-05:00,2.0,66,0.0,,230,6.0,,1022.0,,1,1,2024-02-22 03:00:00,KNYC0
2024-02-22 04:00:00-05:00,2.0,66,0.0,,250,7.0,,1022.0,,1,2,2024-02-22 04:00:00,KNYC0
2024-02-22 05:00:00-05:00,2.0,66,0.0,,301,5.4,,1021.0,,5,1,2024-02-22 05:00:00,KNYC0
2024-02-22 06:00:00-05:00,2.0,69,0.0,,255,6.0,,1021.0,,3,3,2024-02-22 06:00:00,KNYC0
2024-02-22 07:00:00-05:00,3.0,67,0.0,,226,6.0,,1020.0,,6,3,2024-02-22 07:00:00,KNYC0
2024-02-22 08:00:00-05:00,3.0,64,0.0,,203,7.6,,1019.0,,4,5,2024-02-22 08:00:00,KNYC0
2024-02-22 09:00:00-05:00,5.0,60,0.0,,190,9.0,,1019.0,,6,3,2024-02-22 09:00:00,KNYC0
2024-02-22 10:00:00-05:00,5.0,57,0.0,,140,13.0,,1018.0,,0,3,2024-02-22 10:00:00,KNYC0
2024-02-22 11:00:00-05:00,6.0,55,0.0,,180,15.0,,1017.0,,0,1,2024-02-22 11:00:00,KNYC0
2024-02-22 12:00:00-05:00,7.0,53,0.0,,180,11.0,,1015.0,,1,1,2024-02-22 12:00:00,KNYC0
2024-02-22 13:00:00-05:00,6.0,60,0.0,,150,6.0,,1014.0,,2,2,2024-02-22 13:00:00,KNYC0
2024-02-22 14:00:00-05:00,6.0,62,0.0,,130,20.0,,1012.0,,7,2,2024-02-22 14:00:00,KNYC0
2024-02-22 15:00:00-05:00,6.0,64,0.0,,160,13.0,,1012.0,,8,3,2024-02-22 15:00:00,KNYC0
2024-02-22 16:00:00-05:00,5.0,76,0.0,,158,22.7,,1011.0,,8,3,2024-02-22 16:00:00,KNYC0
2024-02-22 17:00:00-05:00,4.0,83,0.3,,160,20.2,,1011.0,,8,8,2024-02-22 17:00:00,KNYC0
2024-02-22 18:00:00-05:00,5.0,79,0.0,,167,6.0,,1011.0,,8,3,2024-02-22 18:00:00,KNYC0
2024-02-22 19:00:00-05:00,5.0,79,0.0,,150,11.0,,1011.0,,8,3,2024-02-22 19:00:00,KNYC0
2024-02-22 20:00:00-05:00,6.0,76,0.3,,181,17.3,,1009.0,,8,8,2024-02-22 20:00:00,KNYC0
2024-02-22 21:00:00-05:00,6.0,79,1.0,,160,11.0,,1008.0,,8,9,2024-02-22 21:00:00,KNYC0
2024-02-22 22:00:00-05:00,6.0,82,0.0,,158,6.0,,1007.0,,8,3,2024-02-22 22:00:00,KNYC0
2024-02-22 23:00:00-05:00,6.0,85,0.0,,130,7.0,,1006.0,,8,3,2024-02-22 23:00:00,KNYC0
2024-02-23 00:00:00-05:00,6.0,89,0.0,,140,9.0,,1005.0,,8,3,2024-02-23 00:00:00,KNYC0
2024-02-23 01:00:00-05:00,6.0,86,0.7,,120,9.0,,1004.0,,8,8,2024-02-23 01:00:00,KNYC0
2024-02-23 02:00:00-05:00,6.0,89,1.3,,130,6.0,,1003.0,,8,9,2024-02-23 02:00:00,KNYC0
2024-02-23 03:00:00-05:00,6.0,86,0.6,,80,11.0,,1002.0,,8,5,2024-02-23 03:00:00,KNYC0
2024-02-23 04:00:00-05:00,6.0,89,0.0,,65,6.8,,1002.0,,8,3,2024-02-23 04:00:00,KNYC0
2024-02-23 05:00:00-05:00,6.0,89,0.4,,60,7.0,,1001.0,,8,5,2024-02-23 05:00:00,KNYC0
2024-02-23 06:00:00-05:00,6.0,89,0.4,,30,6.0,,1001.0,,8,5,2024-02-23 06:00:00,KNYC0
2024-02-23 07:00:00-05:00,6.0,89,0.4,,330,7.2,,1001.0,,8,5,2024-02-23 07:00:00,KNYC0
2024-02-23 08:00:00-05:00,6.0,86,0.0,,300,11.0,,1001.0,,8,5,2024-02-23 08:00:00,KNYC0
2024-02-23 09:00:00-05:00,6.0,86,0.0,,310,7.0,,1001.0,,8,5,2024-02-23 09:00:00,KNYC0
2024-02-23 10:00:00-05:00,8.0,79,0.0,,290,7.0,,1000.0,,8,5,2024-02-23 10:00:00,KNYC0
2024-02-23 11:00:00-05:00,8.0,76,0.0,,326,5.8,,1000.0,,8,5,2024-02-23 11:00:00,KNYC0
2024-02-23 12:00:00-05:00,8.0,76,0.2,,360,9.0,,999.0,,8,7,2024-02-23 12:00:00,KNYC0
2024-02-23 13:00:00-05:00,8.0,74,0.2,,10,6.0,,999.0,,8,7,2024-02-23 13:00:00,KNYC0
2024-02-23 14:00:00-05:00,8.0,74,0.1,,352,10.8,,998.0,,8,7,2024-02-23 14:00:00,KNYC0
2024-02-23 15:00:00-05:00,8.0,71,0.0,,10,9.0,,998.0,,8,3,2024-02-23 15:00:00,KNYC0
2024-02-23 16:00:00-05:00,8.0,71,0.0,,40,7.0,,998.0,,8,3,2024-02-23 16:00:00,KNYC0
2024-02-23 17:00:00-05:00,8.0,68,0.0,,24,6.8,,998.0,,8,3,2024-02-23 17:00:00,KNYC0
2024-02-23 18:00:00-05:00,8.0,68,0.0,,21,8.6,,999.0,,8,3,2024-02-23 18:00:00,KNYC0
2024-02-23 19:00:00-05:00,8.0,71,0.0,,5,6.0,,999.0,,8,3,2024-02-23 19:00:00,KNYC0
2024-02-23 20:00:00-05:00,7.0,74,0.0,,338,6.0,,999.0,,8,3,2024-02-23 20:00:00,KNYC0
2024-02-23 21:00:00-05:00,7.0,74,0.0,,336,11.5,,999.0,,8,3,2024-02-23 21:00:00,KNYC0
2024-02-23 22:00:00-05:00,7.0,76,0.0,,280,6.0,,999.0,,8,3,2024-02-23 22:00:00,KNYC0
2024-02-23 23:00:00-05:00,7.0,76,0.0,,300,9.0,,999.0,,8,3,2024-02-23 23:00:00,KNYC0
2024-02-24 00:00:00-05:00,6.0,76,0.0,,319,6.0,,999.0,,7,3,2024-02-24 00:00:00,KNYC0
2024-02-24 01:00:00-05:00,6.0,76,0.0,,350,9.0,,1000.0,,7,3,2024-02-24 01:00:00,KNYC0
2024-02-24 02:00:00-05:00,6.0,76,0.0,,324,7.0,,1000.0,,4,3,2024-02-24 02:00:00,KNYC0
2024-02-24 03:00:00-05:00,5.0,73,0.0,,329,7.0,,1000.0,,1,3,2024-02-24 03:00:00,KNYC0
2024-02-24 04:00:00-05:00,5.0,70,0.0,,350,11.0,,1001.0,,4,2,2024-02-24 04:00:00,KNYC0
2024-02-24 05:00:00-05:00,5.0,67,0.0,,337,6.0,,1001.0,,8,3,2024-02-24 05:00:00,KNYC0
2024-02-24 06:00:00-05:00,5.0,65,0.0,,300,13.0,,1002.0,,8,3,2024-02-24 06:00:00,KNYC0
2024-02-24 07:00:00-05:00,5.0,60,0.0,,338,9.0,,1003.0,,7,3,2024-02-24 07:00:00,KNYC0
2024-02-24 08:00:00-05:00,6.0,53,0.0,,300,13.0,,1004.0,,8,3,2024-02-24 08:00:00,KNYC0
2024-02-24 09:00:00-05:00,4.0,53,0.0,,300,20.0,,1005.0,,8,3,2024-02-24 09:00:00,KNYC0
2024-02-24 10:00:00-05:00,4.0,41,0.0,,325,20.5,,1006.0,,2,3,2024-02-24 10:00:00,KNYC0
2024-02-24 11:00:00-05:00,5.0,28,0.0,,328,7.0,,1006.0,,2,2,2024-02-24 11:00:00,KNYC0
2024-02-24 12:00:00-05:00,6.0,29,0.0,,300,15.0,,1006.0,,2,2,2024-02-24 12:00:00,KNYC0
2024-02-24 13:00:00-05:00,7.0,26,0.0,,326,9.0,,1006.0,,1,2,2024-02-24 13:00:00,KNYC0
2024-02-24 14:00:00-05:00,6.0,23,0.0,,332,6.0,,1007.0,,3,2,2024-02-24 14:00:00,KNYC0
2024-02-24 15:00:00-05:00,6.0,22,0.0,,338,18.0,,1008.0,,4,2,2024-02-24 15:00:00,KNYC0
2024-02-24 16:00:00-05:00,5.0,21,0.0,,337,7.0,,1009.0,,2,3,2024-02-24 16:00:00,KNYC0
2024-02-24 17:00:00-05:00,3.0,25,0.0,,310,19.0,,1011.0,,0,2,2024-02-24 17:00:00,KNYC0
2024-02-24 18:00:00-05:00,3.0,24,0.0,,300,15.0,,1012.0,,0,1,2024-02-24 18:00:00,KNYC0
2024-02-24 19:00:00-05:00,2.0,28,0.0,,330,18.0,,1013.0,,0,1,2024-02-24 19:00:00,KNYC0
2024-02-24 20:00:00-05:00,1.0,30,0.0,,340,13.0,,1015.0,,0,1,2024-02-24 20:00:00,KNYC0
2024-02-24 21:00:00-05:00,-1.0,31,0.0,,350,11.0,,1016.0,,0,1,2024-02-24 21:00:00,KNYC0
2024-02-24 22:00:00-05:00,-1.0,32,0.0,,351,6.0,,1016.0,,0,1,2024-02-24 22:00:00,KNYC0
2024-02-24 23:00:00-05:00,-2.0,35,0.0,,351,11.0,,1017.0,,0,1,2024-02-24 23:00:00,KNYC0
2024-02-25 00:00:00-05:00,-3.0,34,0.0,,354,11.5,,1018.0,,0,1,2024-02-25 00:00:00,KNYC0
2024-02-25 01:00:00-05:00,-3.0,35,0.0,,359,11.0,,1018.0,,0,1,2024-02-25 01:00:00,KNYC0
2024-02-25 02:00:00-05:00,-4.0,38,0.0,,8,9.7,,1019.0,,0,1,2024-02-25 02:00:00,KNYC0
2024-02-25 03:00:00-05:00,-4.0,40,0.0,,360,7.0,,1020.0,,0,1,2024-02-25 03:00:00,KNYC0
2024-02-25 04:00:00-05:00,-4.0,40,0.0,,4,6.0,,1020.0,,0,1,2024-02-25 04:00:00,KNYC0
2024-02-25 05:00:00-05:00,-5.0,43,0.0,,20,7.0,,1021.0,,0,1,2024-02-25 05:00:00,KNYC0
2024-02-25 06:00:00-05:00,-5.0,48,0.0,,20,6.0,,1022.0,,0,1,2024-02-25 06:00:00,KNYC0
2024-02-25 07:00:00-05:00,-4.0,44,0.0,,10,7.0,,1022.0,,0,1,2024-02-25 07:00:00,KNYC0
2024-02-25 08:00:00-05:00,-3.0,35,0.0,,10,9.0,,1023.0,,1,1,2024-02-25 08:00:00,KNYC0
2024-02-25 09:00:00-05:00,-2.0,34,0.0,,3,6.0,,1023.0,,1,1,2024-02-25 09:00:00,KNYC0
2024-02-25 10:00:00-05:00,-1.0,34,0.0,,250,6.0,,1022.0,,0,2,2024-02-25 10:00:00,KNYC0
2024-02-25 11:00:00-05:00,1.0,33,0.0,,217,6.0,,1022.0,,0,1,2024-02-25 11:00:00,KNYC0
2024-02-25 12:00:00-05:00,3.0,27,0.0,,200,6.0,,1021.0,,0,1,2024-02-25 12:00:00,KNYC0
2024-02-25 13:00:00-05:00,3.0,30,0.0,,187,6.0,,1020.0,,0,1,2024-02-25 13:00:00,KNYC0
2024-02-25 14:00:00-05:00,4.0,27,0.0,,190,9.0,,1020.0,,0,1,2024-02-25 14:00:00,KNYC0
2024-02-25 15:00:00-05:00,4.0,27,0.0,,190,13.0,,1019.0,,0,1,2024-02-25 15:00:00,KNYC0
2024-02-25 16:00:00-05:00,3.0,42,0.0,,171,9.0,,1020.0,,0,1,2024-02-25 16:00:00,KNYC0
2024-02-25 17:00:00-05:00,2.0,54,0.0,,140,9.0,,1020.0,,0,1,2024-02-25 17:00:00,KNYC0
2024-02-25 18:00:00-05:00,2.0,61,0.0,,140,11.0,,1020.0,,0,1,2024-02-25 18:00:00,KNYC0
2024-02-25 19:00:00-05:00,2.0,62,0.0,,167,15.5,,1020.0,,0,1,2024-02-25 19:00:00,KNYC0
2024-02-25 20:00:00-05:00,3.0,50,0.0,,191,9.0,,1020.0,,5,1,2024-02-25 20:00:00,KNYC0
2024-02-25 21:00:00-05:00,3.0,46,0.0,,240,13.0,,1020.0,,7,3,2024-02-25 21:00:00,KNYC0
2024-02-25 22:00:00-05:00,3.0,44,0.0,,210,9.0,,1019.0,,5,3,2024-02-25 22:00:00,KNYC0
2024-02-25 23:00:00-05:00,2.0,48,0.0,,208,7.0,,1019.0,,5,3,2024-02-25 23:00:00,KNYC0
2024-02-26 00:00:00-05:00,2.0,48,0.0,,205,11.0,,1019.0,,7,3,2024-02-26 00:00:00,KNYC0
2024-02-26 01:00:00-05:00,2.0,54,0.0,,240,15.0,,1019.0,,7,3,2024-02-26 01:00:00,KNYC0
2024-02-26 02:00:00-05:00,2.0,56,0.0,,208,13.3,,1019.0,,7,3,2024-02-26 02:00:00,KNYC0
2024-02-26 03:00:00-05:00,2.0,59,0.0,,207,9.0,,1018.0,,8,3,2024-02-26 03:00:00,KNYC0
2024-02-26 04:00:00-05:00,3.0,59,0.0,,230,11.0,,1018.0,,8,3,2024-02-26 04:00:00,KNYC0
2024-02-26 05:00:00-05:00,3.0,61,0.0,,206,7.0,,1018.0,,8,3,2024-02-26 05:00:00,KNYC0
2024-02-26 06:00:00-05:00,3.0,64,0.0,,230,11.0,,1018.0,,8,3,2024-02-26 06:00:00,KNYC0
2024-02-26 07:00:00-05:00,3.0,64,0.0,,217,6.0,,1019.0,,2,3,2024-02-26 07:00:00,KNYC0
2024-02-26 08:00:00-05:00,4.0,64,0.0,,230,17.0,,1019.0,,5,2,2024-02-26 08:00:00,KNYC0
2024-02-26 09:00:00-05:00,5.0,62,0.0,,229,13.0,,1019.0,,6,3,2024-02-26 09:00:00,KNYC0
2024-02-26 10:00:00-05:00,6.0,65,1.0,,220,8.6,,1018.0,,4,20,2024-02-26 10:00:00,KNYC0
2024-02-26 11:00:00-05:00,7.0,58,0.0,,260,9.0,,1018.0,,3,3,2024-02-26 11:00:00,KNYC0
2024-02-26 12:00:00-05:00,9.0,54,0.0,,212,7.0,,1018.0,,0,3,2024-02-26 12:00:00,KNYC0
2024-02-26 13:00:00-05:00,12.0,43,0.0,,217,6.0,,1017.0,,0,1,2024-02-26 13:00:00,KNYC0
2024-02-26 14:00:00-05:00,12.0,41,0.0,,200,6.0,,1017.0,,0,1,2024-02-26 14:00:00,KNYC0
2024-02-26 15:00:00-05:00,12.0,41,0.0,,181,6.0,,1016.0,,0,1,2024-02-26 15:00:00,KNYC0
2024-02-26 16:00:00-05:00,11.0,44,0.0,,170,7.0,,1016.0,,6,1,2024-02-26 16:00:00,KNYC0
2024-02-26 17:00:00-05:00,9.0,59,0.0,,140,13.0,,1017.0,,8,3,2024-02-26 17:00:00,KNYC0
2024-02-26 18:00:00-05:00,9.0,58,0.0,,161,13.3,,1018.0,,8,3,2024-02-26 18:00:00,KNYC0
2024-02-26 19:00:00-05:00,9.0,59,0.0,,172,6.0,,1018.0,,6,3,2024-02-26 19:00:00,KNYC0
2024-02-26 20:00:00-05:00,9.0,61,0.0,,30,9.0,,1018.0,,7,3,2024-02-26 20:00:00,KNYC0
2024-02-26 21:00:00-05:00,9.0,63,0.0,,194,10.4,,1019.0,,6,3,2024-02-26 21:00:00,KNYC0
2024-02-26 22:00:00-05:00,8.0,65,0.0,,205,10.8,,1019.0,,4,3,2024-02-26 22:00:00,KNYC0
2024-02-26 23:00:00-05:00,8.0,65,0.0,,30,6.0,,1018.0,,8,3,2024-02-26 23:00:00,KNYC0
2024-02-27 00:00:00-05:00,8.0,68,0.0,,152,5.4,,1018.0,,8,3,2024-02-27 00:00:00,KNYC0
2024-02-27 01:00:00-05:00,7.0,71,0.0,,40,7.0,,1018.0,,7,3,2024-02-27 01:00:00,KNYC0
2024-02-27 02:00:00-05:00,6.0,76,0.0,,40,9.0,,1018.0,,7,3,2024-02-27 02:00:00,KNYC0
2024-02-27 03:00:00-05:00,6.0,79,0.0,,50,6.0,,1018.0,,0,3,2024-02-27 03:00:00,KNYC0
2024-02-27 04:00:00-05:00,5.0,82,0.0,,40,7.0,,1018.0,,1,1,2024-02-27 04:00:00,KNYC0
2024-02-27 05:00:00-05:00,5.0,82,0.0,,50,6.0,,1018.0,,1,2,2024-02-27 05:00:00,KNYC0
2024-02-27 06:00:00-05:00,5.0,89,0.0,,101,7.0,,1018.0,,2,5,2024-02-27 06:00:00,KNYC0
2024-02-27 07:00:00-05:00,6.0,89,0.0,,94,6.0,,1018.0,,3,5,2024-02-27 07:00:00,KNYC0
2024-02-27 08:00:00-05:00,6.0,92,0.0,,110,13.0,,1018.0,,0,5,2024-02-27 08:00:00,KNYC0
2024-02-27 09:00:00-05:00,6.0,89,0.0,,60,9.0,,1018.0,,0,5,2024-02-27 09:00:00,KNYC0
2024-02-27 10:00:00-05:00,9.0,77,0.0,,60,11.0,,1017.0,,0,5,2024-02-27 10:00:00,KNYC0
2024-02-27 11:00:00-05:00,9.0,74,0.0,,90,7.0,,1017.0,,0,1,2024-02-27 11:00:00,KNYC0
2024-02-27 12:00:00-05:00,12.0,64,0.0,,154,7.0,,1016.0,,2,1,2024-02-27 12:00:00,KNYC0
2024-02-27 13:00:00-05:00,12.0,61,0.0,,100,11.0,,1015.0,,0,2,2024-02-27 13:00:00,KNYC0
2024-02-27 14:00:00-05:00,12.0,59,0.0,,130,11.0,,1014.0,,8,1,2024-02-27 14:00:00,KNYC0
2024-02-27 15:00:00-05:00,12.0,64,0.0,,150,25.6,,1013.0,,8,3,2024-02-27 15:00:00,KNYC0
2024-02-27 16:00:00-05:00,11.0,69,0.0,,148,7.0,,1013.0,,8,3,2024-02-27 16:00:00,KNYC0
2024-02-27 17:00:00-05:00,11.0,69,0.0,,160,9.0,,1013.0,,8,3,2024-02-27 17:00:00,KNYC0
2024-02-27 18:00:00-05:00,11.0,83,0.0,,140,6.0,,1014.0,,8,3,2024-02-27 18:00:00,KNYC0
2024-02-27 19:00:00-05:00,11.0,86,0.3,,140,7.0,,1014.0,,8,8,2024-02-27 19:00:00,KNYC0
2024-02-27 20:00:00-05:00,11.0,89,1.1,,140,11.0,,1013.0,,8,9,2024-02-27 20:00:00,KNYC0
2024-02-27 21:00:00-05:00,11.0,92,2.6,,150,9.0,,1013.0,,8,9,2024-02-27 21:00:00,KNYC0
2024-02-27 22:00:00-05:00,11.0,89,1.3,,150,9.0,,1012.0,,8,9,2024-02-27 22:00:00,KNYC0
2024-02-27 23:00:00-05:00,13.0,83,0.0,,189,9.0,,1011.0,,8,3,2024-02-27 23:00:00,KNYC0
2024-02-28 00:00:00-05:00,12.0,86,0.0,,188,11.0,,1011.0,,8,3,2024-02-28 00:00:00,KNYC0
2024-02-28 01:00:00-05:00,12.0,86,0.0,,140,9.0,,1011.0,,8,5,2024-02-28 01:00:00,KNYC0
2024-02-28 02:00:00-05:00,11.0,89,0.0,,140,9.0,,1010.0,,8,3,2024-02-28 02:00:00,KNYC0
2024-02-28 03:00:00-05:00,11.0,92,0.0,,140,13.0,,1009.0,,8,3,2024-02-28 03:00:00,KNYC0
2024-02-28 04:00:00-05:00,11.0,89,0.0,,176,7.0,,1009.0,,8,3,2024-02-28 04:00:00,KNYC0
2024-02-28 05:00:00-05:00,11.0,89,0.0,,150,9.0,,1009.0,,8,5,2024-02-28 05:00:00,KNYC0
2024-02-28 06:00:00-05:00,12.0,89,0.4,,160,7.0,,1008.0,,8,8,2024-02-28 06:00:00,KNYC0
2024-02-28 07:00:00-05:00,12.0,89,0.3,,150,11.0,,1007.0,,8,8,2024-02-28 07:00:00,KNYC0
2024-02-28 08:00:00-05:00,12.0,86,0.6,,181,9.0,,1007.0,,8,8,2024-02-28 08:00:00,KNYC0
2024-02-28 09:00:00-05:00,12.0,86,1.5,,189,6.0,,1007.0,,8,5,2024-02-28 09:00:00,KNYC0
2024-02-28 10:00:00-05:00,12.0,86,0.0,,150,7.0,,1006.0,,8,5,2024-02-28 10:00:00,KNYC0
2024-02-28 11:00:00-05:00,12.0,86,0.6,,140,13.0,,1005.0,,8,5,2024-02-28 11:00:00,KNYC0
2024-02-28 12:00:00-05:00,13.0,83,1.0,,130,11.0,,1005.0,,8,9,2024-02-28 12:00:00,KNYC0
2024-02-28 13:00:00-05:00,15.0,81,1.0,,140,7.0,,1003.0,,8,9,2024-02-28 13:00:00,KNYC0
2024-02-28 14:00:00-05:00,14.0,83,0.7,,195,6.0,,1003.0,,8,8,2024-02-28 14:00:00,KNYC0
2024-02-28 15:00:00-05:00,14.0,87,0.7,,230,7.0,,1002.0,,8,8,2024-02-28 15:00:00,KNYC0
2024-02-28 16:00:00-05:00,15.0,81,0.2,,220,13.0,,1002.0,,8,7,2024-02-28 16:00:00,KNYC0
2024-02-28 17:00:00-05:00,14.0,84,0.2,,140,15.0,,1000.0,,8,7,2024-02-28 17:00:00,KNYC0
2024-02-28 18:00:00-05:00,14.0,81,0.5,,204,28.4,,1001.0,,8,8,2024-02-28 18:00:00,KNYC0
2024-02-28 19:00:00-05:00,16.0,78,0.3,,200,15.0,,1001.0,,8,8,2024-02-28 19:00:00,KNYC0
2024-02-28 20:00:00-05:00,13.9,91,1.3,,217,34.2,,1000.3,,8,9,2024-02-28 20:00:00,KNYC0
2024-02-28 21:00:00-05:00,12.7,87,1.5,,278,42.1,,1003.0,,8,9,2024-02-28 21:00:00,KNYC0
2024-02-28 22:00:00-05:00,9.0,54,0.3,,302,34.6,,1008.0,,8,8,2024-02-28 22:00:00,KNYC0
2024-02-28 23:00:00-05:00,7.0,64,0.0,,310,26.0,,1010.0,,1,3,2024-02-28 23:00:00,KNYC0
2024-02-29 00:00:00-05:00,4.0,50,0.0,,300,19.0,,1013.0,,0,2,2024-02-29 00:00:00,KNYC0
2024-02-29 01:00:00-05:00,2.0,45,0.0,,300,24.0,,1015.0,,0,1,2024-02-29 01:00:00,KNYC0
2024-02-29 02:00:00-05:00,1.0,45,0.0,,300,28.0,,1017.0,,1,1,2024-02-29 02:00:00,KNYC0
2024-02-29 03:00:00-05:00,0.0,45,0.0,,310,32.0,,1018.0,,0,1,2024-02-29 03:00:00,KNYC0
2024-02-29 04:00:00-05:00,0.0,45,0.0,,310,26.0,,1020.0,,0,1,2024-02-29 04:00:00,KNYC0
2024-02-29 05:00:00-05:00,0.0,45,0.0,,280,22.0,,1021.0,,0,1,2024-02-29 05:00:00,KNYC0
2024-02-29 06:00:00-05:00,-1.0,45,0.0,,294,19.4,,1023.0,,0,1,2024-02-29 06:00:00,KNYC0
2024-02-29 07:00:00-05:00,0.0,46,0.0,,270,11.0,,1025.0,,0,1,2024-02-29 07:00:00,KNYC0
2024-02-29 08:00:00-05:00,1.0,43,0.0,,310,17.0,,1025.0,,0,1,2024-02-29 08:00:00,KNYC0
2024-02-29 09:00:00-05:00,2.0,40,0.0,,290,13.0,,1026.0,,6,1,2024-02-29 09:00:00,KNYC0
2024-02-29 10:00:00-05:00,2.0,35,0.0,,280,19.0,,1026.0,,8,3,2024-02-29 10:00:00,KNYC0
2024-02-29 11:00:00-05:00,4.0,33,0.0,,280,19.0,,1026.0,,8,3,2024-02-29 11:00:00,KNYC0
2024-02-29 12:00:00-05:00,5.0,30,0.0,,290,20.0,,1025.0,,7,3,2024-02-29 12:00:00,KNYC0
2024-02-29 13:00:00-05:00,5.0,28,0.0,,300,19.0,,1025.0,,4,3,2024-02-29 13:00:00,KNYC0
2024-02-29 14:00:00-05:00,4.0,27,0.0,,285,11.0,,1025.0,,3,3,2024-02-29 14:00:00,KNYC0
2024-02-29 15:00:00-05:00,5.0,26,0.0,,290,15.0,,1026.0,,0,2,2024-02-29 15:00:00,KNYC0
2024-02-29 16:00:00-05:00,4.8,26,0.0,,283,22.3,,1024.8,,0,1,2024-02-29 16:00:00,KNYC0
2024-02-29 17:00:00-05:00,4.0,30,0.0,,300,11.0,,1027.0,,0,1,2024-02-29 17:00:00,KNYC0
2024-02-29 18:00:00-05:00,3.0,35,0.0,,280,13.0,,1028.0,,0,1,2024-02-29 18:00:00,KNYC0
2024-02-29 19:00:00-05:00,3.0,37,0.0,,290,7.0,,1029.0,,0,1,2024-02-29 19:00:00,KNYC0
2024-02-29 20:00:00-05:00,-1.0,52,0.0,,318,13.7,,1029.5,,0,1,2024-02-29 20:00:00,KNYC0
2024-02-29 21:00:00-05:00,-1.7,52,0.0,,322,10.4,,1030.4,,0,1,2024-02-29 21:00:00,KNYC0
2024-02-29 22:00:00-05:00,2.0,36,0.0,,300,13.0,,1032.0,,0,1,2024-02-29 22:00:00,KNYC0
2024-02-29 23:00:00-05:00,1.0,38,0.0,,318,7.0,,1032.0,,0,1,2024-02-29 23:00:00,KNYC0
2024-03-01 00:00:00-05:00,0.0,43,0.0,,315,9.7,,1033.0,,0,1,2024-03-01 00:00:00,KNYC0
2024-03-01 01:00:00-05:00,-1.0,43,0.0,,303,6.0,,1033.0,,0,1,2024-03-01 01:00:00,KNYC0
2024-03-01 02:00:00-05:00,-1.0,45,0.0,,280,6.0,,1033.0,,0,1,2024-03-01 02:00:00,KNYC0
2024-03-01 03:00:00-05:00,-1.0,44,0.0,,300,13.0,,1035.0,,0,1,2024-03-01 03:00:00,KNYC0
2024-03-01 04:00:00-05:00,-1.0,47,0.0,,267,9.0,,1035.0,,0,1,2024-03-01 04:00:00,KNYC0
2024-03-01 05:00:00-05:00,-1.0,49,0.0,,250,7.6,,1036.0,,0,1,2024-03-01 05:00:00,KNYC0
2024-03-01 06:00:00-05:00,-1.0,49,0.0,,242,6.8,,1037.0,,0,1,2024-03-01 06:00:00,KNYC0
2024-03-01 07:00:00-05:00,-3.7,69,0.0,,233,7.2,,1037.0,,0,1,2024-03-01 07:00:00,KNYC0
2024-03-01 08:00:00-05:00,1.0,40,0.0,,216,7.0,,1038.0,,0,1,2024-03-01 08:00:00,KNYC0
2024-03-01 09:00:00-05:00,3.0,37,0.0,,220,11.0,,1038.0,,0,1,2024-03-01 09:00:00,KNYC0
2024-03-01 10:00:00-05:00,4.0,34,0.0,,203,7.0,,1038.0,,0,1,2024-03-01 10:00:00,KNYC0
2024-03-01 11:00:00-05:00,7.0,30,0.0,,191,7.0,,1038.0,,0,1,2024-03-01 11:00:00,KNYC0
2024-03-01 12:00:00-05:00,8.0,29,0.0,,182,16.2,,1037.0,,0,1,2024-03-01 12:00:00,KNYC0
2024-03-01 13:00:00-05:00,8.0,34,0.0,,130,13.0,,1036.0,,0,1,2024-03-01 13:00:00,KNYC0
2024-03-01 14:00:00-05:00,7.0,40,0.0,,168,21.2,,1037.0,,0,1,2024-03-01 14:00:00,KNYC0
2024-03-01 15:00:00-05:00,6.0,44,0.0,,160,13.0,,1036.0,,2,1,2024-03-01 15:00:00,KNYC0
2024-03-01 16:00:00-05:00,5.0,48,0.0,,162,6.0,,1036.0,,8,2,2024-03-01 16:00:00,KNYC0
2024-03-01 17:00:00-05:00,5.0,55,0.0,,160,7.0,,1036.0,,8,3,2024-03-01 17:00:00,KNYC0
2024-03-01 18:00:00-05:00,5.0,60,0.0,,190,15.0,,1036.0,,8,3,2024-03-01 18:00:00,KNYC0
2024-03-01 19:00:00-05:00,5.0,60,0.0,,174,9.0,,1035.0,,8,3,2024-03-01 19:00:00,KNYC0
2024-03-01 20:00:00-05:00,5.0,65,0.0,,183,13.7,,1036.0,,8,3,2024-03-01 20:00:00,KNYC0
2024-03-01 21:00:00-05:00,5.0,70,0.0,,191,7.0,,1035.0,,8,3,2024-03-01 21:00:00,KNYC0
2024-03-01 22:00:00-05:00,5.0,73,0.0,,176,6.0,,1035.0,,8,3,2024-03-01 22:00:00,KNYC0
2024-03-01 23:00:00-05:00,6.0,70,0.0,,198,9.7,,1035.0,,8,3,2024-03-01 23:00:00,KNYC0
2024-03-02 00:00:00-05:00,6.0,70,0.0,,194,6.0,,1034.0,,8,3,2024-03-02 00:00:00,KNYC0
2024-03-02 01:00:00-05:00,6.0,73,0.0,,240,5.8,,1034.0,,8,3,2024-03-02 01:00:00,KNYC0
2024-03-02 02:00:00-05:00,6.0,76,0.0,,168,6.8,,1034.0,,8,3,2024-03-02 02:00:00,KNYC0
2024-03-02 03:00:00-05:00,6.0,76,0.0,,119,5.8,,1033.0,,8,3,2024-03-02 03:00:00,KNYC0
2024-03-02 04:00:00-05:00,7.0,79,0.0,,86,7.0,,1032.0,,8,3,2024-03-02 04:00:00,KNYC0
2024-03-02 05:00:00-05:00,7.0,79,0.0,,76,6.0,,1032.0,,8,3,2024-03-02 05:00:00,KNYC0
2024-03-02 06:00:00-05:00,7.0,82,0.1,,63,9.0,,1032.0,,8,7,2024-03-02 06:00:00,KNYC0
2024-03-02 07:00:00-05:00,6.0,93,0.1,,61,9.0,,1031.0,,8,7,2024-03-02 07:00:00,KNYC0
2024-03-02 08:00:00-05:00,6.0,93,0.2,,70,6.0,,1031.0,,8,7,2024-03-02 08:00:00,KNYC0
2024-03-02 09:00:00-05:00,7.0,93,0.4,,84,6.0,,1030.0,,8,8,2024-03-02 09:00:00,KNYC0
2024-03-02 10:00:00-05:00,7.0,93,0.7,,60,9.0,,1029.0,,8,8,2024-03-02 10:00:00,KNYC0
2024-03-02 11:00:00-05:00,8.0,93,0.6,,60,6.0,,1027.0,,8,8,2024-03-02 11:00:00,KNYC0
2024-03-02 12:00:00-05:00,8.0,93,1.3,,60,7.0,,1027.0,,8,9,2024-03-02 12:00:00,KNYC0
2024-03-02 13:00:00-05:00,8.0,97,2.6,,60,7.0,,1025.0,,8,9,2024-03-02 13:00:00,KNYC0
2024-03-02 14:00:00-05:00,9.0,93,2.3,,50,13.0,,1023.0,,8,9,2024-03-02 14:00:00,KNYC0
2024-03-02 15:00:00-05:00,10.0,93,1.7,,70,9.0,,1022.0,,8,9,2024-03-02 15:00:00,KNYC0
2024-03-02 16:00:00-05:00,11.0,97,1.2,,100,13.0,,1021.0,,8,9,2024-03-02 16:00:00,KNYC0
2024-03-02 17:00:00-05:00,13.0,93,2.3,,71,11.0,,1019.0,,8,9,2024-03-02 17:00:00,KNYC0
2024-03-02 18:00:00-05:00,12.0,93,1.9,,69,19.8,,1018.0,,8,9,2024-03-02 18:00:00,KNYC0
2024-03-02 19:00:00-05:00,11.0,93,3.7,,106,6.0,,1018.0,,8,9,2024-03-02 19:00:00,KNYC0
2024-03-02 20:00:00-05:00,11.0,44,0.8,,96,15.1,,1018.0,,8,5,2024-03-02 20:00:00,KNYC0
2024-03-02 21:00:00-05:00,11.0,47,0.6,,300,6.0,,1018.0,,8,5,2024-03-02 21:00:00,KNYC0
2024-03-02 22:00:00-05:00,11.0,48,0.0,,280,6.0,,1018.0,,8,5,2024-03-02 22:00:00,KNYC0
2024-03-02 23:00:00-05:00,11.0,48,0.0,,14,7.2,,1018.0,,8,5,2024-03-02 23:00:00,KNYC0
2024-03-03 00:00:00-05:00,11.0,48,0.0,,318,7.0,,1018.0,,8,5,2024-03-03 00:00:00,KNYC0
2024-03-03 01:00:00-05:00,9.0,50,0.0,,290,7.0,,1019.0,,5,3,2024-03-03 01:00:00,KNYC0
2024-03-03 02:00:00-05:00,9.0,51,0.0,,300,13.0,,1019.0,,2,3,2024-03-03 02:00:00,KNYC0
2024-03-03 03:00:00-05:00,9.0,51,0.0,,290,13.0,,1019.0,,4,2,2024-03-03 03:00:00,KNYC0
2024-03-03 04:00:00-05:00,9.0,50,0.0,,290,7.0,,1020.0,,8,3,2024-03-03 04:00:00,KNYC0
2024-03-03 05:00:00-05:00,9.0,44,0.0,,300,9.0,,1021.0,,1,3,2024-03-03 05:00:00,KNYC0
2024-03-03 06:00:00-05:00,10.0,44,0.0,,320,7.0,,1022.0,,1,2,2024-03-03 06:00:00,KNYC0
2024-03-03 07:00:00-05:00,10.0,46,0.0,,321,7.0,,1022.0,,1,2,2024-03-03 07:00:00,KNYC0
2024-03-03 08:00:00-05:00,11.0,44,0.0,,310,9.0,,1023.0,,0,5,2024-03-03 08:00:00,KNYC0
2024-03-03 09:00:00-05:00,13.0,69,0.0,,333,7.0,,1023.0,,0,1,2024-03-03 09:00:00,KNYC0
2024-03-03 10:00:00-05:00,15.0,60,0.0,,310,9.0,,1023.0,,0,1,2024-03-03 10:00:00,KNYC0
2024-03-03 11:00:00-05:00,17.0,54,0.0,,318,13.0,,1023.0,,0,1,2024-03-03 11:00:00,KNYC0
2024-03-03 12:00:00-05:00,18.0,48,0.0,,309,7.0,,1022.0,,0,1,2024-03-03 12:00:00,KNYC0
2024-03-03 13:00:00-05:00,19.0,45,0.0,,310,7.0,,1022.0,,0,1,2024-03-03 13:00:00,KNYC0
2024-03-03 14:00:00-05:00,19.0,47,0.0,,315,6.0,,1022.0,,0,1,2024-03-03 14:00:00,KNYC0
2024-03-03 15:00:00-05:00,19.0,47,0.0,,308,11.5,,1022.0,,0,1,2024-03-03 15:00:00,KNYC0
2024-03-03 16:00:00-05:00,19.0,47,0.0,,294,11.9,,1022.0,,2,1,2024-03-03 16:00:00,KNYC0
2024-03-03 17:00:00-05:00,18.0,50,0.0,,324,6.5,,1023.0,,2,2,2024-03-03 17:00:00,KNYC0
2024-03-03 18:00:00-05:00,17.0,52,0.0,,286,9.0,,1023.0,,1,2,2024-03-03 18:00:00,KNYC0
2024-03-03 19:00:00-05:00,17.0,56,0.0,,340,6.0,,1024.0,,1,2,2024-03-03 19:00:00,KNYC0
2024-03-03 20:00:00-05:00,9.9,86,0.0,,330,9.4,,1023.7,,2,1,2024-03-03 20:00:00,KNYC0
2024-03-03 21:00:00-05:00,9.6,89,0.0,,18,10.4,,1024.4,,1,2,2024-03-03 21:00:00,KNYC0
2024-03-03 22:00:00-05:00,13.0,66,0.0,,40,7.0,,1026.0,,1,2,2024-03-03 22:00:00,KNYC0
2024-03-03 23:00:00-05:00,12.0,66,0.0,,15,7.0,,1026.0,,3,1,2024-03-03 23:00:00,KNYC0
2024-03-04 00:00:00-05:00,11.0,71,0.0,,30,9.0,,1026.0,,1,2,2024-03-04 00:00:00,KNYC0
2024-03-04 01:00:00-05:00,11.0,71,0.0,,18,9.7,,1026.0,,0,2,2024-03-04 01:00:00,KNYC0
2024-03-04 02:00:00-05:00,11.0,71,0.0,,20,7.0,,1026.0,,0,1,2024-03-04 02:00:00,KNYC0
2024-03-04 03:00:00-05:00,11.0,71,0.0,,50,7.0,,1027.0,,1,1,2024-03-04 03:00:00,KNYC0
2024-03-04 04:00:00-05:00,10.0,74,0.0,,80,7.0,,1027.0,,1,1,2024-03-04 04:00:00,KNYC0
2024-03-04 05:00:00-05:00,10.0,74,0.0,,60,13.0,,1028.0,,1,2,2024-03-04 05:00:00,KNYC0
2024-03-04 06:00:00-05:00,10.0,77,0.0,,50,6.0,,1028.0,,1,1,2024-03-04 06:00:00,KNYC0
2024-03-04 07:00:00-05:00,11.0,71,0.0,,60,9.0,,1029.0,,0,1,2024-03-04 07:00:00,KNYC0
2024-03-04 08:00:00-05:00,11.0,71,0.0,,40,6.0,,1030.0,,0,1,2024-03-04 08:00:00,KNYC0
2024-03-04 09:00:00-05:00,12.0,69,0.0,,50,11.0,,1030.0,,2,1,2024-03-04 09:00:00,KNYC0
2024-03-04 10:00:00-05:00,13.0,66,0.0,,50,11.0,,1030.0,,7,2,2024-03-04 10:00:00,KNYC0
2024-03-04 11:00:00-05:00,14.0,60,0.0,,110,9.0,,1029.0,,8,3,2024-03-04 11:00:00,KNYC0
2024-03-04 12:00:00-05:00,16.5,65,0.0,,113,17.3,,1027.8,,8,3,2024-03-04 12:00:00,KNYC0
2024-03-04 13:00:00-05:00,15.0,59,0.0,,130,20.2,,1028.0,,8,3,2024-03-04 13:00:00,KNYC0
2024-03-04 14:00:00-05:00,14.0,60,0.0,,140,13.0,,1029.0,,8,3,2024-03-04 14:00:00,KNYC0
2024-03-04 15:00:00-05:00,14.0,59,0.0,,136,20.9,,1029.0,,7,3,2024-03-04 15:00:00,KNYC0
2024-03-04 16:00:00-05:00,12.0,66,0.0,,138,6.0,,1029.0,,7,3,2024-03-04 16:00:00,KNYC0
2024-03-04 17:00:00-05:00,11.0,71,0.0,,100,7.0,,1029.0,,5,3,2024-03-04 17:00:00,KNYC0
2024-03-04 18:00:00-05:00,10.0,74,0.0,,120,13.0,,1030.0,,3,3,2024-03-04 18:00:00,KNYC0
2024-03-04 19:00:00-05:00,8.0,80,0.0,,113,9.0,,1030.0,,8,2,2024-03-04 19:00:00,KNYC0
2024-03-04 20:00:00-05:00,8.0,80,0.0,,120,11.0,,1030.0,,8,3,2024-03-04 20:00:00,KNYC0
2024-03-04 21:00:00-05:00,8.0,83,0.0,,102,11.0,,1030.0,,8,3,2024-03-04 21:00:00,KNYC0
2024-03-04 22:00:00-05:00,8.0,83,0.0,,94,11.5,,1029.0,,8,3,2024-03-04 22:00:00,KNYC0
2024-03-04 23:00:00-05:00,8.0,83,0.0,,101,12.2,,1028.0,,8,3,2024-03-04 23:00:00,KNYC0
2024-03-05 00:00:00-05:00,7.0,82,0.0,,90,15.0,,1028.0,,8,3,2024-03-05 00:00:00,KNYC0
2024-03-05 01:00:00-05:00,7.0,80,0.0,,100,7.0,,1027.0,,8,3,2024-03-05 01:00:00,KNYC0
2024-03-05 02:00:00-05:00,7.0,82,0.0,,81,9.0,,1027.0,,8,3,2024-03-05 02:00:00,KNYC0
2024-03-05 03:00:00-05:00,7.0,85,0.0,,73,11.0,,1025.0,,8,3,2024-03-05 03:00:00,KNYC0
2024-03-05 04:00:00-05:00,7.0,85,0.2,,60,15.0,,1026.0,,8,7,2024-03-05 04:00:00,KNYC0
2024-03-05 05:00:00-05:00,6.0,93,0.2,,60,13.0,,1025.0,,8,7,2024-03-05 05:00:00,KNYC0
2024-03-05 06:00:00-05:00,6.0,93,0.6,,50,13.0,,1025.0,,8,8,2024-03-05 06:00:00,KNYC0
2024-03-05 07:00:00-05:00,6.0,89,1.2,,60,20.0,,1024.0,,8,9,2024-03-05 07:00:00,KNYC0
2024-03-05 08:00:00-05:00,6.0,86,1.9,,60,28.0,,1023.0,,8,9,2024-03-05 08:00:00,KNYC0
2024-03-05 09:00:00-05:00,6.0,89,1.0,,70,20.0,,1023.0,,8,9,2024-03-05 09:00:00,KNYC0
2024-03-05 10:00:00-05:00,6.0,89,0.4,,60,19.0,,1022.0,,8,8,2024-03-05 10:00:00,KNYC0
2024-03-05 11:00:00-05:00,6.0,93,0.4,,70,19.0,,1021.0,,8,8,2024-03-05 11:00:00,KNYC0
2024-03-05 12:00:00-05:00,7.0,89,0.2,,60,22.0,,1020.0,,8,7,2024-03-05 12:00:00,KNYC0
2024-03-05 13:00:00-05:00,7.0,89,0.4,,70,20.0,,1019.0,,8,8,2024-03-05 13:00:00,KNYC0
2024-03-05 14:00:00-05:00,7.0,90,1.8,,60,17.0,,1018.0,,8,5,2024-03-05 14:00:00,KNYC0
2024-03-05 15:00:00-05:00,7.0,89,2.7,,60,20.0,,1017.0,,8,9,2024-03-05 15:00:00,KNYC0
2024-03-05 16:00:00-05:00,7.0,90,2.2,,60,15.0,,1017.0,,8,9,2024-03-05 16:00:00,KNYC0
2024-03-05 17:00:00-05:00,7.0,93,0.2,,50,13.0,,1017.0,,8,5,2024-03-05 17:00:00,KNYC0
2024-03-05 18:00:00-05:00,8.0,89,0.0,,20,7.0,,1017.0,,8,5,2024-03-05 18:00:00,KNYC0
2024-03-05 19:00:00-05:00,7.7,99,0.0,,310,7.6,,1015.6,,8,5,2024-03-05 19:00:00,KNYC0
2024-03-05 20:00:00-05:00,7.5,98,0.0,,266,12.2,,1016.6,,8,5,2024-03-05 20:00:00,KNYC0
2024-03-05 21:00:00-05:00,7.5,97,0.0,,266,14.0,,1017.2,,8,5,2024-03-05 21:00:00,KNYC0
2024-03-05 22:00:00-05:00,7.4,96,0.0,,262,13.3,,1017.7,,6,3,2024-03-05 22:00:00,KNYC0
2024-03-05 23:00:00-05:00,6.7,97,0.0,,258,11.2,,1018.0,,6,3,2024-03-05 23:00:00,KNYC0
2024-03-06 00:00:00-05:00,5.7,98,0.0,,242,10.8,,1018.1,,8,3,2024-03-06 00:00:00,KNYC0
2024-03-06 01:00:00-05:00,4.9,98,0.0,,267,9.0,,1018.4,,8,3,2024-03-06 01:00:00,KNYC0
2024-03-06 02:00:00-05:00,9.0,86,0.0,,240,7.0,,1018.0,,8,3,2024-03-06 02:00:00,KNYC0
2024-03-06 03:00:00-05:00,9.0,86,0.0,,239,6.8,,1018.0,,8,3,2024-03-06 03:00:00,KNYC0
2024-03-06 04:00:00-05:00,9.0,86,0.0,,181,8.6,,1018.0,,8,3,2024-03-06 04:00:00,KNYC0
2024-03-06 05:00:00-05:00,9.0,86,0.0,,193,7.9,,1018.0,,8,3,2024-03-06 05:00:00,KNYC0
2024-03-06 06:00:00-05:00,9.0,83,0.0,,212,7.9,,1019.0,,8,5,2024-03-06 06:00:00,KNYC0
2024-03-06 07:00:00-05:00,10.0,86,0.0,,176,4.7,,1019.0,,8,3,2024-03-06 07:00:00,KNYC0
2024-03-06 08:00:00-05:00,11.0,77,0.0,,5,1.8,,1018.0,,8,5,2024-03-06 08:00:00,KNYC0
2024-03-06 09:00:00-05:00,12.0,77,0.0,,130,9.0,,1019.0,,8,5,2024-03-06 09:00:00,KNYC0
2024-03-06 10:00:00-05:00,11.0,83,0.0,,169,7.0,,1019.0,,8,5,2024-03-06 10:00:00,KNYC0
2024-03-06 11:00:00-05:00,10.0,86,0.0,,120,6.0,,1019.0,,8,5,2024-03-06 11:00:00,KNYC0
2024-03-06 12:00:00-05:00,11.0,83,0.0,,138,6.1,,1018.0,,8,3,2024-03-06 12:00:00,KNYC0
2024-03-06 13:00:00-05:00,11.0,86,0.0,,131,6.8,,1017.0,,8,3,2024-03-06 13:00:00,KNYC0
2024-03-06 14:00:00-05:00,11.0,89,1.5,,50,11.0,,1017.0,,8,9,2024-03-06 14:00:00,KNYC0
2024-03-06 15:00:00-05:00,11.0,89,1.6,,60,9.0,,1016.0,,8,9,2024-03-06 15:00:00,KNYC0
2024-03-06 16:00:00-05:00,9.0,89,2.1,,71,7.0,,1014.0,,8,9,2024-03-06 16:00:00,KNYC0
2024-03-06 17:00:00-05:00,9.0,89,3.0,,60,20.0,,1014.0,,8,9,2024-03-06 17:00:00,KNYC0
2024-03-06 18:00:00-05:00,8.2,97,5.2,,37,18.0,,1012.0,,8,9,2024-03-06 18:00:00,KNYC0
2024-03-06 19:00:00-05:00,7.5,97,8.6,,39,24.5,,1010.5,,8,9,2024-03-06 19:00:00,KNYC0
2024-03-06 20:00:00-05:00,7.6,97,6.1,,47,15.1,,1010.9,,8,9,2024-03-06 20:00:00,KNYC0
2024-03-06 21:00:00-05:00,7.5,97,1.9,,37,17.3,,1009.8,,8,9,2024-03-06 21:00:00,KNYC0
2024-03-06 22:00:00-05:00,7.8,97,1.5,,28,16.9,,1009.1,,8,9,2024-03-06 22:00:00,KNYC0
2024-03-06 23:00:00-05:00,8.2,98,1.6,,29,19.1,,1008.0,,8,9,2024-03-06 23:00:00,KNYC0
2024-03-07 00:00:00-05:00,8.5,98,2.9,,46,17.6,,1006.6,,8,9,2024-03-07 00:00:00,KNYC0
2024-03-07 01:00:00-05:00,8.7,98,1.0,,26,15.5,,1006.3,,8,9,2024-03-07 01:00:00,KNYC0
2024-03-07 02:00:00-05:00,9.0,98,0.1,,16,17.3,,1005.4,,8,7,2024-03-07 02:00:00,KNYC0
2024-03-07 03:00:00-05:00,9.3,97,0.8,,9,18.0,,1004.8,,8,8,2024-03-07 03:00:00,KNYC0
2024-03-07 04:00:00-05:00,8.6,95,0.4,,8,23.4,,1005.6,,8,8,2024-03-07 04:00:00,KNYC0
2024-03-07 05:00:00-05:00,10.0,83,1.0,,10,19.0,,1008.0,,8,9,2024-03-07 05:00:00,KNYC0
2024-03-07 06:00:00-05:00,9.0,83,0.5,,10,13.0,,1009.0,,8,8,2024-03-07 06:00:00,KNYC0
2024-03-07 07:00:00-05:00,9.0,83,0.1,,360,15.0,,1010.0,,8,7,2024-03-07 07:00:00,KNYC0
2024-03-07 08:00:00-05:00,10.0,80,0.0,,10,13.0,,1010.0,,8,3,2024-03-07 08:00:00,KNYC0
2024-03-07 09:00:00-05:00,11.0,74,0.0,,30,15.0,,1011.0,,8,3,2024-03-07 09:00:00,KNYC0
2024-03-07 10:00:00-05:00,12.0,69,0.0,,1,9.0,,1012.0,,8,3,2024-03-07 10:00:00,KNYC0
2024-03-07 11:00:00-05:00,12.0,66,0.0,,30,13.0,,1013.0,,8,3,2024-03-07 11:00:00,KNYC0
2024-03-07 12:00:00-05:00,12.0,66,0.0,,14,27.4,,1014.0,,8,3,2024-03-07 12:00:00,KNYC0
2024-03-07 13:00:00-05:00,12.0,64,0.0,,10,22.0,,1014.0,,8,3,2024-03-07 13:00:00,KNYC0
2024-03-07 14:00:00-05:00,12.0,64,0.0,,360,20.0,,1015.0,,8,3,2024-03-07 14:00:00,KNYC0
2024-03-07 15:00:00-05:00,12.0,61,0.0,,10,19.0,,1015.0,,8,3,2024-03-07 15:00:00,KNYC0
2024-03-07 16:00:00-05:00,11.0,63,0.0,,330,13.0,,1016.0,,8,3,2024-03-07 16:00:00,KNYC0
2024-03-07 17:00:00-05:00,11.9,61,0.0,,6,23.4,,1015.1,,8,3,2024-03-07 17:00:00,KNYC0
2024-03-07 18:00:00-05:00,10.8,64,0.0,,4,20.9,,1016.5,,8,3,2024-03-07 18:00:00,KNYC0
2024-03-07 19:00:00-05:00,9.8,66,0.0,,0,19.1,,1017.5,,8,3,2024-03-07 19:00:00,KNYC0
2024-03-07 20:00:00-05:00,8.6,68,0.0,,359,18.7,,1018.7,,7,3,2024-03-07 20:00:00,KNYC0
2024-03-07 21:00:00-05:00,7.4,72,0.0,,2,19.8,,1019.7,,0,3,2024-03-07 21:00:00,KNYC0
2024-03-07 22:00:00-05:00,6.2,76,0.0,,6,20.2,,1020.4,,0,1,2024-03-07 22:00:00,KNYC0
2024-03-07 23:00:00-05:00,5.5,79,0.0,,2,18.7,,1021.0,,0,1,2024-03-07 23:00:00,KNYC0
2024-03-08 00:00:00-05:00,5.0,79,0.0,,5,18.4,,1021.5,,0,1,2024-03-08 00:00:00,KNYC0
2024-03-08 01:00:00-05:00,4.4,78,0.0,,8,17.6,,1021.9,,0,1,2024-03-08 01:00:00,KNYC0
2024-03-08 02:00:00-05:00,3.6,78,0.0,,3,15.5,,1022.4,,0,1,2024-03-08 02:00:00,KNYC0
2024-03-08 03:00:00-05:00,2.6,77,0.0,,7,15.1,,1022.4,,0,1,2024-03-08 03:00:00,KNYC0
2024-03-08 04:00:00-05:00,1.8,80,0.0,,359,12.6,,1023.3,,0,1,2024-03-08 04:00:00,KNYC0
2024-03-08 05:00:00-05:00,1.2,84,0.0,,334,11.2,,1024.8,,0,1,2024-03-08 05:00:00,KNYC0
2024-03-08 06:00:00-05:00,0.8,85,0.0,,342,13.3,,1025.8,,0,1,2024-03-08 06:00:00,KNYC0
2024-03-08 07:00:00-05:00,1.2,83,0.0,,1,15.1,,1026.1,,8,1,2024-03-08 07:00:00,KNYC0
2024-03-08 08:00:00-05:00,3.2,75,0.0,,10,14.8,,1026.7,,7,3,2024-03-08 08:00:00,KNYC0
2024-03-08 09:00:00-05:00,5.9,61,0.0,,25,16.9,,1026.5,,8,3,2024-03-08 09:00:00,KNYC0
2024-03-08 10:00:00-05:00,7.7,53,0.0,,40,16.6,,1026.5,,8,3,2024-03-08 10:00:00,KNYC0
2024-03-08 11:00:00-05:00,11.0,36,0.0,,54,13.7,,1027.0,,8,3,2024-03-08 11:00:00,KNYC0
2024-03-08 12:00:00-05:00,12.0,26,0.0,,80,9.0,,1026.0,,8,3,2024-03-08 12:00:00,KNYC0
2024-03-08 13:00:00-05:00,13.0,21,0.0,,95,6.0,,1026.0,,7,3,2024-03-08 13:00:00,KNYC0
2024-03-08 14:00:00-05:00,13.0,21,0.0,,106,10.1,,1026.0,,0,3,2024-03-08 14:00:00,KNYC0
2024-03-08 15:00:00-05:00,13.0,28,0.0,,110,6.0,,1025.0,,5,1,2024-03-08 15:00:00,KNYC0
2024-03-08 16:00:00-05:00,10.5,49,0.0,,175,15.8,,1025.3,,3,3,2024-03-08 16:00:00,KNYC0
2024-03-08 17:00:00-05:00,10.0,41,0.0,,172,6.0,,1026.0,,3,2,2024-03-08 17:00:00,KNYC0
2024-03-08 18:00:00-05:00,6.5,67,0.0,,159,12.2,,1025.1,,8,2,2024-03-08 18:00:00,KNYC0
2024-03-08 19:00:00-05:00,7.0,58,0.0,,150,17.0,,1026.0,,8,3,2024-03-08 19:00:00,KNYC0
2024-03-08 20:00:00-05:00,4.4,75,0.0,,169,12.6,,1026.5,,8,3,2024-03-08 20:00:00,KNYC0
2024-03-08 21:00:00-05:00,3.9,82,0.0,,159,11.5,,1026.8,,8,3,2024-03-08 21:00:00,KNYC0
2024-03-08 22:00:00-05:00,3.8,86,0.0,,138,12.2,,1027.1,,8,3,2024-03-08 22:00:00,KNYC0
2024-03-08 23:00:00-05:00,4.0,82,0.0,,123,11.9,,1027.0,,8,3,2024-03-08 23:00:00,KNYC0
2024-03-09 00:00:00-05:00,6.0,68,0.0,,116,7.0,,1027.0,,8,3,2024-03-09 00:00:00,KNYC0
2024-03-09 01:00:00-05:00,3.6,84,0.0,,107,11.9,,1026.0,,8,3,2024-03-09 01:00:00,KNYC0
2024-03-09 02:00:00-05:00,3.6,86,0.0,,112,12.6,,1025.8,,8,3,2024-03-09 02:00:00,KNYC0
2024-03-09 03:00:00-05:00,3.4,87,0.0,,115,12.2,,1024.9,,8,3,2024-03-09 03:00:00,KNYC0
2024-03-09 04:00:00-05:00,3.7,86,0.0,,126,13.3,,1024.7,,8,3,2024-03-09 04:00:00,KNYC0
2024-03-09 05:00:00-05:00,3.7,84,0.0,,130,15.8,,1024.3,,8,3,2024-03-09 05:00:00,KNYC0
2024-03-09 06:00:00-05:00,3.8,81,0.0,,133,16.9,,1024.0,,8,3,2024-03-09 06:00:00,KNYC0
2024-03-09 07:00:00-05:00,6.0,70,0.0,,130,13.0,,1024.0,,8,3,2024-03-09 07:00:00,KNYC0
2024-03-09 08:00:00-05:00,6.0,68,0.0,,144,19.8,,1023.0,,8,3,2024-03-09 08:00:00,KNYC0
2024-03-09 09:00:00-05:00,4.7,78,0.0,,138,21.2,,1022.7,,8,3,2024-03-09 09:00:00,KNYC0
2024-03-09 10:00:00-05:00,6.0,70,0.0,,128,6.0,,1021.0,,8,3,2024-03-09 10:00:00,KNYC0
2024-03-09 11:00:00-05:00,5.0,77,0.0,,121,24.1,,1020.6,,8,3,2024-03-09 11:00:00,KNYC0
2024-03-09 12:00:00-05:00,5.2,76,0.0,,124,23.8,,1019.8,,8,3,2024-03-09 12:00:00,KNYC0
2024-03-09 13:00:00-05:00,5.2,79,0.0,,120,24.5,,1018.3,,8,3,2024-03-09 13:00:00,KNYC0
2024-03-09 14:00:00-05:00,5.2,82,0.2,,112,23.8,,1016.8,,8,7,2024-03-09 14:00:00,KNYC0
2024-03-09 15:00:00-05:00,7.0,81,0.5,,109,11.0,,1015.0,,8,8,2024-03-09 15:00:00,KNYC0
2024-03-09 16:00:00-05:00,7.0,85,0.8,,80,19.0,,1014.0,,8,8,2024-03-09 16:00:00,KNYC0
2024-03-09 17:00:00-05:00,5.4,92,1.1,,102,25.9,,1013.2,,8,9,2024-03-09 17:00:00,KNYC0
2024-03-09 18:00:00-05:00,5.7,92,1.4,,101,31.0,,1011.3,,8,9,2024-03-09 18:00:00,KNYC0
2024-03-09 19:00:00-05:00,6.1,92,1.1,,107,33.8,,1009.4,,8,9,2024-03-09 19:00:00,KNYC0
2024-03-09 20:00:00-05:00,6.3,92,0.5,,111,34.9,,1007.7,,8,8,2024-03-09 20:00:00,KNYC0
2024-03-09 21:00:00-05:00,6.7,93,2.9,,109,33.1,,1005.8,,8,9,2024-03-09 21:00:00,KNYC0
2024-03-09 22:00:00-05:00,7.0,94,3.7,,101,34.9,,1003.4,,8,9,2024-03-09 22:00:00,KNYC0
2024-03-09 23:00:00-05:00,7.6,95,4.8,,99,39.6,,999.5,,8,9,2024-03-09 23:00:00,KNYC0
2024-03-10 00:00:00-05:00,9.0,86,3.0,,110,35.3,,997.0,,8,5,2024-03-10 00:00:00,KNYC0
2024-03-10 01:00:00-05:00,9.0,86,2.3,,108,26.6,,996.0,,8,5,2024-03-10 01:00:00,KNYC0
2024-03-10 03:00:00-04:00,8.0,86,5.1,,300,13.0,,995.0,,8,5,2024-03-10 03:00:00,KNYC0
2024-03-10 04:00:00-04:00,8.6,99,0.0,,240,22.0,,991.3,,8,3,2024-03-10 04:00:00,KNYC0
2024-03-10 05:00:00-04:00,6.5,95,0.0,,280,18.7,,994.8,,4,3,2024-03-10 05:00:00,KNYC0
2024-03-10 06:00:00-04:00,5.6,93,0.0,,285,19.1,,995.4,,6,3,2024-03-10 06:00:00,KNYC0
2024-03-10 07:00:00-04:00,7.0,82,0.2,,278,11.0,,997.0,,8,17,2024-03-10 07:00:00,KNYC0
2024-03-10 08:00:00-04:00,6.1,88,0.1,,284,18.7,,996.1,,7,7,2024-03-10 08:00:00,KNYC0
2024-03-10 09:00:00-04:00,6.9,83,0.0,,284,23.0,,996.9,,8,3,2024-03-10 09:00:00,KNYC0
2024-03-10 10:00:00-04:00,9.0,58,0.0,,282,24.5,,998.0,,4,3,2024-03-10 10:00:00,KNYC0
2024-03-10 11:00:00-04:00,9.0,50,0.0,,290,28.1,,998.0,,6,3,2024-03-10 11:00:00,KNYC0
2024-03-10 12:00:00-04:00,10.0,48,0.0,,300,17.0,,998.0,,7,3,2024-03-10 12:00:00,KNYC0
2024-03-10 13:00:00-04:00,9.0,46,0.0,,287,9.0,,997.0,,7,3,2024-03-10 13:00:00,KNYC0
2024-03-10 14:00:00-04:00,8.0,63,0.0,,280,30.0,,997.0,,8,3,2024-03-10 14:00:00,KNYC0
2024-03-10 15:00:00-04:00,7.0,55,0.4,,260,24.0,,997.0,,6,8,2024-03-10 15:00:00,KNYC0
2024-03-10 16:00:00-04:00,6.0,55,0.6,,270,26.0,,997.0,,8,17,2024-03-10 16:00:00,KNYC0
2024-03-10 17:00:00-04:00,5.0,60,0.0,,273,9.0,,997.0,,8,3,2024-03-10 17:00:00,KNYC0
2024-03-10 18:00:00-04:00,5.0,57,0.0,,270,20.0,,997.0,,8,3,2024-03-10 18:00:00,KNYC0
2024-03-10 19:00:00-04:00,5.7,46,0.0,,277,25.2,,995.6,,8,3,2024-03-10 19:00:00,KNYC0
2024-03-10 20:00:00-04:00,4.4,53,0.8,,291,31.7,,997.2,,8,8,2024-03-10 20:00:00,KNYC0
2024-03-10 21:00:00-04:00,3.5,59,0.0,,293,25.2,,998.0,,7,3,2024-03-10 21:00:00,KNYC0
2024-03-10 22:00:00-04:00,3.4,56,0.0,,289,25.2,,998.7,,1,3,2024-03-10 22:00:00,KNYC0
2024-03-10 23:00:00-04:00,2.3,54,0.0,,282,25.6,,999.4,,4,2,2024-03-10 23:00:00,KNYC0
2024-03-11 00:00:00-04:00,1.7,51,0.0,,281,25.9,,999.7,,6,3,2024-03-11 00:00:00,KNYC0
2024-03-11 01:00:00-04:00,1.2,51,0.0,,282,26.3,,999.7,,8,3,2024-03-11 01:00:00,KNYC0
2024-03-11 02:00:00-04:00,1.5,51,0.0,,292,27.7,,999.8,,8,3,2024-03-11 02:00:00,KNYC0
2024-03-11 03:00:00-04:00,1.7,51,0.0,,292,29.2,,999.6,,8,3,2024-03-11 03:00:00,KNYC0
2024-03-11 04:00:00-04:00,1.5,53,0.0,,294,29.9,,999.8,,8,3,2024-03-11 04:00:00,KNYC0
2024-03-11 05:00:00-04:00,1.5,51,0.0,,300,31.7,,1000.0,,5,3,2024-03-11 05:00:00,KNYC0
2024-03-11 06:00:00-04:00,1.0,52,0.0,,304,29.5,,1001.1,,4,3,2024-03-11 06:00:00,KNYC0
2024-03-11 07:00:00-04:00,1.0,53,0.0,,301,27.7,,1002.1,,4,3,2024-03-11 07:00:00,KNYC0
2024-03-11 08:00:00-04:00,1.2,56,0.0,,295,28.4,,1003.1,,2,3,2024-03-11 08:00:00,KNYC0
2024-03-11 09:00:00-04:00,2.4,50,0.0,,307,40.3,,1003.9,,4,2,2024-03-11 09:00:00,KNYC0
2024-03-11 10:00:00-04:00,2.8,49,0.0,,302,40.0,,1004.6,,5,3,2024-03-11 10:00:00,KNYC0
2024-03-11 11:00:00-04:00,4.1,44,0.0,,303,40.3,,1005.1,,3,3,2024-03-11 11:00:00,KNYC0
2024-03-11 12:00:00-04:00,6.1,38,0.0,,303,40.3,,1005.3,,5,2,2024-03-11 12:00:00,KNYC0
2024-03-11 13:00:00-04:00,7.3,35,0.0,,299,40.3,,1005.0,,0,3,2024-03-11 13:00:00,KNYC0
2024-03-11 14:00:00-04:00,8.3,33,0.0,,296,37.8,,1004.7,,0,1,2024-03-11 14:00:00,KNYC0
2024-03-11 15:00:00-04:00,11.0,16,0.0,,300,28.0,,1006.0,,0,1,2024-03-11 15:00:00,KNYC0
2024-03-11 16:00:00-04:00,9.7,28,0.0,,302,37.1,,1005.3,,0,1,2024-03-11 16:00:00,KNYC0
2024-03-11 17:00:00-04:00,9.5,26,0.0,,298,34.9,,1006.0,,1,1,2024-03-11 17:00:00,KNYC0
2024-03-11 18:00:00-04:00,8.7,29,0.0,,296,28.8,,1007.0,,0,1,2024-03-11 18:00:00,KNYC0
2024-03-11 19:00:00-04:00,7.2,30,0.0,,295,24.5,,1008.4,,0,1,2024-03-11 19:00:00,KNYC0
2024-03-11 20:00:00-04:00,6.2,31,0.0,,294,23.0,,1009.7,,0,1,2024-03-11 20:00:00,KNYC0
2024-03-11 21:00:00-04:00,5.4,36,0.0,,285,21.6,,1010.6,,0,1,2024-03-11 21:00:00,KNYC0
2024-03-11 22:00:00-04:00,4.9,40,0.0,,281,24.8,,1011.2,,0,1,2024-03-11 22:00:00,KNYC0
2024-03-11 23:00:00-04:00,4.6,42,0.0,,278,25.6,,1011.4,,0,1,2024-03-11 23:00:00,KNYC0
2024-03-12 00:00:00-04:00,4.1,43,0.0,,272,24.5,,1011.4,,0,1,2024-03-12 00:00:00,KNYC0
2024-03-12 01:00:00-04:00,3.6,43,0.0,,269,22.7,,1011.6,,0,1,2024-03-12 01:00:00,KNYC0
2024-03-12 02:00:00-04:00,2.9,45,0.0,,266,20.5,,1011.7,,3,1,2024-03-12 02:00:00,KNYC0
2024-03-12 03:00:00-04:00,7.0,28,0.0,,266,6.0,,1011.0,,5,3,2024-03-12 03:00:00,KNYC0
2024-03-12 04:00:00-04:00,7.0,28,0.0,,257,7.0,,1011.0,,4,3,2024-03-12 04:00:00,KNYC0
2024-03-12 05:00:00-04:00,7.0,35,0.0,,230,9.0,,1011.0,,3,3,2024-03-12 05:00:00,KNYC0
2024-03-12 06:00:00-04:00,7.0,38,0.0,,240,9.0,,1011.0,,2,2,2024-03-12 06:00:00,KNYC0
2024-03-12 07:00:00-04:00,7.0,38,0.0,,250,15.0,,1011.0,,4,2,2024-03-12 07:00:00,KNYC0
2024-03-12 08:00:00-04:00,8.0,37,0.0,,252,21.6,,1011.0,,2,3,2024-03-12 08:00:00,KNYC0
2024-03-12 09:00:00-04:00,10.0,34,0.0,,259,6.0,,1011.0,,1,2,2024-03-12 09:00:00,KNYC0
2024-03-12 10:00:00-04:00,12.0,33,0.0,,280,13.0,,1011.0,,5,2,2024-03-12 10:00:00,KNYC0
2024-03-12 11:00:00-04:00,14.0,30,0.0,,282,11.0,,1011.0,,3,3,2024-03-12 11:00:00,KNYC0
2024-03-12 12:00:00-04:00,16.0,29,0.0,,285,9.0,,1011.0,,2,2,2024-03-12 12:00:00,KNYC0
2024-03-12 13:00:00-04:00,14.5,45,0.0,,279,20.5,,1010.1,,1,2,2024-03-12 13:00:00,KNYC0
2024-03-12 14:00:00-04:00,19.0,23,0.0,,280,15.0,,1009.0,,0,1,2024-03-12 14:00:00,KNYC0
2024-03-12 15:00:00-04:00,19.0,24,0.0,,280,13.0,,1009.0,,2,1,2024-03-12 15:00:00,KNYC0
2024-03-12 16:00:00-04:00,19.0,21,0.0,,280,20.0,,1009.0,,3,2,2024-03-12 16:00:00,KNYC0
2024-03-12 17:00:00-04:00,19.0,22,0.0,,286,20.5,,1009.0,,3,2,2024-03-12 17:00:00,KNYC0
2024-03-12 18:00:00-04:00,17.0,25,0.0,,286,9.0,,1009.0,,3,2,2024-03-12 18:00:00,KNYC0
2024-03-12 19:00:00-04:00,11.9,62,0.0,,280,11.5,,1008.7,,7,3,2024-03-12 19:00:00,KNYC0
2024-03-12 20:00:00-04:00,10.3,71,0.0,,273,12.2,,1009.5,,8,3,2024-03-12 20:00:00,KNYC0
2024-03-12 21:00:00-04:00,16.0,28,0.0,,300,7.0,,1011.0,,8,3,2024-03-12 21:00:00,KNYC0
2024-03-12 22:00:00-04:00,8.1,78,0.0,,301,10.8,,1010.7,,7,3,2024-03-12 22:00:00,KNYC0
2024-03-12 23:00:00-04:00,5.9,87,0.0,,313,10.4,,1011.2,,4,3,2024-03-12 23:00:00,KNYC0
2024-03-13 00:00:00-04:00,4.4,91,0.0,,344,9.0,,1011.7,,3,3,2024-03-13 00:00:00,KNYC0
2024-03-13 01:00:00-04:00,4.6,81,0.0,,9,9.7,,1011.9,,1,2,2024-03-13 01:00:00,KNYC0
2024-03-13 02:00:00-04:00,3.7,83,0.0,,7,9.0,,1012.3,,0,1,2024-03-13 02:00:00,KNYC0
2024-03-13 03:00:00-04:00,3.0,86,0.0,,8,6.5,,1012.3,,1,1,2024-03-13 03:00:00,KNYC0
2024-03-13 04:00:00-04:00,2.7,86,0.0,,328,4.0,,1012.5,,2,1,2024-03-13 04:00:00,KNYC0
2024-03-13 05:00:00-04:00,2.1,89,0.0,,322,3.6,,1012.8,,2,2,2024-03-13 05:00:00,KNYC0
2024-03-13 06:00:00-04:00,1.8,91,0.0,,338,2.9,,1013.0,,2,2,2024-03-13 06:00:00,KNYC0
2024-03-13 07:00:00-04:00,1.3,93,0.0,,337,2.2,,1013.1,,4,2,2024-03-13 07:00:00,KNYC0
2024-03-13 08:00:00-04:00,12.0,45,0.0,,35,3.6,,1014.0,,5,3,2024-03-13 08:00:00,KNYC0
2024-03-13 09:00:00-04:00,13.0,33,0.0,,125,6.0,,1015.0,,7,3,2024-03-13 09:00:00,KNYC0
2024-03-13 10:00:00-04:00,14.0,37,0.0,,148,6.8,,1015.0,,8,3,2024-03-13 10:00:00,KNYC0
2024-03-13 11:00:00-04:00,16.0,27,0.0,,156,10.8,,1015.0,,7,3,2024-03-13 11:00:00,KNYC0
2024-03-13 12:00:00-04:00,16.0,29,0.0,,170,17.0,,1015.0,,6,3,2024-03-13 12:00:00,KNYC0
2024-03-13 13:00:00-04:00,16.0,27,0.0,,156,11.0,,1014.0,,8,3,2024-03-13 13:00:00,KNYC0
2024-03-13 14:00:00-04:00,16.0,27,0.0,,130,11.0,,1013.0,,6,3,2024-03-13 14:00:00,KNYC0
2024-03-13 15:00:00-04:00,16.0,26,0.0,,151,18.4,,1013.0,,4,3,2024-03-13 15:00:00,KNYC0
2024-03-13 16:00:00-04:00,14.0,33,0.0,,130,13.0,,1013.0,,2,3,2024-03-13 16:00:00,KNYC0
2024-03-13 17:00:00-04:00,14.0,39,0.0,,110,7.0,,1013.0,,2,2,2024-03-13 17:00:00,KNYC0
2024-03-13 18:00:00-04:00,12.0,52,0.0,,160,13.0,,1014.0,,1,2,2024-03-13 18:00:00,KNYC0
2024-03-13 19:00:00-04:00,11.0,61,0.0,,130,11.0,,1014.0,,0,1,2024-03-13 19:00:00,KNYC0
2024-03-13 20:00:00-04:00,11.0,63,0.0,,156,6.0,,1014.0,,0,1,2024-03-13 20:00:00,KNYC0
2024-03-13 21:00:00-04:00,10.0,68,0.0,,129,6.0,,1015.0,,0,1,2024-03-13 21:00:00,KNYC0
2024-03-13 22:00:00-04:00,10.0,68,0.0,,49,5.4,,1015.0,,0,1,2024-03-13 22:00:00,KNYC0
2024-03-13 23:00:00-04:00,9.0,74,0.0,,30,6.0,,1015.0,,0,1,2024-03-13 23:00:00,KNYC0
2024-03-14 00:00:00-04:00,9.0,74,0.0,,30,6.0,,1015.0,,1,1,2024-03-14 00:00:00,KNYC0
2024-03-14 01:00:00-04:00,9.0,74,0.0,,40,7.0,,1015.0,,3,2,2024-03-14 01:00:00,KNYC0
2024-03-14 02:00:00-04:00,9.0,74,0.0,,20,6.0,,1015.0,,5,2,2024-03-14 02:00:00,KNYC0
2024-03-14 03:00:00-04:00,9.0,77,0.0,,80,6.0,,1015.0,,0,3,2024-03-14 03:00:00,KNYC0
2024-03-14 04:00:00-04:00,8.0,76,0.0,,50,7.0,,1015.0,,1,1,2024-03-14 04:00:00,KNYC0
2024-03-14 05:00:00-04:00,8.0,79,0.0,,40,6.0,,1016.0,,1,1,2024-03-14 05:00:00,KNYC0
2024-03-14 06:00:00-04:00,8.0,76,0.0,,20,7.0,,1017.0,,3,1,2024-03-14 06:00:00,KNYC0
2024-03-14 07:00:00-04:00,8.0,74,0.0,,311,10.8,,1017.0,,7,3,2024-03-14 07:00:00,KNYC0
2024-03-14 08:00:00-04:00,11.0,66,0.0,,313,10.1,,1018.0,,7,3,2024-03-14 08:00:00,KNYC0
2024-03-14 09:00:00-04:00,13.0,59,0.0,,332,7.9,,1018.0,,8,3,2024-03-14 09:00:00,KNYC0
2024-03-14 10:00:00-04:00,16.0,49,0.0,,333,6.8,,1019.0,,6,3,2024-03-14 10:00:00,KNYC0
2024-03-14 11:00:00-04:00,18.0,36,0.0,,330,7.6,,1019.0,,0,3,2024-03-14 11:00:00,KNYC0
2024-03-14 12:00:00-04:00,21.0,27,0.0,,280,7.0,,1018.0,,1,1,2024-03-14 12:00:00,KNYC0
2024-03-14 13:00:00-04:00,22.0,27,0.0,,301,7.2,,1017.0,,4,2,2024-03-14 13:00:00,KNYC0
2024-03-14 14:00:00-04:00,23.0,26,0.0,,282,7.0,,1017.0,,0,3,2024-03-14 14:00:00,KNYC0
2024-03-14 15:00:00-04:00,23.0,28,0.0,,278,6.0,,1016.0,,6,1,2024-03-14 15:00:00,KNYC0
2024-03-14 16:00:00-04:00,21.0,29,0.0,,150,9.0,,1016.0,,5,3,2024-03-14 16:00:00,KNYC0
2024-03-14 17:00:00-04:00,20.3,48,0.0,,162,14.8,,1015.8,,8,3,2024-03-14 17:00:00,KNYC0
2024-03-14 18:00:00-04:00,16.0,46,0.0,,169,9.0,,1016.0,,7,3,2024-03-14 18:00:00,KNYC0
2024-03-14 19:00:00-04:00,14.0,47,0.0,,146,7.0,,1016.0,,7,3,2024-03-14 19:00:00,KNYC0
2024-03-14 20:00:00-04:00,10.3,71,0.0,,152,13.3,,1015.6,,8,3,2024-03-14 20:00:00,KNYC0
2024-03-14 21:00:00-04:00,9.6,72,0.0,,150,14.0,,1015.1,,8,3,2024-03-14 21:00:00,KNYC0
2024-03-14 22:00:00-04:00,9.2,72,0.0,,158,14.8,,1014.6,,8,3,2024-03-14 22:00:00,KNYC0
2024-03-14 23:00:00-04:00,8.6,74,0.0,,150,10.8,,1014.1,,8,3,2024-03-14 23:00:00,KNYC0
2024-03-15 00:00:00-04:00,9.8,69,0.0,,146,14.4,,1012.7,,8,3,2024-03-15 00:00:00,KNYC0
2024-03-15 01:00:00-04:00,8.8,73,0.0,,169,14.0,,1012.0,,8,3,2024-03-15 01:00:00,KNYC0
2024-03-15 02:00:00-04:00,12.4,56,0.0,,197,15.8,,1010.2,,8,3,2024-03-15 02:00:00,KNYC0
2024-03-15 03:00:00-04:00,12.8,62,0.9,,228,21.6,,1009.2,,8,8,2024-03-15 03:00:00,KNYC0
2024-03-15 04:00:00-04:00,12.9,64,0.9,,232,21.6,,1007.9,,8,8,2024-03-15 04:00:00,KNYC0
2024-03-15 05:00:00-04:00,13.2,61,0.0,,240,23.0,,1007.4,,8,3,2024-03-15 05:00:00,KNYC0
2024-03-15 06:00:00-04:00,12.9,63,0.0,,253,18.0,,1007.3,,8,3,2024-03-15 06:00:00,KNYC0
2024-03-15 07:00:00-04:00,12.3,65,0.0,,251,15.5,,1007.2,,8,3,2024-03-15 07:00:00,KNYC0
2024-03-15 08:00:00-04:00,12.5,70,0.0,,259,13.3,,1006.9,,8,3,2024-03-15 08:00:00,KNYC0
2024-03-15 09:00:00-04:00,13.8,69,0.3,,246,15.5,,1007.1,,8,8,2024-03-15 09:00:00,KNYC0
2024-03-15 10:00:00-04:00,16.0,68,0.0,,239,17.6,,1006.6,,8,3,2024-03-15 10:00:00,KNYC0
2024-03-15 11:00:00-04:00,17.7,68,0.0,,240,17.6,,1006.5,,8,3,2024-03-15 11:00:00,KNYC0
2024-03-15 12:00:00-04:00,21.0,47,0.0,,300,20.0,,1006.0,,7,3,2024-03-15 12:00:00,KNYC0
2024-03-15 13:00:00-04:00,21.0,47,0.0,,280,17.0,,1005.0,,8,3,2024-03-15 13:00:00,KNYC0
2024-03-15 14:00:00-04:00,22.0,41,0.0,,280,22.0,,1005.0,,8,3,2024-03-15 14:00:00,KNYC0
2024-03-15 15:00:00-04:00,21.0,36,0.0,,290,17.0,,1005.0,,8,3,2024-03-15 15:00:00,KNYC0
2024-03-15 16:00:00-04:00,18.1,45,0.0,,309,23.4,,1005.5,,8,3,2024-03-15 16:00:00,KNYC0
2024-03-15 17:00:00-04:00,17.3,46,0.0,,311,22.0,,1005.8,,7,3,2024-03-15 17:00:00,KNYC0
2024-03-15 18:00:00-04:00,16.0,46,0.0,,300,15.0,,1008.0,,5,3,2024-03-15 18:00:00,KNYC0
2024-03-15 19:00:00-04:00,14.0,47,0.0,,297,14.0,,1009.0,,8,3,2024-03-15 19:00:00,KNYC0
2024-03-15 20:00:00-04:00,12.5,68,0.0,,1,15.5,,1007.3,,8,3,2024-03-15 20:00:00,KNYC0
2024-03-15 21:00:00-04:00,10.8,74,0.0,,12,14.4,,1008.0,,8,3,2024-03-15 21:00:00,KNYC0
2024-03-15 22:00:00-04:00,10.8,70,0.0,,6,13.3,,1008.4,,8,3,2024-03-15 22:00:00,KNYC0
2024-03-15 23:00:00-04:00,10.2,72,0.0,,353,11.5,,1008.8,,8,3,2024-03-15 23:00:00,KNYC0
2024-03-16 00:00:00-04:00,8.9,78,0.0,,356,11.9,,1009.5,,3,3,2024-03-16 00:00:00,KNYC0
2024-03-16 01:00:00-04:00,7.4,85,0.0,,4,7.6,,1009.9,,3,2,2024-03-16 01:00:00,KNYC0
2024-03-16 02:00:00-04:00,6.3,90,0.0,,14,7.2,,1010.0,,5,2,2024-03-16 02:00:00,KNYC0
2024-03-16 03:00:00-04:00,10.0,66,0.0,,339,8.6,,1011.0,,8,3,2024-03-16 03:00:00,KNYC0
2024-03-16 04:00:00-04:00,10.0,61,0.0,,346,6.0,,1011.0,,2,3,2024-03-16 04:00:00,KNYC0
2024-03-16 05:00:00-04:00,9.0,66,0.0,,331,6.0,,1011.0,,0,2,2024-03-16 05:00:00,KNYC0
2024-03-16 06:00:00-04:00,9.0,66,0.0,,325,7.0,,1012.0,,2,1,2024-03-16 06:00:00,KNYC0
2024-03-16 07:00:00-04:00,8.0,63,0.0,,330,10.4,,1012.0,,3,2,2024-03-16 07:00:00,KNYC0
2024-03-16 08:00:00-04:00,9.0,61,0.0,,310,13.0,,1012.0,,1,2,2024-03-16 08:00:00,KNYC0
2024-03-16 09:00:00-04:00,10.0,56,0.0,,322,8.6,,1013.0,,2,2,2024-03-16 09:00:00,KNYC0
2024-03-16 10:00:00-04:00,11.0,50,0.0,,321,6.0,,1012.0,,1,2,2024-03-16 10:00:00,KNYC0
2024-03-16 11:00:00-04:00,13.0,43,0.0,,285,7.0,,1012.0,,1,2,2024-03-16 11:00:00,KNYC0
2024-03-16 12:00:00-04:00,14.0,39,0.0,,265,11.9,,1011.0,,8,1,2024-03-16 12:00:00,KNYC0
2024-03-16 13:00:00-04:00,16.0,35,0.0,,247,7.0,,1010.0,,7,3,2024-03-16 13:00:00,KNYC0
2024-03-16 14:00:00-04:00,16.0,33,0.0,,280,13.0,,1009.0,,6,3,2024-03-16 14:00:00,KNYC0
2024-03-16 15:00:00-04:00,16.0,36,0.0,,213,9.0,,1009.0,,2,3,2024-03-16 15:00:00,KNYC0
2024-03-16 16:00:00-04:00,13.0,51,0.0,,150,13.0,,1008.0,,0,2,2024-03-16 16:00:00,KNYC0
2024-03-16 17:00:00-04:00,13.0,52,0.0,,150,15.0,,1008.0,,1,1,2024-03-16 17:00:00,KNYC0
2024-03-16 18:00:00-04:00,12.0,57,0.0,,150,9.0,,1008.0,,5,1,2024-03-16 18:00:00,KNYC0
2024-03-16 19:00:00-04:00,11.0,61,0.0,,202,14.8,,1008.0,,2,3,2024-03-16 19:00:00,KNYC0
2024-03-16 20:00:00-04:00,13.0,35,0.0,,176,6.0,,1008.0,,1,2,2024-03-16 20:00:00,KNYC0
2024-03-16 21:00:00-04:00,13.0,35,0.0,,182,13.3,,1008.0,,0,2,2024-03-16 21:00:00,KNYC0
2024-03-16 22:00:00-04:00,12.0,40,0.0,,180,13.0,,1007.0,,0,1,2024-03-16 22:00:00,KNYC0
2024-03-16 23:00:00-04:00,12.0,47,0.0,,180,9.0,,1006.0,,0,1,2024-03-16 23:00:00,KNYC0
2024-03-17 00:00:00-04:00,11.0,52,0.0,,170,11.0,,1006.0,,3,1,2024-03-17 00:00:00,KNYC0
2024-03-17 01:00:00-04:00,12.0,52,0.0,,208,7.0,,1005.0,,7,2,2024-03-17 01:00:00,KNYC0
2024-03-17 02:00:00-04:00,12.0,56,0.0,,209,6.0,,1004.0,,8,3,2024-03-17 02:00:00,KNYC0
2024-03-17 03:00:00-04:00,11.0,61,0.2,,202,9.0,,1003.0,,8,7,2024-03-17 03:00:00,KNYC0
2024-03-17 04:00:00-04:00,11.0,66,0.0,,204,9.0,,1002.0,,8,3,2024-03-17 04:00:00,KNYC0
2024-03-17 05:00:00-04:00,9.1,78,0.0,,214,20.2,,1001.2,,8,3,2024-03-17 05:00:00,KNYC0
2024-03-17 06:00:00-04:00,11.0,71,0.0,,220,7.0,,1002.0,,4,3,2024-03-17 06:00:00,KNYC0
2024-03-17 07:00:00-04:00,11.0,74,0.0,,231,9.0,,1004.0,,1,3,2024-03-17 07:00:00,KNYC0
2024-03-17 08:00:00-04:00,11.0,59,0.0,,245,19.8,,1003.0,,2,2,2024-03-17 08:00:00,KNYC0
2024-03-17 09:00:00-04:00,12.0,55,0.0,,220,6.0,,1003.0,,2,2,2024-03-17 09:00:00,KNYC0
2024-03-17 10:00:00-04:00,13.0,43,0.0,,248,18.0,,1003.0,,5,2,2024-03-17 10:00:00,KNYC0
2024-03-17 11:00:00-04:00,16.0,36,0.0,,290,17.0,,1002.0,,2,3,2024-03-17 11:00:00,KNYC0
2024-03-17 12:00:00-04:00,17.0,31,0.0,,300,19.0,,1002.0,,0,2,2024-03-17 12:00:00,KNYC0
2024-03-17 13:00:00-04:00,17.0,24,0.0,,270,20.0,,1001.0,,0,1,2024-03-17 13:00:00,KNYC0
2024-03-17 14:00:00-04:00,16.0,23,0.0,,269,30.2,,1001.0,,2,1,2024-03-17 14:00:00,KNYC0
2024-03-17 15:00:00-04:00,16.0,22,0.0,,280,15.0,,1001.0,,6,2,2024-03-17 15:00:00,KNYC0
2024-03-17 16:00:00-04:00,16.0,22,0.0,,260,13.0,,1001.0,,5,3,2024-03-17 16:00:00,KNYC0
2024-03-17 17:00:00-04:00,16.0,22,0.0,,290,17.0,,1002.0,,3,3,2024-03-17 17:00:00,KNYC0
2024-03-17 18:00:00-04:00,14.0,24,0.0,,310,20.0,,1002.0,,3,3,2024-03-17 18:00:00,KNYC0
2024-03-17 19:00:00-04:00,14.0,25,0.0,,287,7.0,,1003.0,,0,3,2024-03-17 19:00:00,KNYC0
2024-03-17 20:00:00-04:00,9.4,49,0.0,,285,13.3,,1002.9,,7,1,2024-03-17 20:00:00,KNYC0
2024-03-17 21:00:00-04:00,12.0,33,0.0,,310,7.0,,1005.0,,8,3,2024-03-17 21:00:00,KNYC0
2024-03-17 22:00:00-04:00,11.0,36,0.0,,360,9.0,,1005.0,,8,3,2024-03-17 22:00:00,KNYC0
2024-03-17 23:00:00-04:00,10.0,37,0.0,,300,13.0,,1006.0,,2,3,2024-03-17 23:00:00,KNYC0
2024-03-18 00:00:00-04:00,9.0,44,0.0,,286,9.4,,1007.0,,0,2,2024-03-18 00:00:00,KNYC0
2024-03-18 01:00:00-04:00,8.0,42,0.0,,309,7.0,,1007.0,,7,1,2024-03-18 01:00:00,KNYC0
2024-03-18 02:00:00-04:00,8.0,42,0.0,,300,17.0,,1007.0,,2,3,2024-03-18 02:00:00,KNYC0
2024-03-18 03:00:00-04:00,8.0,45,0.0,,301,14.0,,1006.0,,3,2,2024-03-18 03:00:00,KNYC0
2024-03-18 04:00:00-04:00,8.0,42,0.0,,294,9.0,,1007.0,,1,3,2024-03-18 04:00:00,KNYC0
2024-03-18 05:00:00-04:00,7.0,42,0.0,,300,11.0,,1007.0,,0,2,2024-03-18 05:00:00,KNYC0
2024-03-18 06:00:00-04:00,7.0,43,0.0,,290,11.0,,1008.0,,7,1,2024-03-18 06:00:00,KNYC0
2024-03-18 07:00:00-04:00,6.0,45,0.0,,310,6.0,,1008.0,,2,3,2024-03-18 07:00:00,KNYC0
2024-03-18 08:00:00-04:00,7.0,41,0.0,,300,11.0,,1008.0,,1,2,2024-03-18 08:00:00,KNYC0
2024-03-18 09:00:00-04:00,7.0,35,0.0,,308,9.0,,1008.0,,3,2,2024-03-18 09:00:00,KNYC0
2024-03-18 10:00:00-04:00,7.0,37,0.0,,305,9.0,,1008.0,,6,3,2024-03-18 10:00:00,KNYC0
2024-03-18 11:00:00-04:00,9.0,30,0.0,,280,13.0,,1007.0,,3,3,2024-03-18 11:00:00,KNYC0
2024-03-18 12:00:00-04:00,8.0,33,0.0,,270,15.0,,1006.0,,7,3,2024-03-18 12:00:00,KNYC0
2024-03-18 13:00:00-04:00,9.0,29,0.0,,294,11.0,,1006.0,,6,3,2024-03-18 13:00:00,KNYC0
2024-03-18 14:00:00-04:00,9.0,29,0.0,,310,11.0,,1005.0,,7,3,2024-03-18 14:00:00,KNYC0
2024-03-18 15:00:00-04:00,9.0,28,0.0,,310,24.0,,1005.0,,7,3,2024-03-18 15:00:00,KNYC0
2024-03-18 16:00:00-04:00,9.0,28,0.0,,290,20.2,,1005.0,,8,3,2024-03-18 16:00:00,KNYC0
2024-03-18 17:00:00-04:00,8.0,28,0.0,,293,20.9,,1005.0,,7,3,2024-03-18 17:00:00,KNYC0
2024-03-18 18:00:00-04:00,7.0,30,0.0,,310,20.0,,1006.0,,7,3,2024-03-18 18:00:00,KNYC0
2024-03-18 19:00:00-04:00,6.0,33,0.0,,300,15.0,,1007.0,,7,3,2024-03-18 19:00:00,KNYC0
2024-03-18 20:00:00-04:00,5.7,41,0.0,,301,17.6,,1005.9,,6,3,2024-03-18 20:00:00,KNYC0
2024-03-18 21:00:00-04:00,5.0,36,0.0,,310,15.0,,1008.0,,3,3,2024-03-18 21:00:00,KNYC0
2024-03-18 22:00:00-04:00,4.0,39,0.0,,280,19.0,,1008.0,,0,2,2024-03-18 22:00:00,KNYC0
2024-03-18 23:00:00-04:00,4.0,42,0.0,,300,13.0,,1008.0,,0,1,2024-03-18 23:00:00,KNYC0
2024-03-19 00:00:00-04:00,3.0,46,0.0,,290,13.0,,1008.0,,0,1,2024-03-19 00:00:00,KNYC0
2024-03-19 01:00:00-04:00,3.0,50,0.0,,288,9.0,,1008.0,,2,1,2024-03-19 01:00:00,KNYC0
2024-03-19 02:00:00-04:00,3.0,50,0.0,,288,11.0,,1008.0,,2,2,2024-03-19 02:00:00,KNYC0
2024-03-19 03:00:00-04:00,2.0,52,0.0,,286,11.0,,1008.0,,0,2,2024-03-19 03:00:00,KNYC0
2024-03-19 04:00:00-04:00,2.0,54,0.0,,280,17.0,,1007.0,,0,1,2024-03-19 04:00:00,KNYC0
2024-03-19 05:00:00-04:00,2.0,54,0.0,,270,15.0,,1008.0,,0,1,2024-03-19 05:00:00,KNYC0
2024-03-19 06:00:00-04:00,2.0,50,0.0,,310,19.0,,1008.0,,0,1,2024-03-19 06:00:00,KNYC0
2024-03-19 07:00:00-04:00,2.0,46,0.0,,310,19.0,,1009.0,,0,1,2024-03-19 07:00:00,KNYC0
2024-03-19 08:00:00-04:00,2.0,42,0.0,,280,13.0,,1010.0,,4,1,2024-03-19 08:00:00,KNYC0
2024-03-19 09:00:00-04:00,3.0,40,0.0,,310,19.0,,1010.0,,5,3,2024-03-19 09:00:00,KNYC0
2024-03-19 10:00:00-04:00,4.0,37,0.0,,280,19.0,,1010.0,,4,3,2024-03-19 10:00:00,KNYC0
2024-03-19 11:00:00-04:00,4.2,43,0.0,,294,24.1,,1009.3,,6,3,2024-03-19 11:00:00,KNYC0
2024-03-19 12:00:00-04:00,7.0,27,0.0,,280,19.0,,1009.0,,5,3,2024-03-19 12:00:00,KNYC0
2024-03-19 13:00:00-04:00,8.0,25,0.0,,270,17.0,,1008.0,,6,3,2024-03-19 13:00:00,KNYC0
2024-03-19 14:00:00-04:00,8.0,26,0.0,,282,24.8,,1007.0,,8,3,2024-03-19 14:00:00,KNYC0
2024-03-19 15:00:00-04:00,9.0,25,0.0,,277,11.0,,1007.0,,7,3,2024-03-19 15:00:00,KNYC0
2024-03-19 16:00:00-04:00,7.0,31,0.0,,269,11.0,,1006.0,,8,3,2024-03-19 16:00:00,KNYC0
2024-03-19 17:00:00-04:00,7.0,31,0.0,,263,25.6,,1006.0,,8,3,2024-03-19 17:00:00,KNYC0
2024-03-19 18:00:00-04:00,7.0,33,0.0,,259,11.0,,1006.0,,8,3,2024-03-19 18:00:00,KNYC0
2024-03-19 19:00:00-04:00,7.0,35,0.0,,256,7.0,,1007.0,,8,3,2024-03-19 19:00:00,KNYC0
2024-03-19 20:00:00-04:00,6.0,49,0.0,,250,13.0,,1008.0,,8,3,2024-03-19 20:00:00,KNYC0
2024-03-19 21:00:00-04:00,4.0,70,0.0,,280,9.0,,1009.0,,8,3,2024-03-19 21:00:00,KNYC0
2024-03-19 22:00:00-04:00,4.0,70,0.2,,310,6.0,,1008.0,,8,7,2024-03-19 22:00:00,KNYC0
2024-03-19 23:00:00-04:00,4.0,65,0.0,,191,5.4,,1008.0,,3,3,2024-03-19 23:00:00,KNYC0
2024-03-20 00:00:00-04:00,5.0,60,0.0,,172,6.0,,1007.0,,5,2,2024-03-20 00:00:00,KNYC0
2024-03-20 01:00:00-04:00,6.0,55,0.0,,150,9.0,,1006.0,,6,3,2024-03-20 01:00:00,KNYC0
2024-03-20 02:00:00-04:00,6.0,60,0.0,,171,7.0,,1006.0,,7,3,2024-03-20 02:00:00,KNYC0
2024-03-20 03:00:00-04:00,7.0,62,0.0,,191,15.1,,1005.0,,0,3,2024-03-20 03:00:00,KNYC0
2024-03-20 04:00:00-04:00,7.0,53,0.0,,220,16.2,,1005.0,,3,1,2024-03-20 04:00:00,KNYC0
2024-03-20 05:00:00-04:00,7.0,53,0.0,,222,6.0,,1005.0,,5,3,2024-03-20 05:00:00,KNYC0
2024-03-20 06:00:00-04:00,7.0,51,0.0,,230,18.4,,1005.0,,1,3,2024-03-20 06:00:00,KNYC0
2024-03-20 07:00:00-04:00,7.0,49,0.0,,237,7.0,,1006.0,,0,2,2024-03-20 07:00:00,KNYC0
2024-03-20 08:00:00-04:00,8.0,47,0.0,,245,18.4,,1006.0,,0,1,2024-03-20 08:00:00,KNYC0
2024-03-20 09:00:00-04:00,8.0,46,0.0,,290,7.0,,1006.0,,1,1,2024-03-20 09:00:00,KNYC0
2024-03-20 10:00:00-04:00,9.0,39,0.0,,240,7.0,,1006.0,,8,2,2024-03-20 10:00:00,KNYC0
2024-03-20 11:00:00-04:00,9.0,38,0.0,,190,13.0,,1005.0,,7,3,2024-03-20 11:00:00,KNYC0
2024-03-20 12:00:00-04:00,11.0,39,0.0,,231,15.1,,1003.0,,8,3,2024-03-20 12:00:00,KNYC0
2024-03-20 13:00:00-04:00,12.0,38,0.0,,220,9.0,,1003.0,,8,3,2024-03-20 13:00:00,KNYC0
2024-03-20 14:00:00-04:00,13.0,34,0.0,,220,13.0,,1002.0,,6,3,2024-03-20 14:00:00,KNYC0
2024-03-20 15:00:00-04:00,13.0,33,0.1,,261,9.0,,1001.0,,8,17,2024-03-20 15:00:00,KNYC0
2024-03-20 16:00:00-04:00,8.0,65,0.4,,10,13.0,,1003.0,,7,8,2024-03-20 16:00:00,KNYC0
2024-03-20 17:00:00-04:00,8.0,73,0.4,,254,11.0,,1005.0,,7,8,2024-03-20 17:00:00,KNYC0
2024-03-20 18:00:00-04:00,7.0,73,3.1,,300,6.0,,1004.0,,2,9,2024-03-20 18:00:00,KNYC0
2024-03-20 19:00:00-04:00,7.4,63,0.0,,290,33.1,,1003.0,,6,2,2024-03-20 19:00:00,KNYC0
2024-03-20 20:00:00-04:00,5.9,56,0.0,,303,28.1,,1005.4,,4,3,2024-03-20 20:00:00,KNYC0
2024-03-20 21:00:00-04:00,4.6,46,0.0,,305,26.6,,1007.6,,1,3,2024-03-20 21:00:00,KNYC0
2024-03-20 22:00:00-04:00,3.2,35,0.0,,301,30.6,,1009.4,,0,1,2024-03-20 22:00:00,KNYC0
2024-03-20 23:00:00-04:00,1.3,37,0.0,,288,28.8,,1010.9,,0,1,2024-03-20 23:00:00,KNYC0
2024-03-21 00:00:00-04:00,0.3,40,0.0,,289,23.4,,1011.8,,0,1,2024-03-21 00:00:00,KNYC0
2024-03-21 01:00:00-04:00,-0.5,43,0.0,,287,22.0,,1012.6,,0,1,2024-03-21 01:00:00,KNYC0
2024-03-21 02:00:00-04:00,0.0,33,0.0,,280,19.0,,1015.0,,0,1,2024-03-21 02:00:00,KNYC0
2024-03-21 03:00:00-04:00,-1.0,38,0.0,,277,11.0,,1015.0,,0,1,2024-03-21 03:00:00,KNYC0
2024-03-21 04:00:00-04:00,-1.0,39,0.0,,280,13.0,,1016.0,,0,1,2024-03-21 04:00:00,KNYC0
2024-03-21 05:00:00-04:00,-1.0,39,0.0,,280,17.0,,1017.0,,0,1,2024-03-21 05:00:00,KNYC0
2024-03-21 06:00:00-04:00,-1.0,41,0.0,,290,17.0,,1018.0,,0,1,2024-03-21 06:00:00,KNYC0
2024-03-21 07:00:00-04:00,-1.0,37,0.0,,270,17.0,,1019.0,,0,1,2024-03-21 07:00:00,KNYC0
2024-03-21 08:00:00-04:00,-1.0,36,0.0,,300,17.0,,1019.0,,0,1,2024-03-21 08:00:00,KNYC0
2024-03-21 09:00:00-04:00,0.0,34,0.0,,288,23.4,,1020.0,,7,1,2024-03-21 09:00:00,KNYC0
2024-03-21 10:00:00-04:00,1.0,30,0.0,,290,17.0,,1020.0,,6,3,2024-03-21 10:00:00,KNYC0
2024-03-21 11:00:00-04:00,3.0,27,0.0,,290,17.0,,1020.0,,7,3,2024-03-21 11:00:00,KNYC0
2024-03-21 12:00:00-04:00,4.0,24,0.0,,280,19.0,,1020.0,,3,3,2024-03-21 12:00:00,KNYC0
2024-03-21 13:00:00-04:00,6.0,23,0.0,,290,9.0,,1020.0,,4,3,2024-03-21 13:00:00,KNYC0
2024-03-21 14:00:00-04:00,5.0,22,0.0,,280,13.0,,1020.0,,5,3,2024-03-21 14:00:00,KNYC0
2024-03-21 15:00:00-04:00,6.0,22,0.0,,280,26.0,,1020.0,,0,3,2024-03-21 15:00:00,KNYC0
2024-03-21 16:00:00-04:00,5.0,22,0.0,,320,17.0,,1020.0,,1,1,2024-03-21 16:00:00,KNYC0
2024-03-21 17:00:00-04:00,5.0,23,0.0,,303,26.3,,1021.0,,1,2,2024-03-21 17:00:00,KNYC0
2024-03-21 18:00:00-04:00,4.0,25,0.0,,290,15.0,,1022.0,,0,1,2024-03-21 18:00:00,KNYC0
2024-03-21 19:00:00-04:00,3.0,26,0.0,,320,13.0,,1023.0,,0,1,2024-03-21 19:00:00,KNYC0
2024-03-21 20:00:00-04:00,1.3,36,0.0,,327,16.9,,1023.0,,0,1,2024-03-21 20:00:00,KNYC0
2024-03-21 21:00:00-04:00,2.0,32,0.0,,325,7.0,,1025.0,,0,1,2024-03-21 21:00:00,KNYC0
2024-03-21 22:00:00-04:00,1.0,36,0.0,,323,7.0,,1026.0,,0,1,2024-03-21 22:00:00,KNYC0
2024-03-21 23:00:00-04:00,1.0,36,0.0,,300,19.0,,1027.0,,0,1,2024-03-21 23:00:00,KNYC0
2024-03-22 00:00:00-04:00,0.0,39,0.0,,321,9.0,,1027.0,,0,1,2024-03-22 00:00:00,KNYC0
2024-03-22 01:00:00-04:00,-1.0,41,0.0,,318,7.0,,1028.0,,0,1,2024-03-22 01:00:00,KNYC0
2024-03-22 02:00:00-04:00,-1.0,39,0.0,,300,13.0,,1028.0,,0,1,2024-03-22 02:00:00,KNYC0
2024-03-22 03:00:00-04:00,-1.0,41,0.0,,310,7.0,,1028.0,,0,1,2024-03-22 03:00:00,KNYC0
2024-03-22 04:00:00-04:00,-2.0,43,0.0,,320,15.0,,1028.0,,0,1,2024-03-22 04:00:00,KNYC0
2024-03-22 05:00:00-04:00,-2.0,43,0.0,,300,13.0,,1029.0,,0,1,2024-03-22 05:00:00,KNYC0
2024-03-22 06:00:00-04:00,-2.0,45,0.0,,284,8.3,,1030.0,,0,1,2024-03-22 06:00:00,KNYC0
2024-03-22 07:00:00-04:00,-2.0,45,0.0,,265,6.0,,1031.0,,0,1,2024-03-22 07:00:00,KNYC0
2024-03-22 08:00:00-04:00,-1.0,41,0.0,,290,7.0,,1031.0,,0,1,2024-03-22 08:00:00,KNYC0
2024-03-22 09:00:00-04:00,1.0,38,0.0,,330,6.0,,1031.0,,0,1,2024-03-22 09:00:00,KNYC0
2024-03-22 10:00:00-04:00,2.0,34,0.0,,14,6.0,,1031.0,,3,1,2024-03-22 10:00:00,KNYC0
2024-03-22 11:00:00-04:00,4.0,30,0.0,,44,6.0,,1030.0,,5,2,2024-03-22 11:00:00,KNYC0
2024-03-22 12:00:00-04:00,6.0,27,0.0,,121,3.6,,1029.0,,7,3,2024-03-22 12:00:00,KNYC0
2024-03-22 13:00:00-04:00,7.0,26,0.0,,166,10.1,,1028.0,,5,3,2024-03-22 13:00:00,KNYC0
2024-03-22 14:00:00-04:00,7.0,21,0.0,,174,7.0,,1028.0,,0,3,2024-03-22 14:00:00,KNYC0
2024-03-22 15:00:00-04:00,4.0,33,0.0,,150,15.0,,1027.0,,0,1,2024-03-22 15:00:00,KNYC0
2024-03-22 16:00:00-04:00,4.0,41,0.0,,162,6.0,,1027.0,,2,1,2024-03-22 16:00:00,KNYC0
2024-03-22 17:00:00-04:00,4.0,44,0.0,,160,11.0,,1027.0,,8,2,2024-03-22 17:00:00,KNYC0
2024-03-22 18:00:00-04:00,4.0,50,0.0,,153,6.0,,1027.0,,4,3,2024-03-22 18:00:00,KNYC0
2024-03-22 19:00:00-04:00,4.0,55,0.0,,150,9.0,,1026.0,,5,3,2024-03-22 19:00:00,KNYC0
2024-03-22 20:00:00-04:00,5.0,55,0.0,,153,9.0,,1026.0,,8,3,2024-03-22 20:00:00,KNYC0
2024-03-22 21:00:00-04:00,5.0,57,0.0,,120,15.0,,1026.0,,8,3,2024-03-22 21:00:00,KNYC0
2024-03-22 22:00:00-04:00,5.0,60,0.0,,132,7.0,,1025.0,,8,3,2024-03-22 22:00:00,KNYC0
2024-03-22 23:00:00-04:00,6.0,59,0.0,,126,6.0,,1025.0,,8,3,2024-03-22 23:00:00,KNYC0
2024-03-23 00:00:00-04:00,5.0,62,0.0,,118,6.0,,1023.0,,8,3,2024-03-23 00:00:00,KNYC0
2024-03-23 01:00:00-04:00,4.0,70,0.0,,106,6.0,,1023.0,,8,3,2024-03-23 01:00:00,KNYC0
2024-03-23 02:00:00-04:00,4.0,82,0.0,,58,9.0,,1022.0,,8,3,2024-03-23 02:00:00,KNYC0
2024-03-23 03:00:00-04:00,4.0,86,0.0,,50,9.0,,1020.0,,8,3,2024-03-23 03:00:00,KNYC0
2024-03-23 04:00:00-04:00,4.0,89,0.1,,60,11.0,,1020.0,,8,7,2024-03-23 04:00:00,KNYC0
2024-03-23 05:00:00-04:00,4.0,89,1.0,,89,7.0,,1019.0,,8,9,2024-03-23 05:00:00,KNYC0
2024-03-23 06:00:00-04:00,5.0,89,1.3,,81,12.6,,1017.0,,8,9,2024-03-23 06:00:00,KNYC0
2024-03-23 07:00:00-04:00,5.0,89,1.9,,70,17.0,,1017.0,,8,9,2024-03-23 07:00:00,KNYC0
2024-03-23 08:00:00-04:00,6.0,92,3.4,,96,7.0,,1016.0,,8,9,2024-03-23 08:00:00,KNYC0
2024-03-23 09:00:00-04:00,7.0,89,4.4,,50,7.0,,1015.0,,8,9,2024-03-23 09:00:00,KNYC0
2024-03-23 10:00:00-04:00,8.0,89,5.5,,70,11.0,,1014.0,,8,9,2024-03-23 10:00:00,KNYC0
2024-03-23 11:00:00-04:00,8.0,90,7.7,,50,6.0,,1013.0,,8,9,2024-03-23 11:00:00,KNYC0
2024-03-23 12:00:00-04:00,9.0,90,8.4,,144,9.0,,1010.0,,8,9,2024-03-23 12:00:00,KNYC0
2024-03-23 13:00:00-04:00,9.0,90,6.5,,40,13.0,,1009.0,,8,9,2024-03-23 13:00:00,KNYC0
2024-03-23 14:00:00-04:00,9.0,89,9.2,,30,15.0,,1006.0,,8,9,2024-03-23 14:00:00,KNYC0
2024-03-23 15:00:00-04:00,8.0,90,12.3,,280,15.0,,1004.0,,8,9,2024-03-23 15:00:00,KNYC0
2024-03-23 16:00:00-04:00,7.0,85,6.6,,330,19.0,,1003.0,,8,9,2024-03-23 16:00:00,KNYC0
2024-03-23 17:00:00-04:00,7.0,85,0.6,,340,19.0,,1003.0,,8,8,2024-03-23 17:00:00,KNYC0
2024-03-23 18:00:00-04:00,6.0,79,0.0,,330,20.0,,1006.0,,8,3,2024-03-23 18:00:00,KNYC0
2024-03-23 19:00:00-04:00,6.0,79,0.0,,350,20.0,,1006.0,,8,3,2024-03-23 19:00:00,KNYC0
2024-03-23 20:00:00-04:00,6.0,76,0.0,,340,34.9,,1009.0,,7,3,2024-03-23 20:00:00,KNYC0
2024-03-23 21:00:00-04:00,3.3,80,0.0,,330,33.8,,1008.4,,3,3,2024-03-23 21:00:00,KNYC0
2024-03-23 22:00:00-04:00,2.1,71,0.0,,327,35.3,,1010.4,,2,2,2024-03-23 22:00:00,KNYC0
2024-03-23 23:00:00-04:00,2.0,59,0.0,,290,20.0,,1013.0,,8,2,2024-03-23 23:00:00,KNYC0
2024-03-24 00:00:00-04:00,2.0,56,0.0,,331,7.0,,1014.0,,6,3,2024-03-24 00:00:00,KNYC0
2024-03-24 01:00:00-04:00,1.0,54,0.0,,338,28.4,,1015.0,,0,3,2024-03-24 01:00:00,KNYC0
2024-03-24 02:00:00-04:00,1.0,50,0.0,,345,9.0,,1016.0,,0,1,2024-03-24 02:00:00,KNYC0
2024-03-24 03:00:00-04:00,1.0,49,0.0,,348,20.9,,1018.0,,0,1,2024-03-24 03:00:00,KNYC0
2024-03-24 04:00:00-04:00,0.0,51,0.0,,352,6.0,,1019.0,,0,1,2024-03-24 04:00:00,KNYC0
2024-03-24 05:00:00-04:00,-1.0,49,0.0,,355,9.0,,1020.0,,0,1,2024-03-24 05:00:00,KNYC0
2024-03-24 06:00:00-04:00,-1.0,51,0.0,,1,19.1,,1022.0,,0,1,2024-03-24 06:00:00,KNYC0
2024-03-24 07:00:00-04:00,0.0,45,0.0,,360,15.0,,1023.0,,0,1,2024-03-24 07:00:00,KNYC0
2024-03-24 08:00:00-04:00,1.0,43,0.0,,13,9.0,,1025.0,,0,1,2024-03-24 08:00:00,KNYC0
2024-03-24 09:00:00-04:00,2.0,42,0.0,,10,15.0,,1026.0,,0,1,2024-03-24 09:00:00,KNYC0
2024-03-24 10:00:00-04:00,3.0,39,0.0,,30,17.0,,1026.0,,0,1,2024-03-24 10:00:00,KNYC0
2024-03-24 11:00:00-04:00,5.0,33,0.0,,40,17.0,,1027.0,,0,1,2024-03-24 11:00:00,KNYC0
2024-03-24 12:00:00-04:00,7.0,31,0.0,,60,15.0,,1027.0,,0,1,2024-03-24 12:00:00,KNYC0
2024-03-24 13:00:00-04:00,8.0,27,0.0,,360,15.0,,1027.0,,0,1,2024-03-24 13:00:00,KNYC0
2024-03-24 14:00:00-04:00,8.0,25,0.0,,20,17.0,,1026.0,,0,1,2024-03-24 14:00:00,KNYC0
2024-03-24 15:00:00-04:00,9.0,26,0.0,,30,13.0,,1026.0,,0,1,2024-03-24 15:00:00,KNYC0
2024-03-24 16:00:00-04:00,8.0,26,0.0,,30,20.0,,1026.0,,0,1,2024-03-24 16:00:00,KNYC0
2024-03-24 17:00:00-04:00,7.0,26,0.0,,20,15.0,,1026.0,,0,1,2024-03-24 17:00:00,KNYC0
2024-03-24 18:00:00-04:00,7.0,26,0.0,,40,15.0,,1027.0,,0,1,2024-03-24 18:00:00,KNYC0
2024-03-24 19:00:00-04:00,6.0,29,0.0,,26,11.0,,1028.0,,0,1,2024-03-24 19:00:00,KNYC0
2024-03-24 20:00:00-04:00,4.0,39,0.0,,19,14.0,,1027.9,,0,1,2024-03-24 20:00:00,KNYC0
2024-03-24 21:00:00-04:00,2.9,44,0.0,,27,15.1,,1029.3,,0,1,2024-03-24 21:00:00,KNYC0
2024-03-24 22:00:00-04:00,1.8,47,0.0,,33,15.8,,1029.9,,0,1,2024-03-24 22:00:00,KNYC0
2024-03-24 23:00:00-04:00,1.2,51,0.0,,29,15.8,,1030.3,,0,1,2024-03-24 23:00:00,KNYC0
2024-03-25 00:00:00-04:00,0.8,54,0.0,,28,15.5,,1030.5,,0,1,2024-03-25 00:00:00,KNYC0
2024-03-25 01:00:00-04:00,3.0,50,0.0,,50,11.0,,1031.0,,0,1,2024-03-25 01:00:00,KNYC0
2024-03-25 02:00:00-04:00,3.0,50,0.0,,40,9.0,,1031.0,,0,1,2024-03-25 02:00:00,KNYC0
2024-03-25 03:00:00-04:00,2.0,54,0.0,,22,11.0,,1031.0,,0,1,2024-03-25 03:00:00,KNYC0
2024-03-25 04:00:00-04:00,2.0,56,0.0,,40,13.0,,1032.0,,0,1,2024-03-25 04:00:00,KNYC0
2024-03-25 05:00:00-04:00,2.0,54,0.0,,17,11.0,,1032.0,,0,1,2024-03-25 05:00:00,KNYC0
2024-03-25 06:00:00-04:00,2.0,52,0.0,,24,11.0,,1032.0,,0,1,2024-03-25 06:00:00,KNYC0
2024-03-25 07:00:00-04:00,2.0,52,0.0,,31,11.0,,1032.0,,0,1,2024-03-25 07:00:00,KNYC0
2024-03-25 08:00:00-04:00,3.0,48,0.0,,50,20.0,,1032.0,,0,1,2024-03-25 08:00:00,KNYC0
2024-03-25 09:00:00-04:00,5.0,45,0.0,,60,15.0,,1033.0,,0,1,2024-03-25 09:00:00,KNYC0
2024-03-25 10:00:00-04:00,6.0,43,0.0,,60,37.0,,1033.0,,0,1,2024-03-25 10:00:00,KNYC0
2024-03-25 11:00:00-04:00,7.0,37,0.0,,57,24.8,,1033.0,,0,1,2024-03-25 11:00:00,KNYC0
2024-03-25 12:00:00-04:00,8.0,34,0.0,,90,17.0,,1032.0,,0,1,2024-03-25 12:00:00,KNYC0
2024-03-25 13:00:00-04:00,9.0,32,0.0,,100,17.0,,1032.0,,0,1,2024-03-25 13:00:00,KNYC0
2024-03-25 14:00:00-04:00,10.0,30,0.0,,90,11.0,,1031.0,,0,1,2024-03-25 14:00:00,KNYC0
2024-03-25 15:00:00-04:00,11.0,30,0.0,,30,9.0,,1030.0,,0,1,2024-03-25 15:00:00,KNYC0
2024-03-25 16:00:00-04:00,11.0,30,0.0,,80,11.0,,1030.0,,0,1,2024-03-25 16:00:00,KNYC0
2024-03-25 17:00:00-04:00,11.0,32,0.0,,80,15.0,,1029.0,,0,1,2024-03-25 17:00:00,KNYC0
2024-03-25 18:00:00-04:00,10.4,44,0.0,,81,17.3,,1027.8,,0,1,2024-03-25 18:00:00,KNYC0
2024-03-25 19:00:00-04:00,8.0,51,0.0,,80,15.5,,1027.9,,0,1,2024-03-25 19:00:00,KNYC0
2024-03-25 20:00:00-04:00,6.2,53,0.0,,73,16.2,,1028.0,,0,1,2024-03-25 20:00:00,KNYC0
2024-03-25 21:00:00-04:00,4.8,64,0.0,,64,15.5,,1028.3,,0,1,2024-03-25 21:00:00,KNYC0
2024-03-25 22:00:00-04:00,4.4,62,0.0,,52,19.4,,1028.5,,0,1,2024-03-25 22:00:00,KNYC0
2024-03-25 23:00:00-04:00,3.4,55,0.0,,38,18.0,,1028.6,,0,1,2024-03-25 23:00:00,KNYC0
2024-03-26 00:00:00-04:00,2.2,54,0.0,,36,18.0,,1028.1,,0,1,2024-03-26 00:00:00,KNYC0
2024-03-26 01:00:00-04:00,1.4,54,0.0,,38,19.1,,1027.1,,0,1,2024-03-26 01:00:00,KNYC0
2024-03-26 02:00:00-04:00,0.9,58,0.0,,19,16.9,,1026.3,,0,1,2024-03-26 02:00:00,KNYC0
2024-03-26 03:00:00-04:00,0.5,62,0.0,,8,15.8,,1025.7,,0,1,2024-03-26 03:00:00,KNYC0
2024-03-26 04:00:00-04:00,4.0,50,0.0,,0,7.0,,1026.0,,0,1,2024-03-26 04:00:00,KNYC0
2024-03-26 05:00:00-04:00,4.0,55,0.0,,50,22.0,,1024.0,,0,1,2024-03-26 05:00:00,KNYC0
2024-03-26 06:00:00-04:00,4.0,57,0.0,,40,11.0,,1024.0,,0,1,2024-03-26 06:00:00,KNYC0
2024-03-26 07:00:00-04:00,6.0,57,0.0,,20,11.0,,1025.0,,8,1,2024-03-26 07:00:00,KNYC0
2024-03-26 08:00:00-04:00,7.0,58,0.0,,39,9.0,,1025.0,,8,3,2024-03-26 08:00:00,KNYC0
2024-03-26 09:00:00-04:00,8.0,53,0.0,,50,17.0,,1024.0,,8,3,2024-03-26 09:00:00,KNYC0
2024-03-26 10:00:00-04:00,8.0,54,0.0,,31,7.0,,1023.0,,8,3,2024-03-26 10:00:00,KNYC0
2024-03-26 11:00:00-04:00,9.0,48,0.0,,54,9.0,,1023.0,,8,3,2024-03-26 11:00:00,KNYC0
2024-03-26 12:00:00-04:00,10.0,46,0.0,,60,15.0,,1024.0,,8,3,2024-03-26 12:00:00,KNYC0
2024-03-26 13:00:00-04:00,10.0,52,0.0,,59,6.0,,1024.0,,8,3,2024-03-26 13:00:00,KNYC0
2024-03-26 14:00:00-04:00,12.0,50,0.0,,64,13.3,,1023.0,,8,3,2024-03-26 14:00:00,KNYC0
2024-03-26 15:00:00-04:00,11.0,57,0.0,,70,15.0,,1022.0,,8,3,2024-03-26 15:00:00,KNYC0
2024-03-26 16:00:00-04:00,11.0,57,0.0,,60,13.0,,1021.0,,8,3,2024-03-26 16:00:00,KNYC0
2024-03-26 17:00:00-04:00,11.0,57,0.0,,98,11.0,,1021.0,,8,3,2024-03-26 17:00:00,KNYC0
2024-03-26 18:00:00-04:00,9.0,61,0.0,,99,9.0,,1021.0,,8,3,2024-03-26 18:00:00,KNYC0
2024-03-26 19:00:00-04:00,8.0,65,0.0,,104,6.5,,1021.0,,8,3,2024-03-26 19:00:00,KNYC0
2024-03-26 20:00:00-04:00,8.3,70,0.0,,79,14.4,,1019.8,,8,3,2024-03-26 20:00:00,KNYC0
2024-03-26 21:00:00-04:00,7.3,72,0.0,,76,17.3,,1019.5,,7,3,2024-03-26 21:00:00,KNYC0
2024-03-26 22:00:00-04:00,6.0,79,0.0,,72,11.2,,1020.2,,8,3,2024-03-26 22:00:00,KNYC0
2024-03-26 23:00:00-04:00,8.0,76,0.0,,74,11.5,,1021.0,,8,3,2024-03-26 23:00:00,KNYC0
2024-03-27 00:00:00-04:00,8.0,76,0.0,,100,13.0,,1020.0,,8,3,2024-03-27 00:00:00,KNYC0
2024-03-27 01:00:00-04:00,6.0,73,0.0,,60,13.0,,1020.0,,8,3,2024-03-27 01:00:00,KNYC0
2024-03-27 02:00:00-04:00,6.0,76,0.0,,60,9.0,,1020.0,,8,3,2024-03-27 02:00:00,KNYC0
2024-03-27 03:00:00-04:00,6.0,79,0.0,,25,7.0,,1020.0,,8,3,2024-03-27 03:00:00,KNYC0
2024-03-27 04:00:00-04:00,6.0,79,0.0,,60,9.0,,1020.0,,8,3,2024-03-27 04:00:00,KNYC0
2024-03-27 05:00:00-04:00,6.0,82,0.0,,50,11.0,,1020.0,,8,3,2024-03-27 05:00:00,KNYC0
2024-03-27 06:00:00-04:00,6.0,82,0.0,,360,6.1,,1021.0,,8,3,2024-03-27 06:00:00,KNYC0
2024-03-27 07:00:00-04:00,6.0,79,0.0,,12,6.1,,1021.0,,8,3,2024-03-27 07:00:00,KNYC0
2024-03-27 08:00:00-04:00,7.0,76,0.0,,33,5.4,,1021.0,,8,3,2024-03-27 08:00:00,KNYC0
2024-03-27 09:00:00-04:00,8.0,73,0.0,,50,6.0,,1021.0,,8,5,2024-03-27 09:00:00,KNYC0
2024-03-27 10:00:00-04:00,8.0,71,0.0,,30,6.0,,1021.0,,8,3,2024-03-27 10:00:00,KNYC0
2024-03-27 11:00:00-04:00,9.0,68,0.0,,44,4.7,,1021.0,,8,3,2024-03-27 11:00:00,KNYC0
2024-03-27 12:00:00-04:00,9.0,66,0.0,,19,3.2,,1021.0,,8,3,2024-03-27 12:00:00,KNYC0
2024-03-27 13:00:00-04:00,11.0,59,0.0,,270,9.0,,1020.0,,8,3,2024-03-27 13:00:00,KNYC0
2024-03-27 14:00:00-04:00,10.0,63,0.0,,270,6.0,,1020.0,,8,3,2024-03-27 14:00:00,KNYC0
2024-03-27 15:00:00-04:00,11.0,61,0.0,,279,6.1,,1020.0,,8,3,2024-03-27 15:00:00,KNYC0
2024-03-27 16:00:00-04:00,10.0,68,0.0,,269,8.6,,1020.0,,8,5,2024-03-27 16:00:00,KNYC0
2024-03-27 17:00:00-04:00,11.0,68,0.3,,285,6.8,,1019.0,,8,8,2024-03-27 17:00:00,KNYC0
2024-03-27 18:00:00-04:00,9.0,87,0.5,,143,5.8,,1019.0,,8,8,2024-03-27 18:00:00,KNYC0
2024-03-27 19:00:00-04:00,9.0,86,0.9,,223,7.6,,1019.0,,8,5,2024-03-27 19:00:00,KNYC0
2024-03-27 20:00:00-04:00,9.0,86,0.1,,270,7.0,,1019.0,,8,5,2024-03-27 20:00:00,KNYC0
2024-03-27 21:00:00-04:00,9.0,87,0.0,,10,6.0,,1018.0,,8,5,2024-03-27 21:00:00,KNYC0
2024-03-27 22:00:00-04:00,9.0,83,0.0,,300,7.0,,1019.0,,8,5,2024-03-27 22:00:00,KNYC0
2024-03-27 23:00:00-04:00,9.0,86,0.0,,248,3.6,,1018.0,,8,3,2024-03-27 23:00:00,KNYC0
2024-03-28 00:00:00-04:00,9.0,86,0.0,,224,5.4,,1018.0,,8,5,2024-03-28 00:00:00,KNYC0
2024-03-28 01:00:00-04:00,9.0,89,0.3,,280,5.4,,1018.0,,8,8,2024-03-28 01:00:00,KNYC0
2024-03-28 02:00:00-04:00,9.0,93,1.9,,257,4.0,,1019.0,,8,9,2024-03-28 02:00:00,KNYC0
2024-03-28 03:00:00-04:00,9.0,90,2.2,,278,5.0,,1018.0,,8,9,2024-03-28 03:00:00,KNYC0
2024-03-28 04:00:00-04:00,9.0,89,1.8,,300,6.0,,1017.0,,8,9,2024-03-28 04:00:00,KNYC0
2024-03-28 05:00:00-04:00,9.0,90,0.8,,80,9.0,,1015.0,,8,8,2024-03-28 05:00:00,KNYC0
2024-03-28 06:00:00-04:00,9.0,90,1.0,,60,5.4,,1016.0,,8,9,2024-03-28 06:00:00,KNYC0
2024-03-28 07:00:00-04:00,9.0,86,1.8,,280,7.0,,1017.0,,8,9,2024-03-28 07:00:00,KNYC0
2024-03-28 08:00:00-04:00,10.0,86,0.6,,358,10.1,,1015.0,,8,8,2024-03-28 08:00:00,KNYC0
2024-03-28 09:00:00-04:00,10.0,86,0.7,,280,11.0,,1018.0,,8,5,2024-03-28 09:00:00,KNYC0
2024-03-28 10:00:00-04:00,10.0,89,0.4,,10,7.0,,1016.0,,8,5,2024-03-28 10:00:00,KNYC0
2024-03-28 11:00:00-04:00,10.0,86,0.3,,3,16.6,,1016.0,,8,8,2024-03-28 11:00:00,KNYC0
2024-03-28 12:00:00-04:00,10.0,86,0.5,,359,15.5,,1015.0,,8,8,2024-03-28 12:00:00,KNYC0
2024-03-28 13:00:00-04:00,10.0,86,0.7,,352,17.6,,1015.0,,8,8,2024-03-28 13:00:00,KNYC0
2024-03-28 14:00:00-04:00,9.0,87,1.0,,10,17.0,,1012.0,,8,9,2024-03-28 14:00:00,KNYC0
2024-03-28 15:00:00-04:00,9.0,83,1.3,,330,13.0,,1014.0,,8,9,2024-03-28 15:00:00,KNYC0
2024-03-28 16:00:00-04:00,9.0,86,1.1,,9,7.0,,1013.0,,8,9,2024-03-28 16:00:00,KNYC0
2024-03-28 17:00:00-04:00,9.0,83,0.6,,350,9.0,,1012.0,,8,8,2024-03-28 17:00:00,KNYC0
2024-03-28 18:00:00-04:00,9.0,83,0.6,,357,7.0,,1012.0,,8,8,2024-03-28 18:00:00,KNYC0
2024-03-28 19:00:00-04:00,8.0,86,0.5,,300,15.0,,1012.0,,8,8,2024-03-28 19:00:00,KNYC0
2024-03-28 20:00:00-04:00,8.0,86,0.3,,341,17.3,,1011.0,,8,8,2024-03-28 20:00:00,KNYC0
2024-03-28 21:00:00-04:00,8.0,80,0.2,,339,17.6,,1011.0,,8,7,2024-03-28 21:00:00,KNYC0
2024-03-28 22:00:00-04:00,7.0,80,0.2,,337,11.0,,1011.0,,8,7,2024-03-28 22:00:00,KNYC0
2024-03-28 23:00:00-04:00,7.0,65,0.3,,326,6.0,,1011.0,,8,8,2024-03-28 23:00:00,KNYC0
2024-03-29 00:00:00-04:00,7.0,53,0.2,,334,7.0,,1011.0,,8,7,2024-03-29 00:00:00,KNYC0
2024-03-29 01:00:00-04:00,7.0,41,0.0,,320,13.0,,1010.0,,8,3,2024-03-29 01:00:00,KNYC0
2024-03-29 02:00:00-04:00,7.0,35,0.0,,290,13.0,,1010.0,,8,3,2024-03-29 02:00:00,KNYC0
2024-03-29 03:00:00-04:00,7.0,31,0.0,,300,19.0,,1009.0,,8,3,2024-03-29 03:00:00,KNYC0
2024-03-29 04:00:00-04:00,7.0,29,0.0,,300,15.0,,1009.0,,8,3,2024-03-29 04:00:00,KNYC0
2024-03-29 05:00:00-04:00,6.0,33,0.0,,300,19.0,,1009.0,,8,3,2024-03-29 05:00:00,KNYC0
2024-03-29 06:00:00-04:00,6.0,38,0.0,,300,19.0,,1009.0,,8,3,2024-03-29 06:00:00,KNYC0
2024-03-29 07:00:00-04:00,6.0,44,0.0,,310,15.0,,1009.0,,8,3,2024-03-29 07:00:00,KNYC0
2024-03-29 08:00:00-04:00,6.0,47,0.0,,300,17.0,,1009.0,,8,3,2024-03-29 08:00:00,KNYC0
2024-03-29 09:00:00-04:00,8.0,38,0.0,,311,23.0,,1008.0,,8,3,2024-03-29 09:00:00,KNYC0
2024-03-29 10:00:00-04:00,9.0,33,0.0,,300,15.0,,1008.0,,6,3,2024-03-29 10:00:00,KNYC0
2024-03-29 11:00:00-04:00,11.0,29,0.0,,320,20.0,,1007.0,,5,3,2024-03-29 11:00:00,KNYC0
2024-03-29 12:00:00-04:00,12.0,25,0.0,,290,17.0,,1006.0,,0,3,2024-03-29 12:00:00,KNYC0
2024-03-29 13:00:00-04:00,13.0,26,0.0,,309,11.0,,1006.0,,0,1,2024-03-29 13:00:00,KNYC0
2024-03-29 14:00:00-04:00,13.0,25,0.0,,320,17.0,,1005.0,,0,1,2024-03-29 14:00:00,KNYC0
2024-03-29 15:00:00-04:00,13.0,27,0.0,,303,31.7,,1005.0,,5,1,2024-03-29 15:00:00,KNYC0
2024-03-29 16:00:00-04:00,11.0,30,0.0,,300,32.0,,1006.0,,2,3,2024-03-29 16:00:00,KNYC0
2024-03-29 17:00:00-04:00,9.0,34,0.0,,300,13.0,,1007.0,,1,2,2024-03-29 17:00:00,KNYC0
2024-03-29 18:00:00-04:00,8.0,37,0.0,,313,31.7,,1008.0,,0,2,2024-03-29 18:00:00,KNYC0
2024-03-29 19:00:00-04:00,7.0,40,0.0,,310,30.0,,1009.0,,1,1,2024-03-29 19:00:00,KNYC0
2024-03-29 20:00:00-04:00,7.0,43,0.0,,310,19.0,,1010.0,,0,2,2024-03-29 20:00:00,KNYC0
2024-03-29 21:00:00-04:00,6.0,43,0.0,,310,26.0,,1010.0,,0,1,2024-03-29 21:00:00,KNYC0
2024-03-29 22:00:00-04:00,6.0,44,0.0,,300,19.0,,1010.0,,0,1,2024-03-29 22:00:00,KNYC0
2024-03-29 23:00:00-04:00,6.0,44,0.0,,300,17.0,,1010.0,,0,1,2024-03-29 23:00:00,KNYC0
2024-03-30 00:00:00-04:00,6.0,46,0.0,,300,17.0,,1010.0,,1,1,2024-03-30 00:00:00,KNYC0
2024-03-30 01:00:00-04:00,6.0,46,0.0,,280,15.0,,1010.0,,1,1,2024-03-30 01:00:00,KNYC0
2024-03-30 02:00:00-04:00,6.0,46,0.0,,284,11.0,,1010.0,,6,1,2024-03-30 02:00:00,KNYC0
2024-03-30 03:00:00-04:00,6.0,46,0.0,,281,9.0,,1009.0,,7,3,2024-03-30 03:00:00,KNYC0
2024-03-30 04:00:00-04:00,6.0,46,0.0,,310,19.0,,1009.0,,8,3,2024-03-30 04:00:00,KNYC0
2024-03-30 05:00:00-04:00,6.0,49,0.0,,300,13.0,,1009.0,,6,3,2024-03-30 05:00:00,KNYC0
2024-03-30 06:00:00-04:00,5.0,51,0.0,,291,9.0,,1010.0,,2,3,2024-03-30 06:00:00,KNYC0
2024-03-30 07:00:00-04:00,5.0,51,0.0,,310,22.0,,1011.0,,2,2,2024-03-30 07:00:00,KNYC0
2024-03-30 08:00:00-04:00,6.0,46,0.0,,300,15.0,,1011.0,,0,2,2024-03-30 08:00:00,KNYC0
2024-03-30 09:00:00-04:00,7.0,43,0.0,,270,15.0,,1011.0,,1,1,2024-03-30 09:00:00,KNYC0
2024-03-30 10:00:00-04:00,9.0,33,0.0,,280,13.0,,1011.0,,0,1,2024-03-30 10:00:00,KNYC0
2024-03-30 11:00:00-04:00,11.0,29,0.0,,270,17.0,,1010.0,,8,1,2024-03-30 11:00:00,KNYC0
2024-03-30 12:00:00-04:00,13.0,26,0.0,,280,22.0,,1009.0,,4,3,2024-03-30 12:00:00,KNYC0
2024-03-30 13:00:00-04:00,15.0,23,0.0,,290,13.0,,1009.0,,3,3,2024-03-30 13:00:00,KNYC0
2024-03-30 14:00:00-04:00,16.0,21,0.0,,270,15.0,,1008.0,,8,2,2024-03-30 14:00:00,KNYC0
2024-03-30 15:00:00-04:00,16.0,19,0.0,,280,15.0,,1007.0,,8,3,2024-03-30 15:00:00,KNYC0
2024-03-30 16:00:00-04:00,16.0,17,0.0,,240,15.0,,1007.0,,8,3,2024-03-30 16:00:00,KNYC0
2024-03-30 17:00:00-04:00,16.0,21,0.0,,240,19.0,,1007.0,,8,3,2024-03-30 17:00:00,KNYC0
2024-03-30 18:00:00-04:00,15.0,24,0.0,,247,7.0,,1007.0,,8,3,2024-03-30 18:00:00,KNYC0
2024-03-30 19:00:00-04:00,15.0,27,0.0,,243,9.0,,1008.0,,8,3,2024-03-30 19:00:00,KNYC0
2024-03-30 20:00:00-04:00,12.0,59,0.0,,258,17.6,,1009.0,,8,3,2024-03-30 20:00:00,KNYC0
2024-03-30 21:00:00-04:00,11.0,71,0.0,,290,9.0,,1007.0,,8,3,2024-03-30 21:00:00,KNYC0
2024-03-30 22:00:00-04:00,11.0,71,0.5,,244,11.0,,1007.0,,8,8,2024-03-30 22:00:00,KNYC0
2024-03-30 23:00:00-04:00,11.0,74,0.1,,251,6.0,,1008.0,,8,7,2024-03-30 23:00:00,KNYC0
2024-03-31 00:00:00-04:00,10.0,83,0.4,,230,13.0,,1008.0,,8,8,2024-03-31 00:00:00,KNYC0
2024-03-31 01:00:00-04:00,10.0,80,0.2,,230,11.0,,1008.0,,8,7,2024-03-31 01:00:00,KNYC0
2024-03-31 02:00:00-04:00,10.0,80,0.3,,317,9.0,,1008.0,,8,8,2024-03-31 02:00:00,KNYC0
2024-03-31 03:00:00-04:00,9.0,77,0.0,,330,7.0,,1008.0,,8,3,2024-03-31 03:00:00,KNYC0
2024-03-31 04:00:00-04:00,9.0,71,0.0,,332,8.6,,1009.0,,2,3,2024-03-31 04:00:00,KNYC0
2024-03-31 05:00:00-04:00,9.0,68,0.0,,290,9.0,,1010.0,,2,2,2024-03-31 05:00:00,KNYC0
2024-03-31 06:00:00-04:00,9.0,58,0.0,,340,6.0,,1011.0,,3,2,2024-03-31 06:00:00,KNYC0
2024-03-31 07:00:00-04:00,9.0,50,0.0,,300,7.0,,1012.0,,3,2,2024-03-31 07:00:00,KNYC0
2024-03-31 08:00:00-04:00,9.0,42,0.0,,300,9.0,,1013.0,,2,2,2024-03-31 08:00:00,KNYC0
2024-03-31 09:00:00-04:00,11.0,38,0.0,,321,9.0,,1013.0,,7,2,2024-03-31 09:00:00,KNYC0
2024-03-31 10:00:00-04:00,12.0,37,0.0,,308,11.5,,1013.0,,8,3,2024-03-31 10:00:00,KNYC0
2024-03-31 11:00:00-04:00,14.0,36,0.0,,306,13.7,,1014.0,,8,3,2024-03-31 11:00:00,KNYC0
2024-03-31 12:00:00-04:00,13.0,37,0.0,,280,15.0,,1014.0,,8,3,2024-03-31 12:00:00,KNYC0
2024-03-31 13:00:00-04:00,16.0,33,0.0,,298,21.2,,1013.0,,6,3,2024-03-31 13:00:00,KNYC0
2024-03-31 14:00:00-04:00,16.0,34,0.0,,280,18.7,,1013.0,,2,5,2024-03-31 14:00:00,KNYC0
2024-03-31 15:00:00-04:00,16.0,32,0.0,,290,17.0,,1013.0,,1,2,2024-03-31 15:00:00,KNYC0
2024-03-31 16:00:00-04:00,16.0,31,0.0,,276,11.0,,1013.0,,8,1,2024-03-31 16:00:00,KNYC0
2024-03-31 17:00:00-04:00,16.0,33,0.0,,280,20.9,,1014.0,,7,3,2024-03-31 17:00:00,KNYC0
2024-03-31 18:00:00-04:00,14.0,34,0.0,,280,11.0,,1014.0,,7,3,2024-03-31 18:00:00,KNYC0
2024-03-31 19:00:00-04:00,14.0,36,0.0,,274,7.0,,1015.0,,8,3,2024-03-31 19:00:00,KNYC0
2024-03-31 20:00:00-04:00,13.0,38,0.0,,245,10.1,,1015.0,,8,3,2024-03-31 20:00:00,KNYC0
2024-03-31 21:00:00-04:00,13.0,38,0.0,,266,6.0,,1015.0,,4,3,2024-03-31 21:00:00,KNYC0
2024-03-31 22:00:00-04:00,13.0,40,0.0,,286,10.4,,1016.0,,4,3,2024-03-31 22:00:00,KNYC0
2024-03-31 23:00:00-04:00,12.0,41,0.0,,320,10.1,,1016.0,,8,3,2024-03-31 23:00:00,KNYC0
2024-04-01 00:00:00-04:00,12.0,40,0.0,,345,9.4,,1016.0,,8,3,2024-04-01 00:00:00,KNYC0
2024-04-01 01:00:00-04:00,12.0,43,0.0,,22,10.1,,1016.0,,8,3,2024-04-01 01:00:00,KNYC0
2024-04-01 02:00:00-04:00,11.0,44,0.0,,50,7.9,,1016.0,,8,3,2024-04-01 02:00:00,KNYC0
2024-04-01 03:00:00-04:00,12.0,45,0.0,,40,7.0,,1016.0,,8,3,2024-04-01 03:00:00,KNYC0
2024-04-01 04:00:00-04:00,11.0,46,0.0,,54,11.2,,1016.0,,8,3,2024-04-01 04:00:00,KNYC0
2024-04-01 05:00:00-04:00,11.0,48,0.0,,64,7.0,,1017.0,,8,3,2024-04-01 05:00:00,KNYC0
2024-04-01 06:00:00-04:00,10.0,50,0.0,,60,13.0,,1016.0,,8,3,2024-04-01 06:00:00,KNYC0
2024-04-01 07:00:00-04:00,10.0,48,0.0,,57,9.0,,1017.0,,8,3,2024-04-01 07:00:00,KNYC0
2024-04-01 08:00:00-04:00,10.0,52,0.0,,40,8.3,,1016.0,,8,3,2024-04-01 08:00:00,KNYC0
2024-04-01 09:00:00-04:00,10.0,61,0.0,,50,11.0,,1016.0,,8,3,2024-04-01 09:00:00,KNYC0
2024-04-01 10:00:00-04:00,10.0,63,0.2,,41,10.8,,1016.0,,8,7,2024-04-01 10:00:00,KNYC0
2024-04-01 11:00:00-04:00,10.0,63,0.3,,40,9.0,,1015.0,,8,8,2024-04-01 11:00:00,KNYC0
2024-04-01 12:00:00-04:00,11.0,59,0.7,,58,7.0,,1014.0,,8,8,2024-04-01 12:00:00,KNYC0
2024-04-01 13:00:00-04:00,11.0,52,0.4,,80,17.0,,1013.0,,8,8,2024-04-01 13:00:00,KNYC0
2024-04-01 14:00:00-04:00,11.0,50,0.2,,40,6.0,,1013.0,,8,7,2024-04-01 14:00:00,KNYC0
2024-04-01 15:00:00-04:00,12.0,45,0.0,,58,6.8,,1013.0,,8,3,2024-04-01 15:00:00,KNYC0
2024-04-01 16:00:00-04:00,12.0,53,0.0,,121,7.0,,1014.0,,7,3,2024-04-01 16:00:00,KNYC0
2024-04-01 17:00:00-04:00,12.0,56,0.0,,310,9.0,,1014.0,,8,3,2024-04-01 17:00:00,KNYC0
2024-04-01 18:00:00-04:00,12.0,56,0.0,,232,6.5,,1014.0,,6,3,2024-04-01 18:00:00,KNYC0
2024-04-01 19:00:00-04:00,11.0,59,0.0,,290,7.0,,1015.0,,1,3,2024-04-01 19:00:00,KNYC0
2024-04-01 20:00:00-04:00,12.0,59,0.0,,300,6.0,,1016.0,,0,2,2024-04-01 20:00:00,KNYC0
2024-04-01 21:00:00-04:00,11.0,63,0.0,,192,6.8,,1016.0,,1,1,2024-04-01 21:00:00,KNYC0
2024-04-01 22:00:00-04:00,11.0,63,0.0,,228,7.9,,1016.0,,6,2,2024-04-01 22:00:00,KNYC0
2024-04-01 23:00:00-04:00,11.0,66,0.0,,242,8.3,,1016.0,,8,3,2024-04-01 23:00:00,KNYC0
2024-04-02 00:00:00-04:00,11.0,68,0.0,,296,6.1,,1016.0,,8,3,2024-04-02 00:00:00,KNYC0
2024-04-02 01:00:00-04:00,10.0,71,0.0,,70,6.0,,1015.0,,8,3,2024-04-02 01:00:00,KNYC0
2024-04-02 02:00:00-04:00,10.0,74,0.0,,60,6.0,,1014.0,,8,3,2024-04-02 02:00:00,KNYC0
2024-04-02 03:00:00-04:00,11.0,71,0.0,,260,6.1,,1015.0,,8,3,2024-04-02 03:00:00,KNYC0
2024-04-02 04:00:00-04:00,9.0,74,0.0,,310,7.0,,1016.0,,8,3,2024-04-02 04:00:00,KNYC0
2024-04-02 05:00:00-04:00,9.0,77,0.2,,50,9.0,,1016.0,,8,7,2024-04-02 05:00:00,KNYC0
2024-04-02 06:00:00-04:00,9.0,83,0.4,,50,6.0,,1016.0,,8,8,2024-04-02 06:00:00,KNYC0
2024-04-02 07:00:00-04:00,8.0,83,0.0,,70,9.0,,1016.0,,8,3,2024-04-02 07:00:00,KNYC0
2024-04-02 08:00:00-04:00,8.0,83,0.0,,65,7.0,,1016.0,,8,3,2024-04-02 08:00:00,KNYC0
2024-04-02 09:00:00-04:00,8.0,76,0.9,,59,6.0,,1016.0,,8,8,2024-04-02 09:00:00,KNYC0
2024-04-02 10:00:00-04:00,9.0,73,1.1,,56,9.0,,1016.0,,8,9,2024-04-02 10:00:00,KNYC0
2024-04-02 11:00:00-04:00,8.0,80,0.9,,40,11.0,,1015.0,,8,8,2024-04-02 11:00:00,KNYC0
2024-04-02 12:00:00-04:00,8.0,80,1.0,,68,11.0,,1015.0,,8,9,2024-04-02 12:00:00,KNYC0
2024-04-02 13:00:00-04:00,8.0,86,2.0,,60,17.0,,1013.0,,8,9,2024-04-02 13:00:00,KNYC0
2024-04-02 14:00:00-04:00,8.0,89,2.2,,72,9.0,,1013.0,,8,9,2024-04-02 14:00:00,KNYC0
2024-04-02 15:00:00-04:00,8.0,86,2.7,,66,11.0,,1012.0,,8,9,2024-04-02 15:00:00,KNYC0
2024-04-02 16:00:00-04:00,8.0,86,4.8,,70,15.0,,1012.0,,8,9,2024-04-02 16:00:00,KNYC0
2024-04-02 17:00:00-04:00,8.0,89,2.4,,28,7.0,,1012.0,,8,9,2024-04-02 17:00:00,KNYC0
2024-04-02 18:00:00-04:00,8.0,89,2.1,,79,9.0,,1012.0,,8,9,2024-04-02 18:00:00,KNYC0
2024-04-02 19:00:00-04:00,8.0,89,0.8,,60,15.0,,1012.0,,8,8,2024-04-02 19:00:00,KNYC0
2024-04-02 20:00:00-04:00,7.0,90,1.6,,90,15.0,,1014.0,,8,9,2024-04-02 20:00:00,KNYC0
2024-04-02 21:00:00-04:00,7.0,86,2.9,,70,19.0,,1014.0,,8,9,2024-04-02 21:00:00,KNYC0
2024-04-02 22:00:00-04:00,7.0,90,1.3,,60,17.0,,1013.0,,8,9,2024-04-02 22:00:00,KNYC0
2024-04-02 23:00:00-04:00,7.0,86,0.2,,50,19.0,,1013.0,,8,7,2024-04-02 23:00:00,KNYC0
2024-04-03 00:00:00-04:00,7.0,89,0.0,,60,22.0,,1012.0,,8,5,2024-04-03 00:00:00,KNYC0
2024-04-03 01:00:00-04:00,7.0,89,0.0,,80,15.0,,1011.0,,8,3,2024-04-03 01:00:00,KNYC0
2024-04-03 02:00:00-04:00,7.0,89,0.0,,60,15.0,,1010.0,,8,3,2024-04-03 02:00:00,KNYC0
2024-04-03 03:00:00-04:00,7.0,89,0.0,,77,6.0,,1010.0,,8,3,2024-04-03 03:00:00,KNYC0
2024-04-03 04:00:00-04:00,7.0,89,0.0,,80,15.0,,1010.0,,8,3,2024-04-03 04:00:00,KNYC0
2024-04-03 05:00:00-04:00,6.0,89,0.7,,60,20.0,,1009.0,,8,8,2024-04-03 05:00:00,KNYC0
2024-04-03 06:00:00-04:00,6.0,89,1.7,,83,7.0,,1011.0,,8,9,2024-04-03 06:00:00,KNYC0
2024-04-03 07:00:00-04:00,6.0,89,1.9,,100,11.0,,1009.0,,8,9,2024-04-03 07:00:00,KNYC0
2024-04-03 08:00:00-04:00,6.0,89,0.2,,80,15.0,,1009.0,,8,7,2024-04-03 08:00:00,KNYC0
2024-04-03 09:00:00-04:00,6.0,89,0.0,,60,22.0,,1009.0,,8,3,2024-04-03 09:00:00,KNYC0
2024-04-03 10:00:00-04:00,5.0,89,0.4,,80,19.0,,1008.0,,8,8,2024-04-03 10:00:00,KNYC0
2024-04-03 11:00:00-04:00,5.0,89,0.5,,70,28.0,,1006.0,,8,8,2024-04-03 11:00:00,KNYC0
2024-04-03 12:00:00-04:00,6.0,89,0.8,,80,15.0,,1007.0,,8,8,2024-04-03 12:00:00,KNYC0
2024-04-03 13:00:00-04:00,6.0,85,2.5,,50,26.0,,1005.0,,8,9,2024-04-03 13:00:00,KNYC0
2024-04-03 14:00:00-04:00,6.0,85,1.1,,70,24.0,,1002.0,,8,9,2024-04-03 14:00:00,KNYC0
2024-04-03 15:00:00-04:00,6.0,85,1.7,,70,22.0,,1001.0,,8,9,2024-04-03 15:00:00,KNYC0
2024-04-03 16:00:00-04:00,6.0,89,3.1,,60,24.0,,1001.0,,8,9,2024-04-03 16:00:00,KNYC0
2024-04-03 17:00:00-04:00,6.0,89,4.8,,50,26.0,,1001.0,,8,9,2024-04-03 17:00:00,KNYC0
2024-04-03 18:00:00-04:00,6.0,89,10.3,,80,22.0,,1000.0,,8,9,2024-04-03 18:00:00,KNYC0
2024-04-03 19:00:00-04:00,6.0,89,2.7,,70,15.0,,999.0,,8,9,2024-04-03 19:00:00,KNYC0
2024-04-03 20:00:00-04:00,6.0,85,1.4,,60,39.0,,999.0,,8,9,2024-04-03 20:00:00,KNYC0
2024-04-03 21:00:00-04:00,5.0,89,0.9,,60,37.0,,997.0,,8,8,2024-04-03 21:00:00,KNYC0
2024-04-03 22:00:00-04:00,6.0,85,0.5,,73,46.1,,996.0,,8,8,2024-04-03 22:00:00,KNYC0
2024-04-03 23:00:00-04:00,6.0,85,0.2,,60,32.0,,994.0,,8,7,2024-04-03 23:00:00,KNYC0
2024-04-04 00:00:00-04:00,5.0,89,0.6,,60,41.0,,993.0,,8,8,2024-04-04 00:00:00,KNYC0
2024-04-04 01:00:00-04:00,5.0,89,0.3,,60,41.0,,994.0,,8,8,2024-04-04 01:00:00,KNYC0
2024-04-04 02:00:00-04:00,5.0,89,0.8,,40,13.0,,993.0,,8,8,2024-04-04 02:00:00,KNYC0
2024-04-04 03:00:00-04:00,5.0,89,2.7,,34,7.0,,994.0,,8,9,2024-04-04 03:00:00,KNYC0
2024-04-04 04:00:00-04:00,3.0,93,1.3,,350,17.0,,994.0,,8,9,2024-04-04 04:00:00,KNYC0
2024-04-04 05:00:00-04:00,3.0,89,1.9,,30,17.0,,992.0,,8,9,2024-04-04 05:00:00,KNYC0
2024-04-04 06:00:00-04:00,3.0,86,0.0,,340,11.0,,994.0,,3,3,2024-04-04 06:00:00,KNYC0
2024-04-04 07:00:00-04:00,3.0,86,0.0,,300,11.0,,994.0,,8,3,2024-04-04 07:00:00,KNYC0
2024-04-04 08:00:00-04:00,4.0,82,0.2,,328,9.0,,995.0,,8,7,2024-04-04 08:00:00,KNYC0
2024-04-04 09:00:00-04:00,4.0,79,0.0,,330,17.0,,995.0,,8,3,2024-04-04 09:00:00,KNYC0
2024-04-04 10:00:00-04:00,7.0,65,0.0,,349,6.0,,996.0,,8,3,2024-04-04 10:00:00,KNYC0
2024-04-04 11:00:00-04:00,6.0,62,0.0,,344,22.7,,997.0,,5,3,2024-04-04 11:00:00,KNYC0
2024-04-04 12:00:00-04:00,7.0,57,0.0,,300,19.0,,997.0,,8,3,2024-04-04 12:00:00,KNYC0
2024-04-04 13:00:00-04:00,8.0,54,0.0,,290,11.0,,997.0,,8,3,2024-04-04 13:00:00,KNYC0
2024-04-04 14:00:00-04:00,9.0,51,0.0,,316,6.0,,997.0,,8,3,2024-04-04 14:00:00,KNYC0
2024-04-04 15:00:00-04:00,11.0,44,0.0,,60,13.0,,997.0,,6,3,2024-04-04 15:00:00,KNYC0
2024-04-04 16:00:00-04:00,9.0,51,0.0,,349,6.0,,998.0,,7,3,2024-04-04 16:00:00,KNYC0
2024-04-04 17:00:00-04:00,9.0,51,0.0,,353,9.0,,998.0,,8,3,2024-04-04 17:00:00,KNYC0
2024-04-04 18:00:00-04:00,7.0,56,0.0,,13,9.0,,999.0,,8,3,2024-04-04 18:00:00,KNYC0
2024-04-04 19:00:00-04:00,7.0,56,0.0,,18,9.0,,999.0,,8,3,2024-04-04 19:00:00,KNYC0
2024-04-04 20:00:00-04:00,7.0,58,0.0,,10,13.0,,1000.0,,6,3,2024-04-04 20:00:00,KNYC0
2024-04-04 21:00:00-04:00,7.0,60,0.0,,40,9.0,,1001.0,,7,3,2024-04-04 21:00:00,KNYC0
2024-04-04 22:00:00-04:00,6.0,60,0.0,,359,9.0,,1001.0,,8,3,2024-04-04 22:00:00,KNYC0
2024-04-04 23:00:00-04:00,6.0,64,0.0,,2,10.1,,1001.0,,8,3,2024-04-04 23:00:00,KNYC0
2024-04-05 00:00:00-04:00,5.0,65,0.0,,358,11.0,,1001.0,,8,3,2024-04-05 00:00:00,KNYC0
2024-04-05 01:00:00-04:00,4.0,70,0.0,,333,6.0,,1001.0,,4,3,2024-04-05 01:00:00,KNYC0
2024-04-05 02:00:00-04:00,4.0,70,0.0,,300,13.0,,1002.0,,4,3,2024-04-05 02:00:00,KNYC0
2024-04-05 03:00:00-04:00,3.0,79,0.0,,299,7.2,,1002.0,,7,3,2024-04-05 03:00:00,KNYC0
2024-04-05 04:00:00-04:00,4.0,70,0.0,,270,11.0,,1002.0,,8,3,2024-04-05 04:00:00,KNYC0
2024-04-05 05:00:00-04:00,4.0,70,0.0,,290,9.0,,1002.0,,8,3,2024-04-05 05:00:00,KNYC0
2024-04-05 06:00:00-04:00,4.0,70,0.0,,284,7.0,,1003.0,,3,3,2024-04-05 06:00:00,KNYC0
2024-04-05 07:00:00-04:00,5.0,65,0.0,,280,13.0,,1003.0,,2,2,2024-04-05 07:00:00,KNYC0
2024-04-05 08:00:00-04:00,6.0,59,0.0,,260,17.0,,1003.0,,1,2,2024-04-05 08:00:00,KNYC0
2024-04-05 09:00:00-04:00,7.0,51,0.0,,280,17.0,,1004.0,,1,1,2024-04-05 09:00:00,KNYC0
2024-04-05 10:00:00-04:00,7.0,47,0.0,,302,11.0,,1004.0,,4,2,2024-04-05 10:00:00,KNYC0
2024-04-05 11:00:00-04:00,7.0,47,0.0,,280,17.0,,1004.0,,7,3,2024-04-05 11:00:00,KNYC0
2024-04-05 12:00:00-04:00,8.0,42,0.0,,280,13.0,,1004.0,,8,3,2024-04-05 12:00:00,KNYC0
2024-04-05 13:00:00-04:00,9.0,39,0.0,,280,22.0,,1004.0,,7,3,2024-04-05 13:00:00,KNYC0
2024-04-05 14:00:00-04:00,9.0,38,0.0,,270,15.0,,1004.0,,5,3,2024-04-05 14:00:00,KNYC0
2024-04-05 15:00:00-04:00,9.0,37,0.0,,270,19.0,,1004.0,,7,3,2024-04-05 15:00:00,KNYC0
2024-04-05 16:00:00-04:00,9.0,36,0.0,,270,22.0,,1005.0,,6,3,2024-04-05 16:00:00,KNYC0
2024-04-05 17:00:00-04:00,9.0,39,0.0,,280,17.0,,1005.0,,5,3,2024-04-05 17:00:00,KNYC0
2024-04-05 18:00:00-04:00,9.0,40,0.0,,280,22.0,,1006.0,,3,3,2024-04-05 18:00:00,KNYC0
2024-04-05 19:00:00-04:00,9.0,40,0.0,,280,13.0,,1006.0,,1,5,2024-04-05 19:00:00,KNYC0
2024-04-05 20:00:00-04:00,7.0,49,0.0,,296,7.0,,1008.0,,2,2,2024-04-05 20:00:00,KNYC0
2024-04-05 21:00:00-04:00,7.0,51,0.0,,287,11.0,,1008.0,,1,2,2024-04-05 21:00:00,KNYC0
2024-04-05 22:00:00-04:00,6.0,53,0.0,,290,11.0,,1008.0,,1,2,2024-04-05 22:00:00,KNYC0
2024-04-05 23:00:00-04:00,6.0,55,0.0,,290,16.6,,1008.0,,5,1,2024-04-05 23:00:00,KNYC0
2024-04-06 00:00:00-04:00,6.0,57,0.0,,280,11.0,,1008.0,,5,3,2024-04-06 00:00:00,KNYC0
2024-04-06 01:00:00-04:00,6.0,59,0.0,,290,11.0,,1008.0,,5,3,2024-04-06 01:00:00,KNYC0
2024-04-06 02:00:00-04:00,6.0,59,0.0,,304,6.0,,1007.0,,7,3,2024-04-06 02:00:00,KNYC0
2024-04-06 03:00:00-04:00,6.0,62,0.0,,280,15.0,,1007.0,,7,3,2024-04-06 03:00:00,KNYC0
2024-04-06 04:00:00-04:00,6.0,62,0.0,,313,7.0,,1008.0,,7,3,2024-04-06 04:00:00,KNYC0
2024-04-06 05:00:00-04:00,6.0,64,0.0,,312,7.0,,1008.0,,6,3,2024-04-06 05:00:00,KNYC0
2024-04-06 06:00:00-04:00,6.0,64,0.0,,309,11.0,,1008.0,,4,3,2024-04-06 06:00:00,KNYC0
2024-04-06 07:00:00-04:00,6.0,62,0.0,,290,19.0,,1009.0,,3,3,2024-04-06 07:00:00,KNYC0
2024-04-06 08:00:00-04:00,7.0,58,0.0,,340,13.0,,1009.0,,6,3,2024-04-06 08:00:00,KNYC0
2024-04-06 09:00:00-04:00,8.0,58,0.1,,50,19.0,,1009.0,,6,17,2024-04-06 09:00:00,KNYC0
2024-04-06 10:00:00-04:00,9.0,50,0.0,,344,27.7,,1010.0,,7,3,2024-04-06 10:00:00,KNYC0
2024-04-06 11:00:00-04:00,10.0,37,0.0,,340,17.0,,1010.0,,8,3,2024-04-06 11:00:00,KNYC0
2024-04-06 12:00:00-04:00,10.0,37,0.0,,340,13.0,,1010.0,,8,3,2024-04-06 12:00:00,KNYC0
2024-04-06 13:00:00-04:00,11.0,35,0.0,,344,29.5,,1010.0,,5,3,2024-04-06 13:00:00,KNYC0
2024-04-06 14:00:00-04:00,12.0,33,0.0,,340,27.7,,1010.0,,8,3,2024-04-06 14:00:00,KNYC0
2024-04-06 15:00:00-04:00,12.0,33,0.0,,338,11.0,,1010.0,,8,3,2024-04-06 15:00:00,KNYC0
2024-04-06 16:00:00-04:00,11.0,35,0.0,,339,27.0,,1011.0,,8,3,2024-04-06 16:00:00,KNYC0
2024-04-06 17:00:00-04:00,11.0,35,0.0,,320,13.0,,1011.0,,8,3,2024-04-06 17:00:00,KNYC0
2024-04-06 18:00:00-04:00,11.0,39,0.0,,330,13.0,,1012.0,,2,3,2024-04-06 18:00:00,KNYC0
2024-04-06 19:00:00-04:00,11.0,39,0.0,,20,13.0,,1013.0,,2,2,2024-04-06 19:00:00,KNYC0
2024-04-06 20:00:00-04:00,9.0,44,0.0,,20,15.0,,1014.0,,4,2,2024-04-06 20:00:00,KNYC0
2024-04-06 21:00:00-04:00,9.0,44,0.0,,340,9.0,,1014.0,,2,3,2024-04-06 21:00:00,KNYC0
2024-04-06 22:00:00-04:00,8.0,46,0.0,,3,7.0,,1015.0,,1,2,2024-04-06 22:00:00,KNYC0
2024-04-06 23:00:00-04:00,8.0,48,0.0,,50,13.0,,1015.0,,0,2,2024-04-06 23:00:00,KNYC0
2024-04-07 00:00:00-04:00,7.0,49,0.0,,360,17.0,,1016.0,,1,1,2024-04-07 00:00:00,KNYC0
2024-04-07 01:00:00-04:00,7.0,49,0.0,,340,13.0,,1016.0,,1,2,2024-04-07 01:00:00,KNYC0
2024-04-07 02:00:00-04:00,7.0,51,0.0,,320,6.0,,1015.0,,1,2,2024-04-07 02:00:00,KNYC0
2024-04-07 03:00:00-04:00,7.0,51,0.0,,331,11.5,,1016.0,,2,1,2024-04-07 03:00:00,KNYC0
2024-04-07 04:00:00-04:00,7.0,53,0.0,,10,11.0,,1016.0,,3,2,2024-04-07 04:00:00,KNYC0
2024-04-07 05:00:00-04:00,6.0,57,0.0,,342,9.0,,1016.0,,3,2,2024-04-07 05:00:00,KNYC0
2024-04-07 06:00:00-04:00,7.0,58,0.0,,347,9.0,,1017.0,,3,3,2024-04-07 06:00:00,KNYC0
2024-04-07 07:00:00-04:00,7.0,58,0.0,,344,9.0,,1018.0,,0,2,2024-04-07 07:00:00,KNYC0
2024-04-07 08:00:00-04:00,8.0,52,0.0,,350,15.0,,1018.0,,2,1,2024-04-07 08:00:00,KNYC0
2024-04-07 09:00:00-04:00,10.0,44,0.0,,20,20.0,,1019.0,,2,2,2024-04-07 09:00:00,KNYC0
2024-04-07 10:00:00-04:00,10.0,42,0.0,,0,22.7,,1019.0,,4,2,2024-04-07 10:00:00,KNYC0
2024-04-07 11:00:00-04:00,11.0,38,0.0,,0,11.0,,1019.0,,6,3,2024-04-07 11:00:00,KNYC0
2024-04-07 12:00:00-04:00,13.0,34,0.0,,355,9.0,,1019.0,,7,3,2024-04-07 12:00:00,KNYC0
2024-04-07 13:00:00-04:00,15.0,32,0.0,,40,13.0,,1018.0,,8,3,2024-04-07 13:00:00,KNYC0
2024-04-07 14:00:00-04:00,14.0,33,0.0,,30,24.0,,1018.0,,8,3,2024-04-07 14:00:00,KNYC0
2024-04-07 15:00:00-04:00,15.0,31,0.0,,40,17.0,,1018.0,,8,3,2024-04-07 15:00:00,KNYC0
2024-04-07 16:00:00-04:00,14.0,30,0.0,,10,19.0,,1018.0,,6,3,2024-04-07 16:00:00,KNYC0
2024-04-07 17:00:00-04:00,14.0,29,0.0,,40,13.0,,1019.0,,0,3,2024-04-07 17:00:00,KNYC0
2024-04-07 18:00:00-04:00,13.0,31,0.0,,20,13.0,,1019.0,,0,1,2024-04-07 18:00:00,KNYC0
2024-04-07 19:00:00-04:00,13.0,33,0.0,,50,6.0,,1019.0,,0,1,2024-04-07 19:00:00,KNYC0
2024-04-07 20:00:00-04:00,11.0,52,0.0,,22,7.0,,1020.0,,0,1,2024-04-07 20:00:00,KNYC0
2024-04-07 21:00:00-04:00,9.0,61,0.0,,11,11.9,,1021.0,,0,1,2024-04-07 21:00:00,KNYC0
2024-04-07 22:00:00-04:00,9.0,63,0.0,,359,13.0,,1021.0,,0,1,2024-04-07 22:00:00,KNYC0
2024-04-07 23:00:00-04:00,9.0,56,0.0,,240,6.0,,1022.0,,0,1,2024-04-07 23:00:00,KNYC0
2024-04-08 00:00:00-04:00,8.0,61,0.0,,260,9.0,,1022.0,,0,1,2024-04-08 00:00:00,KNYC0
2024-04-08 01:00:00-04:00,8.0,61,0.0,,280,11.0,,1022.0,,0,1,2024-04-08 01:00:00,KNYC0
2024-04-08 02:00:00-04:00,8.0,56,0.0,,343,6.0,,1022.0,,0,1,2024-04-08 02:00:00,KNYC0
2024-04-08 03:00:00-04:00,8.0,55,0.0,,352,13.7,,1022.0,,0,1,2024-04-08 03:00:00,KNYC0
2024-04-08 04:00:00-04:00,7.0,49,0.0,,351,14.0,,1022.0,,0,1,2024-04-08 04:00:00,KNYC0
2024-04-08 05:00:00-04:00,6.0,53,0.0,,341,12.2,,1022.0,,0,1,2024-04-08 05:00:00,KNYC0
2024-04-08 06:00:00-04:00,7.0,47,0.0,,280,6.0,,1022.0,,0,1,2024-04-08 06:00:00,KNYC0
2024-04-08 07:00:00-04:00,7.0,47,0.0,,270,7.0,,1023.0,,1,1,2024-04-08 07:00:00,KNYC0
2024-04-08 08:00:00-04:00,9.0,41,0.0,,300,11.0,,1023.0,,6,2,2024-04-08 08:00:00,KNYC0
2024-04-08 09:00:00-04:00,12.0,37,0.0,,294,6.0,,1023.0,,5,3,2024-04-08 09:00:00,KNYC0
2024-04-08 10:00:00-04:00,14.0,25,0.0,,314,6.0,,1023.0,,7,3,2024-04-08 10:00:00,KNYC0
2024-04-08 11:00:00-04:00,16.0,20,0.0,,284,7.0,,1023.0,,4,3,2024-04-08 11:00:00,KNYC0
2024-04-08 12:00:00-04:00,18.0,18,0.0,,270,9.0,,1022.0,,4,3,2024-04-08 12:00:00,KNYC0
2024-04-08 13:00:00-04:00,19.0,17,0.0,,260,6.0,,1021.0,,8,3,2024-04-08 13:00:00,KNYC0
2024-04-08 14:00:00-04:00,19.0,16,0.0,,248,9.4,,1020.0,,8,3,2024-04-08 14:00:00,KNYC0
2024-04-08 15:00:00-04:00,17.0,19,0.0,,240,10.4,,1020.0,,8,3,2024-04-08 15:00:00,KNYC0
2024-04-08 16:00:00-04:00,19.0,18,0.0,,229,9.0,,1019.0,,7,3,2024-04-08 16:00:00,KNYC0
2024-04-08 17:00:00-04:00,17.0,25,0.0,,187,16.6,,1019.0,,8,3,2024-04-08 17:00:00,KNYC0
2024-04-08 18:00:00-04:00,14.0,40,0.0,,169,16.2,,1019.0,,2,3,2024-04-08 18:00:00,KNYC0
2024-04-08 19:00:00-04:00,15.0,36,0.3,,174,13.0,,1019.0,,7,17,2024-04-08 19:00:00,KNYC0
2024-04-08 20:00:00-04:00,15.0,41,0.0,,180,10.1,,1020.0,,7,3,2024-04-08 20:00:00,KNYC0
2024-04-08 21:00:00-04:00,14.0,44,0.0,,186,10.8,,1019.0,,8,3,2024-04-08 21:00:00,KNYC0
2024-04-08 22:00:00-04:00,14.0,44,0.2,,184,9.7,,1019.0,,8,7,2024-04-08 22:00:00,KNYC0
2024-04-08 23:00:00-04:00,13.0,47,0.0,,198,9.4,,1019.0,,7,3,2024-04-08 23:00:00,KNYC0
2024-04-09 00:00:00-04:00,13.0,47,0.0,,202,6.0,,1019.0,,7,3,2024-04-09 00:00:00,KNYC0
2024-04-09 01:00:00-04:00,14.0,44,0.0,,258,8.3,,1019.0,,1,3,2024-04-09 01:00:00,KNYC0
2024-04-09 02:00:00-04:00,15.0,38,0.0,,265,9.4,,1018.0,,3,2,2024-04-09 02:00:00,KNYC0
2024-04-09 03:00:00-04:00,15.0,39,0.0,,282,9.0,,1018.0,,2,3,2024-04-09 03:00:00,KNYC0
2024-04-09 04:00:00-04:00,14.0,42,0.0,,302,8.3,,1017.0,,1,2,2024-04-09 04:00:00,KNYC0
2024-04-09 05:00:00-04:00,13.0,47,0.0,,289,7.6,,1017.0,,0,1,2024-04-09 05:00:00,KNYC0
2024-04-09 06:00:00-04:00,13.0,45,0.0,,270,9.0,,1018.0,,7,1,2024-04-09 06:00:00,KNYC0
2024-04-09 07:00:00-04:00,14.0,42,0.0,,270,6.0,,1018.0,,5,3,2024-04-09 07:00:00,KNYC0
2024-04-09 08:00:00-04:00,16.0,41,0.0,,310,6.0,,1018.0,,7,3,2024-04-09 08:00:00,KNYC0
2024-04-09 09:00:00-04:00,18.0,35,0.0,,317,6.5,,1018.0,,8,3,2024-04-09 09:00:00,KNYC0
2024-04-09 10:00:00-04:00,20.0,30,0.0,,329,7.0,,1018.0,,8,3,2024-04-09 10:00:00,KNYC0
2024-04-09 11:00:00-04:00,22.0,27,0.0,,60,7.0,,1018.0,,8,3,2024-04-09 11:00:00,KNYC0
2024-04-09 12:00:00-04:00,24.0,24,0.0,,13,6.8,,1018.0,,8,3,2024-04-09 12:00:00,KNYC0
2024-04-09 13:00:00-04:00,26.0,23,0.0,,318,6.0,,1018.0,,8,3,2024-04-09 13:00:00,KNYC0
2024-04-09 14:00:00-04:00,26.0,22,0.0,,110,6.0,,1017.0,,8,3,2024-04-09 14:00:00,KNYC0
2024-04-09 15:00:00-04:00,26.0,23,0.0,,200,7.0,,1017.0,,8,3,2024-04-09 15:00:00,KNYC0
2024-04-09 16:00:00-04:00,24.0,25,0.0,,215,6.0,,1016.0,,8,3,2024-04-09 16:00:00,KNYC0
2024-04-09 17:00:00-04:00,22.0,30,0.0,,181,14.4,,1017.0,,8,3,2024-04-09 17:00:00,KNYC0
2024-04-09 18:00:00-04:00,18.0,34,0.0,,167,9.0,,1017.0,,8,3,2024-04-09 18:00:00,KNYC0
2024-04-09 19:00:00-04:00,17.0,37,0.0,,170,13.0,,1017.0,,8,3,2024-04-09 19:00:00,KNYC0
2024-04-09 20:00:00-04:00,18.0,40,0.0,,178,9.0,,1017.0,,5,3,2024-04-09 20:00:00,KNYC0
2024-04-09 21:00:00-04:00,18.0,39,0.0,,176,15.1,,1017.0,,8,3,2024-04-09 21:00:00,KNYC0
2024-04-09 22:00:00-04:00,17.0,41,0.0,,150,6.0,,1017.0,,8,3,2024-04-09 22:00:00,KNYC0
2024-04-09 23:00:00-04:00,16.0,47,0.0,,160,10.4,,1017.0,,8,3,2024-04-09 23:00:00,KNYC0
2024-04-10 00:00:00-04:00,15.0,51,0.0,,30,7.0,,1017.0,,8,3,2024-04-10 00:00:00,KNYC0
2024-04-10 01:00:00-04:00,14.0,55,0.0,,80,7.0,,1017.0,,8,3,2024-04-10 01:00:00,KNYC0
2024-04-10 02:00:00-04:00,13.0,55,0.0,,111,6.0,,1017.0,,8,3,2024-04-10 02:00:00,KNYC0
2024-04-10 03:00:00-04:00,12.0,61,0.0,,111,7.0,,1017.0,,8,3,2024-04-10 03:00:00,KNYC0
2024-04-10 04:00:00-04:00,12.0,64,0.0,,90,11.0,,1017.0,,8,3,2024-04-10 04:00:00,KNYC0
2024-04-10 05:00:00-04:00,12.0,66,0.0,,95,7.0,,1018.0,,8,3,2024-04-10 05:00:00,KNYC0
2024-04-10 06:00:00-04:00,12.0,69,0.0,,90,13.0,,1019.0,,8,3,2024-04-10 06:00:00,KNYC0
2024-04-10 07:00:00-04:00,12.0,69,0.0,,90,15.0,,1019.0,,8,3,2024-04-10 07:00:00,KNYC0
2024-04-10 08:00:00-04:00,13.0,66,0.0,,70,11.0,,1019.0,,7,3,2024-04-10 08:00:00,KNYC0
2024-04-10 09:00:00-04:00,14.0,64,0.0,,108,9.0,,1019.0,,8,3,2024-04-10 09:00:00,KNYC0
2024-04-10 10:00:00-04:00,15.0,60,0.0,,60,11.0,,1019.0,,8,3,2024-04-10 10:00:00,KNYC0
2024-04-10 11:00:00-04:00,16.0,60,0.0,,50,15.0,,1019.0,,8,3,2024-04-10 11:00:00,KNYC0
2024-04-10 12:00:00-04:00,17.0,56,0.0,,60,17.0,,1018.0,,8,3,2024-04-10 12:00:00,KNYC0
2024-04-10 13:00:00-04:00,17.0,56,0.0,,90,11.0,,1018.0,,8,3,2024-04-10 13:00:00,KNYC0
2024-04-10 14:00:00-04:00,19.0,54,0.0,,90,13.0,,1017.0,,8,3,2024-04-10 14:00:00,KNYC0
2024-04-10 15:00:00-04:00,17.0,58,0.0,,60,13.0,,1016.0,,8,3,2024-04-10 15:00:00,KNYC0
2024-04-10 16:00:00-04:00,17.0,56,0.0,,40,9.0,,1017.0,,8,3,2024-04-10 16:00:00,KNYC0
2024-04-10 17:00:00-04:00,16.0,60,0.0,,50,13.0,,1017.0,,8,3,2024-04-10 17:00:00,KNYC0
2024-04-10 18:00:00-04:00,15.0,64,0.0,,127,6.0,,1017.0,,3,3,2024-04-10 18:00:00,KNYC0
2024-04-10 19:00:00-04:00,13.0,72,0.0,,125,6.0,,1017.0,,2,3,2024-04-10 19:00:00,KNYC0
2024-04-10 20:00:00-04:00,12.0,75,0.0,,118,9.0,,1018.0,,8,2,2024-04-10 20:00:00,KNYC0
2024-04-10 21:00:00-04:00,12.0,80,0.0,,50,15.0,,1018.0,,7,3,2024-04-10 21:00:00,KNYC0
2024-04-10 22:00:00-04:00,11.0,77,0.0,,50,19.0,,1018.0,,8,3,2024-04-10 22:00:00,KNYC0
2024-04-10 23:00:00-04:00,11.0,77,0.0,,37,11.0,,1018.0,,8,3,2024-04-10 23:00:00,KNYC0
2024-04-11 00:00:00-04:00,11.0,80,0.0,,70,6.0,,1018.0,,8,3,2024-04-11 00:00:00,KNYC0
2024-04-11 01:00:00-04:00,11.0,83,0.0,,60,15.0,,1018.0,,8,3,2024-04-11 01:00:00,KNYC0
2024-04-11 02:00:00-04:00,11.0,80,0.0,,60,13.0,,1018.0,,8,3,2024-04-11 02:00:00,KNYC0
2024-04-11 03:00:00-04:00,11.0,83,0.0,,60,11.0,,1017.0,,8,5,2024-04-11 03:00:00,KNYC0
2024-04-11 04:00:00-04:00,11.0,86,0.0,,60,13.0,,1017.0,,8,3,2024-04-11 04:00:00,KNYC0
2024-04-11 05:00:00-04:00,11.0,86,0.0,,90,13.0,,1016.0,,8,3,2024-04-11 05:00:00,KNYC0
2024-04-11 06:00:00-04:00,11.0,89,0.0,,70,7.0,,1017.0,,8,5,2024-04-11 06:00:00,KNYC0
2024-04-11 07:00:00-04:00,11.0,89,0.2,,70,7.0,,1017.0,,8,7,2024-04-11 07:00:00,KNYC0
2024-04-11 08:00:00-04:00,11.0,89,0.5,,68,11.9,,1017.0,,8,8,2024-04-11 08:00:00,KNYC0
2024-04-11 09:00:00-04:00,11.0,89,1.7,,80,14.0,,1017.0,,8,9,2024-04-11 09:00:00,KNYC0
2024-04-11 10:00:00-04:00,12.0,86,1.9,,70,11.0,,1017.0,,8,5,2024-04-11 10:00:00,KNYC0
2024-04-11 11:00:00-04:00,13.0,83,0.0,,120,9.0,,1016.0,,8,5,2024-04-11 11:00:00,KNYC0
2024-04-11 12:00:00-04:00,14.0,77,0.0,,70,15.0,,1015.0,,8,3,2024-04-11 12:00:00,KNYC0
2024-04-11 13:00:00-04:00,16.0,69,0.0,,139,7.0,,1014.0,,8,3,2024-04-11 13:00:00,KNYC0
2024-04-11 14:00:00-04:00,16.0,69,0.0,,142,11.0,,1014.0,,8,3,2024-04-11 14:00:00,KNYC0
2024-04-11 15:00:00-04:00,16.0,80,0.0,,140,13.0,,1013.0,,8,3,2024-04-11 15:00:00,KNYC0
2024-04-11 16:00:00-04:00,16.0,83,0.0,,146,24.8,,1012.0,,4,3,2024-04-11 16:00:00,KNYC0
2024-04-11 17:00:00-04:00,15.0,87,0.0,,149,6.0,,1012.0,,7,3,2024-04-11 17:00:00,KNYC0
2024-04-11 18:00:00-04:00,16.0,86,0.2,,150,11.0,,1010.0,,8,7,2024-04-11 18:00:00,KNYC0
2024-04-11 19:00:00-04:00,16.0,90,0.9,,136,21.2,,1009.0,,8,8,2024-04-11 19:00:00,KNYC0
2024-04-11 20:00:00-04:00,16.0,93,0.4,,140,13.0,,1009.0,,8,8,2024-04-11 20:00:00,KNYC0
2024-04-11 21:00:00-04:00,16.0,90,0.7,,148,11.0,,1009.0,,8,8,2024-04-11 21:00:00,KNYC0
2024-04-11 22:00:00-04:00,16.0,90,0.4,,148,7.0,,1008.0,,8,8,2024-04-11 22:00:00,KNYC0
2024-04-11 23:00:00-04:00,16.0,90,0.0,,130,17.0,,1006.0,,8,5,2024-04-11 23:00:00,KNYC0
2024-04-12 00:00:00-04:00,16.0,90,0.4,,150,31.3,,1004.0,,8,8,2024-04-12 00:00:00,KNYC0
2024-04-12 01:00:00-04:00,16.0,90,0.2,,140,13.0,,1003.0,,8,7,2024-04-12 01:00:00,KNYC0
2024-04-12 02:00:00-04:00,16.0,90,0.3,,150,17.0,,1001.0,,8,8,2024-04-12 02:00:00,KNYC0
2024-04-12 03:00:00-04:00,16.0,90,0.9,,160,15.0,,1001.0,,8,8,2024-04-12 03:00:00,KNYC0
2024-04-12 04:00:00-04:00,16.0,90,5.1,,148,6.0,,999.0,,8,9,2024-04-12 04:00:00,KNYC0
2024-04-12 05:00:00-04:00,15.0,90,1.8,,169,11.0,,999.0,,8,5,2024-04-12 05:00:00,KNYC0
2024-04-12 06:00:00-04:00,15.0,90,0.3,,150,15.0,,998.0,,8,5,2024-04-12 06:00:00,KNYC0
2024-04-12 07:00:00-04:00,15.0,90,0.0,,160,15.0,,997.0,,8,5,2024-04-12 07:00:00,KNYC0
2024-04-12 08:00:00-04:00,14.0,90,0.0,,170,35.6,,997.0,,8,5,2024-04-12 08:00:00,KNYC0
2024-04-12 09:00:00-04:00,14.0,93,0.0,,140,17.0,,996.0,,8,5,2024-04-12 09:00:00,KNYC0
2024-04-12 10:00:00-04:00,14.0,90,0.0,,140,11.0,,995.0,,8,5,2024-04-12 10:00:00,KNYC0
2024-04-12 11:00:00-04:00,16.0,83,2.6,,130,13.0,,994.0,,7,5,2024-04-12 11:00:00,KNYC0
2024-04-12 12:00:00-04:00,16.0,81,6.2,,186,6.0,,993.0,,8,5,2024-04-12 12:00:00,KNYC0
2024-04-12 13:00:00-04:00,14.0,87,2.1,,238,29.5,,994.0,,8,9,2024-04-12 13:00:00,KNYC0
2024-04-12 14:00:00-04:00,16.0,67,1.2,,240,15.0,,995.0,,7,9,2024-04-12 14:00:00,KNYC0
2024-04-12 15:00:00-04:00,17.0,54,0.0,,241,36.4,,996.0,,2,3,2024-04-12 15:00:00,KNYC0
2024-04-12 16:00:00-04:00,16.0,52,0.0,,250,13.0,,997.0,,5,2,2024-04-12 16:00:00,KNYC0
2024-04-12 17:00:00-04:00,17.0,46,0.0,,250,19.0,,998.0,,2,3,2024-04-12 17:00:00,KNYC0
2024-04-12 18:00:00-04:00,17.0,44,0.0,,250,15.0,,998.0,,1,2,2024-04-12 18:00:00,KNYC0
2024-04-12 19:00:00-04:00,17.0,43,0.0,,230,17.0,,999.0,,0,2,2024-04-12 19:00:00,KNYC0
2024-04-12 20:00:00-04:00,15.0,49,0.0,,237,19.1,,1000.0,,0,1,2024-04-12 20:00:00,KNYC0
2024-04-12 21:00:00-04:00,15.0,51,0.0,,225,9.0,,1000.0,,0,1,2024-04-12 21:00:00,KNYC0
2024-04-12 22:00:00-04:00,14.0,53,0.0,,221,24.8,,1000.0,,0,1,2024-04-12 22:00:00,KNYC0
2024-04-12 23:00:00-04:00,14.0,56,0.0,,240,19.0,,1000.0,,1,1,2024-04-12 23:00:00,KNYC0
2024-04-13 00:00:00-04:00,13.0,57,0.0,,225,7.0,,1000.0,,3,2,2024-04-13 00:00:00,KNYC0
2024-04-13 01:00:00-04:00,13.0,59,0.0,,220,9.0,,1000.0,,1,3,2024-04-13 01:00:00,KNYC0
2024-04-13 02:00:00-04:00,13.0,59,0.0,,223,27.4,,999.0,,7,2,2024-04-13 02:00:00,KNYC0
2024-04-13 03:00:00-04:00,12.0,57,0.0,,240,24.0,,999.0,,2,3,2024-04-13 03:00:00,KNYC0
2024-04-13 04:00:00-04:00,11.0,59,0.0,,240,19.0,,1000.0,,6,2,2024-04-13 04:00:00,KNYC0
2024-04-13 05:00:00-04:00,10.0,58,0.0,,270,20.0,,1001.0,,8,3,2024-04-13 05:00:00,KNYC0
2024-04-13 06:00:00-04:00,10.0,54,0.0,,290,13.0,,1002.0,,5,3,2024-04-13 06:00:00,KNYC0
2024-04-13 07:00:00-04:00,10.0,58,0.0,,280,17.0,,1002.0,,8,3,2024-04-13 07:00:00,KNYC0
2024-04-13 08:00:00-04:00,11.0,52,0.0,,256,29.9,,1003.0,,8,3,2024-04-13 08:00:00,KNYC0
2024-04-13 09:00:00-04:00,11.0,48,0.0,,250,15.0,,1003.0,,8,3,2024-04-13 09:00:00,KNYC0
2024-04-13 10:00:00-04:00,9.0,63,0.0,,280,15.0,,1004.0,,8,3,2024-04-13 10:00:00,KNYC0
2024-04-13 11:00:00-04:00,10.0,58,0.0,,280,24.0,,1005.0,,8,3,2024-04-13 11:00:00,KNYC0
2024-04-13 12:00:00-04:00,10.0,58,0.0,,270,15.0,,1005.0,,8,3,2024-04-13 12:00:00,KNYC0
2024-04-13 13:00:00-04:00,11.0,54,0.1,,280,17.0,,1005.0,,8,7,2024-04-13 13:00:00,KNYC0
2024-04-13 14:00:00-04:00,12.0,48,0.2,,270,24.0,,1005.0,,8,7,2024-04-13 14:00:00,KNYC0
2024-04-13 15:00:00-04:00,12.0,47,0.4,,280,28.0,,1006.0,,8,8,2024-04-13 15:00:00,KNYC0
2024-04-13 16:00:00-04:00,12.0,48,0.1,,280,22.0,,1006.0,,8,7,2024-04-13 16:00:00,KNYC0
2024-04-13 17:00:00-04:00,12.0,47,0.0,,290,22.0,,1007.0,,8,3,2024-04-13 17:00:00,KNYC0
2024-04-13 18:00:00-04:00,12.0,43,0.0,,280,19.0,,1008.0,,8,3,2024-04-13 18:00:00,KNYC0
2024-04-13 19:00:00-04:00,12.0,43,0.0,,280,22.0,,1009.0,,8,3,2024-04-13 19:00:00,KNYC0
2024-04-13 20:00:00-04:00,11.0,44,0.0,,284,9.0,,1011.0,,1,3,2024-04-13 20:00:00,KNYC0
2024-04-13 21:00:00-04:00,11.0,46,0.0,,290,17.0,,1011.0,,1,2,2024-04-13 21:00:00,KNYC0
2024-04-13 22:00:00-04:00,11.0,46,0.0,,280,20.0,,1012.0,,2,1,2024-04-13 22:00:00,KNYC0
2024-04-13 23:00:00-04:00,11.0,46,0.0,,280,19.0,,1012.0,,0,2,2024-04-13 23:00:00,KNYC0
2024-04-14 00:00:00-04:00,11.0,46,0.0,,270,26.0,,1013.0,,0,1,2024-04-14 00:00:00,KNYC0
2024-04-14 01:00:00-04:00,10.0,48,0.0,,280,17.0,,1013.0,,0,1,2024-04-14 01:00:00,KNYC0
2024-04-14 02:00:00-04:00,10.0,48,0.0,,270,11.0,,1013.0,,1,1,2024-04-14 02:00:00,KNYC0
2024-04-14 03:00:00-04:00,10.0,48,0.0,,277,9.0,,1014.0,,2,2,2024-04-14 03:00:00,KNYC0
2024-04-14 04:00:00-04:00,9.0,50,0.0,,277,16.9,,1014.0,,2,2,2024-04-14 04:00:00,KNYC0
2024-04-14 05:00:00-04:00,9.0,50,0.0,,272,16.2,,1014.0,,0,2,2024-04-14 05:00:00,KNYC0
2024-04-14 06:00:00-04:00,10.0,48,0.0,,267,14.8,,1015.0,,8,1,2024-04-14 06:00:00,KNYC0
2024-04-14 07:00:00-04:00,11.0,48,0.0,,260,9.0,,1016.0,,8,3,2024-04-14 07:00:00,KNYC0
2024-04-14 08:00:00-04:00,12.0,41,0.0,,255,7.0,,1016.0,,3,3,2024-04-14 08:00:00,KNYC0
2024-04-14 09:00:00-04:00,15.0,34,0.0,,248,11.0,,1015.0,,8,2,2024-04-14 09:00:00,KNYC0
2024-04-14 10:00:00-04:00,17.0,34,0.0,,240,7.0,,1014.0,,8,3,2024-04-14 10:00:00,KNYC0
2024-04-14 11:00:00-04:00,19.0,29,0.0,,240,13.0,,1013.0,,8,3,2024-04-14 11:00:00,KNYC0
2024-04-14 12:00:00-04:00,18.0,29,0.0,,227,21.6,,1013.0,,7,3,2024-04-14 12:00:00,KNYC0
2024-04-14 13:00:00-04:00,17.0,38,0.0,,211,6.0,,1009.0,,8,3,2024-04-14 13:00:00,KNYC0
2024-04-14 14:00:00-04:00,22.0,29,1.7,,211,20.5,,1008.0,,8,9,2024-04-14 14:00:00,KNYC0
2024-04-14 15:00:00-04:00,23.0,28,1.3,,197,17.6,,1006.0,,8,9,2024-04-14 15:00:00,KNYC0
2024-04-14 16:00:00-04:00,23.0,29,0.0,,159,6.0,,1005.0,,8,3,2024-04-14 16:00:00,KNYC0
2024-04-14 17:00:00-04:00,23.0,26,0.0,,220,13.0,,1005.0,,8,3,2024-04-14 17:00:00,KNYC0
2024-04-14 18:00:00-04:00,22.0,29,0.0,,179,20.5,,1005.0,,7,3,2024-04-14 18:00:00,KNYC0
2024-04-14 19:00:00-04:00,17.0,50,0.0,,212,19.4,,1006.0,,8,3,2024-04-14 19:00:00,KNYC0
2024-04-14 20:00:00-04:00,16.0,54,0.0,,212,6.0,,1009.0,,8,3,2024-04-14 20:00:00,KNYC0
2024-04-14 21:00:00-04:00,16.0,80,0.0,,200,13.0,,1007.0,,8,3,2024-04-14 21:00:00,KNYC0
2024-04-14 22:00:00-04:00,18.0,63,0.0,,250,15.0,,1007.0,,8,3,2024-04-14 22:00:00,KNYC0
2024-04-14 23:00:00-04:00,17.0,67,0.0,,250,6.0,,1008.0,,8,3,2024-04-14 23:00:00,KNYC0
2024-04-15 00:00:00-04:00,17.0,70,0.0,,240,6.0,,1008.0,,8,3,2024-04-15 00:00:00,KNYC0
2024-04-15 01:00:00-04:00,17.0,72,0.0,,230,13.0,,1008.0,,8,3,2024-04-15 01:00:00,KNYC0
2024-04-15 02:00:00-04:00,17.0,67,0.0,,258,6.0,,1008.0,,5,3,2024-04-15 02:00:00,KNYC0
2024-04-15 03:00:00-04:00,17.0,70,0.0,,268,14.0,,1008.0,,2,3,2024-04-15 03:00:00,KNYC0
2024-04-15 04:00:00-04:00,17.0,70,0.0,,283,12.2,,1008.0,,1,2,2024-04-15 04:00:00,KNYC0
2024-04-15 05:00:00-04:00,16.0,72,0.0,,293,6.0,,1008.0,,0,1,2024-04-15 05:00:00,KNYC0
2024-04-15 06:00:00-04:00,16.0,72,0.0,,273,7.0,,1009.0,,1,1,2024-04-15 06:00:00,KNYC0
2024-04-15 07:00:00-04:00,17.0,70,0.0,,272,10.4,,1010.0,,0,1,2024-04-15 07:00:00,KNYC0
2024-04-15 08:00:00-04:00,18.0,68,0.0,,282,7.0,,1011.0,,0,1,2024-04-15 08:00:00,KNYC0
2024-04-15 09:00:00-04:00,21.0,51,0.0,,300,13.0,,1011.0,,7,1,2024-04-15 09:00:00,KNYC0
2024-04-15 10:00:00-04:00,23.0,29,0.0,,290,11.0,,1011.0,,6,3,2024-04-15 10:00:00,KNYC0
2024-04-15 11:00:00-04:00,26.0,22,0.0,,300,11.0,,1011.0,,5,3,2024-04-15 11:00:00,KNYC0
2024-04-15 12:00:00-04:00,27.0,21,0.0,,260,15.0,,1010.0,,2,3,2024-04-15 12:00:00,KNYC0
2024-04-15 13:00:00-04:00,27.0,21,0.0,,278,17.6,,1010.0,,0,2,2024-04-15 13:00:00,KNYC0
2024-04-15 14:00:00-04:00,27.0,23,0.0,,281,25.2,,1010.0,,0,1,2024-04-15 14:00:00,KNYC0
2024-04-15 15:00:00-04:00,27.0,24,0.0,,260,17.0,,1010.0,,1,1,2024-04-15 15:00:00,KNYC0
2024-04-15 16:00:00-04:00,26.0,26,0.0,,275,9.0,,1010.0,,1,1,2024-04-15 16:00:00,KNYC0
2024-04-15 17:00:00-04:00,26.0,29,0.0,,282,18.7,,1010.0,,1,2,2024-04-15 17:00:00,KNYC0
2024-04-15 18:00:00-04:00,25.0,29,0.0,,260,15.5,,1010.0,,1,1,2024-04-15 18:00:00,KNYC0
2024-04-15 19:00:00-04:00,23.0,37,0.0,,252,13.3,,1011.0,,1,1,2024-04-15 19:00:00,KNYC0
2024-04-15 20:00:00-04:00,21.0,42,0.0,,30,17.0,,1012.0,,0,1,2024-04-15 20:00:00,KNYC0
2024-04-15 21:00:00-04:00,19.0,37,0.0,,30,19.0,,1014.0,,1,1,2024-04-15 21:00:00,KNYC0
2024-04-15 22:00:00-04:00,17.0,39,0.0,,20,15.0,,1015.0,,0,1,2024-04-15 22:00:00,KNYC0
2024-04-15 23:00:00-04:00,15.0,44,0.0,,15,20.9,,1017.0,,0,1,2024-04-15 23:00:00,KNYC0
2024-04-16 00:00:00-04:00,14.0,44,0.0,,4,6.0,,1018.0,,0,1,2024-04-16 00:00:00,KNYC0
2024-04-16 01:00:00-04:00,14.0,44,0.0,,352,9.7,,1018.0,,0,1,2024-04-16 01:00:00,KNYC0
2024-04-16 02:00:00-04:00,13.0,45,0.0,,300,6.0,,1018.0,,0,1,2024-04-16 02:00:00,KNYC0
2024-04-16 03:00:00-04:00,13.0,40,0.0,,270,6.0,,1019.0,,0,1,2024-04-16 03:00:00,KNYC0
2024-04-16 04:00:00-04:00,13.0,45,0.0,,280,7.0,,1019.0,,0,1,2024-04-16 04:00:00,KNYC0
2024-04-16 05:00:00-04:00,13.0,45,0.0,,300,7.0,,1020.0,,0,1,2024-04-16 05:00:00,KNYC0
2024-04-16 06:00:00-04:00,12.0,45,0.0,,310,9.0,,1021.0,,0,1,2024-04-16 06:00:00,KNYC0
2024-04-16 07:00:00-04:00,13.0,43,0.0,,312,9.0,,1021.0,,0,1,2024-04-16 07:00:00,KNYC0
2024-04-16 08:00:00-04:00,14.0,37,0.0,,315,6.0,,1022.0,,0,1,2024-04-16 08:00:00,KNYC0
2024-04-16 09:00:00-04:00,16.0,35,0.0,,320,16.6,,1022.0,,0,1,2024-04-16 09:00:00,KNYC0
2024-04-16 10:00:00-04:00,17.0,30,0.0,,327,20.5,,1022.0,,0,1,2024-04-16 10:00:00,KNYC0
2024-04-16 11:00:00-04:00,19.0,23,0.0,,326,6.0,,1022.0,,0,1,2024-04-16 11:00:00,KNYC0
2024-04-16 12:00:00-04:00,20.0,21,0.0,,311,11.0,,1021.0,,0,1,2024-04-16 12:00:00,KNYC0
2024-04-16 13:00:00-04:00,22.0,18,0.0,,299,7.0,,1021.0,,0,1,2024-04-16 13:00:00,KNYC0
2024-04-16 14:00:00-04:00,23.0,16,0.0,,302,9.0,,1020.0,,0,1,2024-04-16 14:00:00,KNYC0
2024-04-16 15:00:00-04:00,23.0,15,0.0,,280,17.0,,1020.0,,0,1,2024-04-16 15:00:00,KNYC0
2024-04-16 16:00:00-04:00,23.0,15,0.0,,280,17.0,,1020.0,,0,1,2024-04-16 16:00:00,KNYC0
2024-04-16 17:00:00-04:00,22.0,18,0.0,,302,15.5,,1020.0,,0,1,2024-04-16 17:00:00,KNYC0
2024-04-16 18:00:00-04:00,21.0,18,0.0,,301,7.0,,1020.0,,0,1,2024-04-16 18:00:00,KNYC0
2024-04-16 19:00:00-04:00,20.0,21,0.0,,287,6.0,,1020.0,,0,1,2024-04-16 19:00:00,KNYC0
2024-04-16 20:00:00-04:00,18.0,31,0.0,,130,7.0,,1021.0,,2,1,2024-04-16 20:00:00,KNYC0
2024-04-16 21:00:00-04:00,16.0,42,0.0,,144,13.0,,1021.0,,0,2,2024-04-16 21:00:00,KNYC0
2024-04-16 22:00:00-04:00,16.0,39,0.0,,181,10.8,,1022.0,,0,1,2024-04-16 22:00:00,KNYC0
2024-04-16 23:00:00-04:00,16.0,39,0.0,,230,8.6,,1022.0,,0,1,2024-04-16 23:00:00,KNYC0
2024-04-17 00:00:00-04:00,14.0,44,0.0,,290,6.0,,1023.0,,2,1,2024-04-17 00:00:00,KNYC0
2024-04-17 01:00:00-04:00,14.0,47,0.0,,52,9.4,,1022.0,,4,2,2024-04-17 01:00:00,KNYC0
2024-04-17 02:00:00-04:00,13.0,55,0.0,,40,6.0,,1022.0,,0,3,2024-04-17 02:00:00,KNYC0
2024-04-17 03:00:00-04:00,8.3,70,0.0,,35,10.8,,1022.1,,0,1,2024-04-17 03:00:00,KNYC0
2024-04-17 04:00:00-04:00,12.0,61,0.0,,30,12.6,,1022.0,,0,1,2024-04-17 04:00:00,KNYC0
2024-04-17 05:00:00-04:00,12.0,59,0.0,,30,7.0,,1023.0,,8,1,2024-04-17 05:00:00,KNYC0
2024-04-17 06:00:00-04:00,12.0,61,0.0,,50,6.0,,1023.0,,3,3,2024-04-17 06:00:00,KNYC0
2024-04-17 07:00:00-04:00,13.0,43,0.0,,60,19.0,,1023.0,,8,3,2024-04-17 07:00:00,KNYC0
2024-04-17 08:00:00-04:00,13.0,51,0.0,,70,13.0,,1023.0,,8,3,2024-04-17 08:00:00,KNYC0
2024-04-17 09:00:00-04:00,16.0,46,0.0,,73,9.0,,1023.0,,8,3,2024-04-17 09:00:00,KNYC0
2024-04-17 10:00:00-04:00,16.0,46,0.0,,82,11.0,,1022.0,,8,3,2024-04-17 10:00:00,KNYC0
2024-04-17 11:00:00-04:00,16.0,46,0.0,,108,9.0,,1022.0,,8,3,2024-04-17 11:00:00,KNYC0
2024-04-17 12:00:00-04:00,16.0,46,0.0,,70,17.0,,1021.0,,8,3,2024-04-17 12:00:00,KNYC0
2024-04-17 13:00:00-04:00,14.0,49,0.0,,80,15.0,,1021.0,,8,3,2024-04-17 13:00:00,KNYC0
2024-04-17 14:00:00-04:00,14.0,53,0.0,,130,11.0,,1020.0,,8,3,2024-04-17 14:00:00,KNYC0
2024-04-17 15:00:00-04:00,12.7,63,0.0,,133,18.7,,1020.0,,8,3,2024-04-17 15:00:00,KNYC0
2024-04-17 16:00:00-04:00,11.0,74,0.0,,110,11.0,,1020.0,,8,3,2024-04-17 16:00:00,KNYC0
2024-04-17 17:00:00-04:00,11.0,74,0.4,,100,13.0,,1019.0,,8,8,2024-04-17 17:00:00,KNYC0
2024-04-17 18:00:00-04:00,11.0,77,0.3,,122,6.0,,1019.0,,8,8,2024-04-17 18:00:00,KNYC0
2024-04-17 19:00:00-04:00,11.0,74,0.1,,70,11.0,,1019.0,,8,7,2024-04-17 19:00:00,KNYC0
2024-04-17 20:00:00-04:00,11.0,74,0.0,,60,11.0,,1019.0,,8,3,2024-04-17 20:00:00,KNYC0
2024-04-17 21:00:00-04:00,11.0,77,1.0,,70,19.0,,1019.0,,8,9,2024-04-17 21:00:00,KNYC0
2024-04-17 22:00:00-04:00,10.0,80,1.3,,70,19.0,,1018.0,,8,9,2024-04-17 22:00:00,KNYC0
2024-04-17 23:00:00-04:00,10.0,83,1.5,,70,15.0,,1018.0,,8,9,2024-04-17 23:00:00,KNYC0
2024-04-18 00:00:00-04:00,10.0,83,0.0,,70,11.0,,1017.0,,8,3,2024-04-18 00:00:00,KNYC0
2024-04-18 01:00:00-04:00,10.0,83,0.5,,80,17.0,,1016.0,,8,8,2024-04-18 01:00:00,KNYC0
2024-04-18 02:00:00-04:00,9.0,90,2.1,,90,20.0,,1016.0,,8,5,2024-04-18 02:00:00,KNYC0
2024-04-18 03:00:00-04:00,9.0,89,1.0,,80,15.0,,1016.0,,8,5,2024-04-18 03:00:00,KNYC0
2024-04-18 04:00:00-04:00,8.7,94,0.7,,73,22.0,,1014.6,,8,8,2024-04-18 04:00:00,KNYC0
2024-04-18 05:00:00-04:00,9.0,89,0.1,,50,20.0,,1016.0,,8,7,2024-04-18 05:00:00,KNYC0
2024-04-18 06:00:00-04:00,8.0,90,0.1,,50,28.0,,1017.0,,8,5,2024-04-18 06:00:00,KNYC0
2024-04-18 07:00:00-04:00,8.0,86,0.2,,60,26.0,,1018.0,,8,5,2024-04-18 07:00:00,KNYC0
2024-04-18 08:00:00-04:00,8.0,90,0.1,,50,19.0,,1018.0,,8,5,2024-04-18 08:00:00,KNYC0
2024-04-18 09:00:00-04:00,8.0,86,0.0,,60,15.0,,1019.0,,8,5,2024-04-18 09:00:00,KNYC0
2024-04-18 10:00:00-04:00,8.0,90,0.0,,70,13.0,,1020.0,,8,5,2024-04-18 10:00:00,KNYC0
2024-04-18 11:00:00-04:00,8.0,86,0.2,,70,19.0,,1020.0,,8,7,2024-04-18 11:00:00,KNYC0
2024-04-18 12:00:00-04:00,8.0,80,0.2,,50,26.0,,1020.0,,8,7,2024-04-18 12:00:00,KNYC0
2024-04-18 13:00:00-04:00,8.0,80,0.0,,60,24.0,,1020.0,,8,3,2024-04-18 13:00:00,KNYC0
2024-04-18 14:00:00-04:00,8.0,80,0.0,,60,20.0,,1021.0,,8,3,2024-04-18 14:00:00,KNYC0
2024-04-18 15:00:00-04:00,8.0,80,0.0,,38,7.0,,1021.0,,8,3,2024-04-18 15:00:00,KNYC0
2024-04-18 16:00:00-04:00,9.0,77,0.0,,50,17.0,,1021.0,,8,3,2024-04-18 16:00:00,KNYC0
2024-04-18 17:00:00-04:00,8.0,76,0.0,,50,15.0,,1021.0,,8,3,2024-04-18 17:00:00,KNYC0
2024-04-18 18:00:00-04:00,8.0,74,0.0,,40,19.0,,1021.0,,2,3,2024-04-18 18:00:00,KNYC0
2024-04-18 19:00:00-04:00,8.0,68,0.0,,60,15.0,,1023.0,,8,2,2024-04-18 19:00:00,KNYC0
2024-04-18 20:00:00-04:00,8.0,68,0.0,,60,20.0,,1022.0,,1,3,2024-04-18 20:00:00,KNYC0
2024-04-18 21:00:00-04:00,8.0,71,0.0,,60,15.0,,1023.0,,0,2,2024-04-18 21:00:00,KNYC0
2024-04-18 22:00:00-04:00,6.6,87,0.0,,50,11.9,,1021.0,,0,1,2024-04-18 22:00:00,KNYC0
2024-04-18 23:00:00-04:00,8.0,71,0.0,,60,13.0,,1023.0,,7,1,2024-04-18 23:00:00,KNYC0
2024-04-19 00:00:00-04:00,8.0,68,0.0,,5,9.0,,1022.0,,2,3,2024-04-19 00:00:00,KNYC0
2024-04-19 01:00:00-04:00,8.0,73,0.0,,31,9.0,,1022.0,,2,2,2024-04-19 01:00:00,KNYC0
2024-04-19 02:00:00-04:00,8.0,71,0.0,,30,11.0,,1022.0,,1,2,2024-04-19 02:00:00,KNYC0
2024-04-19 03:00:00-04:00,8.0,73,0.0,,60,13.0,,1021.0,,6,2,2024-04-19 03:00:00,KNYC0
2024-04-19 04:00:00-04:00,8.0,76,0.0,,40,9.0,,1022.0,,8,3,2024-04-19 04:00:00,KNYC0
2024-04-19 05:00:00-04:00,8.0,74,0.0,,48,6.0,,1023.0,,1,3,2024-04-19 05:00:00,KNYC0
2024-04-19 06:00:00-04:00,8.0,74,0.0,,27,7.0,,1023.0,,4,2,2024-04-19 06:00:00,KNYC0
2024-04-19 07:00:00-04:00,9.0,71,0.0,,100,15.0,,1022.0,,5,3,2024-04-19 07:00:00,KNYC0
2024-04-19 08:00:00-04:00,10.0,66,0.0,,63,7.0,,1022.0,,4,3,2024-04-19 08:00:00,KNYC0
2024-04-19 09:00:00-04:00,11.0,61,0.0,,50,11.0,,1022.0,,7,3,2024-04-19 09:00:00,KNYC0
2024-04-19 10:00:00-04:00,13.0,51,0.0,,101,13.7,,1022.0,,7,3,2024-04-19 10:00:00,KNYC0
2024-04-19 11:00:00-04:00,15.0,47,0.0,,135,6.0,,1021.0,,8,3,2024-04-19 11:00:00,KNYC0
2024-04-19 12:00:00-04:00,14.0,53,0.0,,70,15.0,,1020.0,,8,3,2024-04-19 12:00:00,KNYC0
2024-04-19 13:00:00-04:00,14.0,59,0.0,,141,6.0,,1020.0,,8,3,2024-04-19 13:00:00,KNYC0
2024-04-19 14:00:00-04:00,14.0,57,0.0,,148,20.5,,1021.0,,8,3,2024-04-19 14:00:00,KNYC0
2024-04-19 15:00:00-04:00,14.0,55,0.0,,150,9.0,,1021.0,,8,3,2024-04-19 15:00:00,KNYC0
2024-04-19 16:00:00-04:00,12.0,66,0.0,,140,11.0,,1019.0,,8,3,2024-04-19 16:00:00,KNYC0
2024-04-19 17:00:00-04:00,12.0,69,0.0,,153,17.3,,1019.0,,8,3,2024-04-19 17:00:00,KNYC0
2024-04-19 18:00:00-04:00,11.0,69,0.0,,145,7.0,,1019.0,,8,3,2024-04-19 18:00:00,KNYC0
2024-04-19 19:00:00-04:00,10.0,74,0.0,,142,6.0,,1019.0,,8,3,2024-04-19 19:00:00,KNYC0
2024-04-19 20:00:00-04:00,10.0,77,2.3,,130,13.0,,1020.0,,8,9,2024-04-19 20:00:00,KNYC0
2024-04-19 21:00:00-04:00,10.0,77,0.2,,140,9.0,,1019.0,,8,7,2024-04-19 21:00:00,KNYC0
2024-04-19 22:00:00-04:00,10.0,80,0.0,,148,10.4,,1019.0,,8,3,2024-04-19 22:00:00,KNYC0
2024-04-19 23:00:00-04:00,10.0,77,0.0,,140,7.0,,1018.0,,8,3,2024-04-19 23:00:00,KNYC0
2024-04-20 00:00:00-04:00,10.0,80,0.0,,140,11.0,,1018.0,,8,3,2024-04-20 00:00:00,KNYC0
2024-04-20 01:00:00-04:00,11.0,77,0.0,,174,7.9,,1018.0,,8,3,2024-04-20 01:00:00,KNYC0
2024-04-20 02:00:00-04:00,10.0,80,0.0,,194,7.6,,1017.0,,8,3,2024-04-20 02:00:00,KNYC0
2024-04-20 03:00:00-04:00,11.0,80,0.0,,227,6.8,,1016.0,,8,3,2024-04-20 03:00:00,KNYC0
2024-04-20 04:00:00-04:00,11.0,80,0.0,,179,6.5,,1016.0,,8,3,2024-04-20 04:00:00,KNYC0
2024-04-20 05:00:00-04:00,11.0,86,0.0,,208,6.8,,1016.0,,8,3,2024-04-20 05:00:00,KNYC0
2024-04-20 06:00:00-04:00,11.0,88,0.1,,210,6.8,,1016.0,,8,7,2024-04-20 06:00:00,KNYC0
2024-04-20 07:00:00-04:00,11.0,86,0.9,,209,9.0,,1016.0,,8,8,2024-04-20 07:00:00,KNYC0
2024-04-20 08:00:00-04:00,11.0,89,0.2,,214,6.8,,1016.0,,8,5,2024-04-20 08:00:00,KNYC0
2024-04-20 09:00:00-04:00,12.0,86,0.0,,239,8.6,,1015.0,,8,5,2024-04-20 09:00:00,KNYC0
2024-04-20 10:00:00-04:00,13.0,80,0.0,,263,7.0,,1015.0,,8,3,2024-04-20 10:00:00,KNYC0
2024-04-20 11:00:00-04:00,16.0,65,0.0,,282,6.0,,1014.0,,5,3,2024-04-20 11:00:00,KNYC0
2024-04-20 12:00:00-04:00,18.0,48,0.0,,240,11.0,,1014.0,,4,3,2024-04-20 12:00:00,KNYC0
2024-04-20 13:00:00-04:00,21.0,42,0.0,,259,15.5,,1012.0,,1,3,2024-04-20 13:00:00,KNYC0
2024-04-20 14:00:00-04:00,21.0,38,0.0,,255,18.4,,1011.0,,0,2,2024-04-20 14:00:00,KNYC0
2024-04-20 15:00:00-04:00,21.0,28,0.0,,257,24.5,,1011.0,,2,1,2024-04-20 15:00:00,KNYC0
2024-04-20 16:00:00-04:00,20.0,25,0.0,,266,7.0,,1011.0,,8,2,2024-04-20 16:00:00,KNYC0
2024-04-20 17:00:00-04:00,19.0,22,0.0,,274,27.4,,1011.0,,2,3,2024-04-20 17:00:00,KNYC0
2024-04-20 18:00:00-04:00,18.0,24,0.0,,290,24.0,,1012.0,,0,2,2024-04-20 18:00:00,KNYC0
2024-04-20 19:00:00-04:00,15.0,38,0.0,,292,9.0,,1013.0,,0,1,2024-04-20 19:00:00,KNYC0
2024-04-20 20:00:00-04:00,13.0,42,0.0,,340,15.0,,1015.0,,0,1,2024-04-20 20:00:00,KNYC0
2024-04-20 21:00:00-04:00,12.0,41,0.0,,334,19.8,,1016.0,,0,1,2024-04-20 21:00:00,KNYC0
2024-04-20 22:00:00-04:00,10.0,42,0.0,,350,19.0,,1017.0,,0,1,2024-04-20 22:00:00,KNYC0
2024-04-20 23:00:00-04:00,9.0,37,0.0,,344,21.2,,1018.0,,0,1,2024-04-20 23:00:00,KNYC0
2024-04-21 00:00:00-04:00,8.0,40,0.0,,360,15.0,,1018.0,,0,1,2024-04-21 00:00:00,KNYC0
2024-04-21 01:00:00-04:00,8.0,40,0.0,,340,7.0,,1018.0,,1,1,2024-04-21 01:00:00,KNYC0
2024-04-21 02:00:00-04:00,7.0,44,0.0,,360,7.0,,1017.0,,0,2,2024-04-21 02:00:00,KNYC0
2024-04-21 03:00:00-04:00,7.0,47,0.0,,304,7.0,,1018.0,,0,1,2024-04-21 03:00:00,KNYC0
2024-04-21 04:00:00-04:00,6.0,49,0.0,,297,6.0,,1018.0,,0,1,2024-04-21 04:00:00,KNYC0
2024-04-21 05:00:00-04:00,6.0,53,0.0,,290,9.0,,1019.0,,7,1,2024-04-21 05:00:00,KNYC0
2024-04-21 06:00:00-04:00,7.0,47,0.0,,290,9.0,,1018.0,,8,3,2024-04-21 06:00:00,KNYC0
2024-04-21 07:00:00-04:00,7.0,49,0.0,,310,7.0,,1019.0,,8,3,2024-04-21 07:00:00,KNYC0
2024-04-21 08:00:00-04:00,8.0,42,0.0,,306,11.5,,1019.0,,8,3,2024-04-21 08:00:00,KNYC0
2024-04-21 09:00:00-04:00,9.0,39,0.0,,270,9.0,,1018.0,,8,3,2024-04-21 09:00:00,KNYC0
2024-04-21 10:00:00-04:00,9.0,38,0.0,,270,11.0,,1018.0,,8,3,2024-04-21 10:00:00,KNYC0
2024-04-21 11:00:00-04:00,10.0,36,0.0,,260,13.0,,1018.0,,8,3,2024-04-21 11:00:00,KNYC0
2024-04-21 12:00:00-04:00,11.0,35,0.0,,210,11.0,,1017.0,,8,3,2024-04-21 12:00:00,KNYC0
2024-04-21 13:00:00-04:00,11.0,33,0.0,,268,9.0,,1016.0,,8,3,2024-04-21 13:00:00,KNYC0
2024-04-21 14:00:00-04:00,12.0,31,0.0,,270,13.0,,1016.0,,8,3,2024-04-21 14:00:00,KNYC0
2024-04-21 15:00:00-04:00,11.0,31,0.0,,280,17.0,,1015.0,,8,3,2024-04-21 15:00:00,KNYC0
2024-04-21 16:00:00-04:00,11.0,29,0.0,,284,11.0,,1014.0,,8,3,2024-04-21 16:00:00,KNYC0
2024-04-21 17:00:00-04:00,11.0,30,0.0,,286,21.2,,1015.0,,8,3,2024-04-21 17:00:00,KNYC0
2024-04-21 18:00:00-04:00,10.0,33,0.0,,310,9.0,,1015.0,,8,3,2024-04-21 18:00:00,KNYC0
2024-04-21 19:00:00-04:00,10.0,34,0.0,,290,13.0,,1015.0,,8,3,2024-04-21 19:00:00,KNYC0
2024-04-21 20:00:00-04:00,9.0,38,0.0,,295,10.4,,1015.0,,8,3,2024-04-21 20:00:00,KNYC0
2024-04-21 21:00:00-04:00,9.0,39,0.0,,284,10.1,,1016.0,,8,3,2024-04-21 21:00:00,KNYC0
2024-04-21 22:00:00-04:00,9.0,40,0.0,,310,6.0,,1016.0,,4,3,2024-04-21 22:00:00,KNYC0
2024-04-21 23:00:00-04:00,8.0,42,0.0,,300,11.0,,1016.0,,0,3,2024-04-21 23:00:00,KNYC0
2024-04-22 00:00:00-04:00,8.0,42,0.0,,305,9.0,,1017.0,,1,1,2024-04-22 00:00:00,KNYC0
2024-04-22 01:00:00-04:00,7.0,44,0.0,,310,9.0,,1017.0,,8,1,2024-04-22 01:00:00,KNYC0
2024-04-22 02:00:00-04:00,7.0,45,0.0,,296,9.0,,1016.0,,8,3,2024-04-22 02:00:00,KNYC0
2024-04-22 03:00:00-04:00,7.0,45,0.0,,284,7.0,,1017.0,,1,3,2024-04-22 03:00:00,KNYC0
2024-04-22 04:00:00-04:00,6.0,47,0.0,,281,7.0,,1017.0,,0,2,2024-04-22 04:00:00,KNYC0
2024-04-22 05:00:00-04:00,6.0,50,0.0,,290,6.0,,1018.0,,0,1,2024-04-22 05:00:00,KNYC0
2024-04-22 06:00:00-04:00,6.0,47,0.0,,290,6.0,,1018.0,,0,1,2024-04-22 06:00:00,KNYC0
2024-04-22 07:00:00-04:00,7.0,45,0.0,,293,6.0,,1019.0,,0,1,2024-04-22 07:00:00,KNYC0
2024-04-22 08:00:00-04:00,8.0,42,0.0,,298,9.0,,1019.0,,0,1,2024-04-22 08:00:00,KNYC0
2024-04-22 09:00:00-04:00,11.0,32,0.0,,321,15.8,,1019.0,,0,1,2024-04-22 09:00:00,KNYC0
2024-04-22 10:00:00-04:00,12.0,28,0.0,,329,11.0,,1019.0,,0,1,2024-04-22 10:00:00,KNYC0
2024-04-22 11:00:00-04:00,13.0,23,0.0,,310,15.0,,1019.0,,1,1,2024-04-22 11:00:00,KNYC0
2024-04-22 12:00:00-04:00,15.0,22,0.0,,340,17.6,,1019.0,,2,1,2024-04-22 12:00:00,KNYC0
2024-04-22 13:00:00-04:00,16.0,22,0.0,,330,12.6,,1019.0,,0,2,2024-04-22 13:00:00,KNYC0
2024-04-22 14:00:00-04:00,17.0,20,0.0,,318,6.0,,1018.0,,0,1,2024-04-22 14:00:00,KNYC0
2024-04-22 15:00:00-04:00,17.0,18,0.0,,302,7.0,,1018.0,,0,1,2024-04-22 15:00:00,KNYC0
2024-04-22 16:00:00-04:00,17.0,17,0.0,,312,9.0,,1018.0,,0,1,2024-04-22 16:00:00,KNYC0
2024-04-22 17:00:00-04:00,17.0,17,0.0,,322,15.5,,1018.0,,1,1,2024-04-22 17:00:00,KNYC0
2024-04-22 18:00:00-04:00,14.0,27,0.0,,333,9.0,,1018.0,,0,2,2024-04-22 18:00:00,KNYC0
2024-04-22 19:00:00-04:00,12.0,45,0.0,,342,6.0,,1019.0,,0,1,2024-04-22 19:00:00,KNYC0
2024-04-22 20:00:00-04:00,11.0,50,0.0,,352,9.0,,1020.0,,0,1,2024-04-22 20:00:00,KNYC0
2024-04-22 21:00:00-04:00,10.0,48,0.0,,178,16.6,,1021.0,,0,1,2024-04-22 21:00:00,KNYC0
2024-04-22 22:00:00-04:00,10.0,42,0.0,,179,13.0,,1021.0,,0,1,2024-04-22 22:00:00,KNYC0
2024-04-22 23:00:00-04:00,9.0,52,0.0,,290,6.0,,1022.0,,0,1,2024-04-22 23:00:00,KNYC0
2024-04-23 00:00:00-04:00,10.0,39,0.0,,227,9.4,,1022.0,,0,1,2024-04-23 00:00:00,KNYC0
2024-04-23 01:00:00-04:00,9.0,46,0.0,,290,6.0,,1021.0,,0,1,2024-04-23 01:00:00,KNYC0
2024-04-23 02:00:00-04:00,9.0,50,0.0,,281,7.2,,1021.0,,0,1,2024-04-23 02:00:00,KNYC0
2024-04-23 03:00:00-04:00,8.0,48,0.0,,111,5.8,,1022.0,,0,1,2024-04-23 03:00:00,KNYC0
2024-04-23 04:00:00-04:00,8.0,53,0.0,,198,8.3,,1022.0,,0,1,2024-04-23 04:00:00,KNYC0
2024-04-23 05:00:00-04:00,8.0,49,0.0,,243,9.4,,1022.0,,0,1,2024-04-23 05:00:00,KNYC0
2024-04-23 06:00:00-04:00,9.0,46,0.0,,273,7.0,,1023.0,,0,1,2024-04-23 06:00:00,KNYC0
2024-04-23 07:00:00-04:00,10.0,42,0.0,,277,7.0,,1023.0,,0,1,2024-04-23 07:00:00,KNYC0
2024-04-23 08:00:00-04:00,12.0,43,0.0,,280,4.7,,1023.0,,0,1,2024-04-23 08:00:00,KNYC0
2024-04-23 09:00:00-04:00,14.0,39,0.0,,215,6.0,,1023.0,,0,1,2024-04-23 09:00:00,KNYC0
2024-04-23 10:00:00-04:00,16.0,31,0.0,,186,6.0,,1023.0,,0,1,2024-04-23 10:00:00,KNYC0
2024-04-23 11:00:00-04:00,17.0,25,0.0,,174,11.0,,1022.0,,2,1,2024-04-23 11:00:00,KNYC0
2024-04-23 12:00:00-04:00,17.0,25,0.0,,160,13.0,,1021.0,,1,2,2024-04-23 12:00:00,KNYC0
2024-04-23 13:00:00-04:00,18.0,29,0.0,,164,11.0,,1020.0,,0,1,2024-04-23 13:00:00,KNYC0
2024-04-23 14:00:00-04:00,17.0,29,0.0,,160,13.0,,1019.0,,0,1,2024-04-23 14:00:00,KNYC0
2024-04-23 15:00:00-04:00,15.0,32,0.0,,160,15.0,,1018.0,,0,1,2024-04-23 15:00:00,KNYC0
2024-04-23 16:00:00-04:00,13.0,35,0.0,,150,22.0,,1018.0,,0,1,2024-04-23 16:00:00,KNYC0
2024-04-23 17:00:00-04:00,13.0,37,0.0,,164,28.8,,1017.0,,0,1,2024-04-23 17:00:00,KNYC0
2024-04-23 18:00:00-04:00,12.0,38,0.0,,160,17.0,,1017.0,,8,1,2024-04-23 18:00:00,KNYC0
2024-04-23 19:00:00-04:00,11.0,42,0.0,,162,9.0,,1017.0,,8,3,2024-04-23 19:00:00,KNYC0
2024-04-23 20:00:00-04:00,11.0,48,0.0,,160,11.0,,1017.0,,8,3,2024-04-23 20:00:00,KNYC0
2024-04-23 21:00:00-04:00,11.0,50,0.0,,182,6.0,,1017.0,,8,3,2024-04-23 21:00:00,KNYC0
2024-04-23 22:00:00-04:00,11.0,43,0.0,,181,20.5,,1017.0,,8,3,2024-04-23 22:00:00,KNYC0
2024-04-23 23:00:00-04:00,11.0,39,0.0,,189,6.0,,1016.0,,8,3,2024-04-23 23:00:00,KNYC0
2024-04-24 00:00:00-04:00,11.0,39,0.0,,181,6.0,,1015.0,,8,3,2024-04-24 00:00:00,KNYC0
2024-04-24 01:00:00-04:00,11.0,41,0.0,,173,15.5,,1014.0,,8,3,2024-04-24 01:00:00,KNYC0
2024-04-24 02:00:00-04:00,11.0,54,0.0,,172,9.0,,1013.0,,8,3,2024-04-24 02:00:00,KNYC0
2024-04-24 03:00:00-04:00,11.0,61,0.0,,174,6.0,,1012.0,,8,3,2024-04-24 03:00:00,KNYC0
2024-04-24 04:00:00-04:00,11.0,54,0.0,,177,13.3,,1012.0,,8,3,2024-04-24 04:00:00,KNYC0
2024-04-24 05:00:00-04:00,11.0,54,0.0,,182,9.0,,1011.0,,8,3,2024-04-24 05:00:00,KNYC0
2024-04-24 06:00:00-04:00,11.0,54,0.0,,186,10.1,,1011.0,,8,3,2024-04-24 06:00:00,KNYC0
2024-04-24 07:00:00-04:00,11.0,66,0.0,,192,13.7,,1011.0,,8,3,2024-04-24 07:00:00,KNYC0
2024-04-24 08:00:00-04:00,12.0,61,0.0,,217,6.0,,1011.0,,8,3,2024-04-24 08:00:00,KNYC0
2024-04-24 09:00:00-04:00,13.0,57,0.0,,247,10.8,,1011.0,,8,3,2024-04-24 09:00:00,KNYC0
2024-04-24 10:00:00-04:00,17.0,43,0.0,,247,10.1,,1012.0,,8,3,2024-04-24 10:00:00,KNYC0
2024-04-24 11:00:00-04:00,20.0,36,0.0,,243,10.1,,1011.0,,0,3,2024-04-24 11:00:00,KNYC0
2024-04-24 12:00:00-04:00,22.0,30,0.0,,270,17.0,,1011.0,,1,1,2024-04-24 12:00:00,KNYC0
2024-04-24 13:00:00-04:00,23.0,27,0.0,,281,9.0,,1011.0,,2,2,2024-04-24 13:00:00,KNYC0
2024-04-24 14:00:00-04:00,18.0,43,0.0,,284,19.8,,1012.0,,3,2,2024-04-24 14:00:00,KNYC0
2024-04-24 15:00:00-04:00,22.0,28,0.0,,310,15.0,,1012.0,,7,2,2024-04-24 15:00:00,KNYC0
2024-04-24 16:00:00-04:00,20.0,35,0.0,,350,17.0,,1013.0,,3,3,2024-04-24 16:00:00,KNYC0
2024-04-24 17:00:00-04:00,19.0,33,0.0,,331,9.0,,1014.0,,2,3,2024-04-24 17:00:00,KNYC0
2024-04-24 18:00:00-04:00,18.0,38,0.0,,323,9.0,,1015.0,,0,2,2024-04-24 18:00:00,KNYC0
2024-04-24 19:00:00-04:00,17.0,41,0.0,,300,15.0,,1016.0,,0,1,2024-04-24 19:00:00,KNYC0
2024-04-24 20:00:00-04:00,16.0,47,0.0,,305,9.0,,1017.0,,0,1,2024-04-24 20:00:00,KNYC0
2024-04-24 21:00:00-04:00,15.0,46,0.0,,334,18.4,,1019.0,,1,1,2024-04-24 21:00:00,KNYC0
2024-04-24 22:00:00-04:00,14.0,51,0.0,,342,16.9,,1020.0,,2,1,2024-04-24 22:00:00,KNYC0
2024-04-24 23:00:00-04:00,12.0,50,0.0,,358,7.0,,1021.0,,1,2,2024-04-24 23:00:00,KNYC0
2024-04-25 00:00:00-04:00,11.0,50,0.0,,30,19.0,,1022.0,,1,2,2024-04-25 00:00:00,KNYC0
2024-04-25 01:00:00-04:00,8.0,49,0.0,,10,17.0,,1023.0,,3,1,2024-04-25 01:00:00,KNYC0
2024-04-25 02:00:00-04:00,8.0,51,0.0,,50,13.0,,1023.0,,0,2,2024-04-25 02:00:00,KNYC0
2024-04-25 03:00:00-04:00,7.0,45,0.0,,30,13.0,,1024.0,,0,1,2024-04-25 03:00:00,KNYC0
2024-04-25 04:00:00-04:00,7.0,43,0.0,,20,11.0,,1025.0,,0,1,2024-04-25 04:00:00,KNYC0
2024-04-25 05:00:00-04:00,6.0,45,0.0,,50,13.0,,1025.0,,0,1,2024-04-25 05:00:00,KNYC0
2024-04-25 06:00:00-04:00,6.0,43,0.0,,40,15.0,,1027.0,,1,1,2024-04-25 06:00:00,KNYC0
2024-04-25 07:00:00-04:00,6.0,39,0.0,,10,13.0,,1027.0,,2,2,2024-04-25 07:00:00,KNYC0
2024-04-25 08:00:00-04:00,8.0,35,0.0,,60,17.0,,1028.0,,3,2,2024-04-25 08:00:00,KNYC0
2024-04-25 09:00:00-04:00,8.0,36,0.0,,100,13.0,,1029.0,,5,3,2024-04-25 09:00:00,KNYC0
2024-04-25 10:00:00-04:00,11.0,30,0.0,,47,15.5,,1029.0,,6,3,2024-04-25 10:00:00,KNYC0
2024-04-25 11:00:00-04:00,12.0,24,0.0,,55,14.0,,1029.0,,6,3,2024-04-25 11:00:00,KNYC0
2024-04-25 12:00:00-04:00,13.0,23,0.0,,30,9.0,,1028.0,,5,3,2024-04-25 12:00:00,KNYC0
2024-04-25 13:00:00-04:00,14.0,12,0.0,,91,7.0,,1028.0,,5,3,2024-04-25 13:00:00,KNYC0
2024-04-25 14:00:00-04:00,15.0,12,0.0,,102,8.6,,1027.0,,3,3,2024-04-25 14:00:00,KNYC0
2024-04-25 15:00:00-04:00,14.0,30,0.0,,134,11.0,,1027.0,,1,3,2024-04-25 15:00:00,KNYC0
2024-04-25 16:00:00-04:00,12.0,36,0.0,,165,6.0,,1027.0,,0,1,2024-04-25 16:00:00,KNYC0
2024-04-25 17:00:00-04:00,11.0,39,0.0,,172,11.0,,1027.0,,2,1,2024-04-25 17:00:00,KNYC0
2024-04-25 18:00:00-04:00,9.0,46,0.0,,140,11.0,,1027.0,,3,2,2024-04-25 18:00:00,KNYC0
2024-04-25 19:00:00-04:00,8.0,54,0.0,,169,6.0,,1027.0,,6,2,2024-04-25 19:00:00,KNYC0
2024-04-25 20:00:00-04:00,8.0,55,0.0,,162,13.3,,1028.0,,5,3,2024-04-25 20:00:00,KNYC0
2024-04-25 21:00:00-04:00,8.0,60,0.0,,161,6.0,,1028.0,,6,3,2024-04-25 21:00:00,KNYC0
2024-04-25 22:00:00-04:00,7.0,63,0.0,,178,8.6,,1029.0,,5,3,2024-04-25 22:00:00,KNYC0
2024-04-25 23:00:00-04:00,7.0,65,0.0,,296,5.0,,1029.0,,0,3,2024-04-25 23:00:00,KNYC0
2024-04-26 00:00:00-04:00,7.0,70,0.0,,342,4.7,,1030.0,,0,1,2024-04-26 00:00:00,KNYC0
2024-04-26 01:00:00-04:00,7.0,70,0.0,,47,7.2,,1030.0,,0,1,2024-04-26 01:00:00,KNYC0
2024-04-26 02:00:00-04:00,7.0,68,0.0,,55,6.0,,1030.0,,0,1,2024-04-26 02:00:00,KNYC0
2024-04-26 03:00:00-04:00,7.0,68,0.0,,1,6.1,,1031.0,,0,1,2024-04-26 03:00:00,KNYC0
2024-04-26 04:00:00-04:00,6.0,65,0.0,,5,6.5,,1031.0,,1,1,2024-04-26 04:00:00,KNYC0
2024-04-26 05:00:00-04:00,6.0,65,0.0,,0,9.4,,1031.0,,1,1,2024-04-26 05:00:00,KNYC0
2024-04-26 06:00:00-04:00,7.0,70,0.0,,20,6.0,,1032.0,,1,1,2024-04-26 06:00:00,KNYC0
2024-04-26 07:00:00-04:00,9.0,56,0.0,,40,9.0,,1033.0,,0,1,2024-04-26 07:00:00,KNYC0
2024-04-26 08:00:00-04:00,10.0,39,0.0,,50,9.0,,1033.0,,0,1,2024-04-26 08:00:00,KNYC0
2024-04-26 09:00:00-04:00,12.0,38,0.0,,39,9.0,,1033.0,,0,1,2024-04-26 09:00:00,KNYC0
2024-04-26 10:00:00-04:00,13.0,34,0.0,,110,11.0,,1033.0,,0,1,2024-04-26 10:00:00,KNYC0
2024-04-26 11:00:00-04:00,16.0,27,0.0,,70,9.0,,1033.0,,0,1,2024-04-26 11:00:00,KNYC0
2024-04-26 12:00:00-04:00,17.0,28,0.0,,110,7.0,,1033.0,,0,1,2024-04-26 12:00:00,KNYC0
2024-04-26 13:00:00-04:00,15.0,38,0.0,,153,11.0,,1033.0,,0,1,2024-04-26 13:00:00,KNYC0
2024-04-26 14:00:00-04:00,17.0,28,0.0,,171,16.2,,1033.0,,8,1,2024-04-26 14:00:00,KNYC0
2024-04-26 15:00:00-04:00,17.0,28,0.0,,167,9.0,,1032.0,,6,3,2024-04-26 15:00:00,KNYC0
2024-04-26 16:00:00-04:00,14.0,28,0.0,,150,11.0,,1032.0,,4,3,2024-04-26 16:00:00,KNYC0
2024-04-26 17:00:00-04:00,13.0,30,0.0,,140,13.0,,1032.0,,2,3,2024-04-26 17:00:00,KNYC0
2024-04-26 18:00:00-04:00,12.0,36,0.0,,150,13.0,,1032.0,,0,2,2024-04-26 18:00:00,KNYC0
2024-04-26 19:00:00-04:00,10.0,46,0.0,,165,7.0,,1032.0,,0,1,2024-04-26 19:00:00,KNYC0
2024-04-26 20:00:00-04:00,9.0,50,0.0,,148,11.2,,1033.0,,0,1,2024-04-26 20:00:00,KNYC0
2024-04-26 21:00:00-04:00,9.0,46,0.0,,172,11.5,,1033.0,,0,1,2024-04-26 21:00:00,KNYC0
2024-04-26 22:00:00-04:00,9.0,41,0.0,,182,11.0,,1034.0,,0,1,2024-04-26 22:00:00,KNYC0
2024-04-26 23:00:00-04:00,8.0,44,0.0,,215,10.8,,1034.0,,0,1,2024-04-26 23:00:00,KNYC0
2024-04-27 00:00:00-04:00,8.0,42,0.0,,226,7.0,,1034.0,,0,1,2024-04-27 00:00:00,KNYC0
2024-04-27 01:00:00-04:00,9.0,39,0.0,,218,9.7,,1034.0,,2,1,2024-04-27 01:00:00,KNYC0
2024-04-27 02:00:00-04:00,8.0,49,0.0,,214,9.4,,1034.0,,8,2,2024-04-27 02:00:00,KNYC0
2024-04-27 03:00:00-04:00,8.0,54,0.0,,193,7.6,,1034.0,,8,3,2024-04-27 03:00:00,KNYC0
2024-04-27 04:00:00-04:00,8.0,54,0.0,,216,7.2,,1034.0,,8,3,2024-04-27 04:00:00,KNYC0
2024-04-27 05:00:00-04:00,8.0,60,0.0,,221,5.4,,1034.0,,8,3,2024-04-27 05:00:00,KNYC0
2024-04-27 06:00:00-04:00,9.0,66,0.0,,131,4.0,,1035.0,,5,3,2024-04-27 06:00:00,KNYC0
2024-04-27 07:00:00-04:00,10.0,63,0.0,,217,4.3,,1035.0,,7,3,2024-04-27 07:00:00,KNYC0
2024-04-27 08:00:00-04:00,12.0,52,0.0,,186,3.2,,1035.0,,8,3,2024-04-27 08:00:00,KNYC0
2024-04-27 09:00:00-04:00,13.0,38,0.0,,140,9.0,,1035.0,,8,3,2024-04-27 09:00:00,KNYC0
2024-04-27 10:00:00-04:00,15.0,31,0.0,,170,7.0,,1034.0,,8,3,2024-04-27 10:00:00,KNYC0
2024-04-27 11:00:00-04:00,15.0,32,0.0,,176,15.5,,1034.0,,8,3,2024-04-27 11:00:00,KNYC0
2024-04-27 12:00:00-04:00,16.0,23,0.0,,175,19.4,,1034.0,,8,3,2024-04-27 12:00:00,KNYC0
2024-04-27 13:00:00-04:00,16.0,23,0.0,,180,17.0,,1034.0,,8,3,2024-04-27 13:00:00,KNYC0
2024-04-27 14:00:00-04:00,16.0,24,0.0,,170,15.0,,1033.0,,8,3,2024-04-27 14:00:00,KNYC0
2024-04-27 15:00:00-04:00,16.0,26,0.0,,150,13.0,,1032.0,,8,3,2024-04-27 15:00:00,KNYC0
2024-04-27 16:00:00-04:00,13.0,28,0.0,,169,9.0,,1031.0,,8,3,2024-04-27 16:00:00,KNYC0
2024-04-27 17:00:00-04:00,12.0,41,0.0,,171,27.0,,1031.0,,8,3,2024-04-27 17:00:00,KNYC0
2024-04-27 18:00:00-04:00,12.0,38,0.0,,180,9.0,,1030.0,,8,3,2024-04-27 18:00:00,KNYC0
2024-04-27 19:00:00-04:00,12.0,41,0.0,,163,7.0,,1030.0,,8,3,2024-04-27 19:00:00,KNYC0
2024-04-27 20:00:00-04:00,12.0,48,0.0,,169,9.0,,1030.0,,8,3,2024-04-27 20:00:00,KNYC0
2024-04-27 21:00:00-04:00,11.0,66,0.0,,130,6.0,,1030.0,,8,3,2024-04-27 21:00:00,KNYC0
2024-04-27 22:00:00-04:00,11.0,63,0.0,,182,15.5,,1029.0,,8,3,2024-04-27 22:00:00,KNYC0
2024-04-27 23:00:00-04:00,11.0,63,0.0,,192,10.8,,1028.0,,8,3,2024-04-27 23:00:00,KNYC0
2024-04-28 00:00:00-04:00,12.0,61,0.1,,182,9.4,,1027.0,,8,7,2024-04-28 00:00:00,KNYC0
2024-04-28 01:00:00-04:00,12.0,64,0.0,,188,9.7,,1027.0,,8,3,2024-04-28 01:00:00,KNYC0
2024-04-28 02:00:00-04:00,12.0,69,0.0,,191,8.6,,1026.0,,6,3,2024-04-28 02:00:00,KNYC0
2024-04-28 03:00:00-04:00,12.0,71,0.0,,181,6.5,,1025.0,,7,3,2024-04-28 03:00:00,KNYC0
2024-04-28 04:00:00-04:00,12.0,74,0.2,,172,6.5,,1025.0,,5,7,2024-04-28 04:00:00,KNYC0
2024-04-28 05:00:00-04:00,12.0,77,0.0,,187,7.6,,1025.0,,8,3,2024-04-28 05:00:00,KNYC0
2024-04-28 06:00:00-04:00,12.0,77,0.0,,193,7.9,,1025.0,,2,3,2024-04-28 06:00:00,KNYC0
2024-04-28 07:00:00-04:00,13.0,77,0.0,,189,6.0,,1024.0,,3,2,2024-04-28 07:00:00,KNYC0
2024-04-28 08:00:00-04:00,13.0,74,0.0,,179,6.0,,1024.0,,5,3,2024-04-28 08:00:00,KNYC0
2024-04-28 09:00:00-04:00,15.0,64,0.0,,207,8.3,,1023.0,,7,3,2024-04-28 09:00:00,KNYC0
2024-04-28 10:00:00-04:00,16.0,64,0.0,,260,11.0,,1023.0,,8,3,2024-04-28 10:00:00,KNYC0
2024-04-28 11:00:00-04:00,18.0,58,0.0,,194,9.4,,1022.0,,8,3,2024-04-28 11:00:00,KNYC0
2024-04-28 12:00:00-04:00,22.0,46,0.0,,185,9.0,,1021.0,,7,3,2024-04-28 12:00:00,KNYC0
2024-04-28 13:00:00-04:00,23.0,43,0.0,,198,13.7,,1020.0,,8,3,2024-04-28 13:00:00,KNYC0
2024-04-28 14:00:00-04:00,25.0,42,0.0,,230,7.0,,1019.0,,8,3,2024-04-28 14:00:00,KNYC0
2024-04-28 15:00:00-04:00,26.0,40,0.0,,187,14.8,,1018.0,,8,3,2024-04-28 15:00:00,KNYC0
2024-04-28 16:00:00-04:00,25.0,43,0.0,,170,15.5,,1018.0,,8,3,2024-04-28 16:00:00,KNYC0
2024-04-28 17:00:00-04:00,24.0,46,0.0,,161,6.0,,1018.0,,8,3,2024-04-28 17:00:00,KNYC0
2024-04-28 18:00:00-04:00,22.0,55,0.0,,130,6.0,,1018.0,,8,3,2024-04-28 18:00:00,KNYC0
2024-04-28 19:00:00-04:00,21.0,61,0.0,,84,8.3,,1018.0,,8,3,2024-04-28 19:00:00,KNYC0
2024-04-28 20:00:00-04:00,20.0,63,0.4,,166,7.6,,1018.0,,8,8,2024-04-28 20:00:00,KNYC0
2024-04-28 21:00:00-04:00,16.5,88,0.0,,213,6.5,,1016.9,,8,3,2024-04-28 21:00:00,KNYC0
2024-04-28 22:00:00-04:00,17.0,88,0.0,,227,7.6,,1016.5,,8,3,2024-04-28 22:00:00,KNYC0
2024-04-28 23:00:00-04:00,21.0,73,0.0,,260,9.7,,1018.0,,5,3,2024-04-28 23:00:00,KNYC0
2024-04-29 00:00:00-04:00,19.0,84,0.0,,248,10.8,,1017.0,,3,5,2024-04-29 00:00:00,KNYC0
2024-04-29 01:00:00-04:00,19.0,84,0.0,,274,8.6,,1017.0,,2,3,2024-04-29 01:00:00,KNYC0
2024-04-29 02:00:00-04:00,19.0,84,0.0,,296,8.6,,1016.0,,2,2,2024-04-29 02:00:00,KNYC0
2024-04-29 03:00:00-04:00,19.0,84,0.0,,292,11.2,,1016.0,,2,2,2024-04-29 03:00:00,KNYC0
2024-04-29 04:00:00-04:00,19.0,81,0.0,,305,11.9,,1016.0,,7,2,2024-04-29 04:00:00,KNYC0
2024-04-29 05:00:00-04:00,19.0,84,0.0,,326,9.4,,1017.0,,5,3,2024-04-29 05:00:00,KNYC0
2024-04-29 06:00:00-04:00,19.0,81,0.0,,340,10.8,,1017.0,,7,3,2024-04-29 06:00:00,KNYC0
2024-04-29 07:00:00-04:00,21.0,73,0.0,,330,7.9,,1017.0,,1,3,2024-04-29 07:00:00,KNYC0
2024-04-29 08:00:00-04:00,22.0,66,0.0,,310,9.0,,1017.0,,2,1,2024-04-29 08:00:00,KNYC0
2024-04-29 09:00:00-04:00,24.0,56,0.0,,13,8.6,,1017.0,,5,2,2024-04-29 09:00:00,KNYC0
2024-04-29 10:00:00-04:00,26.0,52,0.0,,31,9.0,,1017.0,,5,3,2024-04-29 10:00:00,KNYC0
2024-04-29 11:00:00-04:00,28.0,43,0.0,,31,6.0,,1017.0,,4,3,2024-04-29 11:00:00,KNYC0
2024-04-29 12:00:00-04:00,31.0,40,0.0,,344,9.0,,1016.0,,2,3,2024-04-29 12:00:00,KNYC0
2024-04-29 13:00:00-04:00,29.0,43,0.2,,307,6.0,,1016.0,,3,17,2024-04-29 13:00:00,KNYC0
2024-04-29 14:00:00-04:00,30.0,43,0.2,,250,9.0,,1015.0,,3,17,2024-04-29 14:00:00,KNYC0
2024-04-29 15:00:00-04:00,26.0,67,1.4,,181,16.2,,1015.0,,7,18,2024-04-29 15:00:00,KNYC0
2024-04-29 16:00:00-04:00,24.0,56,4.1,,140,17.0,,1015.0,,7,9,2024-04-29 16:00:00,KNYC0
2024-04-29 17:00:00-04:00,21.0,68,0.2,,140,15.0,,1015.0,,6,7,2024-04-29 17:00:00,KNYC0
2024-04-29 18:00:00-04:00,21.0,68,0.0,,158,11.0,,1015.0,,6,3,2024-04-29 18:00:00,KNYC0
2024-04-29 19:00:00-04:00,20.0,70,0.0,,156,11.0,,1016.0,,4,3,2024-04-29 19:00:00,KNYC0
2024-04-29 20:00:00-04:00,20.0,70,14.0,,130,12.2,,1016.0,,2,18,2024-04-29 20:00:00,KNYC0
2024-04-29 21:00:00-04:00,19.0,75,0.0,,125,7.0,,1016.0,,3,2,2024-04-29 21:00:00,KNYC0
2024-04-29 22:00:00-04:00,18.0,78,0.0,,120,11.0,,1016.0,,5,2,2024-04-29 22:00:00,KNYC0
2024-04-29 23:00:00-04:00,17.0,81,0.0,,116,13.7,,1016.0,,8,3,2024-04-29 23:00:00,KNYC0
2024-04-30 00:00:00-04:00,17.0,81,0.0,,140,7.0,,1016.0,,8,5,2024-04-30 00:00:00,KNYC0
2024-04-30 01:00:00-04:00,17.0,80,0.0,,130,9.0,,1016.0,,8,5,2024-04-30 01:00:00,KNYC0
2024-04-30 02:00:00-04:00,16.0,78,0.0,,60,13.0,,1016.0,,8,3,2024-04-30 02:00:00,KNYC0
2024-04-30 03:00:00-04:00,15.0,81,0.0,,80,9.0,,1015.0,,8,5,2024-04-30 03:00:00,KNYC0
2024-04-30 04:00:00-04:00,14.0,81,0.0,,40,9.0,,1015.0,,8,5,2024-04-30 04:00:00,KNYC0
2024-04-30 05:00:00-04:00,13.0,80,0.0,,60,17.0,,1015.0,,8,5,2024-04-30 05:00:00,KNYC0
2024-04-30 06:00:00-04:00,13.0,83,0.0,,50,19.0,,1016.0,,8,5,2024-04-30 06:00:00,KNYC0
2024-04-30 07:00:00-04:00,13.0,84,0.0,,65,9.0,,1016.0,,8,5,2024-04-30 07:00:00,KNYC0
2024-04-30 08:00:00-04:00,14.0,81,0.0,,70,13.0,,1015.0,,8,3,2024-04-30 08:00:00,KNYC0
2024-04-30 09:00:00-04:00,14.0,78,0.0,,82,9.0,,1016.0,,8,3,2024-04-30 09:00:00,KNYC0
2024-04-30 10:00:00-04:00,14.0,78,0.0,,80,13.0,,1015.0,,8,3,2024-04-30 10:00:00,KNYC0
2024-04-30 11:00:00-04:00,15.0,75,0.0,,50,19.0,,1015.0,,8,3,2024-04-30 11:00:00,KNYC0
2024-04-30 12:00:00-04:00,16.0,69,0.0,,70,17.0,,1015.0,,8,3,2024-04-30 12:00:00,KNYC0
2024-04-30 13:00:00-04:00,17.0,63,0.0,,79,11.0,,1014.0,,5,3,2024-04-30 13:00:00,KNYC0
2024-04-30 14:00:00-04:00,18.0,60,0.0,,81,9.0,,1014.0,,7,5,2024-04-30 14:00:00,KNYC0
2024-04-30 15:00:00-04:00,17.0,65,0.0,,60,13.0,,1013.0,,8,3,2024-04-30 15:00:00,KNYC0
2024-04-30 16:00:00-04:00,16.0,67,0.0,,70,11.0,,1013.0,,8,3,2024-04-30 16:00:00,KNYC0
2024-04-30 17:00:00-04:00,14.0,72,0.0,,60,19.0,,1012.0,,8,3,2024-04-30 17:00:00,KNYC0
2024-04-30 18:00:00-04:00,14.0,74,0.0,,70,13.0,,1012.0,,8,3,2024-04-30 18:00:00,KNYC0
2024-04-30 19:00:00-04:00,13.0,77,0.0,,60,22.0,,1013.0,,8,3,2024-04-30 19:00:00,KNYC0
2024-04-30 20:00:00-04:00,12.0,80,0.0,,70,15.0,,1013.0,,8,3,2024-04-30 20:00:00,KNYC0
2024-04-30 21:00:00-04:00,12.0,80,0.0,,51,9.0,,1014.0,,8,3,2024-04-30 21:00:00,KNYC0
2024-04-30 22:00:00-04:00,11.0,86,0.0,,70,9.0,,1013.0,,8,3,2024-04-30 22:00:00,KNYC0
2024-04-30 23:00:00-04:00,11.0,89,0.0,,60,7.0,,1013.0,,8,5,2024-04-30 23:00:00,KNYC0
2024-05-01 00:00:00-04:00,12.0,89,0.0,,40,7.0,,1013.0,,8,5,2024-05-01 00:00:00,KNYC0
2024-05-01 01:00:00-04:00,12.0,89,0.0,,14,9.0,,1013.0,,8,3,2024-05-01 01:00:00,KNYC0
2024-05-01 02:00:00-04:00,12.0,90,0.3,,35,9.0,,1013.0,,8,5,2024-05-01 02:00:00,KNYC0
2024-05-01 03:00:00-04:00,12.0,90,0.8,,30,7.6,,1013.0,,8,5,2024-05-01 03:00:00,KNYC0
2024-05-01 04:00:00-04:00,12.0,90,0.4,,39,5.8,,1013.0,,8,5,2024-05-01 04:00:00,KNYC0
2024-05-01 05:00:00-04:00,12.0,90,0.0,,18,5.4,,1014.0,,8,5,2024-05-01 05:00:00,KNYC0
2024-05-01 06:00:00-04:00,13.0,89,0.0,,38,5.8,,1014.0,,8,5,2024-05-01 06:00:00,KNYC0
2024-05-01 07:00:00-04:00,13.0,88,0.0,,48,4.3,,1015.0,,6,5,2024-05-01 07:00:00,KNYC0
2024-05-01 08:00:00-04:00,15.0,83,0.0,,8,2.9,,1015.0,,7,5,2024-05-01 08:00:00,KNYC0
2024-05-01 09:00:00-04:00,17.0,70,0.0,,339,6.0,,1015.0,,4,5,2024-05-01 09:00:00,KNYC0
2024-05-01 10:00:00-04:00,19.0,63,0.0,,5,6.1,,1015.0,,3,3,2024-05-01 10:00:00,KNYC0
2024-05-01 11:00:00-04:00,23.0,50,0.0,,3,6.1,,1014.0,,2,3,2024-05-01 11:00:00,KNYC0
2024-05-01 12:00:00-04:00,24.0,45,0.0,,150,7.0,,1014.0,,4,2,2024-05-01 12:00:00,KNYC0
2024-05-01 13:00:00-04:00,26.0,42,0.0,,280,7.0,,1013.0,,7,3,2024-05-01 13:00:00,KNYC0
2024-05-01 14:00:00-04:00,26.0,43,0.0,,225,6.0,,1013.0,,7,3,2024-05-01 14:00:00,KNYC0
2024-05-01 15:00:00-04:00,23.0,48,0.0,,171,7.0,,1013.0,,7,3,2024-05-01 15:00:00,KNYC0
2024-05-01 16:00:00-04:00,22.0,51,0.0,,110,13.0,,1014.0,,8,3,2024-05-01 16:00:00,KNYC0
2024-05-01 17:00:00-04:00,18.0,65,0.0,,160,13.0,,1015.0,,4,3,2024-05-01 17:00:00,KNYC0
2024-05-01 18:00:00-04:00,17.3,73,0.0,,151,17.6,,1013.1,,1,3,2024-05-01 18:00:00,KNYC0
2024-05-01 19:00:00-04:00,15.0,75,0.0,,142,19.1,,1016.0,,0,5,2024-05-01 19:00:00,KNYC0
2024-05-01 20:00:00-04:00,14.0,81,0.0,,147,17.3,,1017.0,,0,1,2024-05-01 20:00:00,KNYC0
2024-05-01 21:00:00-04:00,14.0,81,0.0,,147,16.2,,1017.0,,0,1,2024-05-01 21:00:00,KNYC0
2024-05-01 22:00:00-04:00,13.0,80,0.0,,140,9.0,,1018.0,,1,1,2024-05-01 22:00:00,KNYC0
2024-05-01 23:00:00-04:00,13.0,80,0.0,,133,9.0,,1018.0,,1,1,2024-05-01 23:00:00,KNYC0
2024-05-02 00:00:00-04:00,12.0,83,0.0,,127,9.0,,1018.0,,2,1,2024-05-02 00:00:00,KNYC0
2024-05-02 01:00:00-04:00,12.0,83,0.0,,150,7.0,,1017.0,,5,2,2024-05-02 01:00:00,KNYC0
2024-05-02 02:00:00-04:00,12.0,86,0.0,,127,9.7,,1017.0,,6,3,2024-05-02 02:00:00,KNYC0
2024-05-02 03:00:00-04:00,12.0,83,0.0,,140,6.0,,1017.0,,8,3,2024-05-02 03:00:00,KNYC0
2024-05-02 04:00:00-04:00,12.0,89,0.0,,154,7.9,,1016.0,,8,3,2024-05-02 04:00:00,KNYC0
2024-05-02 05:00:00-04:00,12.0,86,0.0,,181,10.1,,1016.0,,8,5,2024-05-02 05:00:00,KNYC0
2024-05-02 06:00:00-04:00,13.0,89,0.0,,189,11.5,,1016.0,,8,5,2024-05-02 06:00:00,KNYC0
2024-05-02 07:00:00-04:00,14.0,83,0.0,,200,9.4,,1016.0,,8,3,2024-05-02 07:00:00,KNYC0
2024-05-02 08:00:00-04:00,14.0,84,0.0,,200,11.0,,1016.0,,8,3,2024-05-02 08:00:00,KNYC0
2024-05-02 09:00:00-04:00,16.0,80,0.0,,227,12.6,,1016.0,,8,5,2024-05-02 09:00:00,KNYC0
2024-05-02 10:00:00-04:00,18.0,73,0.0,,211,7.0,,1016.0,,3,5,2024-05-02 10:00:00,KNYC0
2024-05-02 11:00:00-04:00,19.0,68,0.0,,216,11.5,,1015.0,,3,5,2024-05-02 11:00:00,KNYC0
2024-05-02 12:00:00-04:00,25.0,50,0.0,,209,14.8,,1013.0,,3,2,2024-05-02 12:00:00,KNYC0
2024-05-02 13:00:00-04:00,26.0,45,0.0,,232,6.0,,1013.0,,1,3,2024-05-02 13:00:00,KNYC0
2024-05-02 14:00:00-04:00,24.0,52,0.0,,271,6.0,,1012.0,,3,2,2024-05-02 14:00:00,KNYC0
2024-05-02 15:00:00-04:00,25.0,48,0.0,,296,9.0,,1012.0,,0,2,2024-05-02 15:00:00,KNYC0
2024-05-02 16:00:00-04:00,24.0,52,0.0,,300,22.3,,1012.0,,0,1,2024-05-02 16:00:00,KNYC0
2024-05-02 17:00:00-04:00,24.0,54,0.0,,70,7.0,,1013.0,,1,1,2024-05-02 17:00:00,KNYC0
2024-05-02 18:00:00-04:00,23.0,57,0.0,,60,6.0,,1013.0,,0,1,2024-05-02 18:00:00,KNYC0
2024-05-02 19:00:00-04:00,21.0,64,0.0,,30,9.0,,1014.0,,1,1,2024-05-02 19:00:00,KNYC0
2024-05-02 20:00:00-04:00,18.0,73,0.0,,30,7.0,,1015.0,,1,1,2024-05-02 20:00:00,KNYC0
2024-05-02 21:00:00-04:00,17.0,75,0.0,,40,6.0,,1016.0,,0,2,2024-05-02 21:00:00,KNYC0
2024-05-02 22:00:00-04:00,20.0,40,0.0,,30,13.0,,1017.0,,0,1,2024-05-02 22:00:00,KNYC0
2024-05-02 23:00:00-04:00,19.0,45,0.0,,50,17.0,,1017.0,,1,1,2024-05-02 23:00:00,KNYC0
2024-05-03 00:00:00-04:00,18.0,47,0.0,,30,9.0,,1018.0,,0,2,2024-05-03 00:00:00,KNYC0
2024-05-03 01:00:00-04:00,16.0,67,0.0,,27,7.0,,1018.0,,0,1,2024-05-03 01:00:00,KNYC0
2024-05-03 02:00:00-04:00,16.0,72,0.0,,50,13.0,,1018.0,,0,1,2024-05-03 02:00:00,KNYC0
2024-05-03 03:00:00-04:00,14.0,75,0.0,,39,7.0,,1019.0,,6,1,2024-05-03 03:00:00,KNYC0
2024-05-03 04:00:00-04:00,14.0,77,0.0,,80,15.0,,1020.0,,8,3,2024-05-03 04:00:00,KNYC0
2024-05-03 05:00:00-04:00,13.0,77,0.0,,71,7.0,,1020.0,,8,3,2024-05-03 05:00:00,KNYC0
2024-05-03 06:00:00-04:00,13.0,80,0.0,,59,9.0,,1022.0,,8,3,2024-05-03 06:00:00,KNYC0
2024-05-03 07:00:00-04:00,14.0,74,0.0,,58,6.0,,1022.0,,8,3,2024-05-03 07:00:00,KNYC0
2024-05-03 08:00:00-04:00,13.0,69,0.0,,80,9.0,,1023.0,,8,3,2024-05-03 08:00:00,KNYC0
2024-05-03 09:00:00-04:00,14.0,64,0.0,,67,11.0,,1023.0,,8,3,2024-05-03 09:00:00,KNYC0
2024-05-03 10:00:00-04:00,14.0,64,0.0,,50,17.0,,1024.0,,8,3,2024-05-03 10:00:00,KNYC0
2024-05-03 11:00:00-04:00,14.0,64,0.0,,50,13.0,,1024.0,,8,3,2024-05-03 11:00:00,KNYC0
2024-05-03 12:00:00-04:00,16.0,58,0.0,,60,13.0,,1024.0,,8,3,2024-05-03 12:00:00,KNYC0
2024-05-03 13:00:00-04:00,16.0,57,0.0,,91,9.0,,1024.0,,7,3,2024-05-03 13:00:00,KNYC0
2024-05-03 14:00:00-04:00,17.0,52,0.0,,80,15.0,,1023.0,,8,3,2024-05-03 14:00:00,KNYC0
2024-05-03 15:00:00-04:00,17.0,56,0.0,,139,21.2,,1023.0,,8,3,2024-05-03 15:00:00,KNYC0
2024-05-03 16:00:00-04:00,16.0,60,0.0,,146,21.2,,1023.0,,8,3,2024-05-03 16:00:00,KNYC0
2024-05-03 17:00:00-04:00,14.0,60,0.0,,144,7.0,,1023.0,,8,3,2024-05-03 17:00:00,KNYC0
2024-05-03 18:00:00-04:00,13.0,66,0.0,,149,6.0,,1023.0,,8,3,2024-05-03 18:00:00,KNYC0
2024-05-03 19:00:00-04:00,12.0,72,0.0,,154,7.0,,1023.0,,8,3,2024-05-03 19:00:00,KNYC0
2024-05-03 20:00:00-04:00,12.0,74,0.0,,167,10.1,,1024.0,,8,3,2024-05-03 20:00:00,KNYC0
2024-05-03 21:00:00-04:00,11.0,77,0.0,,164,6.0,,1024.0,,7,3,2024-05-03 21:00:00,KNYC0
2024-05-03 22:00:00-04:00,11.0,77,0.0,,158,5.8,,1025.0,,6,3,2024-05-03 22:00:00,KNYC0
2024-05-03 23:00:00-04:00,11.0,77,0.0,,160,6.1,,1025.0,,7,3,2024-05-03 23:00:00,KNYC0
2024-05-04 00:00:00-04:00,11.0,77,0.0,,104,7.0,,1025.0,,1,3,2024-05-04 00:00:00,KNYC0
2024-05-04 01:00:00-04:00,11.0,74,0.0,,97,6.1,,1025.0,,8,1,2024-05-04 01:00:00,KNYC0
2024-05-04 02:00:00-04:00,11.0,74,0.0,,87,6.0,,1025.0,,8,3,2024-05-04 02:00:00,KNYC0
2024-05-04 03:00:00-04:00,11.0,71,0.0,,130,9.0,,1025.0,,6,3,2024-05-04 03:00:00,KNYC0
2024-05-04 04:00:00-04:00,10.0,80,0.0,,78,7.2,,1025.0,,4,3,2024-05-04 04:00:00,KNYC0
2024-05-04 05:00:00-04:00,10.0,77,0.0,,67,7.2,,1026.0,,4,3,2024-05-04 05:00:00,KNYC0
2024-05-04 06:00:00-04:00,11.0,77,0.0,,120,7.0,,1026.0,,8,3,2024-05-04 06:00:00,KNYC0
2024-05-04 07:00:00-04:00,12.0,66,0.0,,130,6.0,,1027.0,,8,3,2024-05-04 07:00:00,KNYC0
2024-05-04 08:00:00-04:00,13.0,66,0.0,,84,7.0,,1027.0,,8,3,2024-05-04 08:00:00,KNYC0
2024-05-04 09:00:00-04:00,14.0,62,0.0,,60,17.0,,1027.0,,8,3,2024-05-04 09:00:00,KNYC0
2024-05-04 10:00:00-04:00,15.0,60,0.0,,70,13.0,,1027.0,,8,3,2024-05-04 10:00:00,KNYC0
2024-05-04 11:00:00-04:00,17.0,54,0.0,,50,9.0,,1027.0,,8,3,2024-05-04 11:00:00,KNYC0
2024-05-04 12:00:00-04:00,17.0,52,0.0,,139,6.0,,1027.0,,8,3,2024-05-04 12:00:00,KNYC0
2024-05-04 13:00:00-04:00,15.0,58,0.0,,150,7.0,,1027.0,,8,3,2024-05-04 13:00:00,KNYC0
2024-05-04 14:00:00-04:00,14.0,62,0.0,,150,7.0,,1027.0,,8,3,2024-05-04 14:00:00,KNYC0
2024-05-04 15:00:00-04:00,14.0,57,0.0,,147,21.6,,1027.0,,8,3,2024-05-04 15:00:00,KNYC0
2024-05-04 16:00:00-04:00,14.0,57,0.0,,110,13.0,,1027.0,,8,3,2024-05-04 16:00:00,KNYC0
2024-05-04 17:00:00-04:00,13.0,62,0.0,,130,13.0,,1027.0,,8,3,2024-05-04 17:00:00,KNYC0
2024-05-04 18:00:00-04:00,13.0,64,0.0,,148,7.0,,1027.0,,8,3,2024-05-04 18:00:00,KNYC0
2024-05-04 19:00:00-04:00,12.0,64,0.0,,130,13.0,,1027.0,,8,3,2024-05-04 19:00:00,KNYC0
2024-05-04 20:00:00-04:00,12.0,66,0.0,,140,9.0,,1028.0,,8,3,2024-05-04 20:00:00,KNYC0
2024-05-04 21:00:00-04:00,12.0,66,0.0,,131,7.0,,1028.0,,8,3,2024-05-04 21:00:00,KNYC0
2024-05-04 22:00:00-04:00,11.0,71,0.0,,118,11.0,,1028.0,,8,3,2024-05-04 22:00:00,KNYC0
2024-05-04 23:00:00-04:00,11.0,74,0.3,,110,7.0,,1028.0,,8,8,2024-05-04 23:00:00,KNYC0
2024-05-05 00:00:00-04:00,10.0,77,0.0,,111,17.6,,1027.0,,8,3,2024-05-05 00:00:00,KNYC0
2024-05-05 01:00:00-04:00,10.0,77,0.0,,113,17.6,,1027.0,,8,3,2024-05-05 01:00:00,KNYC0
2024-05-05 02:00:00-04:00,10.0,74,0.2,,111,7.0,,1027.0,,8,7,2024-05-05 02:00:00,KNYC0
2024-05-05 03:00:00-04:00,10.0,74,0.0,,113,18.4,,1026.0,,8,3,2024-05-05 03:00:00,KNYC0
2024-05-05 04:00:00-04:00,10.0,77,0.0,,117,17.3,,1026.0,,8,3,2024-05-05 04:00:00,KNYC0
2024-05-05 05:00:00-04:00,9.0,80,0.6,,115,15.1,,1026.0,,8,8,2024-05-05 05:00:00,KNYC0
2024-05-05 06:00:00-04:00,10.0,80,1.0,,90,13.0,,1027.0,,8,9,2024-05-05 06:00:00,KNYC0
2024-05-05 07:00:00-04:00,10.0,80,0.0,,130,13.0,,1026.0,,8,3,2024-05-05 07:00:00,KNYC0
2024-05-05 08:00:00-04:00,11.0,77,0.0,,123,11.0,,1026.0,,8,3,2024-05-05 08:00:00,KNYC0
2024-05-05 09:00:00-04:00,11.0,80,0.0,,110,13.0,,1026.0,,8,3,2024-05-05 09:00:00,KNYC0
2024-05-05 10:00:00-04:00,11.0,83,0.0,,140,15.0,,1026.0,,8,3,2024-05-05 10:00:00,KNYC0
2024-05-05 11:00:00-04:00,11.0,86,0.3,,120,13.0,,1025.0,,8,8,2024-05-05 11:00:00,KNYC0
2024-05-05 12:00:00-04:00,11.0,83,0.7,,134,22.3,,1025.0,,8,8,2024-05-05 12:00:00,KNYC0
2024-05-05 13:00:00-04:00,11.0,86,1.2,,133,23.0,,1025.0,,8,9,2024-05-05 13:00:00,KNYC0
2024-05-05 14:00:00-04:00,11.0,89,1.0,,140,6.0,,1025.0,,8,9,2024-05-05 14:00:00,KNYC0
2024-05-05 15:00:00-04:00,11.0,96,1.6,,120,9.0,,1024.0,,8,9,2024-05-05 15:00:00,KNYC0
2024-05-05 16:00:00-04:00,11.0,96,0.9,,132,18.4,,1023.0,,8,8,2024-05-05 16:00:00,KNYC0
2024-05-05 17:00:00-04:00,11.0,93,0.8,,130,7.0,,1023.0,,8,8,2024-05-05 17:00:00,KNYC0
2024-05-05 18:00:00-04:00,11.0,96,0.6,,137,14.0,,1023.0,,8,8,2024-05-05 18:00:00,KNYC0
2024-05-05 19:00:00-04:00,11.0,93,0.0,,140,6.0,,1022.0,,8,3,2024-05-05 19:00:00,KNYC0
2024-05-05 20:00:00-04:00,11.0,97,0.0,,129,11.5,,1022.0,,8,5,2024-05-05 20:00:00,KNYC0
2024-05-05 21:00:00-04:00,12.0,93,0.1,,120,7.9,,1022.0,,8,7,2024-05-05 21:00:00,KNYC0
2024-05-05 22:00:00-04:00,12.0,93,0.3,,118,7.9,,1022.0,,8,5,2024-05-05 22:00:00,KNYC0
2024-05-05 23:00:00-04:00,12.0,93,0.0,,20,6.0,,1021.0,,8,3,2024-05-05 23:00:00,KNYC0
2024-05-06 00:00:00-04:00,12.0,96,0.0,,20,6.0,,1021.0,,8,3,2024-05-06 00:00:00,KNYC0
2024-05-06 01:00:00-04:00,12.0,93,0.0,,60,7.0,,1020.0,,8,5,2024-05-06 01:00:00,KNYC0
2024-05-06 02:00:00-04:00,12.0,96,0.0,,20,2.9,,1019.0,,8,5,2024-05-06 02:00:00,KNYC0
2024-05-06 03:00:00-04:00,12.0,93,0.0,,3,2.5,,1019.0,,8,5,2024-05-06 03:00:00,KNYC0
2024-05-06 04:00:00-04:00,12.0,93,0.0,,20,6.0,,1018.0,,8,5,2024-05-06 04:00:00,KNYC0
2024-05-06 05:00:00-04:00,12.0,93,0.0,,19,6.0,,1018.0,,8,5,2024-05-06 05:00:00,KNYC0
2024-05-06 06:00:00-04:00,12.0,93,0.0,,20,6.1,,1018.0,,8,5,2024-05-06 06:00:00,KNYC0
2024-05-06 07:00:00-04:00,13.0,93,0.0,,18,5.4,,1018.0,,8,5,2024-05-06 07:00:00,KNYC0
2024-05-06 08:00:00-04:00,14.0,93,0.0,,50,6.0,,1018.0,,8,5,2024-05-06 08:00:00,KNYC0
2024-05-06 09:00:00-04:00,16.0,86,0.0,,14,3.6,,1018.0,,8,5,2024-05-06 09:00:00,KNYC0
2024-05-06 10:00:00-04:00,16.0,86,0.0,,320,2.9,,1018.0,,8,5,2024-05-06 10:00:00,KNYC0
2024-05-06 11:00:00-04:00,18.0,73,0.0,,335,2.9,,1017.0,,8,5,2024-05-06 11:00:00,KNYC0
2024-05-06 12:00:00-04:00,18.0,78,0.2,,310,7.0,,1016.0,,8,5,2024-05-06 12:00:00,KNYC0
2024-05-06 13:00:00-04:00,20.0,73,0.0,,341,6.0,,1016.0,,8,3,2024-05-06 13:00:00,KNYC0
2024-05-06 14:00:00-04:00,22.0,68,0.0,,288,6.8,,1015.0,,8,3,2024-05-06 14:00:00,KNYC0
2024-05-06 15:00:00-04:00,23.0,66,0.0,,285,6.0,,1014.0,,8,3,2024-05-06 15:00:00,KNYC0
2024-05-06 16:00:00-04:00,22.0,71,0.0,,289,6.0,,1013.0,,8,3,2024-05-06 16:00:00,KNYC0
2024-05-06 17:00:00-04:00,22.0,68,0.0,,265,10.1,,1013.0,,8,3,2024-05-06 17:00:00,KNYC0
2024-05-06 18:00:00-04:00,22.0,71,0.0,,230,7.0,,1013.0,,8,3,2024-05-06 18:00:00,KNYC0
2024-05-06 19:00:00-04:00,21.0,75,0.0,,230,7.0,,1012.0,,8,3,2024-05-06 19:00:00,KNYC0
2024-05-06 20:00:00-04:00,19.0,81,0.0,,230,6.0,,1012.0,,8,3,2024-05-06 20:00:00,KNYC0
2024-05-06 21:00:00-04:00,19.0,81,0.0,,240,9.0,,1012.0,,8,3,2024-05-06 21:00:00,KNYC0
2024-05-06 22:00:00-04:00,19.0,81,0.0,,210,9.0,,1012.0,,8,3,2024-05-06 22:00:00,KNYC0
2024-05-06 23:00:00-04:00,19.0,84,0.0,,235,7.6,,1012.0,,8,3,2024-05-06 23:00:00,KNYC0
2024-05-07 00:00:00-04:00,18.0,87,0.0,,259,7.9,,1012.0,,8,3,2024-05-07 00:00:00,KNYC0
2024-05-07 01:00:00-04:00,18.0,90,0.0,,282,6.0,,1011.0,,8,3,2024-05-07 01:00:00,KNYC0
2024-05-07 02:00:00-04:00,18.0,87,0.0,,335,6.0,,1011.0,,8,3,2024-05-07 02:00:00,KNYC0
2024-05-07 03:00:00-04:00,18.0,84,0.0,,340,6.0,,1011.0,,8,3,2024-05-07 03:00:00,KNYC0
2024-05-07 04:00:00-04:00,17.0,70,0.0,,0,7.0,,1011.0,,7,3,2024-05-07 04:00:00,KNYC0
2024-05-07 05:00:00-04:00,16.0,67,0.0,,4,6.0,,1011.0,,8,3,2024-05-07 05:00:00,KNYC0
2024-05-07 06:00:00-04:00,16.0,62,0.0,,6,6.0,,1011.0,,0,3,2024-05-07 06:00:00,KNYC0
2024-05-07 07:00:00-04:00,17.0,43,0.0,,3,6.0,,1011.0,,0,1,2024-05-07 07:00:00,KNYC0
2024-05-07 08:00:00-04:00,19.0,40,0.0,,354,7.0,,1011.0,,0,1,2024-05-07 08:00:00,KNYC0
2024-05-07 09:00:00-04:00,20.0,40,0.0,,40,11.0,,1011.0,,0,1,2024-05-07 09:00:00,KNYC0
2024-05-07 10:00:00-04:00,22.0,38,0.0,,50,7.0,,1011.0,,0,1,2024-05-07 10:00:00,KNYC0
2024-05-07 11:00:00-04:00,23.0,33,0.0,,37,6.0,,1010.0,,0,1,2024-05-07 11:00:00,KNYC0
2024-05-07 12:00:00-04:00,25.0,30,0.0,,40,6.0,,1010.0,,0,1,2024-05-07 12:00:00,KNYC0
2024-05-07 13:00:00-04:00,25.0,30,0.0,,24,5.0,,1009.0,,0,1,2024-05-07 13:00:00,KNYC0
2024-05-07 14:00:00-04:00,26.0,30,0.0,,308,4.0,,1008.0,,0,1,2024-05-07 14:00:00,KNYC0
2024-05-07 15:00:00-04:00,27.0,29,0.0,,298,6.0,,1007.0,,0,1,2024-05-07 15:00:00,KNYC0
2024-05-07 16:00:00-04:00,26.0,32,0.0,,290,9.7,,1006.0,,3,1,2024-05-07 16:00:00,KNYC0
2024-05-07 17:00:00-04:00,23.0,36,0.0,,140,15.0,,1006.0,,0,3,2024-05-07 17:00:00,KNYC0
2024-05-07 18:00:00-04:00,22.0,37,0.0,,240,6.0,,1007.0,,2,1,2024-05-07 18:00:00,KNYC0
2024-05-07 19:00:00-04:00,21.0,41,0.0,,170,13.0,,1007.0,,6,2,2024-05-07 19:00:00,KNYC0
2024-05-07 20:00:00-04:00,21.0,39,0.0,,184,15.8,,1007.0,,7,3,2024-05-07 20:00:00,KNYC0
2024-05-07 21:00:00-04:00,21.0,44,0.0,,180,13.3,,1007.0,,8,3,2024-05-07 21:00:00,KNYC0
2024-05-07 22:00:00-04:00,21.0,49,0.0,,171,14.4,,1006.0,,8,3,2024-05-07 22:00:00,KNYC0
2024-05-07 23:00:00-04:00,20.0,57,0.0,,193,12.2,,1008.0,,8,3,2024-05-07 23:00:00,KNYC0
2024-05-08 00:00:00-04:00,20.0,63,0.0,,185,9.0,,1008.0,,3,3,2024-05-08 00:00:00,KNYC0
2024-05-08 01:00:00-04:00,20.0,70,0.0,,230,6.0,,1006.0,,0,3,2024-05-08 01:00:00,KNYC0
2024-05-08 02:00:00-04:00,20.0,73,0.0,,206,7.0,,1006.0,,8,1,2024-05-08 02:00:00,KNYC0
2024-05-08 03:00:00-04:00,20.0,73,0.0,,206,10.1,,1006.0,,8,3,2024-05-08 03:00:00,KNYC0
2024-05-08 04:00:00-04:00,19.0,79,0.0,,205,10.8,,1005.0,,8,3,2024-05-08 04:00:00,KNYC0
2024-05-08 05:00:00-04:00,19.0,81,0.0,,203,10.8,,1005.0,,8,3,2024-05-08 05:00:00,KNYC0
2024-05-08 06:00:00-04:00,19.0,87,0.0,,180,10.8,,1005.0,,8,3,2024-05-08 06:00:00,KNYC0
2024-05-08 07:00:00-04:00,19.0,90,0.2,,280,9.0,,1005.0,,8,7,2024-05-08 07:00:00,KNYC0
2024-05-08 08:00:00-04:00,18.0,93,0.1,,194,15.8,,1005.0,,8,7,2024-05-08 08:00:00,KNYC0
2024-05-08 09:00:00-04:00,19.0,93,0.0,,200,7.0,,1004.0,,8,5,2024-05-08 09:00:00,KNYC0
2024-05-08 10:00:00-04:00,22.0,82,0.0,,226,6.0,,1003.0,,8,3,2024-05-08 10:00:00,KNYC0
2024-05-08 11:00:00-04:00,24.0,76,0.0,,239,27.0,,1003.0,,8,3,2024-05-08 11:00:00,KNYC0
2024-05-08 12:00:00-04:00,27.0,60,0.0,,259,9.0,,1002.0,,8,3,2024-05-08 12:00:00,KNYC0
2024-05-08 13:00:00-04:00,27.0,51,0.0,,262,11.0,,1001.0,,1,3,2024-05-08 13:00:00,KNYC0
2024-05-08 14:00:00-04:00,28.0,44,0.0,,249,11.0,,1001.0,,1,2,2024-05-08 14:00:00,KNYC0
2024-05-08 15:00:00-04:00,28.0,44,0.0,,257,11.0,,1000.0,,0,1,2024-05-08 15:00:00,KNYC0
2024-05-08 16:00:00-04:00,28.0,43,0.0,,256,23.8,,1000.0,,1,1,2024-05-08 16:00:00,KNYC0
2024-05-08 17:00:00-04:00,28.0,40,0.0,,262,24.8,,1000.0,,6,1,2024-05-08 17:00:00,KNYC0
2024-05-08 18:00:00-04:00,28.0,36,0.0,,240,13.0,,1000.0,,5,3,2024-05-08 18:00:00,KNYC0
2024-05-08 19:00:00-04:00,28.0,31,0.0,,258,26.3,,1000.0,,8,3,2024-05-08 19:00:00,KNYC0
2024-05-08 20:00:00-04:00,27.0,33,0.0,,259,11.0,,1001.0,,7,3,2024-05-08 20:00:00,KNYC0
2024-05-08 21:00:00-04:00,26.0,33,0.0,,272,7.0,,1002.0,,8,3,2024-05-08 21:00:00,KNYC0
2024-05-08 22:00:00-04:00,25.0,29,0.0,,274,16.2,,1003.0,,2,3,2024-05-08 22:00:00,KNYC0
2024-05-08 23:00:00-04:00,23.0,33,0.0,,329,7.0,,1005.0,,8,2,2024-05-08 23:00:00,KNYC0
2024-05-09 00:00:00-04:00,22.0,38,0.0,,310,7.0,,1006.0,,8,3,2024-05-09 00:00:00,KNYC0
2024-05-09 01:00:00-04:00,21.0,44,0.0,,321,7.0,,1006.0,,8,3,2024-05-09 01:00:00,KNYC0
2024-05-09 02:00:00-04:00,20.0,45,0.0,,300,6.0,,1005.0,,6,3,2024-05-09 02:00:00,KNYC0
2024-05-09 03:00:00-04:00,19.0,52,0.0,,300,9.0,,1006.0,,8,3,2024-05-09 03:00:00,KNYC0
2024-05-09 04:00:00-04:00,18.0,58,0.0,,297,7.0,,1006.0,,1,3,2024-05-09 04:00:00,KNYC0
2024-05-09 05:00:00-04:00,17.0,58,0.0,,310,7.0,,1007.0,,2,2,2024-05-09 05:00:00,KNYC0
2024-05-09 06:00:00-04:00,17.0,58,0.0,,310,7.0,,1008.0,,7,2,2024-05-09 06:00:00,KNYC0
2024-05-09 07:00:00-04:00,16.0,58,0.0,,290,15.0,,1008.0,,8,3,2024-05-09 07:00:00,KNYC0
2024-05-09 08:00:00-04:00,17.0,54,0.0,,332,11.0,,1008.0,,8,3,2024-05-09 08:00:00,KNYC0
2024-05-09 09:00:00-04:00,19.0,50,0.0,,30,15.0,,1008.0,,8,3,2024-05-09 09:00:00,KNYC0
2024-05-09 10:00:00-04:00,19.0,52,0.0,,60,13.0,,1008.0,,8,3,2024-05-09 10:00:00,KNYC0
2024-05-09 11:00:00-04:00,18.0,54,0.0,,15,6.0,,1008.0,,6,3,2024-05-09 11:00:00,KNYC0
2024-05-09 12:00:00-04:00,18.0,50,0.0,,15,6.0,,1009.0,,7,3,2024-05-09 12:00:00,KNYC0
2024-05-09 13:00:00-04:00,19.0,49,0.0,,70,6.0,,1009.0,,8,3,2024-05-09 13:00:00,KNYC0
2024-05-09 14:00:00-04:00,19.0,47,0.0,,50,7.0,,1008.0,,8,3,2024-05-09 14:00:00,KNYC0
2024-05-09 15:00:00-04:00,20.0,44,0.0,,50,13.0,,1007.0,,7,3,2024-05-09 15:00:00,KNYC0
2024-05-09 16:00:00-04:00,20.0,45,0.0,,70,11.0,,1008.0,,8,3,2024-05-09 16:00:00,KNYC0
2024-05-09 17:00:00-04:00,19.0,49,0.0,,50,11.0,,1008.0,,8,3,2024-05-09 17:00:00,KNYC0
2024-05-09 18:00:00-04:00,18.0,48,0.0,,119,6.0,,1008.0,,8,3,2024-05-09 18:00:00,KNYC0
2024-05-09 19:00:00-04:00,18.0,50,0.0,,69,7.0,,1008.0,,8,3,2024-05-09 19:00:00,KNYC0
2024-05-09 20:00:00-04:00,18.0,48,0.0,,60,13.0,,1008.0,,8,3,2024-05-09 20:00:00,KNYC0
2024-05-09 21:00:00-04:00,17.0,54,0.0,,64,9.0,,1008.0,,8,3,2024-05-09 21:00:00,KNYC0
2024-05-09 22:00:00-04:00,16.0,62,0.2,,66,6.0,,1008.0,,8,7,2024-05-09 22:00:00,KNYC0
2024-05-09 23:00:00-04:00,16.0,64,0.2,,130,15.0,,1008.0,,8,7,2024-05-09 23:00:00,KNYC0
2024-05-10 00:00:00-04:00,14.0,72,0.0,,120,17.0,,1009.0,,8,3,2024-05-10 00:00:00,KNYC0
2024-05-10 01:00:00-04:00,13.0,74,0.0,,110,18.7,,1008.0,,8,3,2024-05-10 01:00:00,KNYC0
2024-05-10 02:00:00-04:00,12.0,77,0.0,,110,20.0,,1008.0,,8,3,2024-05-10 02:00:00,KNYC0
2024-05-10 03:00:00-04:00,11.0,92,0.6,,83,9.0,,1008.0,,8,8,2024-05-10 03:00:00,KNYC0
2024-05-10 04:00:00-04:00,11.0,92,0.8,,67,11.0,,1009.0,,8,8,2024-05-10 04:00:00,KNYC0
2024-05-10 05:00:00-04:00,10.0,89,1.4,,90,19.0,,1009.0,,8,9,2024-05-10 05:00:00,KNYC0
2024-05-10 06:00:00-04:00,10.0,93,0.9,,71,7.0,,1009.0,,8,8,2024-05-10 06:00:00,KNYC0
2024-05-10 07:00:00-04:00,10.0,93,0.7,,60,15.0,,1009.0,,8,8,2024-05-10 07:00:00,KNYC0
2024-05-10 08:00:00-04:00,10.0,86,1.3,,90,20.0,,1009.0,,8,9,2024-05-10 08:00:00,KNYC0
2024-05-10 09:00:00-04:00,10.0,86,1.6,,100,13.0,,1009.0,,8,9,2024-05-10 09:00:00,KNYC0
2024-05-10 10:00:00-04:00,10.0,86,0.7,,69,9.0,,1009.0,,8,8,2024-05-10 10:00:00,KNYC0
2024-05-10 11:00:00-04:00,11.0,86,0.5,,70,19.0,,1009.0,,8,8,2024-05-10 11:00:00,KNYC0
2024-05-10 12:00:00-04:00,11.0,83,0.6,,60,19.0,,1010.0,,8,8,2024-05-10 12:00:00,KNYC0
2024-05-10 13:00:00-04:00,11.0,74,0.3,,50,19.0,,1009.0,,8,8,2024-05-10 13:00:00,KNYC0
2024-05-10 14:00:00-04:00,11.0,74,0.5,,80,11.0,,1009.0,,8,8,2024-05-10 14:00:00,KNYC0
2024-05-10 15:00:00-04:00,11.0,71,0.6,,74,15.8,,1010.0,,8,8,2024-05-10 15:00:00,KNYC0
2024-05-10 16:00:00-04:00,11.0,77,0.5,,82,9.0,,1010.0,,8,8,2024-05-10 16:00:00,KNYC0
2024-05-10 17:00:00-04:00,12.0,69,0.4,,50,11.0,,1010.0,,8,8,2024-05-10 17:00:00,KNYC0
2024-05-10 18:00:00-04:00,11.0,69,0.2,,60,7.0,,1010.0,,8,7,2024-05-10 18:00:00,KNYC0
2024-05-10 19:00:00-04:00,10.0,86,0.0,,64,8.3,,1011.0,,8,3,2024-05-10 19:00:00,KNYC0
2024-05-10 20:00:00-04:00,9.0,90,0.0,,51,6.1,,1011.0,,8,3,2024-05-10 20:00:00,KNYC0
2024-05-10 21:00:00-04:00,10.0,89,0.0,,57,6.1,,1011.0,,8,3,2024-05-10 21:00:00,KNYC0
2024-05-10 22:00:00-04:00,10.0,89,0.0,,34,5.0,,1012.0,,7,3,2024-05-10 22:00:00,KNYC0
2024-05-10 23:00:00-04:00,9.0,90,0.0,,140,3.2,,1011.0,,7,3,2024-05-10 23:00:00,KNYC0
2024-05-11 00:00:00-04:00,10.0,86,0.0,,298,4.7,,1012.0,,6,3,2024-05-11 00:00:00,KNYC0
2024-05-11 01:00:00-04:00,9.0,90,0.0,,314,6.0,,1012.0,,4,5,2024-05-11 01:00:00,KNYC0
2024-05-11 02:00:00-04:00,9.0,90,0.0,,340,7.0,,1011.0,,6,3,2024-05-11 02:00:00,KNYC0
2024-05-11 03:00:00-04:00,9.0,90,0.0,,328,8.3,,1012.0,,7,3,2024-05-11 03:00:00,KNYC0
2024-05-11 04:00:00-04:00,9.0,89,0.0,,330,7.6,,1012.0,,8,3,2024-05-11 04:00:00,KNYC0
2024-05-11 05:00:00-04:00,8.0,93,0.0,,356,7.6,,1012.0,,1,3,2024-05-11 05:00:00,KNYC0
2024-05-11 06:00:00-04:00,9.0,93,0.0,,1,8.3,,1012.0,,4,5,2024-05-11 06:00:00,KNYC0
2024-05-11 07:00:00-04:00,11.0,83,0.0,,18,7.0,,1012.0,,2,5,2024-05-11 07:00:00,KNYC0
2024-05-11 08:00:00-04:00,12.0,55,0.0,,80,9.0,,1012.0,,1,2,2024-05-11 08:00:00,KNYC0
2024-05-11 09:00:00-04:00,13.0,49,0.0,,34,9.0,,1012.0,,0,1,2024-05-11 09:00:00,KNYC0
2024-05-11 10:00:00-04:00,14.0,44,0.0,,42,9.0,,1012.0,,2,1,2024-05-11 10:00:00,KNYC0
2024-05-11 11:00:00-04:00,15.0,39,0.0,,63,14.0,,1012.0,,8,2,2024-05-11 11:00:00,KNYC0
2024-05-11 12:00:00-04:00,17.0,35,0.0,,84,11.0,,1012.0,,7,3,2024-05-11 12:00:00,KNYC0
2024-05-11 13:00:00-04:00,16.0,52,0.0,,85,15.8,,1011.0,,6,3,2024-05-11 13:00:00,KNYC0
2024-05-11 14:00:00-04:00,15.0,53,0.0,,128,11.0,,1011.0,,8,3,2024-05-11 14:00:00,KNYC0
2024-05-11 15:00:00-04:00,14.0,56,0.0,,168,24.1,,1011.0,,8,3,2024-05-11 15:00:00,KNYC0
2024-05-11 16:00:00-04:00,14.0,57,0.0,,164,11.0,,1011.0,,8,3,2024-05-11 16:00:00,KNYC0
2024-05-11 17:00:00-04:00,13.0,59,0.0,,161,7.0,,1011.0,,8,3,2024-05-11 17:00:00,KNYC0
2024-05-11 18:00:00-04:00,12.0,64,0.0,,159,19.1,,1011.0,,8,3,2024-05-11 18:00:00,KNYC0
2024-05-11 19:00:00-04:00,12.0,59,0.0,,155,17.3,,1012.0,,8,3,2024-05-11 19:00:00,KNYC0
2024-05-11 20:00:00-04:00,11.0,66,0.0,,163,9.0,,1012.0,,8,3,2024-05-11 20:00:00,KNYC0
2024-05-11 21:00:00-04:00,11.0,66,0.0,,154,9.0,,1013.0,,8,3,2024-05-11 21:00:00,KNYC0
2024-05-11 22:00:00-04:00,11.0,66,0.0,,169,13.7,,1013.0,,8,3,2024-05-11 22:00:00,KNYC0
2024-05-11 23:00:00-04:00,11.0,68,0.0,,178,7.0,,1013.0,,8,3,2024-05-11 23:00:00,KNYC0
2024-05-12 00:00:00-04:00,11.0,68,0.0,,176,12.2,,1013.0,,8,3,2024-05-12 00:00:00,KNYC0
2024-05-12 01:00:00-04:00,11.0,71,0.0,,180,6.0,,1012.0,,8,3,2024-05-12 01:00:00,KNYC0
2024-05-12 02:00:00-04:00,11.0,71,0.3,,171,13.7,,1011.0,,8,8,2024-05-12 02:00:00,KNYC0
2024-05-12 03:00:00-04:00,11.0,71,0.5,,150,9.0,,1012.0,,8,8,2024-05-12 03:00:00,KNYC0
2024-05-12 04:00:00-04:00,10.0,74,0.6,,156,11.9,,1012.0,,8,8,2024-05-12 04:00:00,KNYC0
2024-05-12 05:00:00-04:00,10.0,74,0.2,,149,11.5,,1013.0,,8,7,2024-05-12 05:00:00,KNYC0
2024-05-12 06:00:00-04:00,9.0,80,0.0,,165,10.8,,1013.0,,8,3,2024-05-12 06:00:00,KNYC0
2024-05-12 07:00:00-04:00,9.0,93,0.4,,174,12.6,,1013.0,,8,8,2024-05-12 07:00:00,KNYC0
2024-05-12 08:00:00-04:00,9.0,93,1.0,,175,6.0,,1013.0,,8,9,2024-05-12 08:00:00,KNYC0
2024-05-12 09:00:00-04:00,9.0,93,1.6,,179,7.0,,1014.0,,8,9,2024-05-12 09:00:00,KNYC0
2024-05-12 10:00:00-04:00,10.0,89,1.7,,179,12.6,,1014.0,,8,9,2024-05-12 10:00:00,KNYC0
2024-05-12 11:00:00-04:00,10.0,89,1.5,,152,14.8,,1014.0,,8,9,2024-05-12 11:00:00,KNYC0
2024-05-12 12:00:00-04:00,10.0,93,0.6,,146,6.0,,1014.0,,8,8,2024-05-12 12:00:00,KNYC0
2024-05-12 13:00:00-04:00,11.0,89,0.3,,149,16.2,,1014.0,,8,8,2024-05-12 13:00:00,KNYC0
2024-05-12 14:00:00-04:00,12.0,83,0.2,,156,15.5,,1014.0,,6,7,2024-05-12 14:00:00,KNYC0
2024-05-12 15:00:00-04:00,13.0,74,0.2,,162,15.5,,1014.0,,8,17,2024-05-12 15:00:00,KNYC0
2024-05-12 16:00:00-04:00,13.0,72,0.0,,197,6.0,,1014.0,,4,3,2024-05-12 16:00:00,KNYC0
2024-05-12 17:00:00-04:00,13.0,67,0.0,,195,13.3,,1015.0,,5,3,2024-05-12 17:00:00,KNYC0
2024-05-12 18:00:00-04:00,13.0,66,0.0,,197,7.0,,1015.0,,4,3,2024-05-12 18:00:00,KNYC0
2024-05-12 19:00:00-04:00,11.0,71,0.0,,180,13.0,,1016.0,,5,3,2024-05-12 19:00:00,KNYC0
2024-05-12 20:00:00-04:00,11.0,77,0.0,,168,6.0,,1016.0,,1,3,2024-05-12 20:00:00,KNYC0
2024-05-12 21:00:00-04:00,10.0,80,0.0,,173,7.0,,1017.0,,0,2,2024-05-12 21:00:00,KNYC0
2024-05-12 22:00:00-04:00,10.0,83,0.0,,220,6.0,,1017.0,,0,1,2024-05-12 22:00:00,KNYC0
2024-05-12 23:00:00-04:00,10.0,83,0.0,,185,9.0,,1017.0,,0,1,2024-05-12 23:00:00,KNYC0
2024-05-13 00:00:00-04:00,10.0,83,0.0,,240,11.0,,1017.0,,0,1,2024-05-13 00:00:00,KNYC0
2024-05-13 01:00:00-04:00,10.0,86,0.0,,215,9.0,,1018.0,,1,1,2024-05-13 01:00:00,KNYC0
2024-05-13 02:00:00-04:00,10.0,83,0.0,,230,7.0,,1018.0,,0,2,2024-05-13 02:00:00,KNYC0
2024-05-13 03:00:00-04:00,9.0,86,0.0,,239,9.7,,1018.0,,0,1,2024-05-13 03:00:00,KNYC0
2024-05-13 04:00:00-04:00,10.0,83,0.0,,240,7.9,,1018.0,,0,1,2024-05-13 04:00:00,KNYC0
2024-05-13 05:00:00-04:00,10.0,86,0.0,,236,6.0,,1018.0,,0,1,2024-05-13 05:00:00,KNYC0
2024-05-13 06:00:00-04:00,6.4,97,0.0,,234,7.6,,1018.0,,0,1,2024-05-13 06:00:00,KNYC0
2024-05-13 07:00:00-04:00,11.0,83,0.0,,250,9.0,,1019.0,,0,1,2024-05-13 07:00:00,KNYC0
2024-05-13 08:00:00-04:00,12.0,80,0.0,,235,9.0,,1020.0,,0,1,2024-05-13 08:00:00,KNYC0
2024-05-13 09:00:00-04:00,11.0,80,0.0,,233,6.0,,1020.0,,0,5,2024-05-13 09:00:00,KNYC0
2024-05-13 10:00:00-04:00,12.0,80,0.0,,240,11.0,,1020.0,,4,1,2024-05-13 10:00:00,KNYC0
2024-05-13 11:00:00-04:00,15.0,67,0.0,,239,11.0,,1020.0,,8,3,2024-05-13 11:00:00,KNYC0
2024-05-13 12:00:00-04:00,17.0,65,0.0,,247,7.0,,1020.0,,7,3,2024-05-13 12:00:00,KNYC0
2024-05-13 13:00:00-04:00,17.0,63,0.0,,230,13.0,,1019.0,,8,3,2024-05-13 13:00:00,KNYC0
2024-05-13 14:00:00-04:00,18.0,58,0.0,,201,19.4,,1019.0,,8,3,2024-05-13 14:00:00,KNYC0
2024-05-13 15:00:00-04:00,18.0,60,0.0,,162,11.0,,1018.0,,7,3,2024-05-13 15:00:00,KNYC0
2024-05-13 16:00:00-04:00,17.0,63,0.0,,153,27.4,,1018.0,,2,3,2024-05-13 16:00:00,KNYC0
2024-05-13 17:00:00-04:00,17.0,67,0.0,,173,6.0,,1018.0,,7,2,2024-05-13 17:00:00,KNYC0
2024-05-13 18:00:00-04:00,16.0,67,0.0,,159,7.0,,1018.0,,0,3,2024-05-13 18:00:00,KNYC0
2024-05-13 19:00:00-04:00,15.0,75,0.0,,140,11.0,,1018.0,,1,1,2024-05-13 19:00:00,KNYC0
2024-05-13 20:00:00-04:00,14.0,81,0.0,,163,6.0,,1018.0,,1,2,2024-05-13 20:00:00,KNYC0
2024-05-13 21:00:00-04:00,14.0,81,0.0,,120,6.0,,1018.0,,1,1,2024-05-13 21:00:00,KNYC0
2024-05-13 22:00:00-04:00,14.0,83,0.0,,174,14.8,,1018.0,,5,1,2024-05-13 22:00:00,KNYC0
2024-05-13 23:00:00-04:00,14.0,81,0.0,,204,13.3,,1018.0,,2,3,2024-05-13 23:00:00,KNYC0
2024-05-14 00:00:00-04:00,14.0,81,0.0,,215,11.5,,1018.0,,0,2,2024-05-14 00:00:00,KNYC0
2024-05-14 01:00:00-04:00,15.0,75,0.0,,225,13.3,,1018.0,,1,1,2024-05-14 01:00:00,KNYC0
2024-05-14 02:00:00-04:00,14.0,78,0.0,,225,10.8,,1017.0,,6,1,2024-05-14 02:00:00,KNYC0
2024-05-14 03:00:00-04:00,14.0,74,0.0,,210,7.0,,1017.0,,8,3,2024-05-14 03:00:00,KNYC0
2024-05-14 04:00:00-04:00,13.0,75,0.0,,197,7.9,,1017.0,,7,3,2024-05-14 04:00:00,KNYC0
2024-05-14 05:00:00-04:00,13.0,77,0.0,,187,7.9,,1017.0,,0,3,2024-05-14 05:00:00,KNYC0
2024-05-14 06:00:00-04:00,14.0,72,0.0,,171,8.3,,1017.0,,6,1,2024-05-14 06:00:00,KNYC0
2024-05-14 07:00:00-04:00,16.0,72,0.0,,175,10.4,,1018.0,,6,3,2024-05-14 07:00:00,KNYC0
2024-05-14 08:00:00-04:00,16.0,72,0.0,,179,6.0,,1018.0,,5,3,2024-05-14 08:00:00,KNYC0
2024-05-14 09:00:00-04:00,18.0,70,0.0,,187,10.8,,1018.0,,4,3,2024-05-14 09:00:00,KNYC0
2024-05-14 10:00:00-04:00,20.0,61,0.0,,220,7.0,,1017.0,,5,3,2024-05-14 10:00:00,KNYC0
2024-05-14 11:00:00-04:00,21.0,61,0.0,,198,13.7,,1017.0,,7,3,2024-05-14 11:00:00,KNYC0
2024-05-14 12:00:00-04:00,20.0,63,0.0,,185,7.0,,1017.0,,8,3,2024-05-14 12:00:00,KNYC0
2024-05-14 13:00:00-04:00,21.0,61,0.0,,140,7.0,,1016.0,,8,3,2024-05-14 13:00:00,KNYC0
2024-05-14 14:00:00-04:00,22.0,57,0.0,,160,6.0,,1016.0,,8,3,2024-05-14 14:00:00,KNYC0
2024-05-14 15:00:00-04:00,21.0,61,0.0,,180,15.5,,1015.0,,8,3,2024-05-14 15:00:00,KNYC0
2024-05-14 16:00:00-04:00,21.0,61,0.0,,182,6.0,,1015.0,,8,3,2024-05-14 16:00:00,KNYC0
2024-05-14 17:00:00-04:00,21.0,61,0.0,,130,7.0,,1015.0,,8,3,2024-05-14 17:00:00,KNYC0
2024-05-14 18:00:00-04:00,21.0,63,0.1,,159,16.6,,1014.0,,8,7,2024-05-14 18:00:00,KNYC0
2024-05-14 19:00:00-04:00,18.0,84,0.0,,164,18.0,,1015.0,,8,3,2024-05-14 19:00:00,KNYC0
2024-05-14 20:00:00-04:00,18.0,84,0.0,,182,22.0,,1015.0,,8,3,2024-05-14 20:00:00,KNYC0
2024-05-14 21:00:00-04:00,17.0,84,0.0,,189,19.4,,1015.0,,8,3,2024-05-14 21:00:00,KNYC0
2024-05-14 22:00:00-04:00,17.0,84,0.2,,192,18.0,,1015.0,,8,7,2024-05-14 22:00:00,KNYC0
2024-05-14 23:00:00-04:00,17.0,84,0.5,,171,11.5,,1015.0,,8,8,2024-05-14 23:00:00,KNYC0
2024-05-15 00:00:00-04:00,16.0,90,0.6,,145,11.2,,1014.0,,8,8,2024-05-15 00:00:00,KNYC0
2024-05-15 01:00:00-04:00,16.0,93,0.2,,150,10.4,,1014.0,,8,7,2024-05-15 01:00:00,KNYC0
2024-05-15 02:00:00-04:00,16.0,93,0.0,,145,10.1,,1014.0,,8,3,2024-05-15 02:00:00,KNYC0
2024-05-15 03:00:00-04:00,16.0,96,0.1,,139,8.3,,1013.0,,8,7,2024-05-15 03:00:00,KNYC0
2024-05-15 04:00:00-04:00,16.0,93,0.4,,90,6.0,,1013.0,,8,5,2024-05-15 04:00:00,KNYC0
2024-05-15 05:00:00-04:00,16.0,93,0.5,,88,6.0,,1012.0,,8,8,2024-05-15 05:00:00,KNYC0
2024-05-15 06:00:00-04:00,15.0,96,0.2,,98,6.0,,1012.0,,8,7,2024-05-15 06:00:00,KNYC0
2024-05-15 07:00:00-04:00,15.0,96,0.0,,101,6.0,,1013.0,,8,3,2024-05-15 07:00:00,KNYC0
2024-05-15 08:00:00-04:00,16.0,93,0.0,,123,6.0,,1013.0,,8,3,2024-05-15 08:00:00,KNYC0
2024-05-15 09:00:00-04:00,16.0,93,0.0,,104,7.0,,1013.0,,8,3,2024-05-15 09:00:00,KNYC0
2024-05-15 10:00:00-04:00,16.0,97,0.5,,114,6.0,,1012.0,,8,8,2024-05-15 10:00:00,KNYC0
2024-05-15 11:00:00-04:00,16.0,90,0.5,,120,15.0,,1012.0,,8,8,2024-05-15 11:00:00,KNYC0
2024-05-15 12:00:00-04:00,16.0,84,0.3,,90,9.0,,1012.0,,8,8,2024-05-15 12:00:00,KNYC0
2024-05-15 13:00:00-04:00,18.0,78,0.1,,50,13.0,,1011.0,,8,7,2024-05-15 13:00:00,KNYC0
2024-05-15 14:00:00-04:00,17.0,78,0.0,,60,19.0,,1011.0,,8,3,2024-05-15 14:00:00,KNYC0
2024-05-15 15:00:00-04:00,17.0,81,0.0,,40,15.0,,1010.0,,8,3,2024-05-15 15:00:00,KNYC0
2024-05-15 16:00:00-04:00,16.0,88,0.0,,60,20.0,,1009.0,,8,3,2024-05-15 16:00:00,KNYC0
2024-05-15 17:00:00-04:00,16.0,93,0.0,,50,17.0,,1009.0,,7,3,2024-05-15 17:00:00,KNYC0
2024-05-15 18:00:00-04:00,15.0,93,0.0,,70,19.0,,1008.0,,8,3,2024-05-15 18:00:00,KNYC0
2024-05-15 19:00:00-04:00,15.0,93,0.0,,50,19.0,,1008.0,,8,3,2024-05-15 19:00:00,KNYC0
2024-05-15 20:00:00-04:00,15.0,93,0.1,,60,17.0,,1007.0,,8,7,2024-05-15 20:00:00,KNYC0
2024-05-15 21:00:00-04:00,15.0,93,0.1,,60,19.0,,1007.0,,8,7,2024-05-15 21:00:00,KNYC0
2024-05-15 22:00:00-04:00,16.0,90,0.1,,60,17.0,,1006.0,,8,7,2024-05-15 22:00:00,KNYC0
2024-05-15 23:00:00-04:00,16.0,90,0.1,,50,13.0,,1006.0,,8,7,2024-05-15 23:00:00,KNYC0
2024-05-16 00:00:00-04:00,16.0,90,0.3,,30,17.0,,1005.0,,5,8,2024-05-16 00:00:00,KNYC0
2024-05-16 01:00:00-04:00,16.0,86,0.0,,10,17.0,,1004.0,,8,3,2024-05-16 01:00:00,KNYC0
2024-05-16 02:00:00-04:00,15.0,93,0.0,,20,13.0,,1004.0,,8,3,2024-05-16 02:00:00,KNYC0
2024-05-16 03:00:00-04:00,15.0,93,0.0,,2,11.0,,1004.0,,8,3,2024-05-16 03:00:00,KNYC0
2024-05-16 04:00:00-04:00,15.0,93,0.0,,10,17.0,,1003.0,,8,3,2024-05-16 04:00:00,KNYC0
2024-05-16 05:00:00-04:00,15.0,93,0.0,,20,19.0,,1003.0,,8,3,2024-05-16 05:00:00,KNYC0
2024-05-16 06:00:00-04:00,15.0,93,0.0,,20,17.0,,1004.0,,8,3,2024-05-16 06:00:00,KNYC0
2024-05-16 07:00:00-04:00,15.0,93,0.0,,8,27.4,,1005.0,,8,3,2024-05-16 07:00:00,KNYC0
2024-05-16 08:00:00-04:00,16.0,93,0.1,,12,26.6,,1005.0,,8,7,2024-05-16 08:00:00,KNYC0
2024-05-16 09:00:00-04:00,15.0,93,0.3,,30,17.0,,1005.0,,8,8,2024-05-16 09:00:00,KNYC0
2024-05-16 10:00:00-04:00,16.0,90,0.1,,40,17.0,,1006.0,,8,7,2024-05-16 10:00:00,KNYC0
2024-05-16 11:00:00-04:00,17.0,84,0.0,,40,9.0,,1007.0,,8,3,2024-05-16 11:00:00,KNYC0
2024-05-16 12:00:00-04:00,17.0,81,0.1,,40,17.0,,1007.0,,8,7,2024-05-16 12:00:00,KNYC0
2024-05-16 13:00:00-04:00,18.0,75,0.2,,60,20.0,,1008.0,,8,7,2024-05-16 13:00:00,KNYC0
2024-05-16 14:00:00-04:00,18.0,78,0.2,,28,11.0,,1008.0,,8,7,2024-05-16 14:00:00,KNYC0
2024-05-16 15:00:00-04:00,17.0,81,0.2,,32,26.3,,1008.0,,8,7,2024-05-16 15:00:00,KNYC0
2024-05-16 16:00:00-04:00,18.0,78,0.3,,29,9.0,,1009.0,,8,8,2024-05-16 16:00:00,KNYC0
2024-05-16 17:00:00-04:00,17.0,81,0.2,,60,13.0,,1010.0,,8,7,2024-05-16 17:00:00,KNYC0
2024-05-16 18:00:00-04:00,17.0,84,0.3,,8,6.0,,1011.0,,8,8,2024-05-16 18:00:00,KNYC0
2024-05-16 19:00:00-04:00,17.0,86,0.3,,9,9.0,,1011.0,,8,8,2024-05-16 19:00:00,KNYC0
2024-05-16 20:00:00-04:00,17.0,84,0.2,,30,13.0,,1012.0,,8,7,2024-05-16 20:00:00,KNYC0
2024-05-16 21:00:00-04:00,17.0,80,0.0,,20,11.0,,1012.0,,8,3,2024-05-16 21:00:00,KNYC0
2024-05-16 22:00:00-04:00,17.0,72,0.0,,50,17.0,,1013.0,,1,3,2024-05-16 22:00:00,KNYC0
2024-05-16 23:00:00-04:00,17.0,67,0.0,,50,9.0,,1013.0,,0,2,2024-05-16 23:00:00,KNYC0
2024-05-17 00:00:00-04:00,17.0,70,0.0,,70,15.0,,1012.0,,0,1,2024-05-17 00:00:00,KNYC0
2024-05-17 01:00:00-04:00,16.0,72,0.0,,60,19.0,,1012.0,,0,1,2024-05-17 01:00:00,KNYC0
2024-05-17 02:00:00-04:00,16.0,75,0.0,,60,15.0,,1013.0,,0,1,2024-05-17 02:00:00,KNYC0
2024-05-17 03:00:00-04:00,16.0,78,0.0,,60,17.0,,1013.0,,0,1,2024-05-17 03:00:00,KNYC0
2024-05-17 04:00:00-04:00,15.0,83,0.0,,10,6.0,,1015.0,,0,1,2024-05-17 04:00:00,KNYC0
2024-05-17 05:00:00-04:00,15.0,87,0.0,,60,15.0,,1015.0,,1,1,2024-05-17 05:00:00,KNYC0
2024-05-17 06:00:00-04:00,14.0,90,0.0,,360,7.0,,1015.0,,1,2,2024-05-17 06:00:00,KNYC0
2024-05-17 07:00:00-04:00,15.0,87,0.0,,357,6.0,,1016.0,,8,2,2024-05-17 07:00:00,KNYC0
2024-05-17 08:00:00-04:00,17.0,72,0.0,,70,13.0,,1016.0,,8,3,2024-05-17 08:00:00,KNYC0
2024-05-17 09:00:00-04:00,18.0,65,0.0,,50,17.0,,1015.0,,8,3,2024-05-17 09:00:00,KNYC0
2024-05-17 10:00:00-04:00,18.0,61,0.0,,50,13.0,,1016.0,,8,3,2024-05-17 10:00:00,KNYC0
2024-05-17 11:00:00-04:00,19.0,59,0.0,,55,16.2,,1016.0,,8,3,2024-05-17 11:00:00,KNYC0
2024-05-17 12:00:00-04:00,19.0,55,0.0,,67,16.2,,1016.0,,8,3,2024-05-17 12:00:00,KNYC0
2024-05-17 13:00:00-04:00,21.0,55,0.0,,74,14.0,,1015.0,,8,3,2024-05-17 13:00:00,KNYC0
2024-05-17 14:00:00-04:00,21.0,57,0.0,,80,13.0,,1015.0,,8,3,2024-05-17 14:00:00,KNYC0
2024-05-17 15:00:00-04:00,21.0,53,0.0,,89,13.3,,1015.0,,8,3,2024-05-17 15:00:00,KNYC0
2024-05-17 16:00:00-04:00,22.0,47,0.0,,102,9.7,,1015.0,,8,3,2024-05-17 16:00:00,KNYC0
2024-05-17 17:00:00-04:00,22.0,51,0.0,,310,6.0,,1015.0,,8,3,2024-05-17 17:00:00,KNYC0
2024-05-17 18:00:00-04:00,21.0,55,0.0,,300,7.0,,1015.0,,8,3,2024-05-17 18:00:00,KNYC0
2024-05-17 19:00:00-04:00,21.0,55,0.0,,358,7.2,,1015.0,,8,3,2024-05-17 19:00:00,KNYC0
2024-05-17 20:00:00-04:00,19.0,63,0.0,,43,6.0,,1015.0,,8,3,2024-05-17 20:00:00,KNYC0
2024-05-17 21:00:00-04:00,17.0,70,0.0,,131,12.2,,1015.0,,8,3,2024-05-17 21:00:00,KNYC0
2024-05-17 22:00:00-04:00,17.0,67,0.0,,29,7.9,,1015.0,,8,3,2024-05-17 22:00:00,KNYC0
2024-05-17 23:00:00-04:00,16.0,72,0.0,,124,10.1,,1015.0,,8,3,2024-05-17 23:00:00,KNYC0
2024-05-18 00:00:00-04:00,16.0,72,0.0,,154,7.6,,1015.0,,8,3,2024-05-18 00:00:00,KNYC0
2024-05-18 01:00:00-04:00,16.0,72,0.0,,144,6.1,,1015.0,,8,3,2024-05-18 01:00:00,KNYC0
2024-05-18 02:00:00-04:00,16.0,75,0.0,,290,9.0,,1015.0,,8,3,2024-05-18 02:00:00,KNYC0
2024-05-18 03:00:00-04:00,16.0,75,0.0,,180,4.3,,1015.0,,8,3,2024-05-18 03:00:00,KNYC0
2024-05-18 04:00:00-04:00,16.0,75,0.0,,10,7.0,,1016.0,,8,3,2024-05-18 04:00:00,KNYC0
2024-05-18 05:00:00-04:00,16.0,60,0.0,,56,6.0,,1016.0,,8,3,2024-05-18 05:00:00,KNYC0
2024-05-18 06:00:00-04:00,15.0,64,0.0,,55,7.6,,1016.0,,8,3,2024-05-18 06:00:00,KNYC0
2024-05-18 07:00:00-04:00,16.0,58,0.0,,50,11.0,,1017.0,,8,3,2024-05-18 07:00:00,KNYC0
2024-05-18 08:00:00-04:00,18.0,56,0.0,,50,13.0,,1017.0,,8,3,2024-05-18 08:00:00,KNYC0
2024-05-18 09:00:00-04:00,19.0,54,0.0,,50,11.0,,1017.0,,8,3,2024-05-18 09:00:00,KNYC0
2024-05-18 10:00:00-04:00,21.0,55,0.0,,54,6.0,,1016.0,,7,3,2024-05-18 10:00:00,KNYC0
2024-05-18 11:00:00-04:00,21.0,59,0.0,,65,9.0,,1016.0,,8,3,2024-05-18 11:00:00,KNYC0
2024-05-18 12:00:00-04:00,20.0,63,0.0,,50,6.0,,1016.0,,8,3,2024-05-18 12:00:00,KNYC0
2024-05-18 13:00:00-04:00,20.0,63,0.0,,100,9.0,,1016.0,,8,3,2024-05-18 13:00:00,KNYC0
2024-05-18 14:00:00-04:00,19.0,63,0.0,,60,7.0,,1016.0,,8,3,2024-05-18 14:00:00,KNYC0
2024-05-18 15:00:00-04:00,19.0,73,0.0,,82,6.0,,1016.0,,8,3,2024-05-18 15:00:00,KNYC0
2024-05-18 16:00:00-04:00,18.0,78,0.0,,94,6.0,,1016.0,,8,3,2024-05-18 16:00:00,KNYC0
2024-05-18 17:00:00-04:00,17.0,86,0.3,,137,12.6,,1016.0,,8,8,2024-05-18 17:00:00,KNYC0
2024-05-18 18:00:00-04:00,17.0,90,0.5,,172,10.1,,1016.0,,8,8,2024-05-18 18:00:00,KNYC0
2024-05-18 19:00:00-04:00,17.0,90,0.4,,177,6.5,,1016.0,,8,8,2024-05-18 19:00:00,KNYC0
2024-05-18 20:00:00-04:00,17.0,90,0.3,,10,6.0,,1016.0,,8,8,2024-05-18 20:00:00,KNYC0
2024-05-18 21:00:00-04:00,16.0,93,0.2,,75,6.0,,1016.0,,8,7,2024-05-18 21:00:00,KNYC0
2024-05-18 22:00:00-04:00,16.0,90,0.2,,50,9.0,,1016.0,,8,7,2024-05-18 22:00:00,KNYC0
2024-05-18 23:00:00-04:00,16.0,93,0.0,,63,6.0,,1016.0,,6,5,2024-05-18 23:00:00,KNYC0
2024-05-19 00:00:00-04:00,16.0,93,0.0,,40,6.0,,1016.0,,3,3,2024-05-19 00:00:00,KNYC0
2024-05-19 01:00:00-04:00,15.0,93,0.0,,30,6.1,,1016.0,,3,3,2024-05-19 01:00:00,KNYC0
2024-05-19 02:00:00-04:00,16.0,90,0.0,,29,7.2,,1016.0,,7,2,2024-05-19 02:00:00,KNYC0
2024-05-19 03:00:00-04:00,16.0,83,0.0,,28,9.0,,1016.0,,7,3,2024-05-19 03:00:00,KNYC0
2024-05-19 04:00:00-04:00,16.0,78,0.0,,20,7.0,,1016.0,,8,3,2024-05-19 04:00:00,KNYC0
2024-05-19 05:00:00-04:00,16.0,78,0.0,,11,6.0,,1017.0,,8,5,2024-05-19 05:00:00,KNYC0
2024-05-19 06:00:00-04:00,16.0,75,0.0,,13,9.0,,1017.0,,8,5,2024-05-19 06:00:00,KNYC0
2024-05-19 07:00:00-04:00,17.0,75,0.0,,50,9.0,,1017.0,,8,3,2024-05-19 07:00:00,KNYC0
2024-05-19 08:00:00-04:00,17.0,72,0.0,,50,13.0,,1017.0,,8,3,2024-05-19 08:00:00,KNYC0
2024-05-19 09:00:00-04:00,18.0,70,0.0,,21,7.0,,1017.0,,8,3,2024-05-19 09:00:00,KNYC0
2024-05-19 10:00:00-04:00,20.0,63,0.0,,60,11.0,,1017.0,,8,3,2024-05-19 10:00:00,KNYC0
2024-05-19 11:00:00-04:00,20.0,61,0.0,,40,11.0,,1017.0,,8,3,2024-05-19 11:00:00,KNYC0
2024-05-19 12:00:00-04:00,21.0,59,0.0,,90,6.0,,1016.0,,8,3,2024-05-19 12:00:00,KNYC0
2024-05-19 13:00:00-04:00,23.0,52,0.0,,40,9.0,,1016.0,,8,3,2024-05-19 13:00:00,KNYC0
2024-05-19 14:00:00-04:00,23.0,53,0.0,,60,9.0,,1016.0,,8,3,2024-05-19 14:00:00,KNYC0
2024-05-19 15:00:00-04:00,23.0,53,0.0,,60,11.0,,1015.0,,7,3,2024-05-19 15:00:00,KNYC0
2024-05-19 16:00:00-04:00,22.0,57,0.0,,100,17.0,,1016.0,,7,3,2024-05-19 16:00:00,KNYC0
2024-05-19 17:00:00-04:00,22.0,55,0.0,,80,9.0,,1016.0,,6,3,2024-05-19 17:00:00,KNYC0
2024-05-19 18:00:00-04:00,19.0,68,0.0,,104,12.6,,1016.0,,5,3,2024-05-19 18:00:00,KNYC0
2024-05-19 19:00:00-04:00,17.0,72,0.0,,155,14.0,,1016.0,,1,3,2024-05-19 19:00:00,KNYC0
2024-05-19 20:00:00-04:00,16.0,78,0.0,,158,6.0,,1017.0,,2,1,2024-05-19 20:00:00,KNYC0
2024-05-19 21:00:00-04:00,14.0,81,0.0,,148,11.5,,1018.0,,5,2,2024-05-19 21:00:00,KNYC0
2024-05-19 22:00:00-04:00,14.0,83,0.0,,145,10.4,,1018.0,,1,3,2024-05-19 22:00:00,KNYC0
2024-05-19 23:00:00-04:00,14.0,83,0.0,,169,6.1,,1018.0,,1,2,2024-05-19 23:00:00,KNYC0
2024-05-20 00:00:00-04:00,14.0,83,0.0,,197,6.1,,1018.0,,0,1,2024-05-20 00:00:00,KNYC0
2024-05-20 01:00:00-04:00,14.0,83,0.0,,280,6.0,,1018.0,,1,1,2024-05-20 01:00:00,KNYC0
2024-05-20 02:00:00-04:00,13.0,87,0.0,,337,6.5,,1018.0,,0,2,2024-05-20 02:00:00,KNYC0
2024-05-20 03:00:00-04:00,13.0,87,0.0,,310,6.0,,1018.0,,0,1,2024-05-20 03:00:00,KNYC0
2024-05-20 04:00:00-04:00,13.0,87,0.0,,359,7.6,,1018.0,,2,1,2024-05-20 04:00:00,KNYC0
2024-05-20 05:00:00-04:00,13.0,90,0.0,,9,6.5,,1018.0,,5,5,2024-05-20 05:00:00,KNYC0
2024-05-20 06:00:00-04:00,14.0,90,0.0,,19,6.1,,1018.0,,8,5,2024-05-20 06:00:00,KNYC0
2024-05-20 07:00:00-04:00,16.0,78,0.0,,90,9.0,,1019.0,,8,5,2024-05-20 07:00:00,KNYC0
2024-05-20 08:00:00-04:00,17.0,75,0.0,,46,6.0,,1019.0,,3,5,2024-05-20 08:00:00,KNYC0
2024-05-20 09:00:00-04:00,18.0,70,0.0,,74,7.0,,1019.0,,0,2,2024-05-20 09:00:00,KNYC0
2024-05-20 10:00:00-04:00,20.0,61,0.0,,83,7.0,,1019.0,,0,1,2024-05-20 10:00:00,KNYC0
2024-05-20 11:00:00-04:00,22.0,53,0.0,,66,7.0,,1019.0,,0,1,2024-05-20 11:00:00,KNYC0
2024-05-20 12:00:00-04:00,23.0,48,0.0,,80,11.0,,1018.0,,8,1,2024-05-20 12:00:00,KNYC0
2024-05-20 13:00:00-04:00,22.0,57,0.0,,52,7.0,,1018.0,,8,3,2024-05-20 13:00:00,KNYC0
2024-05-20 14:00:00-04:00,22.0,55,0.0,,111,6.0,,1017.0,,4,3,2024-05-20 14:00:00,KNYC0
2024-05-20 15:00:00-04:00,21.0,59,0.0,,154,9.0,,1017.0,,2,3,2024-05-20 15:00:00,KNYC0
2024-05-20 16:00:00-04:00,21.0,59,0.0,,158,9.0,,1017.0,,5,2,2024-05-20 16:00:00,KNYC0
2024-05-20 17:00:00-04:00,19.0,63,0.0,,159,7.0,,1017.0,,8,3,2024-05-20 17:00:00,KNYC0
2024-05-20 18:00:00-04:00,18.0,68,0.0,,157,7.0,,1017.0,,8,3,2024-05-20 18:00:00,KNYC0
2024-05-20 19:00:00-04:00,17.0,72,0.0,,170,7.0,,1017.0,,0,3,2024-05-20 19:00:00,KNYC0
2024-05-20 20:00:00-04:00,17.0,75,0.0,,161,6.0,,1017.0,,0,1,2024-05-20 20:00:00,KNYC0
2024-05-20 21:00:00-04:00,16.0,78,0.0,,159,6.0,,1018.0,,0,1,2024-05-20 21:00:00,KNYC0
2024-05-20 22:00:00-04:00,17.0,78,0.0,,156,9.0,,1018.0,,0,1,2024-05-20 22:00:00,KNYC0
2024-05-20 23:00:00-04:00,16.0,81,0.0,,157,6.0,,1017.0,,0,1,2024-05-20 23:00:00,KNYC0
2024-05-21 00:00:00-04:00,16.0,81,0.0,,140,6.0,,1017.0,,8,1,2024-05-21 00:00:00,KNYC0
2024-05-21 01:00:00-04:00,15.0,87,0.0,,176,9.0,,1017.0,,7,3,2024-05-21 01:00:00,KNYC0
2024-05-21 02:00:00-04:00,15.0,87,0.0,,187,8.3,,1017.0,,8,3,2024-05-21 02:00:00,KNYC0
2024-05-21 03:00:00-04:00,15.0,90,0.0,,197,7.2,,1017.0,,7,3,2024-05-21 03:00:00,KNYC0
2024-05-21 04:00:00-04:00,14.0,90,0.0,,192,6.8,,1017.0,,7,3,2024-05-21 04:00:00,KNYC0
2024-05-21 05:00:00-04:00,14.0,90,0.0,,200,7.2,,1017.0,,7,3,2024-05-21 05:00:00,KNYC0
2024-05-21 06:00:00-04:00,16.0,84,0.0,,220,6.0,,1017.0,,4,3,2024-05-21 06:00:00,KNYC0
2024-05-21 07:00:00-04:00,17.0,78,0.0,,211,9.7,,1017.0,,7,3,2024-05-21 07:00:00,KNYC0
2024-05-21 08:00:00-04:00,18.0,76,0.0,,218,6.0,,1018.0,,3,3,2024-05-21 08:00:00,KNYC0
2024-05-21 09:00:00-04:00,20.0,70,0.0,,216,6.0,,1017.0,,1,2,2024-05-21 09:00:00,KNYC0
2024-05-21 10:00:00-04:00,22.0,64,0.0,,300,7.0,,1017.0,,2,2,2024-05-21 10:00:00,KNYC0
2024-05-21 11:00:00-04:00,24.0,60,0.0,,194,10.1,,1017.0,,0,2,2024-05-21 11:00:00,KNYC0
2024-05-21 12:00:00-04:00,27.0,54,0.0,,187,7.0,,1016.0,,0,1,2024-05-21 12:00:00,KNYC0
2024-05-21 13:00:00-04:00,28.0,53,0.0,,181,6.0,,1015.0,,0,1,2024-05-21 13:00:00,KNYC0
2024-05-21 14:00:00-04:00,28.0,49,0.0,,140,11.0,,1015.0,,0,1,2024-05-21 14:00:00,KNYC0
2024-05-21 15:00:00-04:00,26.0,56,0.0,,158,9.0,,1015.0,,0,1,2024-05-21 15:00:00,KNYC0
2024-05-21 16:00:00-04:00,26.0,54,0.0,,130,13.0,,1015.0,,0,1,2024-05-21 16:00:00,KNYC0
2024-05-21 17:00:00-04:00,25.0,56,0.0,,149,6.0,,1015.0,,3,1,2024-05-21 17:00:00,KNYC0
2024-05-21 18:00:00-04:00,25.0,56,0.0,,143,18.0,,1015.0,,4,3,2024-05-21 18:00:00,KNYC0
2024-05-21 19:00:00-04:00,23.0,60,0.0,,135,6.0,,1015.0,,8,3,2024-05-21 19:00:00,KNYC0
2024-05-21 20:00:00-04:00,23.0,64,0.0,,138,13.7,,1015.0,,8,3,2024-05-21 20:00:00,KNYC0
2024-05-21 21:00:00-04:00,22.0,66,0.0,,210,6.0,,1015.0,,8,3,2024-05-21 21:00:00,KNYC0
2024-05-21 22:00:00-04:00,23.0,59,0.0,,165,6.0,,1015.0,,4,3,2024-05-21 22:00:00,KNYC0
2024-05-21 23:00:00-04:00,23.0,61,0.0,,199,7.0,,1015.0,,3,3,2024-05-21 23:00:00,KNYC0
2024-05-22 00:00:00-04:00,23.0,64,0.0,,227,11.0,,1015.0,,7,2,2024-05-22 00:00:00,KNYC0
2024-05-22 01:00:00-04:00,21.0,71,0.0,,223,7.0,,1016.0,,8,3,2024-05-22 01:00:00,KNYC0
2024-05-22 02:00:00-04:00,21.0,70,0.0,,221,7.0,,1015.0,,4,3,2024-05-22 02:00:00,KNYC0
2024-05-22 03:00:00-04:00,20.0,70,0.0,,240,13.0,,1016.0,,0,3,2024-05-22 03:00:00,KNYC0
2024-05-22 04:00:00-04:00,20.0,70,0.0,,234,9.0,,1016.0,,0,1,2024-05-22 04:00:00,KNYC0
2024-05-22 05:00:00-04:00,19.0,73,0.0,,240,9.0,,1017.0,,0,1,2024-05-22 05:00:00,KNYC0
2024-05-22 06:00:00-04:00,20.0,70,0.0,,250,13.0,,1017.0,,0,1,2024-05-22 06:00:00,KNYC0
2024-05-22 07:00:00-04:00,21.0,68,0.0,,229,9.0,,1017.0,,8,1,2024-05-22 07:00:00,KNYC0
2024-05-22 08:00:00-04:00,22.0,64,0.0,,230,11.0,,1017.0,,0,3,2024-05-22 08:00:00,KNYC0
2024-05-22 09:00:00-04:00,23.0,62,0.0,,222,6.0,,1017.0,,0,1,2024-05-22 09:00:00,KNYC0
2024-05-22 10:00:00-04:00,26.0,58,0.0,,208,11.5,,1016.0,,0,1,2024-05-22 10:00:00,KNYC0
2024-05-22 11:00:00-04:00,27.0,51,0.0,,206,14.8,,1015.0,,0,1,2024-05-22 11:00:00,KNYC0
2024-05-22 12:00:00-04:00,28.0,46,0.0,,205,17.3,,1015.0,,0,1,2024-05-22 12:00:00,KNYC0
2024-05-22 13:00:00-04:00,28.0,49,0.0,,150,9.0,,1014.0,,0,1,2024-05-22 13:00:00,KNYC0
2024-05-22 14:00:00-04:00,27.0,52,0.0,,173,6.0,,1014.0,,0,1,2024-05-22 14:00:00,KNYC0
2024-05-22 15:00:00-04:00,26.0,52,0.0,,162,7.0,,1014.0,,0,1,2024-05-22 15:00:00,KNYC0
2024-05-22 16:00:00-04:00,26.0,54,0.0,,150,13.0,,1013.0,,2,1,2024-05-22 16:00:00,KNYC0
2024-05-22 17:00:00-04:00,26.0,52,0.0,,130,11.0,,1013.0,,1,2,2024-05-22 17:00:00,KNYC0
2024-05-22 18:00:00-04:00,24.0,58,0.0,,154,6.0,,1013.0,,1,2,2024-05-22 18:00:00,KNYC0
2024-05-22 19:00:00-04:00,24.0,62,0.0,,151,6.0,,1012.0,,2,2,2024-05-22 19:00:00,KNYC0
2024-05-22 20:00:00-04:00,24.0,62,0.0,,178,6.0,,1013.0,,4,2,2024-05-22 20:00:00,KNYC0
2024-05-22 21:00:00-04:00,24.0,60,0.0,,192,6.0,,1013.0,,2,3,2024-05-22 21:00:00,KNYC0
2024-05-22 22:00:00-04:00,24.0,62,0.0,,203,7.0,,1013.0,,2,2,2024-05-22 22:00:00,KNYC0
2024-05-22 23:00:00-04:00,23.0,64,0.0,,220,11.0,,1013.0,,0,2,2024-05-22 23:00:00,KNYC0
2024-05-23 00:00:00-04:00,23.0,64,0.0,,220,9.0,,1013.0,,5,1,2024-05-23 00:00:00,KNYC0
2024-05-23 01:00:00-04:00,23.0,66,0.0,,216,6.0,,1013.0,,4,3,2024-05-23 01:00:00,KNYC0
2024-05-23 02:00:00-04:00,23.0,69,0.0,,190,6.0,,1012.0,,2,3,2024-05-23 02:00:00,KNYC0
2024-05-23 03:00:00-04:00,22.0,71,0.0,,217,6.0,,1012.0,,8,2,2024-05-23 03:00:00,KNYC0
2024-05-23 04:00:00-04:00,22.0,71,0.0,,240,6.0,,1012.0,,7,3,2024-05-23 04:00:00,KNYC0
2024-05-23 05:00:00-04:00,22.0,73,0.0,,214,6.0,,1012.0,,7,3,2024-05-23 05:00:00,KNYC0
2024-05-23 06:00:00-04:00,22.0,73,0.0,,194,11.5,,1012.0,,8,3,2024-05-23 06:00:00,KNYC0
2024-05-23 07:00:00-04:00,22.0,73,0.0,,192,12.6,,1012.0,,8,3,2024-05-23 07:00:00,KNYC0
2024-05-23 08:00:00-04:00,23.0,73,0.2,,200,12.2,,1012.0,,8,7,2024-05-23 08:00:00,KNYC0
2024-05-23 09:00:00-04:00,22.0,81,6.9,,260,11.0,,1013.0,,8,9,2024-05-23 09:00:00,KNYC0
2024-05-23 10:00:00-04:00,19.0,97,0.3,,280,17.0,,1015.0,,8,8,2024-05-23 10:00:00,KNYC0
2024-05-23 11:00:00-04:00,22.0,84,0.3,,262,9.0,,1013.0,,8,8,2024-05-23 11:00:00,KNYC0
2024-05-23 12:00:00-04:00,24.0,69,1.3,,40,6.0,,1013.0,,8,9,2024-05-23 12:00:00,KNYC0
2024-05-23 13:00:00-04:00,24.0,69,0.7,,254,11.9,,1013.0,,8,8,2024-05-23 13:00:00,KNYC0
2024-05-23 14:00:00-04:00,24.0,69,0.7,,228,7.0,,1013.0,,8,8,2024-05-23 14:00:00,KNYC0
2024-05-23 15:00:00-04:00,25.0,60,0.1,,180,6.0,,1012.0,,7,7,2024-05-23 15:00:00,KNYC0
2024-05-23 16:00:00-04:00,24.0,69,0.0,,287,6.8,,1012.0,,8,3,2024-05-23 16:00:00,KNYC0
2024-05-23 17:00:00-04:00,24.0,60,0.0,,246,11.5,,1012.0,,1,3,2024-05-23 17:00:00,KNYC0
2024-05-23 18:00:00-04:00,24.0,62,0.0,,230,9.0,,1012.0,,6,1,2024-05-23 18:00:00,KNYC0
2024-05-23 19:00:00-04:00,24.0,62,0.0,,229,12.6,,1012.0,,8,3,2024-05-23 19:00:00,KNYC0
2024-05-23 20:00:00-04:00,24.0,64,0.0,,286,10.1,,1012.0,,8,3,2024-05-23 20:00:00,KNYC0
2024-05-23 21:00:00-04:00,23.0,67,0.0,,287,7.6,,1012.0,,8,3,2024-05-23 21:00:00,KNYC0
2024-05-23 22:00:00-04:00,23.0,64,0.0,,230,6.0,,1012.0,,6,3,2024-05-23 22:00:00,KNYC0
2024-05-23 23:00:00-04:00,23.0,69,0.0,,247,6.0,,1012.0,,1,3,2024-05-23 23:00:00,KNYC0
2024-05-24 00:00:00-04:00,22.0,71,0.0,,262,6.0,,1012.0,,0,1,2024-05-24 00:00:00,KNYC0
2024-05-24 01:00:00-04:00,22.0,76,0.0,,262,9.7,,1012.0,,0,1,2024-05-24 01:00:00,KNYC0
2024-05-24 02:00:00-04:00,22.0,76,0.0,,262,9.0,,1012.0,,2,1,2024-05-24 02:00:00,KNYC0
2024-05-24 03:00:00-04:00,21.0,78,0.0,,240,6.0,,1012.0,,8,2,2024-05-24 03:00:00,KNYC0
2024-05-24 04:00:00-04:00,21.0,81,0.0,,257,8.3,,1012.0,,8,3,2024-05-24 04:00:00,KNYC0
2024-05-24 05:00:00-04:00,21.0,81,0.0,,264,7.0,,1012.0,,8,3,2024-05-24 05:00:00,KNYC0
2024-05-24 06:00:00-04:00,21.0,81,0.0,,292,7.6,,1012.0,,7,3,2024-05-24 06:00:00,KNYC0
2024-05-24 07:00:00-04:00,21.0,76,0.0,,328,6.0,,1013.0,,7,3,2024-05-24 07:00:00,KNYC0
2024-05-24 08:00:00-04:00,23.0,59,0.0,,345,7.2,,1013.0,,7,3,2024-05-24 08:00:00,KNYC0
2024-05-24 09:00:00-04:00,24.0,40,0.0,,337,6.0,,1013.0,,8,3,2024-05-24 09:00:00,KNYC0
2024-05-24 10:00:00-04:00,26.0,32,0.0,,343,8.6,,1012.0,,8,3,2024-05-24 10:00:00,KNYC0
2024-05-24 11:00:00-04:00,27.0,24,0.0,,322,9.4,,1012.0,,2,3,2024-05-24 11:00:00,KNYC0
2024-05-24 12:00:00-04:00,28.0,22,0.0,,297,7.0,,1011.0,,5,2,2024-05-24 12:00:00,KNYC0
2024-05-24 13:00:00-04:00,28.0,24,0.0,,282,7.0,,1010.0,,0,3,2024-05-24 13:00:00,KNYC0
2024-05-24 14:00:00-04:00,28.0,25,0.0,,282,6.0,,1010.0,,0,1,2024-05-24 14:00:00,KNYC0
2024-05-24 15:00:00-04:00,28.0,29,0.0,,288,7.0,,1010.0,,0,1,2024-05-24 15:00:00,KNYC0
2024-05-24 16:00:00-04:00,28.0,28,0.0,,288,7.0,,1010.0,,0,1,2024-05-24 16:00:00,KNYC0
2024-05-24 17:00:00-04:00,28.0,26,0.0,,280,9.0,,1010.0,,0,1,2024-05-24 17:00:00,KNYC0
2024-05-24 18:00:00-04:00,28.0,26,0.0,,270,13.0,,1010.0,,0,1,2024-05-24 18:00:00,KNYC0
2024-05-24 19:00:00-04:00,27.0,27,0.0,,230,14.8,,1010.0,,0,1,2024-05-24 19:00:00,KNYC0
2024-05-24 20:00:00-04:00,26.0,30,0.0,,164,13.7,,1010.0,,0,1,2024-05-24 20:00:00,KNYC0
2024-05-24 21:00:00-04:00,24.0,40,0.0,,207,9.4,,1011.0,,0,1,2024-05-24 21:00:00,KNYC0
2024-05-24 22:00:00-04:00,23.0,46,0.0,,233,10.1,,1011.0,,0,1,2024-05-24 22:00:00,KNYC0
2024-05-24 23:00:00-04:00,23.0,40,0.0,,280,6.0,,1011.0,,0,1,2024-05-24 23:00:00,KNYC0
2024-05-25 00:00:00-04:00,23.0,38,0.0,,329,12.6,,1011.0,,0,1,2024-05-25 00:00:00,KNYC0
2024-05-25 01:00:00-04:00,21.0,47,0.0,,40,6.0,,1012.0,,0,1,2024-05-25 01:00:00,KNYC0
2024-05-25 02:00:00-04:00,21.0,47,0.0,,12,13.3,,1012.0,,5,1,2024-05-25 02:00:00,KNYC0
2024-05-25 03:00:00-04:00,19.0,51,0.0,,70,7.0,,1012.0,,8,3,2024-05-25 03:00:00,KNYC0
2024-05-25 04:00:00-04:00,19.0,51,0.0,,11,6.0,,1012.0,,7,3,2024-05-25 04:00:00,KNYC0
2024-05-25 05:00:00-04:00,19.0,49,0.0,,348,7.9,,1013.0,,2,3,2024-05-25 05:00:00,KNYC0
2024-05-25 06:00:00-04:00,19.0,52,0.0,,80,6.0,,1013.0,,8,2,2024-05-25 06:00:00,KNYC0
2024-05-25 07:00:00-04:00,21.0,44,0.0,,22,7.0,,1013.0,,1,3,2024-05-25 07:00:00,KNYC0
2024-05-25 08:00:00-04:00,21.0,47,0.0,,60,11.0,,1013.0,,4,1,2024-05-25 08:00:00,KNYC0
2024-05-25 09:00:00-04:00,23.0,44,0.0,,73,6.0,,1014.0,,0,3,2024-05-25 09:00:00,KNYC0
2024-05-25 10:00:00-04:00,24.0,41,0.0,,68,7.9,,1014.0,,2,1,2024-05-25 10:00:00,KNYC0
2024-05-25 11:00:00-04:00,26.0,36,0.0,,110,7.0,,1013.0,,4,2,2024-05-25 11:00:00,KNYC0
2024-05-25 12:00:00-04:00,27.0,37,0.0,,130,7.0,,1013.0,,8,3,2024-05-25 12:00:00,KNYC0
2024-05-25 13:00:00-04:00,27.0,31,0.0,,152,7.0,,1012.0,,2,3,2024-05-25 13:00:00,KNYC0
2024-05-25 14:00:00-04:00,26.0,36,0.0,,158,19.1,,1012.0,,7,2,2024-05-25 14:00:00,KNYC0
2024-05-25 15:00:00-04:00,24.0,37,0.0,,159,6.0,,1012.0,,8,3,2024-05-25 15:00:00,KNYC0
2024-05-25 16:00:00-04:00,24.0,37,0.0,,151,7.0,,1012.0,,8,3,2024-05-25 16:00:00,KNYC0
2024-05-25 17:00:00-04:00,23.0,43,0.0,,142,16.9,,1012.0,,8,3,2024-05-25 17:00:00,KNYC0
2024-05-25 18:00:00-04:00,23.0,41,0.0,,151,7.0,,1012.0,,1,3,2024-05-25 18:00:00,KNYC0
2024-05-25 19:00:00-04:00,21.0,51,0.0,,150,6.0,,1012.0,,1,1,2024-05-25 19:00:00,KNYC0
2024-05-25 20:00:00-04:00,21.0,59,0.0,,156,13.3,,1012.0,,3,1,2024-05-25 20:00:00,KNYC0
2024-05-25 21:00:00-04:00,20.0,68,0.0,,166,14.8,,1013.0,,8,2,2024-05-25 21:00:00,KNYC0
2024-05-25 22:00:00-04:00,19.0,76,0.0,,165,13.3,,1013.0,,8,3,2024-05-25 22:00:00,KNYC0
2024-05-25 23:00:00-04:00,21.0,73,0.0,,171,13.7,,1013.0,,8,3,2024-05-25 23:00:00,KNYC0
2024-05-26 00:00:00-04:00,21.0,75,0.0,,169,8.3,,1012.0,,8,3,2024-05-26 00:00:00,KNYC0
2024-05-26 01:00:00-04:00,21.0,75,0.1,,157,6.8,,1012.0,,8,7,2024-05-26 01:00:00,KNYC0
2024-05-26 02:00:00-04:00,21.0,73,0.0,,157,6.8,,1012.0,,8,3,2024-05-26 02:00:00,KNYC0
2024-05-26 03:00:00-04:00,20.0,78,0.0,,169,6.1,,1013.0,,8,5,2024-05-26 03:00:00,KNYC0
2024-05-26 04:00:00-04:00,19.0,79,0.0,,70,6.0,,1013.0,,8,5,2024-05-26 04:00:00,KNYC0
2024-05-26 05:00:00-04:00,19.0,84,0.0,,130,5.4,,1013.0,,8,5,2024-05-26 05:00:00,KNYC0
2024-05-26 06:00:00-04:00,19.0,87,0.0,,106,6.1,,1013.0,,8,5,2024-05-26 06:00:00,KNYC0
2024-05-26 07:00:00-04:00,19.0,87,0.0,,124,10.8,,1014.0,,5,5,2024-05-26 07:00:00,KNYC0
2024-05-26 08:00:00-04:00,21.0,81,0.0,,157,6.0,,1014.0,,3,5,2024-05-26 08:00:00,KNYC0
2024-05-26 09:00:00-04:00,22.0,76,0.0,,130,9.0,,1014.0,,1,3,2024-05-26 09:00:00,KNYC0
2024-05-26 10:00:00-04:00,23.0,69,0.0,,153,11.2,,1014.0,,0,2,2024-05-26 10:00:00,KNYC0
2024-05-26 11:00:00-04:00,26.0,62,0.0,,152,6.0,,1014.0,,0,1,2024-05-26 11:00:00,KNYC0
2024-05-26 12:00:00-04:00,27.0,58,0.0,,153,12.6,,1014.0,,4,1,2024-05-26 12:00:00,KNYC0
2024-05-26 13:00:00-04:00,27.0,54,0.0,,110,9.0,,1014.0,,2,3,2024-05-26 13:00:00,KNYC0
2024-05-26 14:00:00-04:00,27.0,54,0.0,,168,12.2,,1013.0,,1,2,2024-05-26 14:00:00,KNYC0
2024-05-26 15:00:00-04:00,26.0,62,0.0,,154,6.0,,1013.0,,2,2,2024-05-26 15:00:00,KNYC0
2024-05-26 16:00:00-04:00,24.0,71,0.0,,149,9.0,,1013.0,,2,2,2024-05-26 16:00:00,KNYC0
2024-05-26 17:00:00-04:00,23.0,74,0.0,,130,11.0,,1013.0,,8,2,2024-05-26 17:00:00,KNYC0
2024-05-26 18:00:00-04:00,23.0,79,0.0,,145,7.0,,1014.0,,8,3,2024-05-26 18:00:00,KNYC0
2024-05-26 19:00:00-04:00,22.0,81,0.0,,140,13.0,,1014.0,,8,3,2024-05-26 19:00:00,KNYC0
2024-05-26 20:00:00-04:00,22.0,81,0.0,,130,7.0,,1014.0,,8,3,2024-05-26 20:00:00,KNYC0
2024-05-26 21:00:00-04:00,21.0,88,0.0,,140,11.0,,1014.0,,8,5,2024-05-26 21:00:00,KNYC0
2024-05-26 22:00:00-04:00,20.0,90,0.0,,137,7.0,,1014.0,,8,5,2024-05-26 22:00:00,KNYC0
2024-05-26 23:00:00-04:00,20.0,90,0.0,,136,9.0,,1014.0,,8,5,2024-05-26 23:00:00,KNYC0
2024-05-27 00:00:00-04:00,20.0,87,0.0,,137,7.0,,1014.0,,8,5,2024-05-27 00:00:00,KNYC0
2024-05-27 01:00:00-04:00,19.0,91,0.0,,129,15.1,,1014.0,,8,5,2024-05-27 01:00:00,KNYC0
2024-05-27 02:00:00-04:00,19.0,91,0.0,,141,6.0,,1014.0,,8,3,2024-05-27 02:00:00,KNYC0
2024-05-27 03:00:00-04:00,19.0,93,0.0,,141,14.8,,1013.0,,8,5,2024-05-27 03:00:00,KNYC0
2024-05-27 04:00:00-04:00,19.0,93,0.0,,139,6.0,,1013.0,,8,5,2024-05-27 04:00:00,KNYC0
2024-05-27 05:00:00-04:00,20.0,90,0.6,,142,6.0,,1013.0,,8,8,2024-05-27 05:00:00,KNYC0
2024-05-27 06:00:00-04:00,20.0,93,0.0,,144,6.0,,1013.0,,8,3,2024-05-27 06:00:00,KNYC0
2024-05-27 07:00:00-04:00,20.0,93,0.0,,124,15.5,,1013.0,,8,5,2024-05-27 07:00:00,KNYC0
2024-05-27 08:00:00-04:00,20.0,96,0.2,,131,14.4,,1013.0,,8,5,2024-05-27 08:00:00,KNYC0
2024-05-27 09:00:00-04:00,21.0,93,2.7,,137,7.0,,1013.0,,8,5,2024-05-27 09:00:00,KNYC0
2024-05-27 10:00:00-04:00,21.0,93,2.8,,126,18.7,,1013.0,,8,5,2024-05-27 10:00:00,KNYC0
2024-05-27 11:00:00-04:00,22.0,87,1.2,,131,7.0,,1012.0,,8,9,2024-05-27 11:00:00,KNYC0
2024-05-27 12:00:00-04:00,23.0,79,0.2,,142,23.0,,1012.0,,8,7,2024-05-27 12:00:00,KNYC0
2024-05-27 13:00:00-04:00,21.0,90,2.2,,140,11.0,,1010.0,,8,9,2024-05-27 13:00:00,KNYC0
2024-05-27 14:00:00-04:00,21.0,90,0.0,,150,15.0,,1010.0,,8,3,2024-05-27 14:00:00,KNYC0
2024-05-27 15:00:00-04:00,21.0,96,0.0,,150,6.0,,1009.0,,8,3,2024-05-27 15:00:00,KNYC0
2024-05-27 16:00:00-04:00,21.0,93,1.1,,163,28.8,,1008.0,,8,5,2024-05-27 16:00:00,KNYC0
2024-05-27 17:00:00-04:00,21.0,93,3.5,,148,23.0,,1008.0,,8,5,2024-05-27 17:00:00,KNYC0
2024-05-27 18:00:00-04:00,19.0,97,3.1,,149,9.0,,1007.0,,8,5,2024-05-27 18:00:00,KNYC0
2024-05-27 19:00:00-04:00,19.0,97,3.7,,160,7.0,,1007.0,,8,5,2024-05-27 19:00:00,KNYC0
2024-05-27 20:00:00-04:00,19.0,96,0.9,,157,6.0,,1007.0,,8,5,2024-05-27 20:00:00,KNYC0
2024-05-27 21:00:00-04:00,19.0,93,0.0,,187,22.3,,1008.0,,8,5,2024-05-27 21:00:00,KNYC0
2024-05-27 22:00:00-04:00,19.0,93,0.0,,188,17.6,,1007.0,,8,5,2024-05-27 22:00:00,KNYC0
2024-05-27 23:00:00-04:00,20.0,90,4.1,,30,6.0,,1007.0,,8,5,2024-05-27 23:00:00,KNYC0
2024-05-28 00:00:00-04:00,20.0,90,0.0,,188,12.2,,1007.0,,8,5,2024-05-28 00:00:00,KNYC0
2024-05-28 01:00:00-04:00,19.0,93,0.0,,230,6.0,,1006.0,,8,5,2024-05-28 01:00:00,KNYC0
2024-05-28 02:00:00-04:00,20.0,93,0.0,,225,10.8,,1005.0,,8,5,2024-05-28 02:00:00,KNYC0
2024-05-28 03:00:00-04:00,20.0,93,0.0,,213,10.4,,1005.0,,8,5,2024-05-28 03:00:00,KNYC0
2024-05-28 04:00:00-04:00,21.0,93,0.0,,241,7.0,,1006.0,,8,5,2024-05-28 04:00:00,KNYC0
2024-05-28 05:00:00-04:00,21.0,93,0.0,,220,7.0,,1006.0,,6,5,2024-05-28 05:00:00,KNYC0
2024-05-28 06:00:00-04:00,20.0,93,0.0,,250,7.0,,1008.0,,0,3,2024-05-28 06:00:00,KNYC0
2024-05-28 07:00:00-04:00,19.0,79,0.0,,270,13.0,,1008.0,,0,1,2024-05-28 07:00:00,KNYC0
2024-05-28 08:00:00-04:00,21.0,66,0.0,,270,15.0,,1008.0,,0,1,2024-05-28 08:00:00,KNYC0
2024-05-28 09:00:00-04:00,22.0,57,0.0,,272,6.0,,1008.0,,0,1,2024-05-28 09:00:00,KNYC0
2024-05-28 10:00:00-04:00,22.0,59,0.0,,280,9.0,,1008.0,,0,1,2024-05-28 10:00:00,KNYC0
2024-05-28 11:00:00-04:00,24.0,50,0.0,,280,15.0,,1009.0,,1,1,2024-05-28 11:00:00,KNYC0
2024-05-28 12:00:00-04:00,24.0,54,0.0,,271,20.2,,1008.0,,1,1,2024-05-28 12:00:00,KNYC0
2024-05-28 13:00:00-04:00,24.0,48,0.0,,265,23.4,,1008.0,,1,1,2024-05-28 13:00:00,KNYC0
2024-05-28 14:00:00-04:00,25.0,47,0.0,,254,11.0,,1008.0,,1,2,2024-05-28 14:00:00,KNYC0
2024-05-28 15:00:00-04:00,26.0,42,0.0,,280,17.0,,1007.0,,1,1,2024-05-28 15:00:00,KNYC0
2024-05-28 16:00:00-04:00,26.0,39,0.0,,290,15.0,,1008.0,,0,1,2024-05-28 16:00:00,KNYC0
2024-05-28 17:00:00-04:00,26.0,39,0.0,,240,15.0,,1008.0,,0,1,2024-05-28 17:00:00,KNYC0
2024-05-28 18:00:00-04:00,25.0,42,0.0,,266,9.0,,1008.0,,0,1,2024-05-28 18:00:00,KNYC0
2024-05-28 19:00:00-04:00,24.0,43,0.0,,300,19.0,,1009.0,,0,1,2024-05-28 19:00:00,KNYC0
2024-05-28 20:00:00-04:00,22.0,46,0.0,,300,24.0,,1011.0,,1,1,2024-05-28 20:00:00,KNYC0
2024-05-28 21:00:00-04:00,21.0,53,0.0,,280,6.0,,1011.0,,0,1,2024-05-28 21:00:00,KNYC0
2024-05-28 22:00:00-04:00,19.0,59,0.0,,280,11.0,,1011.0,,0,1,2024-05-28 22:00:00,KNYC0
2024-05-28 23:00:00-04:00,19.0,63,0.0,,295,9.0,,1012.0,,0,1,2024-05-28 23:00:00,KNYC0
2024-05-29 00:00:00-04:00,18.0,68,0.0,,290,7.0,,1012.0,,0,1,2024-05-29 00:00:00,KNYC0
2024-05-29 01:00:00-04:00,18.0,70,0.0,,290,9.0,,1012.0,,0,1,2024-05-29 01:00:00,KNYC0
2024-05-29 02:00:00-04:00,17.0,75,0.0,,298,9.7,,1012.0,,0,1,2024-05-29 02:00:00,KNYC0
2024-05-29 03:00:00-04:00,17.0,72,0.0,,299,7.0,,1012.0,,0,1,2024-05-29 03:00:00,KNYC0
2024-05-29 04:00:00-04:00,17.0,75,0.0,,310,9.0,,1012.0,,0,1,2024-05-29 04:00:00,KNYC0
2024-05-29 05:00:00-04:00,17.0,75,0.0,,307,8.6,,1013.0,,0,1,2024-05-29 05:00:00,KNYC0
2024-05-29 06:00:00-04:00,17.0,75,0.0,,306,6.0,,1013.0,,0,1,2024-05-29 06:00:00,KNYC0
2024-05-29 07:00:00-04:00,17.0,70,0.0,,306,6.0,,1014.0,,0,1,2024-05-29 07:00:00,KNYC0
2024-05-29 08:00:00-04:00,19.0,63,0.0,,323,9.7,,1014.0,,0,1,2024-05-29 08:00:00,KNYC0
2024-05-29 09:00:00-04:00,20.0,53,0.0,,341,9.0,,1014.0,,0,1,2024-05-29 09:00:00,KNYC0
2024-05-29 10:00:00-04:00,21.0,49,0.0,,350,8.6,,1015.0,,0,1,2024-05-29 10:00:00,KNYC0
2024-05-29 11:00:00-04:00,21.0,51,0.0,,334,7.6,,1015.0,,2,1,2024-05-29 11:00:00,KNYC0
2024-05-29 12:00:00-04:00,23.0,46,0.0,,300,6.0,,1015.0,,5,2,2024-05-29 12:00:00,KNYC0
2024-05-29 13:00:00-04:00,23.5,48,0.0,,283,6.5,,1013.2,,2,3,2024-05-29 13:00:00,KNYC0
2024-05-29 14:00:00-04:00,24.3,47,0.0,,284,5.8,,1012.6,,2,2,2024-05-29 14:00:00,KNYC0
2024-05-29 15:00:00-04:00,24.2,47,0.0,,307,6.1,,1012.0,,1,2,2024-05-29 15:00:00,KNYC0
2024-05-29 16:00:00-04:00,23.0,45,0.0,,230,13.0,,1013.0,,2,1,2024-05-29 16:00:00,KNYC0
2024-05-29 17:00:00-04:00,24.1,47,0.1,,204,14.0,,1011.2,,3,17,2024-05-29 17:00:00,KNYC0
2024-05-29 18:00:00-04:00,21.6,63,0.9,,186,16.2,,1011.8,,6,17,2024-05-29 18:00:00,KNYC0
2024-05-29 19:00:00-04:00,20.7,67,0.0,,208,18.7,,1012.3,,8,3,2024-05-29 19:00:00,KNYC0
2024-05-29 20:00:00-04:00,21.0,63,1.0,,335,6.0,,1013.0,,7,9,2024-05-29 20:00:00,KNYC0
2024-05-29 21:00:00-04:00,17.0,81,0.5,,220,22.0,,1014.0,,8,8,2024-05-29 21:00:00,KNYC0
2024-05-29 22:00:00-04:00,16.0,86,0.0,,43,6.0,,1014.0,,8,3,2024-05-29 22:00:00,KNYC0
2024-05-29 23:00:00-04:00,16.4,88,0.0,,356,4.3,,1013.2,,6,3,2024-05-29 23:00:00,KNYC0
2024-05-30 00:00:00-04:00,16.0,91,0.0,,80,11.0,,1013.0,,8,3,2024-05-30 00:00:00,KNYC0
2024-05-30 01:00:00-04:00,16.0,86,0.4,,310,6.0,,1014.0,,8,8,2024-05-30 01:00:00,KNYC0
2024-05-30 02:00:00-04:00,16.0,90,0.0,,304,5.0,,1013.0,,8,3,2024-05-30 02:00:00,KNYC0
2024-05-30 03:00:00-04:00,16.0,92,2.4,,300,7.0,,1013.0,,8,9,2024-05-30 03:00:00,KNYC0
2024-05-30 04:00:00-04:00,14.0,92,0.7,,339,10.8,,1014.0,,8,8,2024-05-30 04:00:00,KNYC0
2024-05-30 05:00:00-04:00,14.0,93,0.0,,338,9.4,,1014.0,,8,3,2024-05-30 05:00:00,KNYC0
2024-05-30 06:00:00-04:00,14.8,91,0.0,,328,10.8,,1013.5,,2,3,2024-05-30 06:00:00,KNYC0
2024-05-30 07:00:00-04:00,14.0,87,0.0,,344,9.0,,1015.0,,0,2,2024-05-30 07:00:00,KNYC0
2024-05-30 08:00:00-04:00,14.0,81,0.0,,345,20.2,,1016.0,,1,1,2024-05-30 08:00:00,KNYC0
2024-05-30 09:00:00-04:00,16.0,78,0.0,,360,11.0,,1016.0,,0,1,2024-05-30 09:00:00,KNYC0
2024-05-30 10:00:00-04:00,17.0,72,0.0,,50,13.0,,1016.0,,1,1,2024-05-30 10:00:00,KNYC0
2024-05-30 11:00:00-04:00,19.0,59,0.0,,355,7.0,,1016.0,,2,1,2024-05-30 11:00:00,KNYC0
2024-05-30 12:00:00-04:00,21.0,51,0.0,,40,13.0,,1015.0,,2,2,2024-05-30 12:00:00,KNYC0
2024-05-30 13:00:00-04:00,20.5,49,0.0,,345,18.4,,1013.9,,4,2,2024-05-30 13:00:00,KNYC0
2024-05-30 14:00:00-04:00,21.0,47,0.0,,342,16.9,,1015.0,,5,3,2024-05-30 14:00:00,KNYC0
2024-05-30 15:00:00-04:00,20.0,49,0.0,,341,11.0,,1015.0,,3,3,2024-05-30 15:00:00,KNYC0
2024-05-30 16:00:00-04:00,19.0,51,0.0,,353,9.0,,1016.0,,1,2,2024-05-30 16:00:00,KNYC0
2024-05-30 17:00:00-04:00,19.0,45,0.0,,20,9.0,,1016.0,,3,1,2024-05-30 17:00:00,KNYC0
2024-05-30 18:00:00-04:00,20.0,44,0.0,,322,7.0,,1016.0,,2,3,2024-05-30 18:00:00,KNYC0
2024-05-30 19:00:00-04:00,20.0,40,0.0,,328,9.0,,1017.0,,2,2,2024-05-30 19:00:00,KNYC0
2024-05-30 20:00:00-04:00,19.0,42,0.0,,336,6.0,,1017.0,,2,2,2024-05-30 20:00:00,KNYC0
2024-05-30 21:00:00-04:00,19.0,45,0.0,,40,7.0,,1018.0,,3,2,2024-05-30 21:00:00,KNYC0
2024-05-30 22:00:00-04:00,18.0,46,0.0,,332,13.7,,1018.0,,3,3,2024-05-30 22:00:00,KNYC0
2024-05-30 23:00:00-04:00,18.0,52,0.0,,327,13.7,,1018.0,,7,2,2024-05-30 23:00:00,KNYC0
2024-05-31 00:00:00-04:00,17.0,60,0.0,,310,7.0,,1019.0,,7,3,2024-05-31 00:00:00,KNYC0
2024-05-31 01:00:00-04:00,17.0,56,0.0,,344,6.0,,1019.0,,8,3,2024-05-31 01:00:00,KNYC0
2024-05-31 02:00:00-04:00,16.0,60,0.0,,344,7.0,,1019.0,,6,3,2024-05-31 02:00:00,KNYC0
2024-05-31 03:00:00-04:00,17.0,52,0.0,,346,13.7,,1019.0,,6,3,2024-05-31 03:00:00,KNYC0
2024-05-31 04:00:00-04:00,16.0,54,0.0,,353,6.0,,1020.0,,7,3,2024-05-31 04:00:00,KNYC0
2024-05-31 05:00:00-04:00,15.0,60,0.0,,358,13.7,,1021.0,,7,3,2024-05-31 05:00:00,KNYC0
2024-05-31 06:00:00-04:00,15.0,60,0.0,,351,13.7,,1021.0,,1,3,2024-05-31 06:00:00,KNYC0
2024-05-31 07:00:00-04:00,16.0,54,0.0,,360,11.0,,1022.0,,2,1,2024-05-31 07:00:00,KNYC0
2024-05-31 08:00:00-04:00,18.0,46,0.0,,342,9.0,,1022.0,,0,2,2024-05-31 08:00:00,KNYC0
2024-05-31 09:00:00-04:00,19.0,42,0.0,,342,16.2,,1022.0,,0,1,2024-05-31 09:00:00,KNYC0
2024-05-31 10:00:00-04:00,21.0,41,0.0,,40,17.0,,1022.0,,0,1,2024-05-31 10:00:00,KNYC0
2024-05-31 11:00:00-04:00,22.0,36,0.0,,50,13.0,,1022.0,,0,1,2024-05-31 11:00:00,KNYC0
2024-05-31 12:00:00-04:00,23.0,33,0.0,,347,6.0,,1022.0,,1,1,2024-05-31 12:00:00,KNYC0
2024-05-31 13:00:00-04:00,23.0,33,0.0,,351,16.6,,1021.0,,1,2,2024-05-31 13:00:00,KNYC0
2024-05-31 14:00:00-04:00,23.0,37,0.0,,351,15.8,,1021.0,,5,1,2024-05-31 14:00:00,KNYC0
2024-05-31 15:00:00-04:00,23.0,29,0.0,,339,9.0,,1020.0,,8,3,2024-05-31 15:00:00,KNYC0
2024-05-31 16:00:00-04:00,23.0,35,0.0,,330,7.0,,1020.0,,8,3,2024-05-31 16:00:00,KNYC0
2024-05-31 17:00:00-04:00,23.0,31,0.0,,335,18.7,,1020.0,,7,3,2024-05-31 17:00:00,KNYC0
2024-05-31 18:00:00-04:00,23.0,29,0.0,,310,19.0,,1020.0,,0,3,2024-05-31 18:00:00,KNYC0
2024-05-31 19:00:00-04:00,23.0,32,0.0,,300,11.0,,1020.0,,0,1,2024-05-31 19:00:00,KNYC0
2024-05-31 20:00:00-04:00,22.0,35,0.0,,320,7.0,,1021.0,,0,1,2024-05-31 20:00:00,KNYC0
2024-05-31 21:00:00-04:00,21.0,35,0.0,,280,9.0,,1022.0,,4,1,2024-05-31 21:00:00,KNYC0
2024-05-31 22:00:00-04:00,21.0,33,0.0,,306,9.0,,1022.0,,1,3,2024-05-31 22:00:00,KNYC0
2024-05-31 23:00:00-04:00,19.0,40,0.0,,312,15.1,,1022.0,,0,1,2024-05-31 23:00:00,KNYC0
2024-06-01 00:00:00-04:00,19.0,38,0.0,,300,6.0,,1022.0,,0,1,2024-06-01 00:00:00,KNYC0
2024-06-01 01:00:00-04:00,18.0,43,0.0,,340,6.0,,1022.0,,0,1,2024-06-01 01:00:00,KNYC0
2024-06-01 02:00:00-04:00,17.0,43,0.0,,300,9.0,,1022.0,,0,1,2024-06-01 02:00:00,KNYC0
2024-06-01 03:00:00-04:00,17.0,46,0.0,,311,7.0,,1022.0,,0,1,2024-06-01 03:00:00,KNYC0
2024-06-01 04:00:00-04:00,16.0,51,0.0,,310,11.9,,1022.0,,0,1,2024-06-01 04:00:00,KNYC0
2024-06-01 05:00:00-04:00,16.0,48,0.0,,316,12.6,,1023.0,,0,1,2024-06-01 05:00:00,KNYC0
2024-06-01 06:00:00-04:00,17.0,50,0.0,,360,6.0,,1023.0,,0,1,2024-06-01 06:00:00,KNYC0
2024-06-01 07:00:00-04:00,18.0,50,0.0,,300,13.0,,1023.0,,0,1,2024-06-01 07:00:00,KNYC0
2024-06-01 08:00:00-04:00,20.0,44,0.0,,330,13.3,,1023.0,,0,1,2024-06-01 08:00:00,KNYC0
2024-06-01 09:00:00-04:00,21.0,42,0.0,,329,14.0,,1023.0,,0,1,2024-06-01 09:00:00,KNYC0
2024-06-01 10:00:00-04:00,23.0,36,0.0,,331,9.0,,1023.0,,0,1,2024-06-01 10:00:00,KNYC0
2024-06-01 11:00:00-04:00,26.0,32,0.0,,336,11.9,,1022.0,,0,1,2024-06-01 11:00:00,KNYC0
2024-06-01 12:00:00-04:00,27.0,30,0.0,,335,6.0,,1022.0,,0,1,2024-06-01 12:00:00,KNYC0
2024-06-01 13:00:00-04:00,27.0,30,0.0,,321,9.0,,1021.0,,0,1,2024-06-01 13:00:00,KNYC0
2024-06-01 14:00:00-04:00,28.0,26,0.0,,307,6.0,,1020.0,,4,1,2024-06-01 14:00:00,KNYC0
2024-06-01 15:00:00-04:00,27.0,27,0.0,,293,7.0,,1020.0,,6,3,2024-06-01 15:00:00,KNYC0
2024-06-01 16:00:00-04:00,28.0,25,0.0,,287,7.0,,1019.0,,1,3,2024-06-01 16:00:00,KNYC0
2024-06-01 17:00:00-04:00,27.0,27,0.0,,293,7.0,,1019.0,,2,1,2024-06-01 17:00:00,KNYC0
2024-06-01 18:00:00-04:00,27.0,30,0.0,,270,11.0,,1019.0,,0,2,2024-06-01 18:00:00,KNYC0
2024-06-01 19:00:00-04:00,25.0,33,0.0,,200,6.0,,1019.0,,2,1,2024-06-01 19:00:00,KNYC0
2024-06-01 20:00:00-04:00,24.0,32,0.0,,260,6.0,,1020.0,,3,2,2024-06-01 20:00:00,KNYC0
2024-06-01 21:00:00-04:00,24.0,36,0.0,,193,9.0,,1020.0,,7,3,2024-06-01 21:00:00,KNYC0
2024-06-01 22:00:00-04:00,23.0,36,0.0,,232,9.4,,1020.0,,8,3,2024-06-01 22:00:00,KNYC0
2024-06-01 23:00:00-04:00,23.0,35,0.0,,274,8.6,,1020.0,,3,3,2024-06-01 23:00:00,KNYC0
2024-06-02 00:00:00-04:00,22.0,35,0.0,,292,9.0,,1019.0,,6,3,2024-06-02 00:00:00,KNYC0
2024-06-02 01:00:00-04:00,21.0,44,0.0,,259,9.0,,1019.0,,4,3,2024-06-02 01:00:00,KNYC0
2024-06-02 02:00:00-04:00,21.0,47,0.0,,229,7.0,,1019.0,,8,3,2024-06-02 02:00:00,KNYC0
2024-06-02 03:00:00-04:00,20.0,49,0.0,,240,6.0,,1019.0,,8,3,2024-06-02 03:00:00,KNYC0
2024-06-02 04:00:00-04:00,20.0,51,0.0,,250,6.0,,1019.0,,8,3,2024-06-02 04:00:00,KNYC0
2024-06-02 05:00:00-04:00,20.0,51,0.0,,262,10.8,,1019.0,,8,3,2024-06-02 05:00:00,KNYC0
2024-06-02 06:00:00-04:00,19.0,55,0.0,,252,9.4,,1020.0,,8,3,2024-06-02 06:00:00,KNYC0
2024-06-02 07:00:00-04:00,21.0,53,0.0,,257,7.0,,1020.0,,8,3,2024-06-02 07:00:00,KNYC0
2024-06-02 08:00:00-04:00,21.0,53,0.0,,249,9.0,,1020.0,,8,3,2024-06-02 08:00:00,KNYC0
2024-06-02 09:00:00-04:00,23.0,51,0.0,,242,6.0,,1020.0,,8,3,2024-06-02 09:00:00,KNYC0
2024-06-02 10:00:00-04:00,24.0,50,0.0,,238,9.7,,1019.0,,8,3,2024-06-02 10:00:00,KNYC0
2024-06-02 11:00:00-04:00,26.0,50,0.0,,232,6.0,,1019.0,,8,3,2024-06-02 11:00:00,KNYC0
2024-06-02 12:00:00-04:00,27.0,44,0.0,,231,12.2,,1018.0,,8,3,2024-06-02 12:00:00,KNYC0
2024-06-02 13:00:00-04:00,27.0,47,0.0,,217,9.0,,1017.0,,8,3,2024-06-02 13:00:00,KNYC0
2024-06-02 14:00:00-04:00,26.0,50,0.0,,199,6.0,,1017.0,,8,3,2024-06-02 14:00:00,KNYC0
2024-06-02 15:00:00-04:00,25.0,56,0.0,,170,20.5,,1016.0,,8,3,2024-06-02 15:00:00,KNYC0
2024-06-02 16:00:00-04:00,25.5,49,0.0,,161,21.6,,1015.0,,8,3,2024-06-02 16:00:00,KNYC0
2024-06-02 17:00:00-04:00,24.0,47,0.0,,155,7.0,,1016.0,,8,3,2024-06-02 17:00:00,KNYC0
2024-06-02 18:00:00-04:00,25.0,42,0.0,,168,16.2,,1015.0,,8,3,2024-06-02 18:00:00,KNYC0
2024-06-02 19:00:00-04:00,24.0,45,0.0,,211,13.7,,1015.0,,8,3,2024-06-02 19:00:00,KNYC0
2024-06-02 20:00:00-04:00,24.0,52,0.0,,191,14.8,,1015.0,,8,3,2024-06-02 20:00:00,KNYC0
2024-06-02 21:00:00-04:00,24.0,54,0.0,,154,14.0,,1016.0,,8,3,2024-06-02 21:00:00,KNYC0
2024-06-02 22:00:00-04:00,24.0,54,0.0,,181,13.7,,1015.0,,8,3,2024-06-02 22:00:00,KNYC0
2024-06-02 23:00:00-04:00,24.0,54,0.0,,230,11.0,,1015.0,,8,3,2024-06-02 23:00:00,KNYC0
2024-06-03 00:00:00-04:00,24.0,54,0.0,,224,14.4,,1015.0,,6,3,2024-06-03 00:00:00,KNYC0
2024-06-03 01:00:00-04:00,23.0,59,0.0,,240,9.0,,1015.0,,8,3,2024-06-03 01:00:00,KNYC0
2024-06-03 02:00:00-04:00,23.0,57,0.0,,248,9.7,,1014.0,,7,3,2024-06-03 02:00:00,KNYC0
2024-06-03 03:00:00-04:00,23.0,61,0.0,,240,7.0,,1014.0,,8,3,2024-06-03 03:00:00,KNYC0
2024-06-03 04:00:00-04:00,22.0,64,0.0,,230,7.0,,1014.0,,8,3,2024-06-03 04:00:00,KNYC0
2024-06-03 05:00:00-04:00,22.0,64,0.0,,291,6.1,,1014.0,,8,3,2024-06-03 05:00:00,KNYC0
2024-06-03 06:00:00-04:00,23.0,64,0.0,,249,5.4,,1014.0,,3,3,2024-06-03 06:00:00,KNYC0
2024-06-03 07:00:00-04:00,23.0,64,0.0,,280,6.0,,1014.0,,2,2,2024-06-03 07:00:00,KNYC0
2024-06-03 08:00:00-04:00,23.0,60,0.0,,300,7.0,,1015.0,,1,2,2024-06-03 08:00:00,KNYC0
2024-06-03 09:00:00-04:00,25.0,54,0.0,,299,7.0,,1014.0,,0,1,2024-06-03 09:00:00,KNYC0
2024-06-03 10:00:00-04:00,26.0,50,0.0,,339,6.8,,1014.0,,0,1,2024-06-03 10:00:00,KNYC0
2024-06-03 11:00:00-04:00,28.0,41,0.0,,359,7.0,,1014.0,,0,1,2024-06-03 11:00:00,KNYC0
2024-06-03 12:00:00-04:00,28.0,40,0.0,,4,7.0,,1014.0,,0,1,2024-06-03 12:00:00,KNYC0
2024-06-03 13:00:00-04:00,29.0,39,0.0,,30,13.0,,1013.0,,0,1,2024-06-03 13:00:00,KNYC0
2024-06-03 14:00:00-04:00,30.0,34,0.0,,25,9.0,,1013.0,,2,1,2024-06-03 14:00:00,KNYC0
2024-06-03 15:00:00-04:00,29.0,38,0.0,,36,9.0,,1013.0,,2,2,2024-06-03 15:00:00,KNYC0
2024-06-03 16:00:00-04:00,28.0,41,0.0,,74,7.0,,1012.0,,2,2,2024-06-03 16:00:00,KNYC0
2024-06-03 17:00:00-04:00,28.0,43,0.0,,140,7.0,,1013.0,,5,2,2024-06-03 17:00:00,KNYC0
2024-06-03 18:00:00-04:00,27.0,47,0.0,,169,6.0,,1013.0,,8,3,2024-06-03 18:00:00,KNYC0
2024-06-03 19:00:00-04:00,26.0,49,0.0,,176,13.0,,1013.0,,8,3,2024-06-03 19:00:00,KNYC0
2024-06-03 20:00:00-04:00,25.0,48,0.0,,172,10.4,,1014.0,,5,3,2024-06-03 20:00:00,KNYC0
2024-06-03 21:00:00-04:00,24.0,52,0.0,,161,9.0,,1014.0,,8,3,2024-06-03 21:00:00,KNYC0
2024-06-03 22:00:00-04:00,24.0,52,0.0,,167,8.3,,1015.0,,0,3,2024-06-03 22:00:00,KNYC0
2024-06-03 23:00:00-04:00,24.0,58,0.0,,174,6.8,,1015.0,,0,1,2024-06-03 23:00:00,KNYC0
2024-06-04 00:00:00-04:00,22.0,66,0.0,,117,6.0,,1015.0,,1,1,2024-06-04 00:00:00,KNYC0
2024-06-04 01:00:00-04:00,23.0,64,0.0,,122,7.9,,1016.0,,0,1,2024-06-04 01:00:00,KNYC0
2024-06-04 02:00:00-04:00,23.0,62,0.0,,129,7.9,,1016.0,,1,1,2024-06-04 02:00:00,KNYC0
2024-06-04 03:00:00-04:00,22.0,66,0.0,,50,6.0,,1015.0,,1,2,2024-06-04 03:00:00,KNYC0
2024-06-04 04:00:00-04:00,21.0,78,0.0,,30,6.0,,1015.0,,1,1,2024-06-04 04:00:00,KNYC0
2024-06-04 05:00:00-04:00,21.0,81,0.0,,77,6.5,,1016.0,,1,2,2024-06-04 05:00:00,KNYC0
2024-06-04 06:00:00-04:00,21.0,81,0.0,,56,7.9,,1017.0,,0,1,2024-06-04 06:00:00,KNYC0
2024-06-04 07:00:00-04:00,21.0,84,0.0,,50,9.0,,1017.0,,0,5,2024-06-04 07:00:00,KNYC0
2024-06-04 08:00:00-04:00,22.0,79,0.0,,76,9.0,,1018.0,,0,1,2024-06-04 08:00:00,KNYC0
2024-06-04 09:00:00-04:00,23.0,76,0.0,,114,7.0,,1018.0,,0,1,2024-06-04 09:00:00,KNYC0
2024-06-04 10:00:00-04:00,24.0,69,0.0,,140,7.0,,1018.0,,1,5,2024-06-04 10:00:00,KNYC0
2024-06-04 11:00:00-04:00,24.0,67,0.0,,151,13.3,,1018.0,,3,1,2024-06-04 11:00:00,KNYC0
2024-06-04 12:00:00-04:00,24.0,62,0.0,,158,7.0,,1018.0,,1,3,2024-06-04 12:00:00,KNYC0
2024-06-04 13:00:00-04:00,24.0,64,0.0,,152,6.0,,1018.0,,8,1,2024-06-04 13:00:00,KNYC0
2024-06-04 14:00:00-04:00,26.0,58,0.0,,149,17.3,,1017.0,,8,3,2024-06-04 14:00:00,KNYC0
2024-06-04 15:00:00-04:00,26.0,52,0.0,,147,17.6,,1016.0,,8,3,2024-06-04 15:00:00,KNYC0
2024-06-04 16:00:00-04:00,25.0,58,0.0,,151,6.0,,1016.0,,7,3,2024-06-04 16:00:00,KNYC0
2024-06-04 17:00:00-04:00,24.0,58,0.0,,148,18.0,,1016.0,,5,3,2024-06-04 17:00:00,KNYC0
2024-06-04 18:00:00-04:00,22.0,73,0.0,,150,6.0,,1017.0,,8,3,2024-06-04 18:00:00,KNYC0
2024-06-04 19:00:00-04:00,21.0,78,0.0,,148,18.4,,1017.0,,8,3,2024-06-04 19:00:00,KNYC0
2024-06-04 20:00:00-04:00,21.0,78,0.0,,160,7.0,,1017.0,,8,3,2024-06-04 20:00:00,KNYC0
2024-06-04 21:00:00-04:00,20.0,78,0.0,,152,6.0,,1017.0,,8,3,2024-06-04 21:00:00,KNYC0
2024-06-04 22:00:00-04:00,19.0,81,0.0,,155,8.3,,1017.0,,8,3,2024-06-04 22:00:00,KNYC0
2024-06-04 23:00:00-04:00,19.0,90,0.0,,130,7.0,,1017.0,,8,3,2024-06-04 23:00:00,KNYC0
2024-06-05 00:00:00-04:00,19.0,90,0.0,,130,7.0,,1016.0,,7,3,2024-06-05 00:00:00,KNYC0
2024-06-05 01:00:00-04:00,18.0,93,0.0,,183,6.5,,1016.0,,7,3,2024-06-05 01:00:00,KNYC0
2024-06-05 02:00:00-04:00,19.0,93,0.0,,198,7.9,,1016.0,,7,3,2024-06-05 02:00:00,KNYC0
2024-06-05 03:00:00-04:00,19.0,91,0.0,,202,7.2,,1016.0,,8,3,2024-06-05 03:00:00,KNYC0
2024-06-05 04:00:00-04:00,18.0,93,0.0,,211,4.7,,1016.0,,6,3,2024-06-05 04:00:00,KNYC0
2024-06-05 05:00:00-04:00,19.0,93,0.0,,183,3.6,,1016.0,,4,3,2024-06-05 05:00:00,KNYC0
2024-06-05 06:00:00-04:00,19.0,93,0.0,,170,4.3,,1016.0,,7,5,2024-06-05 06:00:00,KNYC0
2024-06-05 07:00:00-04:00,20.0,90,0.0,,167,6.0,,1016.0,,8,3,2024-06-05 07:00:00,KNYC0
2024-06-05 08:00:00-04:00,22.0,84,0.0,,165,7.9,,1016.0,,8,3,2024-06-05 08:00:00,KNYC0
2024-06-05 09:00:00-04:00,23.0,81,0.0,,193,6.0,,1016.0,,8,3,2024-06-05 09:00:00,KNYC0
2024-06-05 10:00:00-04:00,23.0,79,0.0,,193,7.0,,1015.0,,7,3,2024-06-05 10:00:00,KNYC0
2024-06-05 11:00:00-04:00,24.0,76,0.2,,175,14.0,,1015.0,,7,7,2024-06-05 11:00:00,KNYC0
2024-06-05 12:00:00-04:00,24.0,74,0.1,,174,9.0,,1014.0,,6,7,2024-06-05 12:00:00,KNYC0
2024-06-05 13:00:00-04:00,25.0,71,0.0,,150,6.0,,1014.0,,7,3,2024-06-05 13:00:00,KNYC0
2024-06-05 14:00:00-04:00,25.0,77,0.0,,170,19.4,,1013.0,,8,3,2024-06-05 14:00:00,KNYC0
2024-06-05 15:00:00-04:00,25.0,77,0.6,,162,7.0,,1012.0,,8,8,2024-06-05 15:00:00,KNYC0
2024-06-05 16:00:00-04:00,24.0,77,0.0,,160,23.4,,1011.0,,8,3,2024-06-05 16:00:00,KNYC0
2024-06-05 17:00:00-04:00,24.0,77,0.1,,156,22.3,,1011.0,,8,7,2024-06-05 17:00:00,KNYC0
2024-06-05 18:00:00-04:00,23.0,85,0.0,,154,20.2,,1011.0,,8,3,2024-06-05 18:00:00,KNYC0
2024-06-05 19:00:00-04:00,23.0,85,0.0,,153,11.0,,1010.0,,8,3,2024-06-05 19:00:00,KNYC0
2024-06-05 20:00:00-04:00,22.0,91,0.0,,150,9.0,,1010.0,,8,3,2024-06-05 20:00:00,KNYC0
2024-06-05 21:00:00-04:00,22.0,91,0.0,,152,6.0,,1010.0,,8,3,2024-06-05 21:00:00,KNYC0
2024-06-05 22:00:00-04:00,22.0,94,0.0,,100,6.0,,1009.0,,8,3,2024-06-05 22:00:00,KNYC0
2024-06-05 23:00:00-04:00,22.0,94,0.0,,130,6.0,,1009.0,,8,3,2024-06-05 23:00:00,KNYC0
2024-06-06 00:00:00-04:00,21.0,97,0.5,,144,6.0,,1008.0,,8,5,2024-06-06 00:00:00,KNYC0
2024-06-06 01:00:00-04:00,21.0,97,3.6,,159,10.8,,1008.0,,8,9,2024-06-06 01:00:00,KNYC0
2024-06-06 02:00:00-04:00,21.0,100,2.0,,164,7.0,,1006.0,,8,9,2024-06-06 02:00:00,KNYC0
2024-06-06 03:00:00-04:00,21.0,100,4.0,,167,9.0,,1005.0,,8,9,2024-06-06 03:00:00,KNYC0
2024-06-06 04:00:00-04:00,21.0,100,4.7,,171,7.0,,1004.0,,8,9,2024-06-06 04:00:00,KNYC0
2024-06-06 05:00:00-04:00,21.0,100,1.4,,240,37.4,,1003.0,,8,9,2024-06-06 05:00:00,KNYC0
2024-06-06 06:00:00-04:00,21.0,100,0.0,,271,21.6,,1003.0,,8,3,2024-06-06 06:00:00,KNYC0
2024-06-06 07:00:00-04:00,22.0,100,0.0,,290,6.0,,1003.0,,8,3,2024-06-06 07:00:00,KNYC0
2024-06-06 08:00:00-04:00,23.0,96,0.0,,279,11.5,,1002.0,,8,3,2024-06-06 08:00:00,KNYC0
2024-06-06 09:00:00-04:00,23.0,94,0.0,,260,9.0,,1002.0,,8,3,2024-06-06 09:00:00,KNYC0
2024-06-06 10:00:00-04:00,24.0,88,0.0,,277,16.2,,1002.0,,8,3,2024-06-06 10:00:00,KNYC0
2024-06-06 11:00:00-04:00,25.0,85,0.0,,273,13.7,,1002.0,,7,3,2024-06-06 11:00:00,KNYC0
2024-06-06 12:00:00-04:00,26.0,82,0.2,,250,15.5,,1002.0,,8,7,2024-06-06 12:00:00,KNYC0
2024-06-06 13:00:00-04:00,27.0,72,0.0,,220,6.0,,1001.0,,8,3,2024-06-06 13:00:00,KNYC0
2024-06-06 14:00:00-04:00,26.0,79,3.7,,228,6.0,,1000.0,,8,9,2024-06-06 14:00:00,KNYC0
2024-06-06 15:00:00-04:00,23.0,100,0.3,,230,15.0,,1000.0,,8,8,2024-06-06 15:00:00,KNYC0
2024-06-06 16:00:00-04:00,24.0,100,7.8,,214,6.0,,1000.0,,8,9,2024-06-06 16:00:00,KNYC0
2024-06-06 17:00:00-04:00,25.0,97,0.2,,219,16.2,,999.0,,4,5,2024-06-06 17:00:00,KNYC0
2024-06-06 18:00:00-04:00,25.0,94,0.0,,217,14.0,,999.0,,8,3,2024-06-06 18:00:00,KNYC0
2024-06-06 19:00:00-04:00,25.0,82,0.0,,235,11.0,,1000.0,,2,3,2024-06-06 19:00:00,KNYC0
2024-06-06 20:00:00-04:00,26.0,76,0.0,,252,6.0,,1001.0,,3,2,2024-06-06 20:00:00,KNYC0
2024-06-06 21:00:00-04:00,22.0,87,0.9,,343,11.0,,1002.0,,4,17,2024-06-06 21:00:00,KNYC0
2024-06-06 22:00:00-04:00,21.5,93,0.0,,197,9.4,,1000.6,,6,3,2024-06-06 22:00:00,KNYC0
2024-06-06 23:00:00-04:00,20.0,100,0.0,,208,10.4,,1002.0,,1,3,2024-06-06 23:00:00,KNYC0
2024-06-07 00:00:00-04:00,20.0,100,0.0,,250,7.2,,1002.0,,0,5,2024-06-07 00:00:00,KNYC0
2024-06-07 01:00:00-04:00,20.0,100,0.0,,279,7.6,,1002.0,,0,1,2024-06-07 01:00:00,KNYC0
2024-06-07 02:00:00-04:00,20.0,100,0.0,,300,6.0,,1002.0,,0,1,2024-06-07 02:00:00,KNYC0
2024-06-07 03:00:00-04:00,19.0,100,0.0,,290,6.0,,1002.0,,0,1,2024-06-07 03:00:00,KNYC0
2024-06-07 04:00:00-04:00,19.0,100,0.0,,322,8.6,,1002.0,,7,1,2024-06-07 04:00:00,KNYC0
2024-06-07 05:00:00-04:00,20.0,96,0.0,,319,6.8,,1002.0,,8,3,2024-06-07 05:00:00,KNYC0
2024-06-07 06:00:00-04:00,21.0,93,0.0,,300,7.2,,1003.0,,8,3,2024-06-07 06:00:00,KNYC0
2024-06-07 07:00:00-04:00,21.0,82,0.0,,307,6.5,,1003.0,,8,3,2024-06-07 07:00:00,KNYC0
2024-06-07 08:00:00-04:00,22.0,71,0.0,,283,6.0,,1004.0,,8,3,2024-06-07 08:00:00,KNYC0
2024-06-07 09:00:00-04:00,23.0,64,0.0,,247,3.2,,1003.0,,1,3,2024-06-07 09:00:00,KNYC0
2024-06-07 10:00:00-04:00,25.0,47,0.0,,282,6.0,,1003.0,,8,1,2024-06-07 10:00:00,KNYC0
2024-06-07 11:00:00-04:00,27.0,42,0.0,,270,10.8,,1003.0,,3,3,2024-06-07 11:00:00,KNYC0
2024-06-07 12:00:00-04:00,26.0,43,0.0,,261,10.1,,1003.0,,2,2,2024-06-07 12:00:00,KNYC0
2024-06-07 13:00:00-04:00,27.0,42,0.0,,240,16.6,,1002.0,,5,2,2024-06-07 13:00:00,KNYC0
2024-06-07 14:00:00-04:00,27.0,46,0.0,,240,7.0,,1002.0,,8,3,2024-06-07 14:00:00,KNYC0
2024-06-07 15:00:00-04:00,26.0,50,0.0,,246,11.0,,1002.0,,8,3,2024-06-07 15:00:00,KNYC0
2024-06-07 16:00:00-04:00,26.0,47,0.0,,246,11.0,,1002.0,,7,3,2024-06-07 16:00:00,KNYC0
2024-06-07 17:00:00-04:00,26.0,42,0.0,,240,9.0,,1002.0,,4,3,2024-06-07 17:00:00,KNYC0
2024-06-07 18:00:00-04:00,26.0,42,0.0,,253,16.9,,1003.0,,2,3,2024-06-07 18:00:00,KNYC0
2024-06-07 19:00:00-04:00,23.0,50,0.0,,300,20.0,,1005.0,,2,2,2024-06-07 19:00:00,KNYC0
2024-06-07 20:00:00-04:00,22.0,53,0.0,,300,7.0,,1006.0,,1,2,2024-06-07 20:00:00,KNYC0
2024-06-07 21:00:00-04:00,21.0,57,0.0,,323,9.0,,1007.0,,2,2,2024-06-07 21:00:00,KNYC0
2024-06-07 22:00:00-04:00,20.0,59,0.0,,290,9.0,,1008.0,,1,2,2024-06-07 22:00:00,KNYC0
2024-06-07 23:00:00-04:00,19.0,63,0.0,,305,6.0,,1008.0,,0,1,2024-06-07 23:00:00,KNYC0
2024-06-08 00:00:00-04:00,19.0,63,0.0,,296,11.0,,1008.0,,0,1,2024-06-08 00:00:00,KNYC0
2024-06-08 01:00:00-04:00,18.0,68,0.0,,270,9.0,,1008.0,,0,1,2024-06-08 01:00:00,KNYC0
2024-06-08 02:00:00-04:00,18.0,65,0.0,,258,6.0,,1008.0,,0,1,2024-06-08 02:00:00,KNYC0
2024-06-08 03:00:00-04:00,18.0,68,0.0,,261,7.0,,1008.0,,0,1,2024-06-08 03:00:00,KNYC0
2024-06-08 04:00:00-04:00,17.0,72,0.0,,265,7.0,,1008.0,,0,1,2024-06-08 04:00:00,KNYC0
2024-06-08 05:00:00-04:00,17.0,67,0.0,,270,11.0,,1008.0,,0,1,2024-06-08 05:00:00,KNYC0
2024-06-08 06:00:00-04:00,18.0,65,0.0,,270,11.9,,1008.0,,0,1,2024-06-08 06:00:00,KNYC0
2024-06-08 07:00:00-04:00,19.0,59,0.0,,264,11.0,,1009.0,,0,1,2024-06-08 07:00:00,KNYC0
2024-06-08 08:00:00-04:00,20.0,57,0.0,,281,11.0,,1009.0,,0,1,2024-06-08 08:00:00,KNYC0
2024-06-08 09:00:00-04:00,21.0,53,0.0,,290,17.0,,1009.0,,0,1,2024-06-08 09:00:00,KNYC0
2024-06-08 10:00:00-04:00,22.0,53,0.0,,266,9.0,,1009.0,,0,1,2024-06-08 10:00:00,KNYC0
2024-06-08 11:00:00-04:00,23.0,51,0.0,,300,13.0,,1009.0,,4,1,2024-06-08 11:00:00,KNYC0
2024-06-08 12:00:00-04:00,24.0,48,0.0,,283,11.0,,1009.0,,4,3,2024-06-08 12:00:00,KNYC0
2024-06-08 13:00:00-04:00,23.0,50,0.0,,284,9.0,,1009.0,,7,3,2024-06-08 13:00:00,KNYC0
2024-06-08 14:00:00-04:00,24.0,52,0.0,,286,26.6,,1009.0,,1,3,2024-06-08 14:00:00,KNYC0
2024-06-08 15:00:00-04:00,24.0,47,0.0,,290,11.0,,1009.0,,8,2,2024-06-08 15:00:00,KNYC0
2024-06-08 16:00:00-04:00,24.0,45,0.0,,283,9.0,,1009.0,,7,3,2024-06-08 16:00:00,KNYC0
2024-06-08 17:00:00-04:00,24.0,42,0.0,,285,9.0,,1009.0,,2,3,2024-06-08 17:00:00,KNYC0
2024-06-08 18:00:00-04:00,24.0,40,0.0,,297,11.0,,1009.0,,1,2,2024-06-08 18:00:00,KNYC0
2024-06-08 19:00:00-04:00,24.0,43,0.0,,297,7.0,,1009.0,,0,1,2024-06-08 19:00:00,KNYC0
2024-06-08 20:00:00-04:00,23.0,46,0.0,,275,7.0,,1009.0,,0,1,2024-06-08 20:00:00,KNYC0
2024-06-08 21:00:00-04:00,23.0,46,0.0,,233,6.0,,1009.0,,0,1,2024-06-08 21:00:00,KNYC0
2024-06-08 22:00:00-04:00,22.0,48,0.0,,248,11.2,,1009.0,,0,1,2024-06-08 22:00:00,KNYC0
2024-06-08 23:00:00-04:00,22.0,48,0.0,,220,7.0,,1009.0,,0,1,2024-06-08 23:00:00,KNYC0
2024-06-09 00:00:00-04:00,22.0,51,0.0,,246,6.0,,1009.0,,0,1,2024-06-09 00:00:00,KNYC0
2024-06-09 01:00:00-04:00,21.0,53,0.0,,258,6.0,,1008.0,,0,1,2024-06-09 01:00:00,KNYC0
2024-06-09 02:00:00-04:00,21.0,59,0.0,,334,6.0,,1008.0,,0,1,2024-06-09 02:00:00,KNYC0
2024-06-09 03:00:00-04:00,21.0,55,0.0,,143,5.4,,1007.0,,3,1,2024-06-09 03:00:00,KNYC0
2024-06-09 04:00:00-04:00,20.0,59,0.0,,189,6.1,,1006.0,,8,2,2024-06-09 04:00:00,KNYC0
2024-06-09 05:00:00-04:00,21.0,59,0.0,,171,7.9,,1004.0,,8,3,2024-06-09 05:00:00,KNYC0
2024-06-09 06:00:00-04:00,21.0,64,0.0,,175,8.6,,1003.0,,8,3,2024-06-09 06:00:00,KNYC0
2024-06-09 07:00:00-04:00,21.0,73,0.0,,210,7.0,,1002.0,,8,3,2024-06-09 07:00:00,KNYC0
2024-06-09 08:00:00-04:00,22.0,66,0.0,,230,20.0,,1002.0,,7,3,2024-06-09 08:00:00,KNYC0
2024-06-09 09:00:00-04:00,21.0,68,0.0,,227,11.0,,1002.0,,6,3,2024-06-09 09:00:00,KNYC0
2024-06-09 10:00:00-04:00,21.0,73,1.7,,250,7.0,,1002.0,,6,18,2024-06-09 10:00:00,KNYC0
2024-06-09 11:00:00-04:00,21.0,71,2.9,,245,23.8,,1002.0,,5,18,2024-06-09 11:00:00,KNYC0
2024-06-09 12:00:00-04:00,22.0,64,0.3,,360,19.0,,1002.0,,4,17,2024-06-09 12:00:00,KNYC0
2024-06-09 13:00:00-04:00,22.0,59,0.0,,293,25.2,,1002.0,,1,3,2024-06-09 13:00:00,KNYC0
2024-06-09 14:00:00-04:00,22.0,53,0.0,,316,9.0,,1003.0,,1,2,2024-06-09 14:00:00,KNYC0
2024-06-09 15:00:00-04:00,23.0,51,0.0,,300,15.0,,1003.0,,1,2,2024-06-09 15:00:00,KNYC0
2024-06-09 16:00:00-04:00,23.0,50,0.0,,312,9.0,,1003.0,,1,1,2024-06-09 16:00:00,KNYC0
2024-06-09 17:00:00-04:00,23.0,43,0.0,,300,13.0,,1003.0,,0,2,2024-06-09 17:00:00,KNYC0
2024-06-09 18:00:00-04:00,23.0,38,0.0,,300,13.0,,1003.0,,0,1,2024-06-09 18:00:00,KNYC0
2024-06-09 19:00:00-04:00,23.0,43,0.0,,305,9.0,,1003.0,,1,1,2024-06-09 19:00:00,KNYC0
2024-06-09 20:00:00-04:00,22.0,44,0.0,,280,7.0,,1004.0,,1,1,2024-06-09 20:00:00,KNYC0
2024-06-09 21:00:00-04:00,21.0,47,0.0,,320,10.4,,1004.0,,0,1,2024-06-09 21:00:00,KNYC0
2024-06-09 22:00:00-04:00,21.0,47,0.0,,292,7.0,,1004.0,,0,1,2024-06-09 22:00:00,KNYC0
2024-06-09 23:00:00-04:00,21.0,51,0.0,,282,9.0,,1004.0,,0,1,2024-06-09 23:00:00,KNYC0
2024-06-10 00:00:00-04:00,18.0,63,0.0,,360,6.0,,1004.0,,0,1,2024-06-10 00:00:00,KNYC0
2024-06-10 01:00:00-04:00,18.0,63,0.0,,249,6.0,,1004.0,,1,1,2024-06-10 01:00:00,KNYC0
2024-06-10 02:00:00-04:00,18.0,61,0.0,,260,15.0,,1004.0,,2,1,2024-06-10 02:00:00,KNYC0
2024-06-10 03:00:00-04:00,18.0,63,0.0,,290,11.0,,1004.0,,1,2,2024-06-10 03:00:00,KNYC0
2024-06-10 04:00:00-04:00,17.0,65,0.0,,285,9.0,,1004.0,,0,2,2024-06-10 04:00:00,KNYC0
2024-06-10 05:00:00-04:00,17.0,67,0.0,,280,13.0,,1004.0,,0,1,2024-06-10 05:00:00,KNYC0
2024-06-10 06:00:00-04:00,17.0,67,0.0,,296,11.5,,1005.0,,0,1,2024-06-10 06:00:00,KNYC0
2024-06-10 07:00:00-04:00,17.0,65,0.0,,270,13.0,,1005.0,,0,1,2024-06-10 07:00:00,KNYC0
2024-06-10 08:00:00-04:00,18.0,58,0.0,,300,17.0,,1005.0,,0,1,2024-06-10 08:00:00,KNYC0
2024-06-10 09:00:00-04:00,19.0,56,0.0,,280,17.0,,1005.0,,0,1,2024-06-10 09:00:00,KNYC0
2024-06-10 10:00:00-04:00,20.0,53,0.0,,302,17.3,,1005.0,,1,1,2024-06-10 10:00:00,KNYC0
2024-06-10 11:00:00-04:00,21.0,53,0.0,,298,17.3,,1005.0,,4,2,2024-06-10 11:00:00,KNYC0
2024-06-10 12:00:00-04:00,21.0,53,0.0,,297,15.5,,1005.0,,7,3,2024-06-10 12:00:00,KNYC0
2024-06-10 13:00:00-04:00,23.0,48,0.0,,295,7.0,,1005.0,,7,3,2024-06-10 13:00:00,KNYC0
2024-06-10 14:00:00-04:00,22.0,49,0.0,,290,17.3,,1006.0,,5,3,2024-06-10 14:00:00,KNYC0
2024-06-10 15:00:00-04:00,22.0,47,0.0,,300,16.2,,1006.0,,8,3,2024-06-10 15:00:00,KNYC0
2024-06-10 16:00:00-04:00,22.0,48,0.0,,300,13.0,,1006.0,,3,3,2024-06-10 16:00:00,KNYC0
2024-06-10 17:00:00-04:00,23.0,46,0.0,,303,11.0,,1006.0,,4,2,2024-06-10 17:00:00,KNYC0
2024-06-10 18:00:00-04:00,23.0,46,0.0,,294,9.0,,1006.0,,8,3,2024-06-10 18:00:00,KNYC0
2024-06-10 19:00:00-04:00,22.0,48,0.0,,296,7.0,,1007.0,,8,3,2024-06-10 19:00:00,KNYC0
2024-06-10 20:00:00-04:00,21.0,49,0.0,,266,7.0,,1008.0,,7,3,2024-06-10 20:00:00,KNYC0
2024-06-10 21:00:00-04:00,21.0,51,0.0,,20,13.0,,1009.0,,3,3,2024-06-10 21:00:00,KNYC0
2024-06-10 22:00:00-04:00,19.0,57,0.0,,317,11.0,,1010.0,,1,2,2024-06-10 22:00:00,KNYC0
2024-06-10 23:00:00-04:00,19.0,61,0.0,,340,10.4,,1011.0,,1,2,2024-06-10 23:00:00,KNYC0
2024-06-11 00:00:00-04:00,19.0,59,0.0,,340,7.0,,1011.0,,1,1,2024-06-11 00:00:00,KNYC0
2024-06-11 01:00:00-04:00,18.0,63,0.0,,346,7.0,,1011.0,,1,2,2024-06-11 01:00:00,KNYC0
2024-06-11 02:00:00-04:00,17.0,67,0.0,,350,6.0,,1011.0,,4,2,2024-06-11 02:00:00,KNYC0
2024-06-11 03:00:00-04:00,17.0,72,0.0,,10,6.0,,1012.0,,6,3,2024-06-11 03:00:00,KNYC0
2024-06-11 04:00:00-04:00,16.0,75,0.0,,360,11.0,,1012.0,,8,3,2024-06-11 04:00:00,KNYC0
2024-06-11 05:00:00-04:00,16.0,80,0.0,,30,7.0,,1013.0,,7,3,2024-06-11 05:00:00,KNYC0
2024-06-11 06:00:00-04:00,16.0,72,0.0,,20,7.0,,1014.0,,3,3,2024-06-11 06:00:00,KNYC0
2024-06-11 07:00:00-04:00,17.0,70,0.0,,4,6.0,,1014.0,,4,3,2024-06-11 07:00:00,KNYC0
2024-06-11 08:00:00-04:00,18.0,65,0.0,,6,7.0,,1014.0,,1,3,2024-06-11 08:00:00,KNYC0
2024-06-11 09:00:00-04:00,19.0,61,0.0,,16,10.4,,1014.0,,2,1,2024-06-11 09:00:00,KNYC0
2024-06-11 10:00:00-04:00,21.0,57,0.0,,260,7.0,,1014.0,,2,2,2024-06-11 10:00:00,KNYC0
2024-06-11 11:00:00-04:00,22.0,51,0.0,,314,6.0,,1014.0,,4,2,2024-06-11 11:00:00,KNYC0
2024-06-11 12:00:00-04:00,21.0,61,0.0,,260,7.0,,1014.0,,3,3,2024-06-11 12:00:00,KNYC0
2024-06-11 13:00:00-04:00,20.0,65,0.1,,299,6.1,,1014.0,,3,17,2024-06-11 13:00:00,KNYC0
2024-06-11 14:00:00-04:00,20.0,65,0.3,,296,6.0,,1014.0,,5,17,2024-06-11 14:00:00,KNYC0
2024-06-11 15:00:00-04:00,22.0,53,0.0,,340,7.0,,1014.0,,4,3,2024-06-11 15:00:00,KNYC0
2024-06-11 16:00:00-04:00,22.0,57,0.2,,288,6.8,,1014.0,,4,17,2024-06-11 16:00:00,KNYC0
2024-06-11 17:00:00-04:00,22.0,55,0.0,,296,6.5,,1014.0,,4,3,2024-06-11 17:00:00,KNYC0
2024-06-11 18:00:00-04:00,21.0,61,0.0,,278,10.1,,1015.0,,8,3,2024-06-11 18:00:00,KNYC0
2024-06-11 19:00:00-04:00,19.0,73,0.0,,196,11.5,,1015.0,,7,3,2024-06-11 19:00:00,KNYC0
2024-06-11 20:00:00-04:00,19.0,79,0.0,,186,10.4,,1015.0,,4,3,2024-06-11 20:00:00,KNYC0
2024-06-11 21:00:00-04:00,21.0,59,0.0,,183,6.0,,1016.0,,2,3,2024-06-11 21:00:00,KNYC0
2024-06-11 22:00:00-04:00,20.0,65,0.0,,183,7.0,,1016.0,,2,2,2024-06-11 22:00:00,KNYC0
2024-06-11 23:00:00-04:00,20.0,61,0.0,,206,7.0,,1017.0,,3,2,2024-06-11 23:00:00,KNYC0
2024-06-12 00:00:00-04:00,19.0,61,0.0,,360,7.0,,1017.0,,7,3,2024-06-12 00:00:00,KNYC0
2024-06-12 01:00:00-04:00,19.0,68,0.0,,270,6.0,,1017.0,,5,3,2024-06-12 01:00:00,KNYC0
2024-06-12 02:00:00-04:00,18.0,70,0.0,,10,6.0,,1017.0,,1,3,2024-06-12 02:00:00,KNYC0
2024-06-12 03:00:00-04:00,19.0,70,0.0,,360,7.0,,1017.0,,0,1,2024-06-12 03:00:00,KNYC0
2024-06-12 04:00:00-04:00,17.0,81,0.0,,356,9.4,,1017.0,,2,1,2024-06-12 04:00:00,KNYC0
2024-06-12 05:00:00-04:00,17.0,80,0.0,,40,6.0,,1018.0,,7,2,2024-06-12 05:00:00,KNYC0
2024-06-12 06:00:00-04:00,17.0,81,0.0,,3,7.6,,1018.0,,6,3,2024-06-12 06:00:00,KNYC0
2024-06-12 07:00:00-04:00,18.0,76,0.0,,10,6.0,,1018.0,,0,3,2024-06-12 07:00:00,KNYC0
2024-06-12 08:00:00-04:00,20.0,68,0.0,,60,6.0,,1018.0,,1,1,2024-06-12 08:00:00,KNYC0
2024-06-12 09:00:00-04:00,21.0,59,0.0,,350,6.8,,1018.0,,1,1,2024-06-12 09:00:00,KNYC0
2024-06-12 10:00:00-04:00,21.0,59,0.0,,280,6.0,,1018.0,,7,1,2024-06-12 10:00:00,KNYC0
2024-06-12 11:00:00-04:00,22.0,57,0.0,,286,11.5,,1018.0,,7,3,2024-06-12 11:00:00,KNYC0
2024-06-12 12:00:00-04:00,22.0,57,0.0,,291,11.2,,1018.0,,4,3,2024-06-12 12:00:00,KNYC0
2024-06-12 13:00:00-04:00,22.0,53,0.0,,282,10.4,,1017.0,,8,3,2024-06-12 13:00:00,KNYC0
2024-06-12 14:00:00-04:00,23.0,53,0.0,,296,11.5,,1017.0,,7,3,2024-06-12 14:00:00,KNYC0
2024-06-12 15:00:00-04:00,23.0,55,0.0,,190,6.0,,1017.0,,8,3,2024-06-12 15:00:00,KNYC0
2024-06-12 16:00:00-04:00,24.0,48,0.0,,283,14.4,,1017.0,,7,3,2024-06-12 16:00:00,KNYC0
2024-06-12 17:00:00-04:00,23.0,52,0.0,,250,9.0,,1016.0,,8,3,2024-06-12 17:00:00,KNYC0
2024-06-12 18:00:00-04:00,23.0,57,0.0,,290,6.0,,1017.0,,8,3,2024-06-12 18:00:00,KNYC0
2024-06-12 19:00:00-04:00,22.0,63,0.0,,167,6.0,,1017.0,,1,3,2024-06-12 19:00:00,KNYC0
2024-06-12 20:00:00-04:00,21.0,73,0.0,,164,6.0,,1017.0,,0,1,2024-06-12 20:00:00,KNYC0
2024-06-12 21:00:00-04:00,20.0,76,0.0,,150,6.0,,1017.0,,0,1,2024-06-12 21:00:00,KNYC0
2024-06-12 22:00:00-04:00,19.0,76,0.0,,156,14.0,,1017.0,,0,1,2024-06-12 22:00:00,KNYC0
2024-06-12 23:00:00-04:00,19.0,76,0.0,,166,13.0,,1017.0,,0,1,2024-06-12 23:00:00,KNYC0
2024-06-13 00:00:00-04:00,19.0,79,0.0,,192,9.7,,1017.0,,0,1,2024-06-13 00:00:00,KNYC0
2024-06-13 01:00:00-04:00,19.0,87,0.0,,226,9.4,,1017.0,,0,1,2024-06-13 01:00:00,KNYC0
2024-06-13 02:00:00-04:00,18.0,90,0.0,,248,9.0,,1017.0,,0,1,2024-06-13 02:00:00,KNYC0
2024-06-13 03:00:00-04:00,19.0,76,0.0,,283,8.6,,1017.0,,0,1,2024-06-13 03:00:00,KNYC0
2024-06-13 04:00:00-04:00,19.0,78,0.0,,257,8.6,,1017.0,,2,1,2024-06-13 04:00:00,KNYC0
2024-06-13 05:00:00-04:00,18.0,76,0.0,,250,6.0,,1017.0,,0,2,2024-06-13 05:00:00,KNYC0
2024-06-13 06:00:00-04:00,19.0,73,0.0,,240,6.0,,1018.0,,8,1,2024-06-13 06:00:00,KNYC0
2024-06-13 07:00:00-04:00,21.0,68,0.0,,238,9.0,,1018.0,,7,3,2024-06-13 07:00:00,KNYC0
2024-06-13 08:00:00-04:00,23.0,59,0.0,,259,5.8,,1018.0,,1,3,2024-06-13 08:00:00,KNYC0
2024-06-13 09:00:00-04:00,24.0,55,0.0,,258,5.4,,1018.0,,4,2,2024-06-13 09:00:00,KNYC0
2024-06-13 10:00:00-04:00,26.0,54,0.0,,211,8.3,,1017.0,,2,3,2024-06-13 10:00:00,KNYC0
2024-06-13 11:00:00-04:00,27.0,46,0.0,,209,7.0,,1017.0,,7,2,2024-06-13 11:00:00,KNYC0
2024-06-13 12:00:00-04:00,28.0,40,0.0,,202,17.3,,1017.0,,6,3,2024-06-13 12:00:00,KNYC0
2024-06-13 13:00:00-04:00,28.0,48,0.0,,190,6.0,,1016.0,,5,3,2024-06-13 13:00:00,KNYC0
2024-06-13 14:00:00-04:00,27.0,49,0.0,,172,11.0,,1016.0,,4,3,2024-06-13 14:00:00,KNYC0
2024-06-13 15:00:00-04:00,27.0,51,0.0,,162,9.0,,1016.0,,4,3,2024-06-13 15:00:00,KNYC0
2024-06-13 16:00:00-04:00,27.0,47,0.0,,163,9.0,,1016.0,,0,3,2024-06-13 16:00:00,KNYC0
2024-06-13 17:00:00-04:00,26.0,52,0.0,,165,6.0,,1015.0,,1,1,2024-06-13 17:00:00,KNYC0
2024-06-13 18:00:00-04:00,25.0,60,0.0,,170,9.0,,1015.0,,0,1,2024-06-13 18:00:00,KNYC0
2024-06-13 19:00:00-04:00,24.0,62,0.0,,161,7.0,,1015.0,,0,1,2024-06-13 19:00:00,KNYC0
2024-06-13 20:00:00-04:00,24.0,66,0.0,,150,6.0,,1015.0,,2,1,2024-06-13 20:00:00,KNYC0
2024-06-13 21:00:00-04:00,24.0,64,0.0,,197,7.0,,1016.0,,1,2,2024-06-13 21:00:00,KNYC0
2024-06-13 22:00:00-04:00,23.0,69,0.0,,200,7.0,,1015.0,,0,2,2024-06-13 22:00:00,KNYC0
2024-06-13 23:00:00-04:00,23.0,71,0.0,,204,7.0,,1016.0,,0,1,2024-06-13 23:00:00,KNYC0
2024-06-14 00:00:00-04:00,22.0,73,0.0,,230,15.0,,1015.0,,0,1,2024-06-14 00:00:00,KNYC0
2024-06-14 01:00:00-04:00,22.0,73,0.0,,216,16.6,,1014.0,,0,1,2024-06-14 01:00:00,KNYC0
2024-06-14 02:00:00-04:00,21.0,76,0.0,,216,7.0,,1014.0,,0,1,2024-06-14 02:00:00,KNYC0
2024-06-14 03:00:00-04:00,21.0,73,0.0,,200,6.0,,1013.0,,0,1,2024-06-14 03:00:00,KNYC0
2024-06-14 04:00:00-04:00,21.0,76,0.0,,198,7.0,,1014.0,,0,1,2024-06-14 04:00:00,KNYC0
2024-06-14 05:00:00-04:00,21.0,78,0.0,,205,7.0,,1013.0,,0,1,2024-06-14 05:00:00,KNYC0
2024-06-14 06:00:00-04:00,21.0,78,0.0,,220,6.0,,1013.0,,8,1,2024-06-14 06:00:00,KNYC0
2024-06-14 07:00:00-04:00,22.0,79,0.0,,220,11.0,,1014.0,,4,3,2024-06-14 07:00:00,KNYC0
2024-06-14 08:00:00-04:00,23.0,76,0.0,,207,6.0,,1014.0,,2,3,2024-06-14 08:00:00,KNYC0
2024-06-14 09:00:00-04:00,24.0,77,0.0,,217,6.0,,1013.0,,1,2,2024-06-14 09:00:00,KNYC0
2024-06-14 10:00:00-04:00,27.0,67,0.0,,215,16.2,,1013.0,,0,2,2024-06-14 10:00:00,KNYC0
2024-06-14 11:00:00-04:00,28.0,65,1.2,,248,13.3,,1013.0,,7,18,2024-06-14 11:00:00,KNYC0
2024-06-14 12:00:00-04:00,27.0,69,0.2,,218,11.2,,1013.0,,0,17,2024-06-14 12:00:00,KNYC0
2024-06-14 13:00:00-04:00,29.0,59,0.0,,208,14.4,,1012.0,,1,1,2024-06-14 13:00:00,KNYC0
2024-06-14 14:00:00-04:00,28.0,65,0.0,,280,9.0,,1012.0,,4,1,2024-06-14 14:00:00,KNYC0
2024-06-14 15:00:00-04:00,29.0,59,6.9,,277,7.0,,1011.0,,8,18,2024-06-14 15:00:00,KNYC0
2024-06-14 16:00:00-04:00,27.0,71,0.3,,149,6.0,,1011.0,,8,8,2024-06-14 16:00:00,KNYC0
2024-06-14 17:00:00-04:00,26.0,72,0.0,,146,6.0,,1011.0,,6,3,2024-06-14 17:00:00,KNYC0
2024-06-14 18:00:00-04:00,23.0,73,0.0,,300,22.0,,1012.0,,8,3,2024-06-14 18:00:00,KNYC0
2024-06-14 19:00:00-04:00,19.0,100,2.4,,146,11.0,,1013.0,,8,9,2024-06-14 19:00:00,KNYC0
2024-06-14 20:00:00-04:00,19.0,100,2.8,,147,7.0,,1013.0,,8,9,2024-06-14 20:00:00,KNYC0
2024-06-14 21:00:00-04:00,18.0,100,0.4,,110,6.0,,1012.0,,8,8,2024-06-14 21:00:00,KNYC0
2024-06-14 22:00:00-04:00,19.0,96,0.5,,15,7.9,,1013.0,,8,8,2024-06-14 22:00:00,KNYC0
2024-06-14 23:00:00-04:00,19.0,97,0.0,,92,3.2,,1013.0,,8,3,2024-06-14 23:00:00,KNYC0
2024-06-15 00:00:00-04:00,19.0,100,0.0,,300,6.0,,1013.0,,7,3,2024-06-15 00:00:00,KNYC0
2024-06-15 01:00:00-04:00,19.0,97,2.6,,120,3.2,,1013.0,,8,9,2024-06-15 01:00:00,KNYC0
2024-06-15 02:00:00-04:00,19.0,91,0.6,,352,8.6,,1013.0,,7,8,2024-06-15 02:00:00,KNYC0
2024-06-15 03:00:00-04:00,19.0,93,0.0,,290,6.0,,1013.0,,3,3,2024-06-15 03:00:00,KNYC0
2024-06-15 04:00:00-04:00,19.0,90,0.0,,1,13.7,,1013.0,,0,2,2024-06-15 04:00:00,KNYC0
2024-06-15 05:00:00-04:00,18.0,90,0.0,,353,6.0,,1014.0,,0,1,2024-06-15 05:00:00,KNYC0
2024-06-15 06:00:00-04:00,19.0,76,0.0,,339,9.0,,1015.0,,0,1,2024-06-15 06:00:00,KNYC0
2024-06-15 07:00:00-04:00,20.0,70,0.0,,344,11.0,,1016.0,,0,1,2024-06-15 07:00:00,KNYC0
2024-06-15 08:00:00-04:00,21.0,66,0.0,,350,7.0,,1016.0,,0,1,2024-06-15 08:00:00,KNYC0
2024-06-15 09:00:00-04:00,22.0,59,0.0,,357,9.0,,1016.0,,0,1,2024-06-15 09:00:00,KNYC0
2024-06-15 10:00:00-04:00,23.0,53,0.0,,30,17.0,,1017.0,,0,1,2024-06-15 10:00:00,KNYC0
2024-06-15 11:00:00-04:00,25.0,45,0.0,,30,13.0,,1017.0,,0,1,2024-06-15 11:00:00,KNYC0
2024-06-15 12:00:00-04:00,26.0,43,0.0,,352,6.0,,1017.0,,0,1,2024-06-15 12:00:00,KNYC0
2024-06-15 13:00:00-04:00,24.0,54,0.0,,348,20.2,,1017.0,,1,1,2024-06-15 13:00:00,KNYC0
2024-06-15 14:00:00-04:00,26.0,45,0.0,,353,6.0,,1016.0,,0,1,2024-06-15 14:00:00,KNYC0
2024-06-15 15:00:00-04:00,26.0,38,0.0,,348,14.8,,1016.0,,0,1,2024-06-15 15:00:00,KNYC0
2024-06-15 16:00:00-04:00,27.0,34,0.0,,336,6.0,,1017.0,,0,1,2024-06-15 16:00:00,KNYC0
2024-06-15 17:00:00-04:00,26.0,32,0.0,,330,18.7,,1017.0,,0,1,2024-06-15 17:00:00,KNYC0
2024-06-15 18:00:00-04:00,26.0,31,0.0,,330,11.0,,1017.0,,0,1,2024-06-15 18:00:00,KNYC0
2024-06-15 19:00:00-04:00,26.0,31,0.0,,335,9.0,,1018.0,,0,1,2024-06-15 19:00:00,KNYC0
2024-06-15 20:00:00-04:00,24.0,35,0.0,,340,9.7,,1019.0,,0,1,2024-06-15 20:00:00,KNYC0
2024-06-15 21:00:00-04:00,23.0,38,0.0,,332,13.0,,1020.0,,0,1,2024-06-15 21:00:00,KNYC0
2024-06-15 22:00:00-04:00,23.0,41,0.0,,310,7.0,,1020.0,,0,1,2024-06-15 22:00:00,KNYC0
2024-06-15 23:00:00-04:00,21.0,51,0.0,,346,12.6,,1021.0,,0,1,2024-06-15 23:00:00,KNYC0
2024-06-16 00:00:00-04:00,21.0,51,0.0,,351,6.0,,1021.0,,1,1,2024-06-16 00:00:00,KNYC0
2024-06-16 01:00:00-04:00,21.0,51,0.0,,50,7.0,,1021.0,,0,2,2024-06-16 01:00:00,KNYC0
2024-06-16 02:00:00-04:00,20.0,49,0.0,,7,7.0,,1022.0,,8,1,2024-06-16 02:00:00,KNYC0
2024-06-16 03:00:00-04:00,19.0,54,0.0,,3,9.0,,1022.0,,8,3,2024-06-16 03:00:00,KNYC0
2024-06-16 04:00:00-04:00,18.0,56,0.0,,60,13.0,,1023.0,,8,3,2024-06-16 04:00:00,KNYC0
2024-06-16 05:00:00-04:00,17.0,63,0.0,,50,13.0,,1024.0,,8,3,2024-06-16 05:00:00,KNYC0
2024-06-16 06:00:00-04:00,17.0,60,0.0,,21,7.0,,1025.0,,6,3,2024-06-16 06:00:00,KNYC0
2024-06-16 07:00:00-04:00,18.0,52,0.0,,70,15.0,,1025.0,,1,3,2024-06-16 07:00:00,KNYC0
2024-06-16 08:00:00-04:00,19.0,44,0.0,,80,15.0,,1026.0,,0,2,2024-06-16 08:00:00,KNYC0
2024-06-16 09:00:00-04:00,20.0,47,0.0,,100,15.0,,1026.0,,8,1,2024-06-16 09:00:00,KNYC0
2024-06-16 10:00:00-04:00,21.0,44,0.0,,57,9.0,,1026.0,,8,3,2024-06-16 10:00:00,KNYC0
2024-06-16 11:00:00-04:00,23.0,43,0.0,,70,13.0,,1025.0,,7,3,2024-06-16 11:00:00,KNYC0
2024-06-16 12:00:00-04:00,24.0,40,0.0,,50,9.0,,1025.0,,8,3,2024-06-16 12:00:00,KNYC0
2024-06-16 13:00:00-04:00,24.0,43,0.0,,124,14.0,,1025.0,,6,3,2024-06-16 13:00:00,KNYC0
2024-06-16 14:00:00-04:00,23.0,55,0.0,,163,7.0,,1025.0,,5,3,2024-06-16 14:00:00,KNYC0
2024-06-16 15:00:00-04:00,23.0,57,0.0,,166,9.0,,1024.0,,0,3,2024-06-16 15:00:00,KNYC0
2024-06-16 16:00:00-04:00,22.0,66,0.0,,161,6.0,,1024.0,,0,1,2024-06-16 16:00:00,KNYC0
2024-06-16 17:00:00-04:00,21.0,68,0.0,,151,6.0,,1024.0,,2,1,2024-06-16 17:00:00,KNYC0
2024-06-16 18:00:00-04:00,21.0,73,0.0,,150,18.7,,1024.0,,5,2,2024-06-16 18:00:00,KNYC0
2024-06-16 19:00:00-04:00,20.0,76,0.0,,148,6.0,,1024.0,,6,3,2024-06-16 19:00:00,KNYC0
2024-06-16 20:00:00-04:00,19.0,81,0.0,,145,9.0,,1024.0,,7,3,2024-06-16 20:00:00,KNYC0
2024-06-16 21:00:00-04:00,18.2,85,0.0,,155,13.0,,1023.0,,8,3,2024-06-16 21:00:00,KNYC0
2024-06-16 22:00:00-04:00,19.0,87,0.0,,140,9.0,,1024.0,,8,3,2024-06-16 22:00:00,KNYC0
2024-06-16 23:00:00-04:00,17.6,94,0.0,,147,10.4,,1023.1,,8,3,2024-06-16 23:00:00,KNYC0
2024-06-17 00:00:00-04:00,17.2,96,0.0,,150,9.4,,1022.9,,7,3,2024-06-17 00:00:00,KNYC0
2024-06-17 01:00:00-04:00,19.0,90,0.0,,140,7.0,,1024.0,,8,3,2024-06-17 01:00:00,KNYC0
2024-06-17 02:00:00-04:00,18.0,93,0.0,,160,7.6,,1024.0,,8,3,2024-06-17 02:00:00,KNYC0
2024-06-17 03:00:00-04:00,18.0,97,0.0,,173,8.6,,1024.0,,7,3,2024-06-17 03:00:00,KNYC0
2024-06-17 04:00:00-04:00,19.0,93,0.0,,198,9.4,,1024.0,,5,3,2024-06-17 04:00:00,KNYC0
2024-06-17 05:00:00-04:00,19.0,93,0.0,,184,9.0,,1024.0,,2,3,2024-06-17 05:00:00,KNYC0
2024-06-17 06:00:00-04:00,21.0,84,0.0,,205,7.6,,1024.0,,0,2,2024-06-17 06:00:00,KNYC0
2024-06-17 07:00:00-04:00,21.0,76,0.0,,202,9.0,,1024.0,,1,1,2024-06-17 07:00:00,KNYC0
2024-06-17 08:00:00-04:00,20.4,75,0.0,,198,10.1,,1023.3,,0,1,2024-06-17 08:00:00,KNYC0
2024-06-17 09:00:00-04:00,23.0,69,0.0,,211,13.3,,1024.0,,1,1,2024-06-17 09:00:00,KNYC0
2024-06-17 10:00:00-04:00,24.0,66,0.0,,209,9.0,,1023.0,,2,2,2024-06-17 10:00:00,KNYC0
2024-06-17 11:00:00-04:00,26.0,60,0.0,,206,16.6,,1023.0,,2,2,2024-06-17 11:00:00,KNYC0
2024-06-17 12:00:00-04:00,28.0,56,0.0,,194,18.7,,1022.0,,0,2,2024-06-17 12:00:00,KNYC0
2024-06-17 13:00:00-04:00,28.0,55,0.0,,180,11.0,,1021.0,,1,1,2024-06-17 13:00:00,KNYC0
2024-06-17 14:00:00-04:00,28.0,57,0.0,,175,24.8,,1022.0,,6,1,2024-06-17 14:00:00,KNYC0
2024-06-17 15:00:00-04:00,27.0,61,0.0,,158,6.0,,1021.0,,2,3,2024-06-17 15:00:00,KNYC0
2024-06-17 16:00:00-04:00,28.0,58,0.0,,159,9.0,,1021.0,,1,2,2024-06-17 16:00:00,KNYC0
2024-06-17 17:00:00-04:00,26.0,67,0.0,,161,31.3,,1020.0,,0,1,2024-06-17 17:00:00,KNYC0
2024-06-17 18:00:00-04:00,26.0,69,0.0,,158,29.2,,1020.0,,0,1,2024-06-17 18:00:00,KNYC0
2024-06-17 19:00:00-04:00,25.4,62,0.0,,171,28.1,,1018.7,,5,1,2024-06-17 19:00:00,KNYC0
2024-06-17 20:00:00-04:00,25.0,71,0.0,,184,6.0,,1022.0,,2,3,2024-06-17 20:00:00,KNYC0
2024-06-17 21:00:00-04:00,25.0,69,0.0,,199,23.8,,1022.0,,7,2,2024-06-17 21:00:00,KNYC0
2024-06-17 22:00:00-04:00,24.0,67,0.0,,190,9.0,,1023.0,,8,3,2024-06-17 22:00:00,KNYC0
2024-06-17 23:00:00-04:00,24.0,67,0.0,,201,15.8,,1023.0,,8,3,2024-06-17 23:00:00,KNYC0
2024-06-18 00:00:00-04:00,23.0,71,0.0,,198,9.0,,1023.0,,8,3,2024-06-18 00:00:00,KNYC0
2024-06-18 01:00:00-04:00,23.0,76,0.0,,200,9.0,,1023.0,,8,3,2024-06-18 01:00:00,KNYC0
2024-06-18 02:00:00-04:00,23.0,79,0.0,,216,11.0,,1023.0,,8,3,2024-06-18 02:00:00,KNYC0
2024-06-18 03:00:00-04:00,22.0,82,0.0,,224,7.0,,1023.0,,8,3,2024-06-18 03:00:00,KNYC0
2024-06-18 04:00:00-04:00,22.0,84,0.0,,224,13.3,,1023.0,,2,3,2024-06-18 04:00:00,KNYC0
2024-06-18 05:00:00-04:00,22.0,82,0.0,,232,13.0,,1024.0,,2,2,2024-06-18 05:00:00,KNYC0
2024-06-18 06:00:00-04:00,22.0,82,0.0,,232,7.0,,1024.0,,7,2,2024-06-18 06:00:00,KNYC0
2024-06-18 07:00:00-04:00,23.0,76,0.0,,220,6.0,,1025.0,,7,3,2024-06-18 07:00:00,KNYC0
2024-06-18 08:00:00-04:00,24.0,71,0.0,,222,6.0,,1025.0,,7,3,2024-06-18 08:00:00,KNYC0
2024-06-18 09:00:00-04:00,26.0,71,0.0,,217,11.5,,1025.0,,2,3,2024-06-18 09:00:00,KNYC0
2024-06-18 10:00:00-04:00,27.0,71,0.0,,207,12.6,,1025.0,,3,2,2024-06-18 10:00:00,KNYC0
2024-06-18 11:00:00-04:00,29.0,65,0.0,,196,14.4,,1025.0,,1,3,2024-06-18 11:00:00,KNYC0
2024-06-18 12:00:00-04:00,30.0,61,0.0,,182,17.6,,1025.0,,3,2,2024-06-18 12:00:00,KNYC0
2024-06-18 13:00:00-04:00,29.0,63,0.0,,168,20.2,,1025.0,,3,2,2024-06-18 13:00:00,KNYC0
2024-06-18 14:00:00-04:00,29.0,63,0.0,,164,7.0,,1025.0,,1,2,2024-06-18 14:00:00,KNYC0
2024-06-18 15:00:00-04:00,29.0,65,0.0,,164,9.0,,1024.0,,1,1,2024-06-18 15:00:00,KNYC0
2024-06-18 16:00:00-04:00,28.0,65,0.0,,164,6.0,,1024.0,,0,2,2024-06-18 16:00:00,KNYC0
2024-06-18 17:00:00-04:00,28.0,63,0.0,,163,24.5,,1024.0,,2,1,2024-06-18 17:00:00,KNYC0
2024-06-18 18:00:00-04:00,27.0,61,0.0,,161,25.9,,1024.0,,0,2,2024-06-18 18:00:00,KNYC0
2024-06-18 19:00:00-04:00,27.0,58,0.0,,158,9.0,,1024.0,,1,1,2024-06-18 19:00:00,KNYC0
2024-06-18 20:00:00-04:00,26.0,64,0.0,,180,7.0,,1025.0,,2,1,2024-06-18 20:00:00,KNYC0
2024-06-18 21:00:00-04:00,26.0,64,0.0,,170,6.0,,1026.0,,5,2,2024-06-18 21:00:00,KNYC0
2024-06-18 22:00:00-04:00,26.0,62,0.0,,175,17.3,,1026.0,,8,3,2024-06-18 22:00:00,KNYC0
2024-06-18 23:00:00-04:00,25.0,58,0.0,,188,15.8,,1026.0,,7,3,2024-06-18 23:00:00,KNYC0
2024-06-19 00:00:00-04:00,24.0,52,0.0,,200,11.9,,1026.0,,8,3,2024-06-19 00:00:00,KNYC0
2024-06-19 01:00:00-04:00,24.0,52,0.0,,197,11.2,,1026.0,,8,3,2024-06-19 01:00:00,KNYC0
2024-06-19 02:00:00-04:00,23.0,57,0.0,,200,10.4,,1026.0,,8,3,2024-06-19 02:00:00,KNYC0
2024-06-19 03:00:00-04:00,23.0,73,0.0,,250,6.0,,1027.0,,7,3,2024-06-19 03:00:00,KNYC0
2024-06-19 04:00:00-04:00,22.0,79,0.0,,230,6.0,,1027.0,,8,3,2024-06-19 04:00:00,KNYC0
2024-06-19 05:00:00-04:00,23.0,73,0.0,,217,7.9,,1028.0,,8,3,2024-06-19 05:00:00,KNYC0
2024-06-19 06:00:00-04:00,23.0,76,0.0,,202,9.0,,1028.0,,8,3,2024-06-19 06:00:00,KNYC0
2024-06-19 07:00:00-04:00,24.0,76,0.0,,201,6.0,,1029.0,,8,3,2024-06-19 07:00:00,KNYC0
2024-06-19 08:00:00-04:00,24.0,77,0.0,,216,6.0,,1029.0,,8,3,2024-06-19 08:00:00,KNYC0
2024-06-19 09:00:00-04:00,25.0,77,0.0,,220,11.5,,1029.0,,8,3,2024-06-19 09:00:00,KNYC0
2024-06-19 10:00:00-04:00,27.0,71,0.0,,214,10.8,,1028.0,,8,3,2024-06-19 10:00:00,KNYC0
2024-06-19 11:00:00-04:00,29.0,65,0.0,,213,6.0,,1028.0,,8,3,2024-06-19 11:00:00,KNYC0
2024-06-19 12:00:00-04:00,30.0,63,0.0,,221,7.0,,1028.0,,8,3,2024-06-19 12:00:00,KNYC0
2024-06-19 13:00:00-04:00,31.0,63,0.0,,160,7.0,,1027.0,,8,3,2024-06-19 13:00:00,KNYC0
2024-06-19 14:00:00-04:00,29.0,63,0.0,,165,21.2,,1027.0,,6,3,2024-06-19 14:00:00,KNYC0
2024-06-19 15:00:00-04:00,29.0,61,0.0,,160,7.0,,1027.0,,3,3,2024-06-19 15:00:00,KNYC0
2024-06-19 16:00:00-04:00,28.0,55,0.0,,163,24.5,,1027.0,,7,2,2024-06-19 16:00:00,KNYC0
2024-06-19 17:00:00-04:00,28.0,53,0.0,,165,6.0,,1027.0,,1,3,2024-06-19 17:00:00,KNYC0
2024-06-19 18:00:00-04:00,27.0,47,0.0,,140,7.0,,1027.0,,0,2,2024-06-19 18:00:00,KNYC0
2024-06-19 19:00:00-04:00,26.0,39,0.0,,158,6.0,,1027.0,,2,1,2024-06-19 19:00:00,KNYC0
2024-06-19 20:00:00-04:00,25.0,50,0.0,,165,18.4,,1027.0,,0,2,2024-06-19 20:00:00,KNYC0
2024-06-19 21:00:00-04:00,24.0,62,0.0,,174,16.6,,1028.0,,0,1,2024-06-19 21:00:00,KNYC0
2024-06-19 22:00:00-04:00,25.0,60,0.0,,184,13.3,,1028.0,,7,1,2024-06-19 22:00:00,KNYC0
2024-06-19 23:00:00-04:00,24.0,62,0.0,,193,11.0,,1028.0,,8,3,2024-06-19 23:00:00,KNYC0
2024-06-20 00:00:00-04:00,24.0,62,0.0,,213,6.0,,1027.0,,8,3,2024-06-20 00:00:00,KNYC0
2024-06-20 01:00:00-04:00,24.0,64,0.0,,207,6.0,,1027.0,,8,3,2024-06-20 01:00:00,KNYC0
2024-06-20 02:00:00-04:00,23.0,67,0.0,,230,9.0,,1027.0,,8,3,2024-06-20 02:00:00,KNYC0
2024-06-20 03:00:00-04:00,23.0,66,0.0,,212,7.0,,1027.0,,8,3,2024-06-20 03:00:00,KNYC0
2024-06-20 04:00:00-04:00,23.0,66,0.0,,218,10.4,,1027.0,,5,3,2024-06-20 04:00:00,KNYC0
2024-06-20 05:00:00-04:00,23.0,69,0.0,,230,9.0,,1027.0,,8,3,2024-06-20 05:00:00,KNYC0
2024-06-20 06:00:00-04:00,23.0,69,0.0,,229,7.0,,1027.0,,1,3,2024-06-20 06:00:00,KNYC0
2024-06-20 07:00:00-04:00,23.0,69,0.0,,231,7.0,,1027.0,,0,1,2024-06-20 07:00:00,KNYC0
2024-06-20 08:00:00-04:00,26.0,62,0.0,,245,6.0,,1027.0,,2,1,2024-06-20 08:00:00,KNYC0
2024-06-20 09:00:00-04:00,27.0,58,0.0,,226,13.0,,1027.0,,4,2,2024-06-20 09:00:00,KNYC0
2024-06-20 10:00:00-04:00,28.0,58,0.0,,222,7.0,,1027.0,,2,3,2024-06-20 10:00:00,KNYC0
2024-06-20 11:00:00-04:00,31.0,47,0.0,,221,14.4,,1027.0,,6,2,2024-06-20 11:00:00,KNYC0
2024-06-20 12:00:00-04:00,31.0,48,0.0,,216,15.1,,1027.0,,6,3,2024-06-20 12:00:00,KNYC0
2024-06-20 13:00:00-04:00,32.0,42,0.0,,207,16.6,,1026.0,,2,3,2024-06-20 13:00:00,KNYC0
2024-06-20 14:00:00-04:00,31.0,47,0.0,,192,6.0,,1026.0,,5,2,2024-06-20 14:00:00,KNYC0
2024-06-20 15:00:00-04:00,31.0,48,0.0,,176,7.0,,1025.0,,6,3,2024-06-20 15:00:00,KNYC0
2024-06-20 16:00:00-04:00,31.0,50,0.0,,170,7.0,,1024.0,,6,3,2024-06-20 16:00:00,KNYC0
2024-06-20 17:00:00-04:00,30.0,51,0.0,,164,22.7,,1024.0,,3,3,2024-06-20 17:00:00,KNYC0
2024-06-20 18:00:00-04:00,29.5,55,0.0,,162,21.2,,1022.4,,8,3,2024-06-20 18:00:00,KNYC0
2024-06-20 19:00:00-04:00,29.0,53,0.0,,155,19.4,,1023.0,,3,3,2024-06-20 19:00:00,KNYC0
2024-06-20 20:00:00-04:00,28.0,56,0.0,,158,18.7,,1024.0,,2,2,2024-06-20 20:00:00,KNYC0
2024-06-20 21:00:00-04:00,27.0,61,0.0,,174,19.4,,1024.0,,0,2,2024-06-20 21:00:00,KNYC0
2024-06-20 22:00:00-04:00,27.0,62,0.0,,194,17.3,,1024.0,,0,1,2024-06-20 22:00:00,KNYC0
2024-06-20 23:00:00-04:00,28.0,56,0.0,,240,11.0,,1024.0,,0,1,2024-06-20 23:00:00,KNYC0
2024-06-21 00:00:00-04:00,28.0,55,0.0,,250,13.0,,1024.0,,0,1,2024-06-21 00:00:00,KNYC0
2024-06-21 01:00:00-04:00,27.0,58,0.0,,248,9.0,,1024.0,,4,1,2024-06-21 01:00:00,KNYC0
2024-06-21 02:00:00-04:00,26.0,60,0.0,,244,6.0,,1023.0,,5,3,2024-06-21 02:00:00,KNYC0
2024-06-21 03:00:00-04:00,26.0,62,0.0,,245,9.0,,1023.0,,0,3,2024-06-21 03:00:00,KNYC0
2024-06-21 04:00:00-04:00,25.0,64,0.0,,248,11.0,,1023.0,,0,1,2024-06-21 04:00:00,KNYC0
2024-06-21 05:00:00-04:00,25.0,64,0.0,,252,11.9,,1023.0,,0,1,2024-06-21 05:00:00,KNYC0
2024-06-21 06:00:00-04:00,25.0,64,0.0,,257,6.0,,1023.0,,0,1,2024-06-21 06:00:00,KNYC0
2024-06-21 07:00:00-04:00,26.0,60,0.0,,254,12.2,,1023.0,,0,1,2024-06-21 07:00:00,KNYC0
2024-06-21 08:00:00-04:00,27.0,60,0.0,,257,11.2,,1023.0,,3,1,2024-06-21 08:00:00,KNYC0
2024-06-21 09:00:00-04:00,28.0,57,0.0,,255,6.0,,1023.0,,3,2,2024-06-21 09:00:00,KNYC0
2024-06-21 10:00:00-04:00,30.0,55,0.0,,255,7.0,,1022.0,,4,3,2024-06-21 10:00:00,KNYC0
2024-06-21 11:00:00-04:00,32.0,50,0.0,,240,9.0,,1022.0,,5,3,2024-06-21 11:00:00,KNYC0
2024-06-21 12:00:00-04:00,34.0,44,0.0,,223,6.0,,1022.0,,0,3,2024-06-21 12:00:00,KNYC0
2024-06-21 13:00:00-04:00,34.0,44,0.0,,215,16.6,,1020.0,,0,1,2024-06-21 13:00:00,KNYC0
2024-06-21 14:00:00-04:00,33.0,46,0.0,,193,6.0,,1020.0,,0,1,2024-06-21 14:00:00,KNYC0
2024-06-21 15:00:00-04:00,33.0,45,0.0,,175,7.0,,1019.0,,1,1,2024-06-21 15:00:00,KNYC0
2024-06-21 16:00:00-04:00,32.0,47,0.0,,163,27.0,,1019.0,,2,1,2024-06-21 16:00:00,KNYC0
2024-06-21 17:00:00-04:00,31.0,50,0.0,,164,6.0,,1019.0,,4,2,2024-06-21 17:00:00,KNYC0
2024-06-21 18:00:00-04:00,31.0,50,0.0,,125,25.6,,1019.0,,4,3,2024-06-21 18:00:00,KNYC0
2024-06-21 19:00:00-04:00,28.0,68,0.0,,41,6.0,,1020.0,,5,3,2024-06-21 19:00:00,KNYC0
2024-06-21 20:00:00-04:00,27.0,71,0.0,,88,7.0,,1020.0,,7,3,2024-06-21 20:00:00,KNYC0
2024-06-21 21:00:00-04:00,26.0,72,0.0,,102,9.0,,1020.0,,1,3,2024-06-21 21:00:00,KNYC0
2024-06-21 22:00:00-04:00,26.0,67,0.0,,80,6.0,,1020.0,,1,2,2024-06-21 22:00:00,KNYC0
2024-06-21 23:00:00-04:00,26.0,67,0.0,,58,7.0,,1021.0,,3,1,2024-06-21 23:00:00,KNYC0
2024-06-22 00:00:00-04:00,24.0,79,0.0,,178,5.8,,1020.0,,1,3,2024-06-22 00:00:00,KNYC0
2024-06-22 01:00:00-04:00,26.0,74,0.0,,263,7.9,,1019.0,,2,2,2024-06-22 01:00:00,KNYC0
2024-06-22 02:00:00-04:00,26.0,76,0.0,,314,6.8,,1019.0,,3,2,2024-06-22 02:00:00,KNYC0
2024-06-22 03:00:00-04:00,26.0,76,0.0,,299,7.2,,1019.0,,4,2,2024-06-22 03:00:00,KNYC0
2024-06-22 04:00:00-04:00,25.0,77,0.0,,40,6.0,,1019.0,,7,3,2024-06-22 04:00:00,KNYC0
2024-06-22 05:00:00-04:00,25.0,77,0.0,,223,8.6,,1019.0,,5,3,2024-06-22 05:00:00,KNYC0
2024-06-22 06:00:00-04:00,26.0,74,0.0,,240,10.4,,1019.0,,4,3,2024-06-22 06:00:00,KNYC0
2024-06-22 07:00:00-04:00,26.0,72,0.0,,239,10.4,,1019.0,,7,3,2024-06-22 07:00:00,KNYC0
2024-06-22 08:00:00-04:00,27.0,67,0.0,,244,11.9,,1018.0,,8,3,2024-06-22 08:00:00,KNYC0
2024-06-22 09:00:00-04:00,28.0,63,0.0,,247,10.1,,1018.0,,7,3,2024-06-22 09:00:00,KNYC0
2024-06-22 10:00:00-04:00,30.0,57,0.0,,242,8.3,,1017.0,,8,3,2024-06-22 10:00:00,KNYC0
2024-06-22 11:00:00-04:00,32.0,54,0.0,,261,6.8,,1017.0,,7,3,2024-06-22 11:00:00,KNYC0
2024-06-22 12:00:00-04:00,33.0,49,0.0,,235,6.0,,1016.0,,8,3,2024-06-22 12:00:00,KNYC0
2024-06-22 13:00:00-04:00,32.0,54,0.0,,189,14.8,,1015.0,,7,3,2024-06-22 13:00:00,KNYC0
2024-06-22 14:00:00-04:00,27.0,76,1.4,,165,16.9,,1016.0,,8,18,2024-06-22 14:00:00,KNYC0
2024-06-22 15:00:00-04:00,29.0,72,0.4,,180,6.0,,1015.0,,4,8,2024-06-22 15:00:00,KNYC0
2024-06-22 16:00:00-04:00,27.0,76,0.0,,159,20.5,,1015.0,,4,3,2024-06-22 16:00:00,KNYC0
2024-06-22 17:00:00-04:00,26.0,72,0.0,,77,12.6,,1014.0,,7,3,2024-06-22 17:00:00,KNYC0
2024-06-22 18:00:00-04:00,27.0,71,0.0,,120,11.2,,1014.0,,2,3,2024-06-22 18:00:00,KNYC0
2024-06-22 19:00:00-04:00,28.0,63,0.0,,114,10.4,,1015.0,,1,2,2024-06-22 19:00:00,KNYC0
2024-06-22 20:00:00-04:00,26.0,69,0.0,,115,10.1,,1015.0,,2,2,2024-06-22 20:00:00,KNYC0
2024-06-22 21:00:00-04:00,24.0,82,0.0,,109,7.6,,1015.0,,2,2,2024-06-22 21:00:00,KNYC0
2024-06-22 22:00:00-04:00,24.0,82,0.0,,76,8.6,,1015.0,,2,2,2024-06-22 22:00:00,KNYC0
2024-06-22 23:00:00-04:00,24.0,88,0.0,,96,7.9,,1014.0,,7,2,2024-06-22 23:00:00,KNYC0
2024-06-23 00:00:00-04:00,24.0,82,0.0,,130,6.0,,1014.0,,8,3,2024-06-23 00:00:00,KNYC0
2024-06-23 01:00:00-04:00,24.0,82,0.0,,122,6.0,,1014.0,,6,3,2024-06-23 01:00:00,KNYC0
2024-06-23 02:00:00-04:00,24.0,82,0.0,,60,7.0,,1013.0,,8,3,2024-06-23 02:00:00,KNYC0
2024-06-23 03:00:00-04:00,23.0,85,0.0,,60,7.0,,1012.0,,8,3,2024-06-23 03:00:00,KNYC0
2024-06-23 04:00:00-04:00,23.0,85,0.0,,60,9.0,,1012.0,,8,3,2024-06-23 04:00:00,KNYC0
2024-06-23 05:00:00-04:00,23.0,87,0.0,,197,6.0,,1011.0,,8,3,2024-06-23 05:00:00,KNYC0
2024-06-23 06:00:00-04:00,23.0,85,0.0,,190,10.4,,1011.0,,8,3,2024-06-23 06:00:00,KNYC0
2024-06-23 07:00:00-04:00,26.0,79,0.0,,184,11.2,,1010.0,,8,3,2024-06-23 07:00:00,KNYC0
2024-06-23 08:00:00-04:00,26.0,77,0.0,,201,11.0,,1010.0,,8,3,2024-06-23 08:00:00,KNYC0
2024-06-23 09:00:00-04:00,27.0,74,0.0,,203,6.0,,1009.0,,4,3,2024-06-23 09:00:00,KNYC0
2024-06-23 10:00:00-04:00,29.0,70,0.0,,215,6.0,,1008.0,,8,3,2024-06-23 10:00:00,KNYC0
2024-06-23 11:00:00-04:00,30.0,65,0.0,,216,21.6,,1008.0,,7,3,2024-06-23 11:00:00,KNYC0
2024-06-23 12:00:00-04:00,33.0,51,0.0,,216,7.0,,1007.0,,6,3,2024-06-23 12:00:00,KNYC0
2024-06-23 13:00:00-04:00,33.0,50,0.0,,227,22.3,,1005.0,,8,3,2024-06-23 13:00:00,KNYC0
2024-06-23 14:00:00-04:00,32.0,50,0.0,,218,11.0,,1005.0,,6,3,2024-06-23 14:00:00,KNYC0
2024-06-23 15:00:00-04:00,32.0,50,0.0,,200,7.0,,1004.0,,7,3,2024-06-23 15:00:00,KNYC0
2024-06-23 16:00:00-04:00,32.0,45,0.0,,222,28.1,,1003.0,,8,3,2024-06-23 16:00:00,KNYC0
2024-06-23 17:00:00-04:00,32.0,47,0.0,,214,24.5,,1002.0,,8,3,2024-06-23 17:00:00,KNYC0
2024-06-23 18:00:00-04:00,32.0,47,0.0,,250,13.0,,1002.0,,8,3,2024-06-23 18:00:00,KNYC0
2024-06-23 19:00:00-04:00,31.0,47,0.0,,238,9.0,,1002.0,,8,3,2024-06-23 19:00:00,KNYC0
2024-06-23 20:00:00-04:00,29.0,53,0.0,,224,18.4,,1003.0,,8,3,2024-06-23 20:00:00,KNYC0
2024-06-23 21:00:00-04:00,28.0,58,0.0,,245,20.2,,1003.0,,8,3,2024-06-23 21:00:00,KNYC0
2024-06-23 22:00:00-04:00,27.0,67,0.0,,251,19.8,,1003.0,,8,3,2024-06-23 22:00:00,KNYC0
2024-06-23 23:00:00-04:00,26.0,72,0.0,,243,6.0,,1003.0,,8,3,2024-06-23 23:00:00,KNYC0
2024-06-24 00:00:00-04:00,26.0,74,0.0,,251,24.1,,1003.0,,7,3,2024-06-24 00:00:00,KNYC0
2024-06-24 01:00:00-04:00,26.0,76,0.0,,238,24.8,,1002.0,,1,3,2024-06-24 01:00:00,KNYC0
2024-06-24 02:00:00-04:00,26.0,72,0.0,,242,6.0,,1002.0,,2,2,2024-06-24 02:00:00,KNYC0
2024-06-24 03:00:00-04:00,26.0,69,0.0,,242,6.0,,1002.0,,1,2,2024-06-24 03:00:00,KNYC0
2024-06-24 04:00:00-04:00,26.0,65,0.0,,244,9.0,,1002.0,,3,2,2024-06-24 04:00:00,KNYC0
2024-06-24 05:00:00-04:00,26.0,60,0.0,,300,13.0,,1002.0,,3,2,2024-06-24 05:00:00,KNYC0
2024-06-24 06:00:00-04:00,25.0,64,0.0,,283,11.0,,1003.0,,1,3,2024-06-24 06:00:00,KNYC0
2024-06-24 07:00:00-04:00,25.0,62,0.0,,297,11.0,,1003.0,,0,1,2024-06-24 07:00:00,KNYC0
2024-06-24 08:00:00-04:00,26.0,54,0.0,,280,13.0,,1004.0,,0,1,2024-06-24 08:00:00,KNYC0
2024-06-24 09:00:00-04:00,25.0,45,0.0,,297,21.6,,1004.0,,0,1,2024-06-24 09:00:00,KNYC0
2024-06-24 10:00:00-04:00,26.0,43,0.0,,290,17.0,,1004.0,,0,1,2024-06-24 10:00:00,KNYC0
2024-06-24 11:00:00-04:00,24.0,47,0.0,,296,25.9,,1005.0,,2,1,2024-06-24 11:00:00,KNYC0
2024-06-24 12:00:00-04:00,26.0,42,0.0,,298,27.7,,1005.0,,3,2,2024-06-24 12:00:00,KNYC0
2024-06-24 13:00:00-04:00,26.0,40,0.0,,300,28.4,,1005.0,,8,2,2024-06-24 13:00:00,KNYC0
2024-06-24 14:00:00-04:00,26.7,37,0.0,,280,17.0,,1005.0,,6,3,2024-06-24 14:00:00,KNYC0
2024-06-24 15:00:00-04:00,25.7,39,0.0,,299,35.6,,1003.8,,4,3,2024-06-24 15:00:00,KNYC0
2024-06-24 16:00:00-04:00,25.7,39,0.0,,308,39.2,,1004.1,,2,3,2024-06-24 16:00:00,KNYC0
2024-06-24 17:00:00-04:00,24.1,45,0.0,,315,40.3,,1004.9,,1,2,2024-06-24 17:00:00,KNYC0
2024-06-24 18:00:00-04:00,24.1,43,0.0,,319,38.9,,1005.3,,7,1,2024-06-24 18:00:00,KNYC0
2024-06-24 19:00:00-04:00,23.8,42,0.0,,327,36.0,,1005.9,,7,3,2024-06-24 19:00:00,KNYC0
2024-06-24 20:00:00-04:00,23.4,44,0.0,,328,29.5,,1006.7,,2,3,2024-06-24 20:00:00,KNYC0
2024-06-24 21:00:00-04:00,22.9,45,0.0,,329,25.2,,1007.4,,1,2,2024-06-24 21:00:00,KNYC0
2024-06-24 22:00:00-04:00,22.8,46,0.0,,322,24.8,,1008.3,,0,1,2024-06-24 22:00:00,KNYC0
2024-06-24 23:00:00-04:00,22.6,48,0.0,,317,24.1,,1008.8,,1,1,2024-06-24 23:00:00,KNYC0
2024-06-25 00:00:00-04:00,22.3,48,0.0,,316,23.4,,1009.5,,0,1,2024-06-25 00:00:00,KNYC0
2024-06-25 01:00:00-04:00,21.9,48,0.0,,314,22.7,,1009.8,,0,1,2024-06-25 01:00:00,KNYC0
2024-06-25 02:00:00-04:00,20.9,56,0.0,,318,19.4,,1010.1,,0,1,2024-06-25 02:00:00,KNYC0
2024-06-25 03:00:00-04:00,20.5,57,0.0,,318,17.3,,1010.3,,0,1,2024-06-25 03:00:00,KNYC0
2024-06-25 04:00:00-04:00,20.3,57,0.0,,314,17.3,,1011.0,,0,1,2024-06-25 04:00:00,KNYC0
2024-06-25 05:00:00-04:00,20.1,57,0.0,,311,17.6,,1011.7,,0,1,2024-06-25 05:00:00,KNYC0
2024-06-25 06:00:00-04:00,19.9,58,0.0,,311,17.3,,1012.2,,0,1,2024-06-25 06:00:00,KNYC0
2024-06-25 07:00:00-04:00,21.3,56,0.0,,311,17.6,,1012.9,,0,1,2024-06-25 07:00:00,KNYC0
2024-06-25 08:00:00-04:00,24.0,47,0.0,,312,18.0,,1014.0,,0,1,2024-06-25 08:00:00,KNYC0
2024-06-25 09:00:00-04:00,27.0,42,0.0,,313,9.0,,1014.0,,0,1,2024-06-25 09:00:00,KNYC0
2024-06-25 10:00:00-04:00,29.0,35,0.0,,308,14.0,,1014.0,,0,1,2024-06-25 10:00:00,KNYC0
2024-06-25 11:00:00-04:00,31.0,26,0.0,,313,9.0,,1014.0,,0,1,2024-06-25 11:00:00,KNYC0
2024-06-25 12:00:00-04:00,31.0,23,0.0,,283,11.9,,1013.0,,6,1,2024-06-25 12:00:00,KNYC0
2024-06-25 13:00:00-04:00,32.0,23,0.0,,290,15.0,,1013.0,,8,3,2024-06-25 13:00:00,KNYC0
2024-06-25 14:00:00-04:00,32.0,23,0.0,,269,13.3,,1013.0,,8,3,2024-06-25 14:00:00,KNYC0
2024-06-25 15:00:00-04:00,31.0,26,0.0,,222,6.0,,1013.0,,5,3,2024-06-25 15:00:00,KNYC0
2024-06-25 16:00:00-04:00,32.0,23,0.0,,172,33.8,,1013.0,,0,3,2024-06-25 16:00:00,KNYC0
2024-06-25 17:00:00-04:00,31.0,27,0.0,,176,32.8,,1012.0,,8,1,2024-06-25 17:00:00,KNYC0
2024-06-25 18:00:00-04:00,30.0,25,0.0,,163,7.0,,1011.0,,7,3,2024-06-25 18:00:00,KNYC0
2024-06-25 19:00:00-04:00,27.7,55,0.0,,150,21.2,,1008.8,,0,3,2024-06-25 19:00:00,KNYC0
2024-06-25 20:00:00-04:00,27.0,32,0.0,,181,6.0,,1011.0,,3,1,2024-06-25 20:00:00,KNYC0
2024-06-25 21:00:00-04:00,27.0,29,0.0,,219,6.0,,1012.0,,8,3,2024-06-25 21:00:00,KNYC0
2024-06-25 22:00:00-04:00,26.0,39,0.0,,213,7.0,,1012.0,,8,3,2024-06-25 22:00:00,KNYC0
2024-06-25 23:00:00-04:00,26.0,39,0.0,,200,6.0,,1012.0,,8,3,2024-06-25 23:00:00,KNYC0
2024-06-26 00:00:00-04:00,26.0,42,0.0,,211,9.0,,1012.0,,6,3,2024-06-26 00:00:00,KNYC0
2024-06-26 01:00:00-04:00,26.0,48,0.0,,220,21.6,,1011.0,,8,3,2024-06-26 01:00:00,KNYC0
2024-06-26 02:00:00-04:00,24.0,56,0.0,,222,21.6,,1011.0,,7,3,2024-06-26 02:00:00,KNYC0
2024-06-26 03:00:00-04:00,24.0,58,0.0,,227,19.1,,1010.0,,8,3,2024-06-26 03:00:00,KNYC0
2024-06-26 04:00:00-04:00,23.0,62,0.0,,220,9.0,,1010.0,,8,3,2024-06-26 04:00:00,KNYC0
2024-06-26 05:00:00-04:00,24.0,60,0.0,,210,7.0,,1010.0,,8,3,2024-06-26 05:00:00,KNYC0
2024-06-26 06:00:00-04:00,24.0,62,0.0,,230,16.6,,1010.0,,8,3,2024-06-26 06:00:00,KNYC0
2024-06-26 07:00:00-04:00,24.0,64,0.0,,230,9.0,,1010.0,,8,3,2024-06-26 07:00:00,KNYC0
2024-06-26 08:00:00-04:00,26.0,60,0.0,,240,11.0,,1009.0,,8,3,2024-06-26 08:00:00,KNYC0
2024-06-26 09:00:00-04:00,27.0,54,0.0,,235,18.7,,1009.0,,8,3,2024-06-26 09:00:00,KNYC0
2024-06-26 10:00:00-04:00,29.0,51,0.0,,241,18.7,,1009.0,,8,3,2024-06-26 10:00:00,KNYC0
2024-06-26 11:00:00-04:00,29.0,50,0.0,,255,11.0,,1009.0,,7,3,2024-06-26 11:00:00,KNYC0
2024-06-26 12:00:00-04:00,32.0,42,0.0,,267,7.0,,1008.0,,7,3,2024-06-26 12:00:00,KNYC0
2024-06-26 13:00:00-04:00,32.0,45,0.0,,284,16.2,,1008.0,,6,3,2024-06-26 13:00:00,KNYC0
2024-06-26 14:00:00-04:00,32.0,41,0.0,,264,9.0,,1007.0,,8,3,2024-06-26 14:00:00,KNYC0
2024-06-26 15:00:00-04:00,33.0,36,0.0,,227,9.0,,1006.0,,6,3,2024-06-26 15:00:00,KNYC0
2024-06-26 16:00:00-04:00,33.0,37,0.0,,176,6.0,,1006.0,,2,3,2024-06-26 16:00:00,KNYC0
2024-06-26 17:00:00-04:00,32.0,40,2.4,,166,22.7,,1005.0,,8,18,2024-06-26 17:00:00,KNYC0
2024-06-26 18:00:00-04:00,31.0,43,1.3,,220,9.0,,1005.0,,8,9,2024-06-26 18:00:00,KNYC0
2024-06-26 19:00:00-04:00,30.0,51,0.0,,176,23.0,,1005.0,,8,3,2024-06-26 19:00:00,KNYC0
2024-06-26 20:00:00-04:00,23.0,81,0.3,,240,28.1,,1008.0,,8,8,2024-06-26 20:00:00,KNYC0
2024-06-26 21:00:00-04:00,22.0,87,3.5,,30,9.0,,1006.0,,8,9,2024-06-26 21:00:00,KNYC0
2024-06-26 22:00:00-04:00,22.0,84,0.3,,318,6.0,,1006.0,,8,8,2024-06-26 22:00:00,KNYC0
2024-06-26 23:00:00-04:00,22.0,87,0.0,,176,5.0,,1006.0,,8,3,2024-06-26 23:00:00,KNYC0
2024-06-27 00:00:00-04:00,21.0,90,0.0,,290,9.0,,1005.0,,8,3,2024-06-27 00:00:00,KNYC0
2024-06-27 01:00:00-04:00,21.0,90,0.0,,310,13.0,,1007.0,,8,3,2024-06-27 01:00:00,KNYC0
2024-06-27 02:00:00-04:00,20.0,93,0.2,,263,14.4,,1007.0,,8,7,2024-06-27 02:00:00,KNYC0
2024-06-27 03:00:00-04:00,21.0,90,1.4,,240,9.0,,1007.0,,8,9,2024-06-27 03:00:00,KNYC0
2024-06-27 04:00:00-04:00,21.0,93,2.3,,253,6.0,,1007.0,,8,9,2024-06-27 04:00:00,KNYC0
2024-06-27 05:00:00-04:00,20.0,90,2.9,,290,7.0,,1008.0,,8,9,2024-06-27 05:00:00,KNYC0
2024-06-27 06:00:00-04:00,20.0,87,0.0,,290,11.0,,1008.0,,8,3,2024-06-27 06:00:00,KNYC0
2024-06-27 07:00:00-04:00,20.0,84,0.0,,280,11.0,,1008.0,,8,3,2024-06-27 07:00:00,KNYC0
2024-06-27 08:00:00-04:00,21.0,76,0.0,,332,6.0,,1009.0,,1,3,2024-06-27 08:00:00,KNYC0
2024-06-27 09:00:00-04:00,23.0,57,0.0,,300,19.0,,1009.0,,1,1,2024-06-27 09:00:00,KNYC0
2024-06-27 10:00:00-04:00,24.0,58,0.0,,300,13.0,,1010.0,,0,1,2024-06-27 10:00:00,KNYC0
2024-06-27 11:00:00-04:00,24.0,58,0.0,,313,9.0,,1010.0,,0,1,2024-06-27 11:00:00,KNYC0
2024-06-27 12:00:00-04:00,27.0,49,0.0,,282,10.1,,1010.0,,0,1,2024-06-27 12:00:00,KNYC0
2024-06-27 13:00:00-04:00,28.0,43,0.0,,300,13.0,,1010.0,,3,1,2024-06-27 13:00:00,KNYC0
2024-06-27 14:00:00-04:00,28.0,44,0.0,,297,7.0,,1010.0,,2,3,2024-06-27 14:00:00,KNYC0
2024-06-27 15:00:00-04:00,29.0,35,0.0,,288,7.0,,1009.0,,2,2,2024-06-27 15:00:00,KNYC0
2024-06-27 16:00:00-04:00,29.0,37,0.0,,290,15.0,,1009.0,,1,2,2024-06-27 16:00:00,KNYC0
2024-06-27 17:00:00-04:00,28.0,41,0.0,,294,9.0,,1009.0,,3,2,2024-06-27 17:00:00,KNYC0
2024-06-27 18:00:00-04:00,27.0,44,0.0,,300,7.0,,1010.0,,3,3,2024-06-27 18:00:00,KNYC0
2024-06-27 19:00:00-04:00,26.0,42,0.0,,318,6.0,,1011.0,,3,2,2024-06-27 19:00:00,KNYC0
2024-06-27 20:00:00-04:00,25.0,39,0.0,,343,7.0,,1013.0,,1,2,2024-06-27 20:00:00,KNYC0
2024-06-27 21:00:00-04:00,23.0,41,0.0,,343,20.2,,1014.0,,0,2,2024-06-27 21:00:00,KNYC0
2024-06-27 22:00:00-04:00,22.0,43,0.0,,347,17.6,,1015.0,,0,1,2024-06-27 22:00:00,KNYC0
2024-06-27 23:00:00-04:00,22.0,42,0.0,,352,6.0,,1016.0,,0,1,2024-06-27 23:00:00,KNYC0
2024-06-28 00:00:00-04:00,21.0,42,0.0,,4,16.2,,1016.0,,0,1,2024-06-28 00:00:00,KNYC0
2024-06-28 01:00:00-04:00,20.0,42,0.0,,6,9.0,,1017.0,,1,1,2024-06-28 01:00:00,KNYC0
2024-06-28 02:00:00-04:00,19.0,47,0.0,,10,14.4,,1017.0,,0,2,2024-06-28 02:00:00,KNYC0
2024-06-28 03:00:00-04:00,19.0,47,0.0,,9,11.2,,1018.0,,0,1,2024-06-28 03:00:00,KNYC0
2024-06-28 04:00:00-04:00,18.0,50,0.0,,350,9.0,,1019.0,,6,1,2024-06-28 04:00:00,KNYC0
2024-06-28 05:00:00-04:00,18.0,50,0.0,,50,13.0,,1020.0,,3,3,2024-06-28 05:00:00,KNYC0
2024-06-28 06:00:00-04:00,18.0,52,0.0,,7,11.0,,1020.0,,7,3,2024-06-28 06:00:00,KNYC0
2024-06-28 07:00:00-04:00,19.0,45,0.0,,60,11.0,,1021.0,,6,3,2024-06-28 07:00:00,KNYC0
2024-06-28 08:00:00-04:00,20.0,37,0.0,,60,13.0,,1022.0,,8,3,2024-06-28 08:00:00,KNYC0
2024-06-28 09:00:00-04:00,21.0,38,0.0,,28,9.0,,1022.0,,4,3,2024-06-28 09:00:00,KNYC0
2024-06-28 10:00:00-04:00,21.0,38,0.0,,42,10.1,,1022.0,,4,3,2024-06-28 10:00:00,KNYC0
2024-06-28 11:00:00-04:00,23.0,28,0.0,,50,7.9,,1022.0,,1,3,2024-06-28 11:00:00,KNYC0
2024-06-28 12:00:00-04:00,24.0,27,0.0,,66,6.0,,1022.0,,0,1,2024-06-28 12:00:00,KNYC0
2024-06-28 13:00:00-04:00,26.0,21,0.0,,60,6.0,,1022.0,,0,1,2024-06-28 13:00:00,KNYC0
2024-06-28 14:00:00-04:00,24.0,27,0.0,,167,10.8,,1022.0,,0,1,2024-06-28 14:00:00,KNYC0
2024-06-28 15:00:00-04:00,24.0,32,0.0,,166,6.0,,1022.0,,0,1,2024-06-28 15:00:00,KNYC0
2024-06-28 16:00:00-04:00,23.0,32,0.0,,169,6.0,,1022.0,,0,1,2024-06-28 16:00:00,KNYC0
2024-06-28 17:00:00-04:00,22.0,35,0.0,,161,9.0,,1022.0,,0,1,2024-06-28 17:00:00,KNYC0
2024-06-28 18:00:00-04:00,22.0,38,0.0,,158,6.0,,1022.0,,0,1,2024-06-28 18:00:00,KNYC0
2024-06-28 19:00:00-04:00,21.0,45,0.0,,163,7.0,,1022.0,,0,1,2024-06-28 19:00:00,KNYC0
2024-06-28 20:00:00-04:00,19.0,47,0.0,,164,6.0,,1022.0,,2,1,2024-06-28 20:00:00,KNYC0
2024-06-28 21:00:00-04:00,19.0,47,0.0,,168,6.0,,1023.0,,7,2,2024-06-28 21:00:00,KNYC0
2024-06-28 22:00:00-04:00,20.0,39,0.0,,171,12.2,,1024.0,,8,3,2024-06-28 22:00:00,KNYC0
2024-06-28 23:00:00-04:00,19.0,49,0.0,,170,6.0,,1024.0,,8,3,2024-06-28 23:00:00,KNYC0
2024-06-29 00:00:00-04:00,19.0,57,0.0,,182,10.4,,1024.0,,8,3,2024-06-29 00:00:00,KNYC0
2024-06-29 01:00:00-04:00,19.0,63,0.0,,140,7.0,,1024.0,,8,3,2024-06-29 01:00:00,KNYC0
2024-06-29 02:00:00-04:00,19.0,66,0.0,,154,6.0,,1024.0,,8,3,2024-06-29 02:00:00,KNYC0
2024-06-29 03:00:00-04:00,20.0,68,0.0,,152,12.2,,1023.0,,8,3,2024-06-29 03:00:00,KNYC0
2024-06-29 04:00:00-04:00,20.0,68,0.0,,152,6.0,,1023.0,,8,3,2024-06-29 04:00:00,KNYC0
2024-06-29 05:00:00-04:00,21.0,70,0.0,,146,12.2,,1024.0,,8,3,2024-06-29 05:00:00,KNYC0
2024-06-29 06:00:00-04:00,21.0,73,0.0,,146,11.0,,1024.0,,8,3,2024-06-29 06:00:00,KNYC0
2024-06-29 07:00:00-04:00,22.0,76,0.0,,159,19.4,,1024.0,,8,3,2024-06-29 07:00:00,KNYC0
2024-06-29 08:00:00-04:00,22.0,79,0.0,,165,6.0,,1024.0,,8,3,2024-06-29 08:00:00,KNYC0
2024-06-29 09:00:00-04:00,22.0,79,0.0,,168,7.0,,1023.0,,8,3,2024-06-29 09:00:00,KNYC0
2024-06-29 10:00:00-04:00,23.0,76,0.0,,171,28.8,,1023.0,,8,3,2024-06-29 10:00:00,KNYC0
2024-06-29 11:00:00-04:00,24.0,71,0.0,,172,28.8,,1023.0,,8,3,2024-06-29 11:00:00,KNYC0
2024-06-29 12:00:00-04:00,26.0,67,0.0,,168,34.2,,1022.0,,8,3,2024-06-29 12:00:00,KNYC0
2024-06-29 13:00:00-04:00,24.0,71,0.0,,180,19.0,,1021.0,,7,3,2024-06-29 13:00:00,KNYC0
2024-06-29 14:00:00-04:00,26.0,67,0.0,,160,9.0,,1021.0,,7,3,2024-06-29 14:00:00,KNYC0
2024-06-29 15:00:00-04:00,26.0,67,0.0,,162,7.0,,1020.0,,8,3,2024-06-29 15:00:00,KNYC0
2024-06-29 16:00:00-04:00,25.0,71,0.0,,166,11.0,,1019.0,,7,3,2024-06-29 16:00:00,KNYC0
2024-06-29 17:00:00-04:00,24.0,74,0.0,,165,9.0,,1019.0,,4,3,2024-06-29 17:00:00,KNYC0
2024-06-29 18:00:00-04:00,24.0,77,0.0,,166,7.0,,1018.0,,8,3,2024-06-29 18:00:00,KNYC0
2024-06-29 19:00:00-04:00,24.0,77,0.0,,162,6.0,,1018.0,,8,3,2024-06-29 19:00:00,KNYC0
2024-06-29 20:00:00-04:00,24.0,82,0.0,,170,7.0,,1018.0,,7,3,2024-06-29 20:00:00,KNYC0
2024-06-29 21:00:00-04:00,23.0,85,0.0,,174,25.9,,1018.0,,8,3,2024-06-29 21:00:00,KNYC0
2024-06-29 22:00:00-04:00,23.0,94,0.0,,186,6.0,,1017.0,,8,5,2024-06-29 22:00:00,KNYC0
2024-06-29 23:00:00-04:00,23.0,91,0.0,,190,6.0,,1017.0,,4,3,2024-06-29 23:00:00,KNYC0
2024-06-30 00:00:00-04:00,23.0,94,0.0,,202,7.0,,1017.0,,5,3,2024-06-30 00:00:00,KNYC0
2024-06-30 01:00:00-04:00,23.0,94,0.2,,208,9.0,,1016.0,,8,17,2024-06-30 01:00:00,KNYC0
2024-06-30 02:00:00-04:00,23.0,94,0.3,,218,7.0,,1016.0,,8,8,2024-06-30 02:00:00,KNYC0
2024-06-30 03:00:00-04:00,24.0,94,0.2,,205,7.0,,1015.0,,8,5,2024-06-30 03:00:00,KNYC0
2024-06-30 04:00:00-04:00,24.0,94,0.7,,202,6.0,,1015.0,,7,5,2024-06-30 04:00:00,KNYC0
2024-06-30 05:00:00-04:00,24.0,91,0.0,,214,6.0,,1016.0,,8,5,2024-06-30 05:00:00,KNYC0
2024-06-30 06:00:00-04:00,24.0,91,0.0,,234,7.0,,1016.0,,8,5,2024-06-30 06:00:00,KNYC0
2024-06-30 07:00:00-04:00,25.0,88,0.0,,238,6.0,,1016.0,,7,3,2024-06-30 07:00:00,KNYC0
2024-06-30 08:00:00-04:00,26.0,82,0.0,,240,15.0,,1015.0,,7,3,2024-06-30 08:00:00,KNYC0
2024-06-30 09:00:00-04:00,27.0,77,0.0,,250,7.0,,1015.0,,8,3,2024-06-30 09:00:00,KNYC0
2024-06-30 10:00:00-04:00,27.0,77,0.0,,230,15.0,,1014.0,,8,3,2024-06-30 10:00:00,KNYC0
2024-06-30 11:00:00-04:00,28.0,74,0.0,,240,11.0,,1014.0,,8,3,2024-06-30 11:00:00,KNYC0
2024-06-30 12:00:00-04:00,27.0,79,0.1,,234,11.0,,1013.0,,8,7,2024-06-30 12:00:00,KNYC0
2024-06-30 13:00:00-04:00,27.0,79,3.3,,282,18.4,,1012.0,,8,9,2024-06-30 13:00:00,KNYC0
2024-06-30 14:00:00-04:00,27.0,79,8.2,,233,20.9,,1011.0,,8,9,2024-06-30 14:00:00,KNYC0
2024-06-30 15:00:00-04:00,29.0,72,1.9,,220,9.0,,1012.0,,8,9,2024-06-30 15:00:00,KNYC0
2024-06-30 16:00:00-04:00,23.0,85,2.3,,238,7.0,,1012.0,,6,9,2024-06-30 16:00:00,KNYC0
2024-06-30 17:00:00-04:00,23.0,87,0.0,,246,9.0,,1012.0,,7,3,2024-06-30 17:00:00,KNYC0
2024-06-30 18:00:00-04:00,23.0,90,0.3,,295,15.1,,1012.0,,6,17,2024-06-30 18:00:00,KNYC0
2024-06-30 19:00:00-04:00,23.0,94,1.0,,287,6.0,,1012.0,,6,5,2024-06-30 19:00:00,KNYC0
2024-06-30 20:00:00-04:00,23.0,94,10.8,,270,15.5,,1012.0,,3,5,2024-06-30 20:00:00,KNYC0
2024-06-30 21:00:00-04:00,23.7,91,0.0,,301,14.4,,1011.0,,1,3,2024-06-30 21:00:00,KNYC0
2024-06-30 22:00:00-04:00,23.0,73,0.0,,310,9.0,,1014.0,,1,1,2024-06-30 22:00:00,KNYC0
2024-06-30 23:00:00-04:00,22.0,64,0.0,,339,20.9,,1014.0,,2,1,2024-06-30 23:00:00,KNYC0
2024-07-01 00:00:00-04:00,21.0,59,0.0,,339,6.0,,1014.0,,1,2,2024-07-01 00:00:00,KNYC0
2024-07-01 01:00:00-04:00,21.0,53,0.0,,341,6.0,,1014.0,,2,2,2024-07-01 01:00:00,KNYC0
2024-07-01 02:00:00-04:00,19.0,61,0.0,,336,7.0,,1015.0,,0,2,2024-07-01 02:00:00,KNYC0
2024-07-01 03:00:00-04:00,18.0,63,0.0,,325,6.0,,1015.0,,0,1,2024-07-01 03:00:00,KNYC0
2024-07-01 04:00:00-04:00,18.0,68,0.0,,323,18.4,,1016.0,,1,1,2024-07-01 04:00:00,KNYC0
2024-07-01 05:00:00-04:00,18.0,68,0.0,,328,9.0,,1016.0,,0,1,2024-07-01 05:00:00,KNYC0
2024-07-01 06:00:00-04:00,18.0,65,0.0,,300,13.0,,1016.0,,0,1,2024-07-01 06:00:00,KNYC0
2024-07-01 07:00:00-04:00,19.0,66,0.0,,339,21.6,,1016.0,,3,1,2024-07-01 07:00:00,KNYC0
2024-07-01 08:00:00-04:00,21.0,61,0.0,,343,7.0,,1017.0,,1,2,2024-07-01 08:00:00,KNYC0
2024-07-01 09:00:00-04:00,22.0,55,0.0,,360,15.0,,1017.0,,2,2,2024-07-01 09:00:00,KNYC0
2024-07-01 10:00:00-04:00,22.0,55,0.0,,0,9.0,,1018.0,,3,2,2024-07-01 10:00:00,KNYC0
2024-07-01 11:00:00-04:00,23.0,56,0.0,,1,26.6,,1018.0,,2,3,2024-07-01 11:00:00,KNYC0
2024-07-01 12:00:00-04:00,25.0,47,0.0,,0,9.0,,1018.0,,4,2,2024-07-01 12:00:00,KNYC0
2024-07-01 13:00:00-04:00,26.0,44,0.2,,60,15.0,,1018.0,,2,17,2024-07-01 13:00:00,KNYC0
2024-07-01 14:00:00-04:00,27.0,44,0.0,,10,19.0,,1018.0,,1,2,2024-07-01 14:00:00,KNYC0
2024-07-01 15:00:00-04:00,26.0,42,0.0,,20,13.0,,1018.0,,1,2,2024-07-01 15:00:00,KNYC0
2024-07-01 16:00:00-04:00,26.0,42,0.0,,358,9.0,,1018.0,,1,2,2024-07-01 16:00:00,KNYC0
2024-07-01 17:00:00-04:00,26.0,41,0.0,,40,13.0,,1019.0,,0,1,2024-07-01 17:00:00,KNYC0
2024-07-01 18:00:00-04:00,26.0,40,0.0,,3,6.0,,1019.0,,0,1,2024-07-01 18:00:00,KNYC0
2024-07-01 19:00:00-04:00,25.0,40,0.0,,30,13.0,,1020.0,,0,1,2024-07-01 19:00:00,KNYC0
2024-07-01 20:00:00-04:00,24.0,42,0.0,,5,11.0,,1020.0,,0,1,2024-07-01 20:00:00,KNYC0
2024-07-01 21:00:00-04:00,24.0,43,0.0,,10,9.0,,1021.0,,0,1,2024-07-01 21:00:00,KNYC0
2024-07-01 22:00:00-04:00,23.0,45,0.0,,30,13.0,,1022.0,,0,1,2024-07-01 22:00:00,KNYC0
2024-07-01 23:00:00-04:00,23.0,41,0.0,,8,7.0,,1022.0,,0,1,2024-07-01 23:00:00,KNYC0
2024-07-02 00:00:00-04:00,23.0,41,0.0,,30,7.0,,1022.0,,0,1,2024-07-02 00:00:00,KNYC0
2024-07-02 01:00:00-04:00,21.0,46,0.0,,351,6.0,,1022.0,,0,1,2024-07-02 01:00:00,KNYC0
2024-07-02 02:00:00-04:00,21.0,46,0.0,,5,6.0,,1022.0,,0,1,2024-07-02 02:00:00,KNYC0
2024-07-02 03:00:00-04:00,20.0,51,0.0,,360,7.0,,1023.0,,0,1,2024-07-02 03:00:00,KNYC0
2024-07-02 04:00:00-04:00,19.0,52,0.0,,20,6.0,,1023.0,,0,1,2024-07-02 04:00:00,KNYC0
2024-07-02 05:00:00-04:00,19.0,52,0.0,,356,13.0,,1024.0,,0,1,2024-07-02 05:00:00,KNYC0
2024-07-02 06:00:00-04:00,19.0,61,0.0,,355,12.2,,1024.0,,0,1,2024-07-02 06:00:00,KNYC0
2024-07-02 07:00:00-04:00,21.0,55,0.0,,355,6.0,,1025.0,,0,1,2024-07-02 07:00:00,KNYC0
2024-07-02 08:00:00-04:00,19.4,66,0.0,,1,13.0,,1024.1,,0,1,2024-07-02 08:00:00,KNYC0
2024-07-02 09:00:00-04:00,24.0,43,0.0,,11,7.0,,1026.0,,0,1,2024-07-02 09:00:00,KNYC0
2024-07-02 10:00:00-04:00,25.0,42,0.0,,26,7.0,,1026.0,,0,1,2024-07-02 10:00:00,KNYC0
2024-07-02 11:00:00-04:00,27.0,33,0.0,,37,6.0,,1025.0,,0,1,2024-07-02 11:00:00,KNYC0
2024-07-02 12:00:00-04:00,29.0,28,0.0,,40,9.0,,1025.0,,0,1,2024-07-02 12:00:00,KNYC0
2024-07-02 13:00:00-04:00,29.0,23,0.0,,51,7.0,,1024.0,,0,1,2024-07-02 13:00:00,KNYC0
2024-07-02 14:00:00-04:00,29.0,27,0.0,,60,6.0,,1024.0,,0,1,2024-07-02 14:00:00,KNYC0
2024-07-02 15:00:00-04:00,27.0,35,0.0,,152,6.0,,1024.0,,8,1,2024-07-02 15:00:00,KNYC0
2024-07-02 16:00:00-04:00,27.0,35,0.0,,130,11.0,,1024.0,,8,3,2024-07-02 16:00:00,KNYC0
2024-07-02 17:00:00-04:00,27.7,36,0.0,,162,16.2,,1022.1,,8,3,2024-07-02 17:00:00,KNYC0
2024-07-02 18:00:00-04:00,25.0,40,0.0,,162,16.2,,1024.0,,8,3,2024-07-02 18:00:00,KNYC0
2024-07-02 19:00:00-04:00,25.4,43,0.0,,155,15.1,,1022.2,,8,3,2024-07-02 19:00:00,KNYC0
2024-07-02 20:00:00-04:00,24.0,43,0.0,,168,13.7,,1024.0,,8,3,2024-07-02 20:00:00,KNYC0
2024-07-02 21:00:00-04:00,22.3,58,0.0,,192,11.2,,1023.0,,8,3,2024-07-02 21:00:00,KNYC0
2024-07-02 22:00:00-04:00,23.0,48,0.0,,202,10.1,,1025.0,,8,3,2024-07-02 22:00:00,KNYC0
2024-07-02 23:00:00-04:00,22.0,46,0.0,,208,6.0,,1025.0,,8,3,2024-07-02 23:00:00,KNYC0
2024-07-03 00:00:00-04:00,22.0,46,0.0,,214,7.9,,1025.0,,3,3,2024-07-03 00:00:00,KNYC0
2024-07-03 01:00:00-04:00,22.0,44,0.0,,220,6.0,,1025.0,,2,2,2024-07-03 01:00:00,KNYC0
2024-07-03 02:00:00-04:00,21.0,55,0.0,,234,8.6,,1024.0,,7,2,2024-07-03 02:00:00,KNYC0
2024-07-03 03:00:00-04:00,22.0,55,0.0,,251,7.6,,1024.0,,7,3,2024-07-03 03:00:00,KNYC0
2024-07-03 04:00:00-04:00,21.0,61,0.0,,252,6.0,,1024.0,,6,3,2024-07-03 04:00:00,KNYC0
2024-07-03 05:00:00-04:00,21.0,55,0.0,,240,6.0,,1024.0,,4,3,2024-07-03 05:00:00,KNYC0
2024-07-03 06:00:00-04:00,21.0,57,0.0,,243,7.6,,1024.0,,8,3,2024-07-03 06:00:00,KNYC0
2024-07-03 07:00:00-04:00,22.0,57,0.0,,230,6.0,,1024.0,,7,3,2024-07-03 07:00:00,KNYC0
2024-07-03 08:00:00-04:00,23.0,48,0.0,,238,5.8,,1024.0,,8,3,2024-07-03 08:00:00,KNYC0
2024-07-03 09:00:00-04:00,25.0,45,0.0,,240,7.0,,1024.0,,8,3,2024-07-03 09:00:00,KNYC0
2024-07-03 10:00:00-04:00,26.0,41,0.0,,270,7.0,,1024.0,,8,3,2024-07-03 10:00:00,KNYC0
2024-07-03 11:00:00-04:00,27.0,35,0.0,,180,6.0,,1023.0,,8,3,2024-07-03 11:00:00,KNYC0
2024-07-03 12:00:00-04:00,28.0,38,0.0,,180,16.9,,1023.0,,2,3,2024-07-03 12:00:00,KNYC0
2024-07-03 13:00:00-04:00,28.0,38,0.0,,173,9.0,,1022.0,,2,2,2024-07-03 13:00:00,KNYC0
2024-07-03 14:00:00-04:00,27.0,37,0.0,,164,7.0,,1022.0,,1,2,2024-07-03 14:00:00,KNYC0
2024-07-03 15:00:00-04:00,26.0,38,0.0,,140,13.0,,1021.0,,8,2,2024-07-03 15:00:00,KNYC0
2024-07-03 16:00:00-04:00,26.0,37,0.0,,159,6.0,,1021.0,,8,3,2024-07-03 16:00:00,KNYC0
2024-07-03 17:00:00-04:00,25.0,39,0.0,,163,6.0,,1021.0,,8,3,2024-07-03 17:00:00,KNYC0
2024-07-03 18:00:00-04:00,24.0,39,0.0,,150,13.0,,1020.0,,8,3,2024-07-03 18:00:00,KNYC0
2024-07-03 19:00:00-04:00,23.0,45,0.0,,163,6.0,,1020.0,,8,3,2024-07-03 19:00:00,KNYC0
2024-07-03 20:00:00-04:00,23.0,51,0.0,,165,23.4,,1019.0,,6,3,2024-07-03 20:00:00,KNYC0
2024-07-03 21:00:00-04:00,22.0,55,0.0,,173,6.0,,1019.0,,8,3,2024-07-03 21:00:00,KNYC0
2024-07-03 22:00:00-04:00,22.0,49,0.0,,185,9.0,,1019.0,,6,3,2024-07-03 22:00:00,KNYC0
2024-07-03 23:00:00-04:00,22.0,49,0.0,,199,9.0,,1019.0,,6,3,2024-07-03 23:00:00,KNYC0
2024-07-04 00:00:00-04:00,22.0,53,0.0,,206,12.6,,1019.0,,8,3,2024-07-04 00:00:00,KNYC0
2024-07-04 01:00:00-04:00,21.0,64,0.0,,210,12.2,,1019.0,,6,3,2024-07-04 01:00:00,KNYC0
2024-07-04 02:00:00-04:00,21.0,68,0.0,,214,12.6,,1019.0,,6,3,2024-07-04 02:00:00,KNYC0
2024-07-04 03:00:00-04:00,21.0,66,0.0,,212,9.0,,1018.0,,8,3,2024-07-04 03:00:00,KNYC0
2024-07-04 04:00:00-04:00,22.0,66,0.0,,207,11.2,,1018.0,,5,3,2024-07-04 04:00:00,KNYC0
2024-07-04 05:00:00-04:00,22.0,68,0.0,,209,6.0,,1017.0,,8,3,2024-07-04 05:00:00,KNYC0
2024-07-04 06:00:00-04:00,22.0,68,0.0,,200,9.7,,1017.0,,6,3,2024-07-04 06:00:00,KNYC0
2024-07-04 07:00:00-04:00,23.0,71,0.0,,192,6.0,,1017.0,,8,3,2024-07-04 07:00:00,KNYC0
2024-07-04 08:00:00-04:00,23.0,74,0.0,,203,7.0,,1017.0,,5,3,2024-07-04 08:00:00,KNYC0
2024-07-04 09:00:00-04:00,24.0,69,0.0,,204,11.9,,1016.0,,4,3,2024-07-04 09:00:00,KNYC0
2024-07-04 10:00:00-04:00,27.0,62,0.0,,206,6.0,,1015.0,,5,3,2024-07-04 10:00:00,KNYC0
2024-07-04 11:00:00-04:00,28.0,60,0.0,,205,7.0,,1015.0,,5,3,2024-07-04 11:00:00,KNYC0
2024-07-04 12:00:00-04:00,29.0,55,0.0,,188,16.2,,1014.0,,7,3,2024-07-04 12:00:00,KNYC0
2024-07-04 13:00:00-04:00,30.0,53,0.0,,179,9.0,,1014.0,,6,3,2024-07-04 13:00:00,KNYC0
2024-07-04 14:00:00-04:00,30.0,55,0.0,,162,18.4,,1013.0,,8,3,2024-07-04 14:00:00,KNYC0
2024-07-04 15:00:00-04:00,28.0,59,0.0,,140,9.0,,1013.0,,8,3,2024-07-04 15:00:00,KNYC0
2024-07-04 16:00:00-04:00,29.0,57,0.0,,152,7.0,,1012.0,,8,3,2024-07-04 16:00:00,KNYC0
2024-07-04 17:00:00-04:00,28.0,60,0.0,,150,21.6,,1012.0,,8,3,2024-07-04 17:00:00,KNYC0
2024-07-04 18:00:00-04:00,27.0,64,0.0,,160,6.0,,1012.0,,8,3,2024-07-04 18:00:00,KNYC0
2024-07-04 19:00:00-04:00,26.0,67,0.0,,142,18.4,,1012.0,,8,3,2024-07-04 19:00:00,KNYC0
2024-07-04 20:00:00-04:00,25.0,71,0.0,,100,7.0,,1012.0,,8,3,2024-07-04 20:00:00,KNYC0
2024-07-04 21:00:00-04:00,24.0,77,0.0,,70,9.0,,1012.0,,4,3,2024-07-04 21:00:00,KNYC0
2024-07-04 22:00:00-04:00,23.0,88,0.0,,194,13.0,,1012.0,,8,5,2024-07-04 22:00:00,KNYC0
2024-07-04 23:00:00-04:00,23.0,88,0.0,,204,11.5,,1012.0,,8,3,2024-07-04 23:00:00,KNYC0
2024-07-05 00:00:00-04:00,23.0,94,0.0,,154,10.1,,1012.0,,8,5,2024-07-05 00:00:00,KNYC0
2024-07-05 01:00:00-04:00,23.0,94,0.0,,115,7.6,,1012.0,,8,5,2024-07-05 01:00:00,KNYC0
2024-07-05 02:00:00-04:00,23.0,94,0.0,,125,6.1,,1011.0,,8,5,2024-07-05 02:00:00,KNYC0
2024-07-05 03:00:00-04:00,24.0,90,0.0,,135,6.1,,1011.0,,8,5,2024-07-05 03:00:00,KNYC0
2024-07-05 04:00:00-04:00,23.0,91,0.0,,40,6.0,,1011.0,,8,5,2024-07-05 04:00:00,KNYC0
2024-07-05 05:00:00-04:00,23.0,94,0.0,,186,5.8,,1010.0,,8,5,2024-07-05 05:00:00,KNYC0
2024-07-05 06:00:00-04:00,23.0,91,0.0,,10,6.0,,1011.0,,8,5,2024-07-05 06:00:00,KNYC0
2024-07-05 07:00:00-04:00,24.0,90,0.0,,40,6.0,,1011.0,,8,5,2024-07-05 07:00:00,KNYC0
2024-07-05 08:00:00-04:00,26.0,82,0.0,,226,6.0,,1011.0,,8,5,2024-07-05 08:00:00,KNYC0
2024-07-05 09:00:00-04:00,27.0,74,0.0,,223,12.2,,1011.0,,8,5,2024-07-05 09:00:00,KNYC0
2024-07-05 10:00:00-04:00,28.0,74,0.0,,159,6.0,,1011.0,,8,5,2024-07-05 10:00:00,KNYC0
2024-07-05 11:00:00-04:00,29.0,70,0.0,,159,8.6,,1011.0,,8,3,2024-07-05 11:00:00,KNYC0
2024-07-05 12:00:00-04:00,29.0,68,0.1,,182,11.2,,1010.0,,8,7,2024-07-05 12:00:00,KNYC0
2024-07-05 13:00:00-04:00,30.0,65,0.0,,166,6.0,,1010.0,,7,3,2024-07-05 13:00:00,KNYC0
2024-07-05 14:00:00-04:00,31.0,63,0.0,,157,6.0,,1010.0,,5,3,2024-07-05 14:00:00,KNYC0
2024-07-05 15:00:00-04:00,29.0,68,2.8,,144,7.0,,1010.0,,7,18,2024-07-05 15:00:00,KNYC0
2024-07-05 16:00:00-04:00,29.0,68,1.1,,161,14.8,,1009.0,,7,9,2024-07-05 16:00:00,KNYC0
2024-07-05 17:00:00-04:00,29.0,67,0.7,,140,15.0,,1009.0,,2,17,2024-07-05 17:00:00,KNYC0
2024-07-05 18:00:00-04:00,27.0,69,0.1,,116,19.1,,1009.0,,6,17,2024-07-05 18:00:00,KNYC0
2024-07-05 19:00:00-04:00,24.0,85,0.0,,138,6.0,,1010.0,,3,3,2024-07-05 19:00:00,KNYC0
2024-07-05 20:00:00-04:00,24.0,91,0.0,,80,6.0,,1010.0,,7,2,2024-07-05 20:00:00,KNYC0
2024-07-05 21:00:00-04:00,24.0,91,0.0,,108,13.0,,1011.0,,7,5,2024-07-05 21:00:00,KNYC0
2024-07-05 22:00:00-04:00,24.0,94,0.0,,104,13.0,,1011.0,,8,5,2024-07-05 22:00:00,KNYC0
2024-07-05 23:00:00-04:00,24.0,91,0.0,,40,6.0,,1011.0,,8,5,2024-07-05 23:00:00,KNYC0
2024-07-06 00:00:00-04:00,24.0,94,0.0,,135,12.2,,1011.0,,8,5,2024-07-06 00:00:00,KNYC0
2024-07-06 01:00:00-04:00,24.0,90,0.0,,80,6.0,,1011.0,,8,5,2024-07-06 01:00:00,KNYC0
2024-07-06 02:00:00-04:00,23.0,94,0.0,,170,6.0,,1011.0,,8,5,2024-07-06 02:00:00,KNYC0
2024-07-06 03:00:00-04:00,23.0,91,0.0,,120,7.0,,1010.0,,8,5,2024-07-06 03:00:00,KNYC0
2024-07-06 04:00:00-04:00,23.0,94,0.0,,158,10.8,,1010.0,,8,5,2024-07-06 04:00:00,KNYC0
2024-07-06 05:00:00-04:00,23.0,94,0.0,,120,6.0,,1010.0,,8,5,2024-07-06 05:00:00,KNYC0
2024-07-06 06:00:00-04:00,23.0,91,0.0,,136,11.2,,1011.0,,8,5,2024-07-06 06:00:00,KNYC0
2024-07-06 07:00:00-04:00,23.0,91,0.0,,50,7.0,,1011.0,,8,5,2024-07-06 07:00:00,KNYC0
2024-07-06 08:00:00-04:00,23.0,94,0.0,,152,7.0,,1013.0,,5,3,2024-07-06 08:00:00,KNYC0
2024-07-06 09:00:00-04:00,24.0,91,0.0,,50,7.0,,1012.0,,2,5,2024-07-06 09:00:00,KNYC0
2024-07-06 10:00:00-04:00,27.0,77,0.0,,233,10.4,,1012.0,,5,2,2024-07-06 10:00:00,KNYC0
2024-07-06 11:00:00-04:00,30.0,67,0.0,,243,6.0,,1012.0,,8,3,2024-07-06 11:00:00,KNYC0
2024-07-06 12:00:00-04:00,31.0,63,0.1,,180,14.0,,1012.0,,2,7,2024-07-06 12:00:00,KNYC0
2024-07-06 13:00:00-04:00,32.0,56,0.2,,177,15.1,,1011.0,,2,17,2024-07-06 13:00:00,KNYC0
2024-07-06 14:00:00-04:00,32.0,59,0.0,,173,6.0,,1011.0,,6,2,2024-07-06 14:00:00,KNYC0
2024-07-06 15:00:00-04:00,31.0,65,0.8,,164,18.4,,1011.0,,7,17,2024-07-06 15:00:00,KNYC0
2024-07-06 16:00:00-04:00,31.0,65,0.1,,151,20.5,,1011.0,,5,7,2024-07-06 16:00:00,KNYC0
2024-07-06 17:00:00-04:00,30.0,63,0.0,,153,6.0,,1011.0,,5,3,2024-07-06 17:00:00,KNYC0
2024-07-06 18:00:00-04:00,29.0,65,0.0,,160,23.0,,1011.0,,3,3,2024-07-06 18:00:00,KNYC0
2024-07-06 19:00:00-04:00,29.0,70,0.0,,163,20.9,,1012.0,,1,3,2024-07-06 19:00:00,KNYC0
2024-07-06 20:00:00-04:00,29.0,72,0.0,,168,18.4,,1012.0,,1,2,2024-07-06 20:00:00,KNYC0
2024-07-06 21:00:00-04:00,28.0,72,0.0,,181,15.8,,1013.0,,1,2,2024-07-06 21:00:00,KNYC0
2024-07-06 22:00:00-04:00,27.0,77,0.0,,10,6.0,,1013.0,,2,1,2024-07-06 22:00:00,KNYC0
2024-07-06 23:00:00-04:00,27.0,77,0.0,,30,6.0,,1013.0,,3,2,2024-07-06 23:00:00,KNYC0
2024-07-07 00:00:00-04:00,27.0,77,0.0,,214,10.4,,1014.0,,0,3,2024-07-07 00:00:00,KNYC0
2024-07-07 01:00:00-04:00,27.0,79,0.0,,179,8.6,,1014.0,,3,1,2024-07-07 01:00:00,KNYC0
2024-07-07 02:00:00-04:00,27.0,76,0.0,,287,6.1,,1014.0,,6,3,2024-07-07 02:00:00,KNYC0
2024-07-07 03:00:00-04:00,27.0,77,0.0,,330,6.0,,1014.0,,2,3,2024-07-07 03:00:00,KNYC0
2024-07-07 04:00:00-04:00,27.0,79,0.0,,339,7.0,,1015.0,,7,5,2024-07-07 04:00:00,KNYC0
2024-07-07 05:00:00-04:00,26.0,77,0.0,,40,9.0,,1015.0,,5,3,2024-07-07 05:00:00,KNYC0
2024-07-07 06:00:00-04:00,27.0,58,0.0,,20,13.0,,1016.0,,8,3,2024-07-07 06:00:00,KNYC0
2024-07-07 07:00:00-04:00,27.0,58,0.0,,352,11.0,,1016.0,,8,3,2024-07-07 07:00:00,KNYC0
2024-07-07 08:00:00-04:00,28.0,51,0.0,,5,9.0,,1016.0,,8,3,2024-07-07 08:00:00,KNYC0
2024-07-07 09:00:00-04:00,29.0,51,0.0,,20,7.0,,1016.0,,8,3,2024-07-07 09:00:00,KNYC0
2024-07-07 10:00:00-04:00,30.0,48,0.0,,49,10.4,,1016.0,,7,3,2024-07-07 10:00:00,KNYC0
2024-07-07 11:00:00-04:00,30.0,46,0.0,,40,13.0,,1017.0,,3,3,2024-07-07 11:00:00,KNYC0
2024-07-07 12:00:00-04:00,30.0,45,0.0,,90,9.0,,1017.0,,4,2,2024-07-07 12:00:00,KNYC0
2024-07-07 13:00:00-04:00,33.0,37,0.0,,107,11.0,,1016.0,,3,3,2024-07-07 13:00:00,KNYC0
2024-07-07 14:00:00-04:00,31.0,42,0.0,,130,11.0,,1016.0,,3,3,2024-07-07 14:00:00,KNYC0
2024-07-07 15:00:00-04:00,33.0,37,0.1,,60,7.0,,1016.0,,2,17,2024-07-07 15:00:00,KNYC0
2024-07-07 16:00:00-04:00,32.0,42,0.0,,40,6.0,,1016.0,,3,2,2024-07-07 16:00:00,KNYC0
2024-07-07 17:00:00-04:00,32.0,41,0.1,,60,15.0,,1016.0,,1,17,2024-07-07 17:00:00,KNYC0
2024-07-07 18:00:00-04:00,32.0,47,0.0,,60,9.0,,1016.0,,1,2,2024-07-07 18:00:00,KNYC0
2024-07-07 19:00:00-04:00,31.0,48,0.0,,80,7.0,,1016.0,,0,1,2024-07-07 19:00:00,KNYC0
2024-07-07 20:00:00-04:00,28.0,65,0.0,,153,11.5,,1016.0,,1,1,2024-07-07 20:00:00,KNYC0
2024-07-07 21:00:00-04:00,27.0,72,0.0,,125,7.9,,1017.0,,2,2,2024-07-07 21:00:00,KNYC0
2024-07-07 22:00:00-04:00,27.0,72,0.0,,130,6.0,,1017.0,,3,2,2024-07-07 22:00:00,KNYC0
2024-07-07 23:00:00-04:00,27.0,76,0.0,,96,4.0,,1017.0,,1,2,2024-07-07 23:00:00,KNYC0
2024-07-08 00:00:00-04:00,26.0,79,0.0,,134,5.8,,1017.0,,0,1,2024-07-08 00:00:00,KNYC0
2024-07-08 01:00:00-04:00,26.0,85,0.0,,193,4.7,,1017.0,,0,1,2024-07-08 01:00:00,KNYC0
2024-07-08 02:00:00-04:00,26.0,82,0.0,,252,4.7,,1017.0,,0,1,2024-07-08 02:00:00,KNYC0
2024-07-08 03:00:00-04:00,27.0,74,0.0,,325,5.8,,1017.0,,8,1,2024-07-08 03:00:00,KNYC0
2024-07-08 04:00:00-04:00,26.0,79,0.0,,357,6.8,,1017.0,,8,5,2024-07-08 04:00:00,KNYC0
2024-07-08 05:00:00-04:00,25.0,85,0.0,,60,6.0,,1018.0,,8,5,2024-07-08 05:00:00,KNYC0
2024-07-08 06:00:00-04:00,26.0,79,0.0,,11,5.8,,1018.0,,6,5,2024-07-08 06:00:00,KNYC0
2024-07-08 07:00:00-04:00,27.0,71,0.0,,40,6.0,,1019.0,,8,3,2024-07-08 07:00:00,KNYC0
2024-07-08 08:00:00-04:00,29.0,63,0.0,,13,5.4,,1018.0,,2,3,2024-07-08 08:00:00,KNYC0
2024-07-08 09:00:00-04:00,30.0,57,0.0,,50,7.0,,1018.0,,6,2,2024-07-08 09:00:00,KNYC0
2024-07-08 10:00:00-04:00,30.0,59,0.0,,60,9.0,,1019.0,,3,3,2024-07-08 10:00:00,KNYC0
2024-07-08 11:00:00-04:00,32.0,47,0.0,,80,13.0,,1018.0,,2,3,2024-07-08 11:00:00,KNYC0
2024-07-08 12:00:00-04:00,34.0,41,0.0,,50,13.0,,1018.0,,3,2,2024-07-08 12:00:00,KNYC0
2024-07-08 13:00:00-04:00,33.0,40,0.0,,10,7.0,,1017.0,,2,2,2024-07-08 13:00:00,KNYC0
2024-07-08 14:00:00-04:00,30.0,61,0.0,,162,13.0,,1017.0,,4,2,2024-07-08 14:00:00,KNYC0
2024-07-08 15:00:00-04:00,31.7,51,0.5,,173,15.1,,1015.7,,5,17,2024-07-08 15:00:00,KNYC0
2024-07-08 16:00:00-04:00,31.0,55,0.0,,165,16.6,,1017.0,,2,3,2024-07-08 16:00:00,KNYC0
2024-07-08 17:00:00-04:00,30.0,59,0.0,,163,18.0,,1017.0,,6,2,2024-07-08 17:00:00,KNYC0
2024-07-08 18:00:00-04:00,29.0,61,0.0,,161,15.8,,1017.0,,8,3,2024-07-08 18:00:00,KNYC0
2024-07-08 19:00:00-04:00,28.0,70,0.0,,152,15.1,,1017.0,,6,3,2024-07-08 19:00:00,KNYC0
2024-07-08 20:00:00-04:00,27.0,69,0.0,,164,14.0,,1017.0,,6,3,2024-07-08 20:00:00,KNYC0
2024-07-08 21:00:00-04:00,27.0,69,0.0,,151,12.2,,1017.0,,6,3,2024-07-08 21:00:00,KNYC0
2024-07-08 22:00:00-04:00,26.0,77,0.0,,145,11.5,,1017.0,,8,3,2024-07-08 22:00:00,KNYC0
2024-07-08 23:00:00-04:00,26.0,77,0.0,,141,10.1,,1017.0,,8,3,2024-07-08 23:00:00,KNYC0
2024-07-09 00:00:00-04:00,26.0,79,0.0,,136,9.0,,1017.0,,8,5,2024-07-09 00:00:00,KNYC0
2024-07-09 01:00:00-04:00,25.0,82,0.0,,147,10.1,,1017.0,,8,5,2024-07-09 01:00:00,KNYC0
2024-07-09 02:00:00-04:00,25.0,82,0.0,,152,10.1,,1017.0,,8,5,2024-07-09 02:00:00,KNYC0
2024-07-09 03:00:00-04:00,24.0,85,0.0,,153,7.9,,1017.0,,8,5,2024-07-09 03:00:00,KNYC0
2024-07-09 04:00:00-04:00,24.0,88,0.0,,159,8.3,,1016.0,,8,5,2024-07-09 04:00:00,KNYC0
2024-07-09 05:00:00-04:00,24.0,88,0.0,,154,7.9,,1016.0,,8,5,2024-07-09 05:00:00,KNYC0
2024-07-09 06:00:00-04:00,25.0,85,0.0,,157,7.6,,1016.0,,8,5,2024-07-09 06:00:00,KNYC0
2024-07-09 07:00:00-04:00,26.0,79,0.0,,167,6.8,,1017.0,,6,5,2024-07-09 07:00:00,KNYC0
2024-07-09 08:00:00-04:00,28.0,72,0.0,,167,6.1,,1017.0,,3,3,2024-07-09 08:00:00,KNYC0
2024-07-09 09:00:00-04:00,30.0,61,0.0,,167,7.6,,1016.0,,8,2,2024-07-09 09:00:00,KNYC0
2024-07-09 10:00:00-04:00,31.0,61,0.0,,140,7.0,,1016.0,,8,3,2024-07-09 10:00:00,KNYC0
2024-07-09 11:00:00-04:00,31.0,55,0.0,,170,14.4,,1016.0,,8,3,2024-07-09 11:00:00,KNYC0
2024-07-09 12:00:00-04:00,31.0,61,0.0,,168,15.5,,1016.0,,8,3,2024-07-09 12:00:00,KNYC0
2024-07-09 13:00:00-04:00,31.0,61,0.0,,167,17.6,,1015.0,,8,3,2024-07-09 13:00:00,KNYC0
2024-07-09 14:00:00-04:00,31.0,63,0.0,,161,11.0,,1015.0,,8,3,2024-07-09 14:00:00,KNYC0
2024-07-09 15:00:00-04:00,31.0,63,0.0,,159,23.0,,1014.0,,6,3,2024-07-09 15:00:00,KNYC0
2024-07-09 16:00:00-04:00,30.0,65,0.0,,150,11.0,,1014.0,,7,3,2024-07-09 16:00:00,KNYC0
2024-07-09 17:00:00-04:00,29.0,67,0.0,,164,11.0,,1013.0,,6,3,2024-07-09 17:00:00,KNYC0
2024-07-09 18:00:00-04:00,28.0,72,0.0,,169,6.0,,1013.0,,8,3,2024-07-09 18:00:00,KNYC0
2024-07-09 19:00:00-04:00,29.2,69,0.0,,168,21.2,,1011.5,,8,3,2024-07-09 19:00:00,KNYC0
2024-07-09 20:00:00-04:00,29.0,72,0.0,,179,13.3,,1013.0,,8,3,2024-07-09 20:00:00,KNYC0
2024-07-09 21:00:00-04:00,29.0,70,0.0,,200,6.0,,1014.0,,8,3,2024-07-09 21:00:00,KNYC0
2024-07-09 22:00:00-04:00,29.0,72,0.0,,172,7.0,,1014.0,,8,3,2024-07-09 22:00:00,KNYC0
2024-07-09 23:00:00-04:00,28.0,70,0.0,,230,11.0,,1014.0,,8,3,2024-07-09 23:00:00,KNYC0
2024-07-10 00:00:00-04:00,28.0,72,0.0,,192,7.0,,1014.0,,8,3,2024-07-10 00:00:00,KNYC0
2024-07-10 01:00:00-04:00,28.0,70,0.0,,208,6.0,,1014.0,,8,3,2024-07-10 01:00:00,KNYC0
2024-07-10 02:00:00-04:00,27.0,74,0.0,,209,9.7,,1013.0,,7,3,2024-07-10 02:00:00,KNYC0
2024-07-10 03:00:00-04:00,27.0,74,0.0,,202,9.4,,1013.0,,8,3,2024-07-10 03:00:00,KNYC0
2024-07-10 04:00:00-04:00,27.0,76,0.0,,195,9.7,,1013.0,,1,3,2024-07-10 04:00:00,KNYC0
2024-07-10 05:00:00-04:00,26.0,79,0.0,,187,6.0,,1013.0,,3,2,2024-07-10 05:00:00,KNYC0
2024-07-10 06:00:00-04:00,27.0,76,0.0,,183,10.8,,1014.0,,4,2,2024-07-10 06:00:00,KNYC0
2024-07-10 07:00:00-04:00,27.0,74,0.0,,180,6.0,,1014.0,,8,3,2024-07-10 07:00:00,KNYC0
2024-07-10 08:00:00-04:00,28.0,72,0.0,,182,13.3,,1013.0,,8,3,2024-07-10 08:00:00,KNYC0
2024-07-10 09:00:00-04:00,29.0,72,0.0,,130,7.0,,1013.0,,8,3,2024-07-10 09:00:00,KNYC0
2024-07-10 10:00:00-04:00,31.0,65,0.0,,171,16.2,,1013.0,,7,3,2024-07-10 10:00:00,KNYC0
2024-07-10 11:00:00-04:00,31.0,63,0.0,,173,6.0,,1013.0,,2,3,2024-07-10 11:00:00,KNYC0
2024-07-10 12:00:00-04:00,32.0,59,0.2,,171,26.6,,1012.0,,5,17,2024-07-10 12:00:00,KNYC0
2024-07-10 13:00:00-04:00,32.0,58,0.0,,168,32.0,,1012.0,,8,3,2024-07-10 13:00:00,KNYC0
2024-07-10 14:00:00-04:00,31.0,61,0.0,,167,35.6,,1011.0,,6,3,2024-07-10 14:00:00,KNYC0
2024-07-10 15:00:00-04:00,31.0,61,0.0,,167,6.0,,1010.0,,1,3,2024-07-10 15:00:00,KNYC0
2024-07-10 16:00:00-04:00,29.9,66,0.0,,167,38.9,,1008.7,,1,2,2024-07-10 16:00:00,KNYC0
2024-07-10 17:00:00-04:00,29.0,67,0.0,,168,11.0,,1010.0,,1,2,2024-07-10 17:00:00,KNYC0
2024-07-10 18:00:00-04:00,28.0,70,0.0,,171,36.0,,1010.0,,1,2,2024-07-10 18:00:00,KNYC0
2024-07-10 19:00:00-04:00,27.0,74,0.0,,150,9.0,,1010.0,,2,2,2024-07-10 19:00:00,KNYC0
2024-07-10 20:00:00-04:00,26.0,74,0.0,,171,7.0,,1010.0,,5,2,2024-07-10 20:00:00,KNYC0
2024-07-10 21:00:00-04:00,26.0,76,0.0,,179,9.0,,1010.0,,1,3,2024-07-10 21:00:00,KNYC0
2024-07-10 22:00:00-04:00,26.0,76,0.0,,150,7.0,,1010.0,,1,1,2024-07-10 22:00:00,KNYC0
2024-07-10 23:00:00-04:00,26.0,76,0.0,,150,6.0,,1010.0,,1,2,2024-07-10 23:00:00,KNYC0
2024-07-11 00:00:00-04:00,26.0,74,0.0,,189,23.4,,1010.0,,1,2,2024-07-11 00:00:00,KNYC0
2024-07-11 01:00:00-04:00,26.0,77,0.0,,193,6.0,,1010.0,,2,2,2024-07-11 01:00:00,KNYC0
2024-07-11 02:00:00-04:00,24.0,91,0.2,,202,17.6,,1010.0,,8,17,2024-07-11 02:00:00,KNYC0
2024-07-11 03:00:00-04:00,25.0,90,0.2,,208,17.6,,1010.0,,2,7,2024-07-11 03:00:00,KNYC0
2024-07-11 04:00:00-04:00,24.0,91,0.0,,214,6.0,,1011.0,,3,2,2024-07-11 04:00:00,KNYC0
2024-07-11 05:00:00-04:00,24.0,90,0.0,,230,6.0,,1011.0,,3,2,2024-07-11 05:00:00,KNYC0
2024-07-11 06:00:00-04:00,24.0,90,0.0,,225,9.0,,1012.0,,1,2,2024-07-11 06:00:00,KNYC0
2024-07-11 07:00:00-04:00,24.0,90,0.0,,240,6.0,,1012.0,,1,1,2024-07-11 07:00:00,KNYC0
2024-07-11 08:00:00-04:00,24.0,69,0.0,,270,17.0,,1014.0,,1,2,2024-07-11 08:00:00,KNYC0
2024-07-11 09:00:00-04:00,26.0,64,0.0,,240,11.0,,1014.0,,0,1,2024-07-11 09:00:00,KNYC0
2024-07-11 10:00:00-04:00,27.0,57,0.0,,246,19.4,,1014.0,,0,1,2024-07-11 10:00:00,KNYC0
2024-07-11 11:00:00-04:00,29.0,48,0.0,,270,13.0,,1015.0,,0,1,2024-07-11 11:00:00,KNYC0
2024-07-11 12:00:00-04:00,31.0,46,0.0,,230,15.0,,1015.0,,0,1,2024-07-11 12:00:00,KNYC0
2024-07-11 13:00:00-04:00,31.0,43,0.0,,228,22.3,,1015.0,,3,1,2024-07-11 13:00:00,KNYC0
2024-07-11 14:00:00-04:00,31.0,48,0.0,,227,25.2,,1015.0,,1,2,2024-07-11 14:00:00,KNYC0
2024-07-11 15:00:00-04:00,32.0,42,0.0,,226,6.0,,1015.0,,0,2,2024-07-11 15:00:00,KNYC0
2024-07-11 16:00:00-04:00,31.0,50,0.0,,203,7.0,,1015.0,,6,1,2024-07-11 16:00:00,KNYC0
2024-07-11 17:00:00-04:00,30.0,50,0.0,,180,29.2,,1016.0,,2,3,2024-07-11 17:00:00,KNYC0
2024-07-11 18:00:00-04:00,30.0,46,0.0,,166,9.0,,1016.0,,4,2,2024-07-11 18:00:00,KNYC0
2024-07-11 19:00:00-04:00,28.0,51,0.0,,270,13.0,,1018.0,,4,3,2024-07-11 19:00:00,KNYC0
2024-07-11 20:00:00-04:00,27.0,53,0.0,,280,9.0,,1018.0,,2,3,2024-07-11 20:00:00,KNYC0
2024-07-11 21:00:00-04:00,27.0,52,0.0,,270,7.0,,1019.0,,1,2,2024-07-11 21:00:00,KNYC0
2024-07-11 22:00:00-04:00,26.0,54,0.0,,298,10.8,,1019.0,,0,2,2024-07-11 22:00:00,KNYC0
2024-07-11 23:00:00-04:00,26.0,58,0.0,,259,7.6,,1020.0,,1,1,2024-07-11 23:00:00,KNYC0
2024-07-12 00:00:00-04:00,26.0,58,0.0,,197,6.0,,1020.0,,1,1,2024-07-12 00:00:00,KNYC0
2024-07-12 01:00:00-04:00,26.0,58,0.0,,211,6.5,,1020.0,,0,1,2024-07-12 01:00:00,KNYC0
2024-07-12 02:00:00-04:00,25.0,62,0.0,,225,7.6,,1020.0,,3,1,2024-07-12 02:00:00,KNYC0
2024-07-12 03:00:00-04:00,25.0,62,0.0,,234,7.2,,1020.0,,1,3,2024-07-12 03:00:00,KNYC0
2024-07-12 04:00:00-04:00,26.0,60,0.0,,246,6.5,,1020.0,,3,1,2024-07-12 04:00:00,KNYC0
2024-07-12 05:00:00-04:00,26.0,60,0.0,,230,7.0,,1021.0,,2,3,2024-07-12 05:00:00,KNYC0
2024-07-12 06:00:00-04:00,26.0,62,0.0,,173,3.6,,1022.0,,2,2,2024-07-12 06:00:00,KNYC0
2024-07-12 07:00:00-04:00,24.0,71,0.0,,83,5.8,,1022.0,,3,2,2024-07-12 07:00:00,KNYC0
2024-07-12 08:00:00-04:00,22.0,91,1.2,,195,9.7,,1022.0,,8,18,2024-07-12 08:00:00,KNYC0
2024-07-12 09:00:00-04:00,24.0,88,1.9,,257,7.0,,1023.0,,5,9,2024-07-12 09:00:00,KNYC0
2024-07-12 10:00:00-04:00,26.0,76,0.1,,310,4.7,,1023.0,,8,17,2024-07-12 10:00:00,KNYC0
2024-07-12 11:00:00-04:00,27.0,69,0.0,,135,10.4,,1022.0,,8,3,2024-07-12 11:00:00,KNYC0
2024-07-12 12:00:00-04:00,26.0,72,0.0,,164,6.0,,1023.0,,8,3,2024-07-12 12:00:00,KNYC0
2024-07-12 13:00:00-04:00,27.0,74,0.0,,165,21.2,,1022.0,,8,3,2024-07-12 13:00:00,KNYC0
2024-07-12 14:00:00-04:00,27.0,72,0.8,,173,20.5,,1022.0,,7,8,2024-07-12 14:00:00,KNYC0
2024-07-12 15:00:00-04:00,29.0,67,0.3,,187,6.0,,1022.0,,8,8,2024-07-12 15:00:00,KNYC0
2024-07-12 16:00:00-04:00,28.0,70,0.2,,217,17.3,,1022.0,,8,7,2024-07-12 16:00:00,KNYC0
2024-07-12 17:00:00-04:00,27.0,72,0.0,,203,22.7,,1022.0,,8,3,2024-07-12 17:00:00,KNYC0
2024-07-12 18:00:00-04:00,26.0,79,1.8,,196,7.0,,1022.0,,8,9,2024-07-12 18:00:00,KNYC0
2024-07-12 19:00:00-04:00,27.0,76,0.0,,196,6.0,,1022.0,,5,3,2024-07-12 19:00:00,KNYC0
2024-07-12 20:00:00-04:00,26.0,82,0.4,,223,8.6,,1023.0,,7,17,2024-07-12 20:00:00,KNYC0
2024-07-12 21:00:00-04:00,27.0,76,0.0,,197,5.8,,1023.0,,8,3,2024-07-12 21:00:00,KNYC0
2024-07-12 22:00:00-04:00,26.0,79,0.1,,184,5.8,,1023.0,,8,7,2024-07-12 22:00:00,KNYC0
2024-07-12 23:00:00-04:00,26.0,74,3.2,,194,7.0,,1023.0,,7,9,2024-07-12 23:00:00,KNYC0
2024-07-13 00:00:00-04:00,25.0,79,0.2,,218,6.0,,1023.0,,8,17,2024-07-13 00:00:00,KNYC0
2024-07-13 01:00:00-04:00,25.0,79,0.3,,210,10.8,,1023.0,,8,8,2024-07-13 01:00:00,KNYC0
2024-07-13 02:00:00-04:00,25.0,79,0.6,,201,9.0,,1022.0,,8,8,2024-07-13 02:00:00,KNYC0
2024-07-13 03:00:00-04:00,24.0,79,0.9,,215,16.2,,1022.0,,8,8,2024-07-13 03:00:00,KNYC0
2024-07-13 04:00:00-04:00,24.0,79,0.8,,248,6.0,,1022.0,,8,8,2024-07-13 04:00:00,KNYC0
2024-07-13 05:00:00-04:00,24.0,83,1.0,,270,11.0,,1023.0,,8,9,2024-07-13 05:00:00,KNYC0
2024-07-13 06:00:00-04:00,23.0,94,2.9,,255,8.3,,1023.0,,8,9,2024-07-13 06:00:00,KNYC0
2024-07-13 07:00:00-04:00,23.0,94,3.4,,248,7.6,,1023.0,,8,9,2024-07-13 07:00:00,KNYC0
2024-07-13 08:00:00-04:00,22.0,97,1.2,,215,6.1,,1023.0,,8,9,2024-07-13 08:00:00,KNYC0
2024-07-13 09:00:00-04:00,24.0,94,0.4,,187,15.1,,1022.0,,7,8,2024-07-13 09:00:00,KNYC0
2024-07-13 10:00:00-04:00,24.0,91,0.1,,209,14.4,,1022.0,,8,17,2024-07-13 10:00:00,KNYC0
2024-07-13 11:00:00-04:00,23.0,94,0.2,,216,12.2,,1022.0,,8,7,2024-07-13 11:00:00,KNYC0
2024-07-13 12:00:00-04:00,26.0,85,0.1,,221,9.7,,1021.0,,6,7,2024-07-13 12:00:00,KNYC0
2024-07-13 13:00:00-04:00,28.0,72,0.1,,205,7.6,,1021.0,,3,17,2024-07-13 13:00:00,KNYC0
2024-07-13 14:00:00-04:00,29.0,65,0.0,,195,11.2,,1020.0,,2,2,2024-07-13 14:00:00,KNYC0
2024-07-13 15:00:00-04:00,31.0,53,0.2,,199,12.2,,1020.0,,2,17,2024-07-13 15:00:00,KNYC0
2024-07-13 16:00:00-04:00,29.0,59,0.2,,185,16.6,,1019.0,,2,17,2024-07-13 16:00:00,KNYC0
2024-07-13 17:00:00-04:00,28.0,68,0.1,,166,6.0,,1019.0,,2,17,2024-07-13 17:00:00,KNYC0
2024-07-13 18:00:00-04:00,28.0,70,0.0,,160,6.0,,1019.0,,1,2,2024-07-13 18:00:00,KNYC0
2024-07-13 19:00:00-04:00,27.0,69,0.0,,163,6.0,,1019.0,,1,2,2024-07-13 19:00:00,KNYC0
2024-07-13 20:00:00-04:00,27.0,69,0.0,,177,11.9,,1019.0,,1,1,2024-07-13 20:00:00,KNYC0
2024-07-13 21:00:00-04:00,26.0,72,0.0,,184,10.4,,1019.0,,2,2,2024-07-13 21:00:00,KNYC0
2024-07-13 22:00:00-04:00,26.0,76,0.0,,196,9.4,,1019.0,,2,2,2024-07-13 22:00:00,KNYC0
2024-07-13 23:00:00-04:00,27.0,79,0.0,,212,8.3,,1019.0,,1,2,2024-07-13 23:00:00,KNYC0
2024-07-14 00:00:00-04:00,27.0,82,0.0,,179,6.0,,1019.0,,1,1,2024-07-14 00:00:00,KNYC0
2024-07-14 01:00:00-04:00,27.0,82,0.0,,201,5.8,,1019.0,,1,2,2024-07-14 01:00:00,KNYC0
2024-07-14 02:00:00-04:00,26.0,82,0.0,,41,5.0,,1018.0,,1,1,2024-07-14 02:00:00,KNYC0
2024-07-14 03:00:00-04:00,26.0,82,0.0,,42,7.0,,1018.0,,3,2,2024-07-14 03:00:00,KNYC0
2024-07-14 04:00:00-04:00,25.0,82,0.0,,37,5.0,,1018.0,,8,5,2024-07-14 04:00:00,KNYC0
2024-07-14 05:00:00-04:00,24.0,82,0.0,,10,6.0,,1018.0,,8,5,2024-07-14 05:00:00,KNYC0
2024-07-14 06:00:00-04:00,25.0,82,0.0,,343,6.0,,1018.0,,2,5,2024-07-14 06:00:00,KNYC0
2024-07-14 07:00:00-04:00,26.0,65,0.0,,60,11.0,,1019.0,,1,2,2024-07-14 07:00:00,KNYC0
2024-07-14 08:00:00-04:00,27.0,61,0.0,,4,7.2,,1019.0,,0,2,2024-07-14 08:00:00,KNYC0
2024-07-14 09:00:00-04:00,27.0,62,0.0,,50,6.0,,1019.0,,0,1,2024-07-14 09:00:00,KNYC0
2024-07-14 10:00:00-04:00,29.0,51,0.0,,50,7.0,,1019.0,,0,1,2024-07-14 10:00:00,KNYC0
2024-07-14 11:00:00-04:00,32.0,45,0.0,,63,6.0,,1018.0,,0,1,2024-07-14 11:00:00,KNYC0
2024-07-14 12:00:00-04:00,32.0,44,0.0,,108,4.7,,1017.0,,0,1,2024-07-14 12:00:00,KNYC0
2024-07-14 13:00:00-04:00,29.0,55,0.0,,196,11.9,,1017.0,,1,1,2024-07-14 13:00:00,KNYC0
2024-07-14 14:00:00-04:00,31.0,53,0.0,,192,6.0,,1017.0,,2,1,2024-07-14 14:00:00,KNYC0
2024-07-14 15:00:00-04:00,29.0,51,0.0,,182,13.3,,1016.0,,7,2,2024-07-14 15:00:00,KNYC0
2024-07-14 16:00:00-04:00,28.0,60,0.3,,184,9.0,,1016.0,,2,17,2024-07-14 16:00:00,KNYC0
2024-07-14 17:00:00-04:00,28.0,57,0.1,,208,13.3,,1016.0,,4,17,2024-07-14 17:00:00,KNYC0
2024-07-14 18:00:00-04:00,28.0,55,0.0,,226,11.5,,1015.0,,1,3,2024-07-14 18:00:00,KNYC0
2024-07-14 19:00:00-04:00,27.0,61,0.0,,224,11.2,,1015.0,,1,1,2024-07-14 19:00:00,KNYC0
2024-07-14 20:00:00-04:00,27.0,67,0.0,,194,10.4,,1015.0,,2,2,2024-07-14 20:00:00,KNYC0
2024-07-14 21:00:00-04:00,26.0,74,0.0,,197,7.9,,1015.0,,3,2,2024-07-14 21:00:00,KNYC0
2024-07-14 22:00:00-04:00,26.0,69,0.0,,201,10.1,,1015.0,,7,2,2024-07-14 22:00:00,KNYC0
2024-07-14 23:00:00-04:00,26.0,69,0.0,,204,7.0,,1015.0,,7,3,2024-07-14 23:00:00,KNYC0
2024-07-15 00:00:00-04:00,26.0,76,0.0,,203,6.0,,1015.0,,7,3,2024-07-15 00:00:00,KNYC0
2024-07-15 01:00:00-04:00,26.0,76,0.0,,250,7.0,,1014.0,,0,3,2024-07-15 01:00:00,KNYC0
2024-07-15 02:00:00-04:00,26.0,74,0.0,,214,7.0,,1014.0,,4,1,2024-07-15 02:00:00,KNYC0
2024-07-15 03:00:00-04:00,26.0,76,0.0,,228,9.0,,1013.0,,5,3,2024-07-15 03:00:00,KNYC0
2024-07-15 04:00:00-04:00,25.0,82,0.0,,220,6.0,,1013.0,,1,3,2024-07-15 04:00:00,KNYC0
2024-07-15 05:00:00-04:00,24.0,88,0.0,,220,13.0,,1014.0,,7,1,2024-07-15 05:00:00,KNYC0
2024-07-15 06:00:00-04:00,23.0,94,0.0,,241,6.0,,1014.0,,3,5,2024-07-15 06:00:00,KNYC0
2024-07-15 07:00:00-04:00,24.0,88,0.0,,135,4.3,,1014.0,,0,2,2024-07-15 07:00:00,KNYC0
2024-07-15 08:00:00-04:00,26.0,79,0.0,,174,5.8,,1014.0,,0,1,2024-07-15 08:00:00,KNYC0
2024-07-15 09:00:00-04:00,27.0,77,0.0,,207,9.0,,1014.0,,3,1,2024-07-15 09:00:00,KNYC0
2024-07-15 10:00:00-04:00,28.0,77,0.0,,223,9.0,,1014.0,,3,5,2024-07-15 10:00:00,KNYC0
2024-07-15 11:00:00-04:00,28.0,77,0.0,,217,8.3,,1014.0,,2,3,2024-07-15 11:00:00,KNYC0
2024-07-15 12:00:00-04:00,31.0,68,0.0,,189,16.9,,1013.0,,1,2,2024-07-15 12:00:00,KNYC0
2024-07-15 13:00:00-04:00,31.0,63,0.0,,183,18.0,,1012.0,,2,2,2024-07-15 13:00:00,KNYC0
2024-07-15 14:00:00-04:00,32.0,63,0.0,,190,7.0,,1011.0,,2,2,2024-07-15 14:00:00,KNYC0
2024-07-15 15:00:00-04:00,32.0,62,0.0,,196,18.7,,1010.0,,5,2,2024-07-15 15:00:00,KNYC0
2024-07-15 16:00:00-04:00,31.0,66,0.0,,199,9.0,,1010.0,,2,3,2024-07-15 16:00:00,KNYC0
2024-07-15 17:00:00-04:00,31.0,63,0.0,,212,19.4,,1009.0,,1,2,2024-07-15 17:00:00,KNYC0
2024-07-15 18:00:00-04:00,32.0,47,0.0,,216,19.4,,1009.0,,1,1,2024-07-15 18:00:00,KNYC0
2024-07-15 19:00:00-04:00,32.0,41,0.0,,210,6.0,,1009.0,,0,1,2024-07-15 19:00:00,KNYC0
2024-07-15 20:00:00-04:00,32.0,42,0.0,,220,6.0,,1010.0,,0,1,2024-07-15 20:00:00,KNYC0
2024-07-15 21:00:00-04:00,31.0,50,0.0,,224,6.0,,1010.0,,0,1,2024-07-15 21:00:00,KNYC0
2024-07-15 22:00:00-04:00,30.0,55,0.0,,211,7.0,,1010.0,,0,1,2024-07-15 22:00:00,KNYC0
2024-07-15 23:00:00-04:00,30.0,57,0.0,,217,16.6,,1010.0,,0,1,2024-07-15 23:00:00,KNYC0
2024-07-16 00:00:00-04:00,29.0,59,0.0,,231,7.0,,1009.0,,1,1,2024-07-16 00:00:00,KNYC0
2024-07-16 01:00:00-04:00,29.0,59,0.0,,250,9.0,,1009.0,,0,1,2024-07-16 01:00:00,KNYC0
2024-07-16 02:00:00-04:00,29.0,61,0.0,,249,16.9,,1010.0,,0,1,2024-07-16 02:00:00,KNYC0
2024-07-16 03:00:00-04:00,28.0,67,0.0,,254,14.4,,1010.0,,0,1,2024-07-16 03:00:00,KNYC0
2024-07-16 04:00:00-04:00,26.0,72,0.0,,263,11.9,,1010.0,,0,1,2024-07-16 04:00:00,KNYC0
2024-07-16 05:00:00-04:00,26.0,69,0.0,,260,10.1,,1011.0,,0,1,2024-07-16 05:00:00,KNYC0
2024-07-16 06:00:00-04:00,27.0,69,0.0,,242,6.0,,1012.0,,7,1,2024-07-16 06:00:00,KNYC0
2024-07-16 07:00:00-04:00,27.0,67,0.0,,252,10.1,,1012.0,,6,3,2024-07-16 07:00:00,KNYC0
2024-07-16 08:00:00-04:00,29.0,49,0.0,,281,7.0,,1011.0,,0,3,2024-07-16 08:00:00,KNYC0
2024-07-16 09:00:00-04:00,30.0,48,0.0,,264,2.9,,1011.0,,0,1,2024-07-16 09:00:00,KNYC0
2024-07-16 10:00:00-04:00,31.0,51,0.0,,239,6.1,,1011.0,,0,1,2024-07-16 10:00:00,KNYC0
2024-07-16 11:00:00-04:00,33.0,49,0.0,,216,9.7,,1011.0,,2,1,2024-07-16 11:00:00,KNYC0
2024-07-16 12:00:00-04:00,33.0,47,0.0,,207,11.0,,1011.0,,0,2,2024-07-16 12:00:00,KNYC0
2024-07-16 13:00:00-04:00,33.0,49,0.0,,180,6.0,,1010.0,,0,1,2024-07-16 13:00:00,KNYC0
2024-07-16 14:00:00-04:00,33.0,46,0.0,,174,24.8,,1009.0,,2,1,2024-07-16 14:00:00,KNYC0
2024-07-16 15:00:00-04:00,33.0,49,0.0,,178,28.1,,1008.0,,6,2,2024-07-16 15:00:00,KNYC0
2024-07-16 16:00:00-04:00,32.0,54,1.0,,242,9.0,,1007.0,,5,18,2024-07-16 16:00:00,KNYC0
2024-07-16 17:00:00-04:00,33.0,49,0.0,,231,7.0,,1007.0,,3,3,2024-07-16 17:00:00,KNYC0
2024-07-16 18:00:00-04:00,33.0,47,0.0,,194,20.2,,1007.0,,2,2,2024-07-16 18:00:00,KNYC0
2024-07-16 19:00:00-04:00,31.0,48,0.0,,219,24.1,,1009.0,,3,2,2024-07-16 19:00:00,KNYC0
2024-07-16 20:00:00-04:00,31.0,50,0.0,,233,22.0,,1009.0,,2,2,2024-07-16 20:00:00,KNYC0
2024-07-16 21:00:00-04:00,30.0,50,0.0,,260,15.0,,1010.0,,1,2,2024-07-16 21:00:00,KNYC0
2024-07-16 22:00:00-04:00,29.0,55,0.0,,242,9.0,,1011.0,,2,2,2024-07-16 22:00:00,KNYC0
2024-07-16 23:00:00-04:00,27.0,62,0.0,,271,11.0,,1011.0,,8,2,2024-07-16 23:00:00,KNYC0
2024-07-17 00:00:00-04:00,26.0,67,0.0,,285,11.0,,1011.0,,8,3,2024-07-17 00:00:00,KNYC0
2024-07-17 01:00:00-04:00,26.0,67,0.0,,250,11.0,,1011.0,,8,3,2024-07-17 01:00:00,KNYC0
2024-07-17 02:00:00-04:00,26.0,67,0.0,,250,13.0,,1011.0,,8,3,2024-07-17 02:00:00,KNYC0
2024-07-17 03:00:00-04:00,26.0,71,0.0,,260,7.0,,1011.0,,8,3,2024-07-17 03:00:00,KNYC0
2024-07-17 04:00:00-04:00,27.0,64,0.0,,197,7.0,,1011.0,,0,3,2024-07-17 04:00:00,KNYC0
2024-07-17 05:00:00-04:00,26.0,65,0.0,,300,9.0,,1011.0,,5,1,2024-07-17 05:00:00,KNYC0
2024-07-17 06:00:00-04:00,26.0,67,0.0,,88,5.0,,1011.0,,8,3,2024-07-17 06:00:00,KNYC0
2024-07-17 07:00:00-04:00,27.0,64,0.0,,67,4.3,,1012.0,,8,3,2024-07-17 07:00:00,KNYC0
2024-07-17 08:00:00-04:00,27.0,67,0.0,,73,6.0,,1013.0,,6,3,2024-07-17 08:00:00,KNYC0
2024-07-17 09:00:00-04:00,27.0,71,0.0,,184,6.0,,1012.0,,7,3,2024-07-17 09:00:00,KNYC0
2024-07-17 10:00:00-04:00,28.0,67,0.0,,188,14.0,,1012.0,,8,3,2024-07-17 10:00:00,KNYC0
2024-07-17 11:00:00-04:00,30.0,59,0.0,,188,15.8,,1012.0,,8,3,2024-07-17 11:00:00,KNYC0
2024-07-17 12:00:00-04:00,32.0,52,0.0,,171,13.3,,1011.0,,7,3,2024-07-17 12:00:00,KNYC0
2024-07-17 13:00:00-04:00,32.0,54,0.0,,171,14.4,,1010.0,,3,3,2024-07-17 13:00:00,KNYC0
2024-07-17 14:00:00-04:00,32.0,57,0.0,,180,15.1,,1010.0,,3,2,2024-07-17 14:00:00,KNYC0
2024-07-17 15:00:00-04:00,31.0,61,0.0,,176,19.4,,1010.0,,2,2,2024-07-17 15:00:00,KNYC0
2024-07-17 16:00:00-04:00,29.0,68,7.3,,183,6.0,,1009.0,,7,18,2024-07-17 16:00:00,KNYC0
2024-07-17 17:00:00-04:00,30.0,65,14.9,,271,6.0,,1009.0,,6,9,2024-07-17 17:00:00,KNYC0
2024-07-17 18:00:00-04:00,31.0,63,0.1,,60,7.0,,1009.0,,6,17,2024-07-17 18:00:00,KNYC0
2024-07-17 19:00:00-04:00,29.0,67,0.0,,60,13.0,,1010.0,,8,3,2024-07-17 19:00:00,KNYC0
2024-07-17 20:00:00-04:00,28.0,72,0.0,,244,9.0,,1010.0,,8,3,2024-07-17 20:00:00,KNYC0
2024-07-17 21:00:00-04:00,26.0,79,0.1,,224,10.4,,1013.0,,8,7,2024-07-17 21:00:00,KNYC0
2024-07-17 22:00:00-04:00,23.0,94,1.4,,229,11.5,,1012.0,,8,9,2024-07-17 22:00:00,KNYC0
2024-07-17 23:00:00-04:00,23.0,94,2.1,,240,9.4,,1012.0,,8,9,2024-07-17 23:00:00,KNYC0
2024-07-18 00:00:00-04:00,23.0,94,2.0,,254,4.7,,1010.0,,5,5,2024-07-18 00:00:00,KNYC0
2024-07-18 01:00:00-04:00,23.0,94,0.0,,174,4.0,,1010.0,,4,5,2024-07-18 01:00:00,KNYC0
2024-07-18 02:00:00-04:00,23.0,94,0.0,,251,4.7,,1010.0,,3,5,2024-07-18 02:00:00,KNYC0
2024-07-18 03:00:00-04:00,23.0,94,0.0,,280,7.0,,1011.0,,1,5,2024-07-18 03:00:00,KNYC0
2024-07-18 04:00:00-04:00,23.0,90,0.0,,300,7.0,,1011.0,,2,5,2024-07-18 04:00:00,KNYC0
2024-07-18 05:00:00-04:00,22.0,91,0.0,,290,6.0,,1012.0,,1,2,2024-07-18 05:00:00,KNYC0
2024-07-18 06:00:00-04:00,23.0,87,0.0,,282,6.0,,1012.0,,0,1,2024-07-18 06:00:00,KNYC0
2024-07-18 07:00:00-04:00,23.0,90,0.0,,327,11.2,,1013.0,,6,1,2024-07-18 07:00:00,KNYC0
2024-07-18 08:00:00-04:00,23.0,85,0.0,,339,13.7,,1013.0,,8,3,2024-07-18 08:00:00,KNYC0
2024-07-18 09:00:00-04:00,24.0,79,0.0,,343,12.6,,1014.0,,8,3,2024-07-18 09:00:00,KNYC0
2024-07-18 10:00:00-04:00,25.0,77,0.0,,346,6.0,,1014.0,,7,3,2024-07-18 10:00:00,KNYC0
2024-07-18 11:00:00-04:00,27.0,67,0.0,,349,12.6,,1014.0,,5,3,2024-07-18 11:00:00,KNYC0
2024-07-18 12:00:00-04:00,27.0,61,0.0,,348,10.8,,1014.0,,4,3,2024-07-18 12:00:00,KNYC0
2024-07-18 13:00:00-04:00,28.0,49,0.0,,340,6.0,,1014.0,,7,3,2024-07-18 13:00:00,KNYC0
2024-07-18 14:00:00-04:00,29.0,46,0.0,,300,11.0,,1014.0,,8,3,2024-07-18 14:00:00,KNYC0
2024-07-18 15:00:00-04:00,29.0,41,0.0,,274,8.6,,1014.0,,6,3,2024-07-18 15:00:00,KNYC0
2024-07-18 16:00:00-04:00,28.0,44,0.0,,290,6.0,,1014.0,,4,3,2024-07-18 16:00:00,KNYC0
2024-07-18 17:00:00-04:00,28.0,43,0.0,,320,9.0,,1014.0,,7,3,2024-07-18 17:00:00,KNYC0
2024-07-18 18:00:00-04:00,28.0,44,0.0,,301,10.4,,1014.0,,8,3,2024-07-18 18:00:00,KNYC0
2024-07-18 19:00:00-04:00,28.0,40,0.0,,312,9.0,,1015.0,,7,3,2024-07-18 19:00:00,KNYC0
2024-07-18 20:00:00-04:00,27.0,41,0.0,,336,11.2,,1016.0,,7,3,2024-07-18 20:00:00,KNYC0
2024-07-18 21:00:00-04:00,27.0,38,0.0,,353,14.0,,1016.0,,6,3,2024-07-18 21:00:00,KNYC0
2024-07-18 22:00:00-04:00,26.0,39,0.0,,341,7.0,,1017.0,,0,3,2024-07-18 22:00:00,KNYC0
2024-07-18 23:00:00-04:00,24.0,45,0.0,,346,12.6,,1017.0,,0,1,2024-07-18 23:00:00,KNYC0
2024-07-19 00:00:00-04:00,23.0,50,0.0,,360,9.0,,1018.0,,0,1,2024-07-19 00:00:00,KNYC0
2024-07-19 01:00:00-04:00,23.0,51,0.0,,11,10.4,,1018.0,,0,1,2024-07-19 01:00:00,KNYC0
2024-07-19 02:00:00-04:00,22.0,53,0.0,,2,13.7,,1018.0,,0,1,2024-07-19 02:00:00,KNYC0
2024-07-19 03:00:00-04:00,21.0,55,0.0,,3,12.6,,1018.0,,0,1,2024-07-19 03:00:00,KNYC0
2024-07-19 04:00:00-04:00,21.0,59,0.0,,2,11.0,,1019.0,,0,1,2024-07-19 04:00:00,KNYC0
2024-07-19 05:00:00-04:00,19.0,63,0.0,,3,7.0,,1019.0,,0,1,2024-07-19 05:00:00,KNYC0
2024-07-19 06:00:00-04:00,19.0,63,0.0,,2,6.0,,1020.0,,0,1,2024-07-19 06:00:00,KNYC0
2024-07-19 07:00:00-04:00,21.0,63,0.0,,347,7.0,,1021.0,,0,1,2024-07-19 07:00:00,KNYC0
2024-07-19 08:00:00-04:00,22.0,59,0.0,,351,7.0,,1021.0,,0,1,2024-07-19 08:00:00,KNYC0
2024-07-19 09:00:00-04:00,23.0,52,0.0,,50,15.0,,1021.0,,0,1,2024-07-19 09:00:00,KNYC0
2024-07-19 10:00:00-04:00,24.0,48,0.0,,355,7.0,,1021.0,,0,1,2024-07-19 10:00:00,KNYC0
2024-07-19 11:00:00-04:00,27.0,38,0.0,,343,7.9,,1021.0,,0,1,2024-07-19 11:00:00,KNYC0
2024-07-19 12:00:00-04:00,27.0,37,0.0,,331,9.4,,1021.0,,0,1,2024-07-19 12:00:00,KNYC0
2024-07-19 13:00:00-04:00,28.0,37,0.0,,313,6.0,,1020.0,,0,1,2024-07-19 13:00:00,KNYC0
2024-07-19 14:00:00-04:00,28.0,33,0.0,,308,7.0,,1020.0,,1,1,2024-07-19 14:00:00,KNYC0
2024-07-19 15:00:00-04:00,28.0,33,0.0,,300,7.0,,1020.0,,3,1,2024-07-19 15:00:00,KNYC0
2024-07-19 16:00:00-04:00,27.0,39,0.0,,285,11.5,,1020.0,,5,2,2024-07-19 16:00:00,KNYC0
2024-07-19 17:00:00-04:00,28.0,34,0.0,,274,11.9,,1019.0,,3,3,2024-07-19 17:00:00,KNYC0
2024-07-19 18:00:00-04:00,28.0,33,0.0,,259,6.0,,1020.0,,0,2,2024-07-19 18:00:00,KNYC0
2024-07-19 19:00:00-04:00,26.0,39,0.0,,261,11.2,,1020.0,,0,1,2024-07-19 19:00:00,KNYC0
2024-07-19 20:00:00-04:00,24.0,54,0.0,,140,7.0,,1021.0,,0,1,2024-07-19 20:00:00,KNYC0
2024-07-19 21:00:00-04:00,23.0,57,0.0,,183,6.0,,1021.0,,0,1,2024-07-19 21:00:00,KNYC0
2024-07-19 22:00:00-04:00,23.0,56,0.0,,191,15.1,,1021.0,,2,1,2024-07-19 22:00:00,KNYC0
2024-07-19 23:00:00-04:00,23.0,57,0.0,,218,6.0,,1021.0,,7,2,2024-07-19 23:00:00,KNYC0
2024-07-20 00:00:00-04:00,23.0,59,0.0,,235,10.1,,1021.0,,3,3,2024-07-20 00:00:00,KNYC0
2024-07-20 01:00:00-04:00,22.0,61,0.0,,217,8.3,,1021.0,,8,2,2024-07-20 01:00:00,KNYC0
2024-07-20 02:00:00-04:00,22.0,64,0.0,,244,10.1,,1021.0,,8,3,2024-07-20 02:00:00,KNYC0
2024-07-20 03:00:00-04:00,22.0,66,0.0,,244,9.4,,1021.0,,8,3,2024-07-20 03:00:00,KNYC0
2024-07-20 04:00:00-04:00,22.0,66,0.0,,280,6.0,,1021.0,,8,3,2024-07-20 04:00:00,KNYC0
2024-07-20 05:00:00-04:00,22.0,66,0.0,,284,7.2,,1021.0,,5,3,2024-07-20 05:00:00,KNYC0
2024-07-20 06:00:00-04:00,22.0,71,0.0,,270,5.4,,1021.0,,8,3,2024-07-20 06:00:00,KNYC0
2024-07-20 07:00:00-04:00,23.0,66,0.0,,219,4.7,,1021.0,,8,3,2024-07-20 07:00:00,KNYC0
2024-07-20 08:00:00-04:00,25.0,58,0.0,,232,6.0,,1021.0,,8,3,2024-07-20 08:00:00,KNYC0
2024-07-20 09:00:00-04:00,26.0,58,0.0,,213,4.3,,1021.0,,8,3,2024-07-20 09:00:00,KNYC0
2024-07-20 10:00:00-04:00,27.0,60,0.0,,240,7.0,,1020.0,,8,3,2024-07-20 10:00:00,KNYC0
2024-07-20 11:00:00-04:00,27.0,65,0.0,,244,10.1,,1020.0,,8,3,2024-07-20 11:00:00,KNYC0
2024-07-20 12:00:00-04:00,26.0,62,0.0,,240,7.0,,1020.0,,8,3,2024-07-20 12:00:00,KNYC0
2024-07-20 13:00:00-04:00,27.0,57,0.0,,208,18.4,,1020.0,,8,3,2024-07-20 13:00:00,KNYC0
2024-07-20 14:00:00-04:00,28.0,56,0.0,,184,6.0,,1019.0,,8,3,2024-07-20 14:00:00,KNYC0
2024-07-20 15:00:00-04:00,28.0,51,0.0,,196,25.6,,1019.0,,8,3,2024-07-20 15:00:00,KNYC0
2024-07-20 16:00:00-04:00,27.0,57,0.0,,198,6.0,,1019.0,,8,3,2024-07-20 16:00:00,KNYC0
2024-07-20 17:00:00-04:00,26.0,65,0.0,,190,26.3,,1018.0,,8,3,2024-07-20 17:00:00,KNYC0
2024-07-20 18:00:00-04:00,26.0,62,0.0,,206,6.0,,1018.0,,8,3,2024-07-20 18:00:00,KNYC0
2024-07-20 19:00:00-04:00,26.0,54,0.0,,185,9.0,,1018.0,,8,3,2024-07-20 19:00:00,KNYC0
2024-07-20 20:00:00-04:00,26.0,56,0.0,,177,9.0,,1018.0,,8,3,2024-07-20 20:00:00,KNYC0
2024-07-20 21:00:00-04:00,26.0,56,0.0,,198,17.6,,1019.0,,8,3,2024-07-20 21:00:00,KNYC0
2024-07-20 22:00:00-04:00,25.0,60,0.0,,212,6.0,,1019.0,,8,3,2024-07-20 22:00:00,KNYC0
2024-07-20 23:00:00-04:00,25.0,60,0.0,,219,6.0,,1018.0,,8,3,2024-07-20 23:00:00,KNYC0
2024-07-21 00:00:00-04:00,24.0,64,0.0,,213,12.2,,1018.0,,8,3,2024-07-21 00:00:00,KNYC0
2024-07-21 01:00:00-04:00,24.0,66,0.0,,214,7.0,,1018.0,,8,3,2024-07-21 01:00:00,KNYC0
2024-07-21 02:00:00-04:00,24.0,64,0.0,,218,9.0,,1018.0,,8,3,2024-07-21 02:00:00,KNYC0
2024-07-21 03:00:00-04:00,24.0,69,0.0,,240,11.0,,1017.0,,3,3,2024-07-21 03:00:00,KNYC0
2024-07-21 04:00:00-04:00,24.0,69,0.0,,317,6.0,,1017.0,,0,2,2024-07-21 04:00:00,KNYC0
2024-07-21 05:00:00-04:00,23.0,81,0.0,,320,7.2,,1017.0,,0,1,2024-07-21 05:00:00,KNYC0
2024-07-21 06:00:00-04:00,23.0,81,0.0,,290,7.0,,1017.0,,0,1,2024-07-21 06:00:00,KNYC0
2024-07-21 07:00:00-04:00,24.0,74,0.0,,231,5.0,,1018.0,,0,1,2024-07-21 07:00:00,KNYC0
2024-07-21 08:00:00-04:00,25.0,69,0.0,,231,7.0,,1018.0,,1,1,2024-07-21 08:00:00,KNYC0
2024-07-21 09:00:00-04:00,26.0,62,0.0,,311,4.7,,1018.0,,0,1,2024-07-21 09:00:00,KNYC0
2024-07-21 10:00:00-04:00,27.0,61,0.0,,339,7.0,,1018.0,,0,1,2024-07-21 10:00:00,KNYC0
2024-07-21 11:00:00-04:00,28.0,56,0.0,,346,4.3,,1018.0,,1,1,2024-07-21 11:00:00,KNYC0
2024-07-21 12:00:00-04:00,29.0,53,0.0,,335,6.0,,1017.0,,2,2,2024-07-21 12:00:00,KNYC0
2024-07-21 13:00:00-04:00,28.0,55,0.2,,70,7.0,,1017.0,,7,17,2024-07-21 13:00:00,KNYC0
2024-07-21 14:00:00-04:00,31.0,40,0.1,,282,9.7,,1017.0,,2,17,2024-07-21 14:00:00,KNYC0
2024-07-21 15:00:00-04:00,28.0,60,0.0,,248,10.4,,1017.0,,3,2,2024-07-21 15:00:00,KNYC0
2024-07-21 16:00:00-04:00,28.0,56,0.0,,225,10.8,,1017.0,,6,2,2024-07-21 16:00:00,KNYC0
2024-07-21 17:00:00-04:00,28.0,53,0.0,,191,15.5,,1017.0,,8,3,2024-07-21 17:00:00,KNYC0
2024-07-21 18:00:00-04:00,27.0,57,0.0,,167,6.0,,1017.0,,8,3,2024-07-21 18:00:00,KNYC0
2024-07-21 19:00:00-04:00,27.0,58,0.0,,140,6.0,,1018.0,,4,3,2024-07-21 19:00:00,KNYC0
2024-07-21 20:00:00-04:00,26.0,62,0.0,,193,13.3,,1018.0,,7,3,2024-07-21 20:00:00,KNYC0
2024-07-21 21:00:00-04:00,26.0,65,0.0,,198,15.1,,1019.0,,5,3,2024-07-21 21:00:00,KNYC0
2024-07-21 22:00:00-04:00,26.0,64,0.0,,205,6.0,,1019.0,,8,3,2024-07-21 22:00:00,KNYC0
2024-07-21 23:00:00-04:00,26.0,62,0.0,,224,12.6,,1019.0,,8,3,2024-07-21 23:00:00,KNYC0
2024-07-22 00:00:00-04:00,25.0,69,0.0,,212,6.0,,1019.0,,8,3,2024-07-22 00:00:00,KNYC0
2024-07-22 01:00:00-04:00,24.0,71,0.0,,220,6.0,,1019.0,,8,3,2024-07-22 01:00:00,KNYC0
2024-07-22 02:00:00-04:00,24.0,74,0.0,,222,8.3,,1019.0,,8,3,2024-07-22 02:00:00,KNYC0
2024-07-22 03:00:00-04:00,24.0,76,0.0,,232,7.2,,1019.0,,8,3,2024-07-22 03:00:00,KNYC0
2024-07-22 04:00:00-04:00,24.0,74,0.0,,234,7.2,,1019.0,,8,3,2024-07-22 04:00:00,KNYC0
2024-07-22 05:00:00-04:00,24.0,71,0.0,,250,6.0,,1019.0,,8,3,2024-07-22 05:00:00,KNYC0
2024-07-22 06:00:00-04:00,24.0,71,0.0,,203,6.1,,1019.0,,8,3,2024-07-22 06:00:00,KNYC0
2024-07-22 07:00:00-04:00,25.0,69,0.0,,194,6.5,,1019.0,,8,3,2024-07-22 07:00:00,KNYC0
2024-07-22 08:00:00-04:00,26.0,69,0.0,,203,6.8,,1019.0,,8,3,2024-07-22 08:00:00,KNYC0
2024-07-22 09:00:00-04:00,27.0,67,0.0,,207,6.0,,1019.0,,8,3,2024-07-22 09:00:00,KNYC0
2024-07-22 10:00:00-04:00,27.0,67,0.0,,201,7.9,,1020.0,,8,3,2024-07-22 10:00:00,KNYC0
2024-07-22 11:00:00-04:00,27.0,69,0.0,,185,11.9,,1020.0,,8,3,2024-07-22 11:00:00,KNYC0
2024-07-22 12:00:00-04:00,28.0,65,0.1,,179,6.0,,1019.0,,8,17,2024-07-22 12:00:00,KNYC0
2024-07-22 13:00:00-04:00,27.0,71,0.7,,182,17.3,,1019.0,,8,8,2024-07-22 13:00:00,KNYC0
2024-07-22 14:00:00-04:00,26.0,62,0.0,,169,21.6,,1019.0,,8,3,2024-07-22 14:00:00,KNYC0
2024-07-22 15:00:00-04:00,26.0,67,0.0,,162,7.0,,1019.0,,8,3,2024-07-22 15:00:00,KNYC0
2024-07-22 16:00:00-04:00,26.0,72,0.0,,169,9.0,,1018.0,,8,3,2024-07-22 16:00:00,KNYC0
2024-07-22 17:00:00-04:00,26.0,74,0.0,,177,6.0,,1018.0,,8,3,2024-07-22 17:00:00,KNYC0
2024-07-22 18:00:00-04:00,26.0,74,0.0,,170,7.0,,1017.0,,8,3,2024-07-22 18:00:00,KNYC0
2024-07-22 19:00:00-04:00,26.0,76,0.0,,168,6.0,,1017.0,,8,3,2024-07-22 19:00:00,KNYC0
2024-07-22 20:00:00-04:00,24.0,85,0.0,,130,9.0,,1017.0,,8,3,2024-07-22 20:00:00,KNYC0
2024-07-22 21:00:00-04:00,24.0,85,0.0,,110,6.0,,1017.0,,8,3,2024-07-22 21:00:00,KNYC0
2024-07-22 22:00:00-04:00,25.0,82,0.0,,140,6.0,,1017.0,,8,3,2024-07-22 22:00:00,KNYC0
2024-07-22 23:00:00-04:00,25.0,82,0.0,,163,6.0,,1017.0,,8,3,2024-07-22 23:00:00,KNYC0
2024-07-23 00:00:00-04:00,23.0,79,0.0,,120,7.0,,1016.0,,8,3,2024-07-23 00:00:00,KNYC0
2024-07-23 01:00:00-04:00,22.0,90,0.0,,137,6.0,,1016.0,,8,3,2024-07-23 01:00:00,KNYC0
2024-07-23 02:00:00-04:00,22.0,91,0.0,,10,6.0,,1016.0,,8,3,2024-07-23 02:00:00,KNYC0
2024-07-23 03:00:00-04:00,22.0,91,0.2,,60,7.0,,1016.0,,8,7,2024-07-23 03:00:00,KNYC0
2024-07-23 04:00:00-04:00,22.0,94,0.2,,94,4.7,,1015.0,,8,5,2024-07-23 04:00:00,KNYC0
2024-07-23 05:00:00-04:00,22.0,91,0.0,,178,9.0,,1016.0,,8,5,2024-07-23 05:00:00,KNYC0
2024-07-23 06:00:00-04:00,22.0,91,0.0,,109,1.8,,1016.0,,6,5,2024-07-23 06:00:00,KNYC0
2024-07-23 07:00:00-04:00,22.0,91,0.2,,50,7.0,,1016.0,,8,17,2024-07-23 07:00:00,KNYC0
2024-07-23 08:00:00-04:00,22.0,91,0.0,,60,7.0,,1017.0,,6,3,2024-07-23 08:00:00,KNYC0
2024-07-23 09:00:00-04:00,22.0,94,0.0,,110,6.0,,1017.0,,8,3,2024-07-23 09:00:00,KNYC0
2024-07-23 10:00:00-04:00,23.0,90,0.2,,50,6.0,,1017.0,,8,7,2024-07-23 10:00:00,KNYC0
2024-07-23 11:00:00-04:00,24.0,88,0.1,,1,2.5,,1018.0,,8,7,2024-07-23 11:00:00,KNYC0
2024-07-23 12:00:00-04:00,26.0,77,0.2,,326,6.0,,1018.0,,8,7,2024-07-23 12:00:00,KNYC0
2024-07-23 13:00:00-04:00,26.0,79,0.0,,60,9.0,,1018.0,,8,3,2024-07-23 13:00:00,KNYC0
2024-07-23 14:00:00-04:00,25.0,79,0.1,,90,6.0,,1018.0,,3,7,2024-07-23 14:00:00,KNYC0
2024-07-23 15:00:00-04:00,26.0,79,0.0,,60,7.0,,1018.0,,3,2,2024-07-23 15:00:00,KNYC0
2024-07-23 16:00:00-04:00,27.0,71,0.0,,257,9.0,,1018.0,,8,3,2024-07-23 16:00:00,KNYC0
2024-07-23 17:00:00-04:00,26.0,74,0.0,,40,11.0,,1019.0,,8,3,2024-07-23 17:00:00,KNYC0
2024-07-23 18:00:00-04:00,25.0,74,0.3,,146,9.0,,1019.0,,8,8,2024-07-23 18:00:00,KNYC0
2024-07-23 19:00:00-04:00,25.0,74,0.0,,158,7.0,,1020.0,,8,3,2024-07-23 19:00:00,KNYC0
2024-07-23 20:00:00-04:00,24.0,79,0.0,,132,9.0,,1020.0,,8,3,2024-07-23 20:00:00,KNYC0
2024-07-23 21:00:00-04:00,23.0,82,0.0,,60,6.0,,1021.0,,8,3,2024-07-23 21:00:00,KNYC0
2024-07-23 22:00:00-04:00,23.0,87,0.0,,60,9.0,,1021.0,,8,3,2024-07-23 22:00:00,KNYC0
2024-07-23 23:00:00-04:00,23.0,88,0.0,,50,6.0,,1021.0,,8,3,2024-07-23 23:00:00,KNYC0
2024-07-24 00:00:00-04:00,23.0,88,0.0,,68,8.3,,1021.0,,8,3,2024-07-24 00:00:00,KNYC0
2024-07-24 01:00:00-04:00,23.0,88,0.0,,70,6.0,,1021.0,,8,3,2024-07-24 01:00:00,KNYC0
2024-07-24 02:00:00-04:00,23.0,88,0.0,,50,7.0,,1021.0,,8,3,2024-07-24 02:00:00,KNYC0
2024-07-24 03:00:00-04:00,23.0,88,0.0,,60,6.0,,1021.0,,8,3,2024-07-24 03:00:00,KNYC0
2024-07-24 04:00:00-04:00,23.0,88,0.0,,60,6.0,,1021.0,,8,5,2024-07-24 04:00:00,KNYC0
2024-07-24 05:00:00-04:00,23.0,88,0.2,,54,6.0,,1021.0,,8,5,2024-07-24 05:00:00,KNYC0
2024-07-24 06:00:00-04:00,23.0,88,0.2,,60,9.0,,1020.0,,8,5,2024-07-24 06:00:00,KNYC0
2024-07-24 07:00:00-04:00,23.0,88,0.0,,60,15.0,,1021.0,,8,5,2024-07-24 07:00:00,KNYC0
2024-07-24 08:00:00-04:00,23.0,88,0.0,,44,9.0,,1021.0,,8,5,2024-07-24 08:00:00,KNYC0
2024-07-24 09:00:00-04:00,23.0,88,0.0,,40,9.0,,1021.0,,8,5,2024-07-24 09:00:00,KNYC0
2024-07-24 10:00:00-04:00,24.0,84,0.5,,55,11.0,,1021.0,,8,5,2024-07-24 10:00:00,KNYC0
2024-07-24 11:00:00-04:00,24.0,82,1.1,,60,7.0,,1021.0,,8,9,2024-07-24 11:00:00,KNYC0
2024-07-24 12:00:00-04:00,25.0,79,0.4,,78,7.0,,1021.0,,8,8,2024-07-24 12:00:00,KNYC0
2024-07-24 13:00:00-04:00,27.0,74,0.3,,138,7.0,,1021.0,,6,8,2024-07-24 13:00:00,KNYC0
2024-07-24 14:00:00-04:00,27.0,74,0.2,,100,9.0,,1020.0,,8,17,2024-07-24 14:00:00,KNYC0
2024-07-24 15:00:00-04:00,27.0,72,0.0,,168,7.0,,1020.0,,8,3,2024-07-24 15:00:00,KNYC0
2024-07-24 16:00:00-04:00,27.0,71,0.0,,169,16.2,,1019.0,,8,3,2024-07-24 16:00:00,KNYC0
2024-07-24 17:00:00-04:00,26.0,74,0.0,,154,7.0,,1019.0,,8,3,2024-07-24 17:00:00,KNYC0
2024-07-24 18:00:00-04:00,26.0,74,0.0,,140,7.0,,1019.0,,8,3,2024-07-24 18:00:00,KNYC0
2024-07-24 19:00:00-04:00,26.0,74,0.0,,160,7.0,,1019.0,,8,3,2024-07-24 19:00:00,KNYC0
2024-07-24 20:00:00-04:00,26.0,71,0.0,,150,6.0,,1019.0,,8,3,2024-07-24 20:00:00,KNYC0
2024-07-24 21:00:00-04:00,25.0,71,0.0,,162,14.8,,1020.0,,8,3,2024-07-24 21:00:00,KNYC0
2024-07-24 22:00:00-04:00,25.0,74,0.6,,180,6.0,,1020.0,,8,8,2024-07-24 22:00:00,KNYC0
2024-07-24 23:00:00-04:00,25.0,77,6.5,,175,12.6,,1020.0,,5,9,2024-07-24 23:00:00,KNYC0
2024-07-25 00:00:00-04:00,24.0,85,1.4,,158,7.0,,1019.0,,6,18,2024-07-25 00:00:00,KNYC0
2024-07-25 01:00:00-04:00,25.0,82,5.0,,60,12.2,,1019.0,,8,18,2024-07-25 01:00:00,KNYC0
2024-07-25 02:00:00-04:00,24.0,85,2.4,,99,6.0,,1018.0,,8,9,2024-07-25 02:00:00,KNYC0
2024-07-25 03:00:00-04:00,24.0,85,0.0,,210,6.0,,1018.0,,8,5,2024-07-25 03:00:00,KNYC0
2024-07-25 04:00:00-04:00,24.0,85,0.0,,229,6.8,,1018.0,,6,5,2024-07-25 04:00:00,KNYC0
2024-07-25 05:00:00-04:00,24.0,88,0.0,,178,6.8,,1018.0,,5,3,2024-07-25 05:00:00,KNYC0
2024-07-25 06:00:00-04:00,24.0,85,0.0,,201,6.8,,1018.0,,8,3,2024-07-25 06:00:00,KNYC0
2024-07-25 07:00:00-04:00,24.0,85,0.0,,219,7.0,,1019.0,,8,3,2024-07-25 07:00:00,KNYC0
2024-07-25 08:00:00-04:00,25.0,79,0.0,,246,6.0,,1019.0,,8,3,2024-07-25 08:00:00,KNYC0
2024-07-25 09:00:00-04:00,25.0,79,0.0,,270,7.0,,1019.0,,8,3,2024-07-25 09:00:00,KNYC0
2024-07-25 10:00:00-04:00,26.0,64,0.0,,270,6.0,,1019.0,,8,3,2024-07-25 10:00:00,KNYC0
2024-07-25 11:00:00-04:00,26.0,64,0.0,,294,8.3,,1019.0,,8,3,2024-07-25 11:00:00,KNYC0
2024-07-25 12:00:00-04:00,27.0,58,0.0,,286,7.6,,1018.0,,8,3,2024-07-25 12:00:00,KNYC0
2024-07-25 13:00:00-04:00,28.0,55,0.0,,271,6.0,,1018.0,,8,3,2024-07-25 13:00:00,KNYC0
2024-07-25 14:00:00-04:00,27.0,57,0.0,,279,7.0,,1018.0,,6,3,2024-07-25 14:00:00,KNYC0
2024-07-25 15:00:00-04:00,28.0,46,0.0,,282,15.1,,1017.0,,3,3,2024-07-25 15:00:00,KNYC0
2024-07-25 16:00:00-04:00,28.0,44,0.0,,275,6.0,,1017.0,,6,2,2024-07-25 16:00:00,KNYC0
2024-07-25 17:00:00-04:00,27.0,45,0.0,,270,15.0,,1017.0,,3,3,2024-07-25 17:00:00,KNYC0
2024-07-25 18:00:00-04:00,26.0,50,0.0,,286,7.0,,1017.0,,8,3,2024-07-25 18:00:00,KNYC0
2024-07-25 19:00:00-04:00,27.0,44,0.0,,304,9.0,,1018.0,,8,3,2024-07-25 19:00:00,KNYC0
2024-07-25 20:00:00-04:00,26.0,42,0.0,,329,11.2,,1018.0,,8,3,2024-07-25 20:00:00,KNYC0
2024-07-25 21:00:00-04:00,26.0,42,0.0,,345,7.0,,1019.0,,1,3,2024-07-25 21:00:00,KNYC0
2024-07-25 22:00:00-04:00,24.0,42,0.0,,343,7.0,,1020.0,,0,1,2024-07-25 22:00:00,KNYC0
2024-07-25 23:00:00-04:00,24.0,43,0.0,,338,15.1,,1020.0,,0,1,2024-07-25 23:00:00,KNYC0
2024-07-26 00:00:00-04:00,23.0,46,0.0,,332,15.8,,1020.0,,0,1,2024-07-26 00:00:00,KNYC0
2024-07-26 01:00:00-04:00,22.0,49,0.0,,300,7.0,,1020.0,,0,1,2024-07-26 01:00:00,KNYC0
2024-07-26 02:00:00-04:00,22.0,49,0.0,,333,7.0,,1020.0,,0,1,2024-07-26 02:00:00,KNYC0
2024-07-26 03:00:00-04:00,21.0,55,0.0,,331,16.6,,1019.0,,0,1,2024-07-26 03:00:00,KNYC0
2024-07-26 04:00:00-04:00,20.0,57,0.0,,334,9.0,,1020.0,,0,1,2024-07-26 04:00:00,KNYC0
2024-07-26 05:00:00-04:00,20.0,57,0.0,,326,7.0,,1020.0,,0,1,2024-07-26 05:00:00,KNYC0
2024-07-26 06:00:00-04:00,19.0,61,0.0,,329,18.0,,1020.0,,0,1,2024-07-26 06:00:00,KNYC0
2024-07-26 07:00:00-04:00,21.0,55,0.0,,327,7.0,,1021.0,,0,1,2024-07-26 07:00:00,KNYC0
2024-07-26 08:00:00-04:00,22.0,51,0.0,,319,6.0,,1021.0,,0,1,2024-07-26 08:00:00,KNYC0
2024-07-26 09:00:00-04:00,23.0,48,0.0,,335,9.0,,1021.0,,0,1,2024-07-26 09:00:00,KNYC0
2024-07-26 10:00:00-04:00,24.0,45,0.0,,341,11.0,,1021.0,,0,1,2024-07-26 10:00:00,KNYC0
2024-07-26 11:00:00-04:00,26.0,42,0.0,,50,19.0,,1020.0,,0,1,2024-07-26 11:00:00,KNYC0
2024-07-26 12:00:00-04:00,28.0,35,0.0,,340,13.0,,1020.0,,0,1,2024-07-26 12:00:00,KNYC0
2024-07-26 13:00:00-04:00,28.0,33,0.0,,30,15.0,,1019.0,,0,1,2024-07-26 13:00:00,KNYC0
2024-07-26 14:00:00-04:00,28.0,34,0.0,,30,17.0,,1019.0,,3,1,2024-07-26 14:00:00,KNYC0
2024-07-26 15:00:00-04:00,27.0,37,0.0,,50,15.0,,1019.0,,1,2,2024-07-26 15:00:00,KNYC0
2024-07-26 16:00:00-04:00,28.0,35,0.0,,359,11.0,,1019.0,,7,2,2024-07-26 16:00:00,KNYC0
2024-07-26 17:00:00-04:00,28.0,34,0.0,,20,6.0,,1019.0,,8,3,2024-07-26 17:00:00,KNYC0
2024-07-26 18:00:00-04:00,26.0,45,0.0,,50,7.0,,1019.0,,8,3,2024-07-26 18:00:00,KNYC0
2024-07-26 19:00:00-04:00,26.0,42,0.0,,65,10.4,,1019.0,,8,3,2024-07-26 19:00:00,KNYC0
2024-07-26 20:00:00-04:00,26.0,40,0.0,,71,6.5,,1019.0,,7,3,2024-07-26 20:00:00,KNYC0
2024-07-26 21:00:00-04:00,25.0,42,0.0,,324,6.0,,1020.0,,8,3,2024-07-26 21:00:00,KNYC0
2024-07-26 22:00:00-04:00,25.0,42,0.0,,50,7.0,,1020.0,,8,3,2024-07-26 22:00:00,KNYC0
2024-07-26 23:00:00-04:00,24.0,43,0.0,,344,14.0,,1021.0,,8,3,2024-07-26 23:00:00,KNYC0
2024-07-27 00:00:00-04:00,24.0,48,0.0,,357,17.3,,1021.0,,3,3,2024-07-27 00:00:00,KNYC0
2024-07-27 01:00:00-04:00,23.0,53,0.0,,1,10.8,,1021.0,,8,2,2024-07-27 01:00:00,KNYC0
2024-07-27 02:00:00-04:00,22.0,57,0.0,,280,6.0,,1020.0,,2,3,2024-07-27 02:00:00,KNYC0
2024-07-27 03:00:00-04:00,21.0,66,0.0,,6,10.1,,1020.0,,0,2,2024-07-27 03:00:00,KNYC0
2024-07-27 04:00:00-04:00,21.0,68,0.0,,20,6.0,,1020.0,,0,1,2024-07-27 04:00:00,KNYC0
2024-07-27 05:00:00-04:00,22.0,59,0.0,,30,6.0,,1021.0,,0,1,2024-07-27 05:00:00,KNYC0
2024-07-27 06:00:00-04:00,21.0,66,0.0,,40,6.0,,1021.0,,0,1,2024-07-27 06:00:00,KNYC0
2024-07-27 07:00:00-04:00,22.0,64,0.0,,357,7.0,,1022.0,,0,1,2024-07-27 07:00:00,KNYC0
2024-07-27 08:00:00-04:00,24.0,54,0.0,,30,7.0,,1022.0,,1,1,2024-07-27 08:00:00,KNYC0
2024-07-27 09:00:00-04:00,25.0,50,0.0,,10,7.0,,1022.0,,0,1,2024-07-27 09:00:00,KNYC0
2024-07-27 10:00:00-04:00,27.0,39,0.0,,40,11.0,,1022.0,,0,1,2024-07-27 10:00:00,KNYC0
2024-07-27 11:00:00-04:00,28.0,34,0.0,,29,9.0,,1022.0,,0,1,2024-07-27 11:00:00,KNYC0
2024-07-27 12:00:00-04:00,30.0,32,0.0,,40,11.0,,1022.0,,3,1,2024-07-27 12:00:00,KNYC0
2024-07-27 13:00:00-04:00,31.0,30,0.0,,50,13.0,,1021.0,,5,2,2024-07-27 13:00:00,KNYC0
2024-07-27 14:00:00-04:00,30.0,30,0.0,,60,13.0,,1021.0,,5,3,2024-07-27 14:00:00,KNYC0
2024-07-27 15:00:00-04:00,29.0,33,0.0,,346,15.5,,1021.0,,6,3,2024-07-27 15:00:00,KNYC0
2024-07-27 16:00:00-04:00,29.0,32,0.0,,347,10.1,,1020.0,,5,3,2024-07-27 16:00:00,KNYC0
2024-07-27 17:00:00-04:00,28.0,44,0.0,,60,11.0,,1020.0,,5,3,2024-07-27 17:00:00,KNYC0
2024-07-27 18:00:00-04:00,27.0,42,0.0,,120,15.8,,1020.0,,7,3,2024-07-27 18:00:00,KNYC0
2024-07-27 19:00:00-04:00,26.0,47,0.0,,146,15.1,,1020.0,,0,3,2024-07-27 19:00:00,KNYC0
2024-07-27 20:00:00-04:00,25.0,47,0.0,,187,11.9,,1020.0,,0,1,2024-07-27 20:00:00,KNYC0
2024-07-27 21:00:00-04:00,24.0,52,0.0,,203,8.6,,1021.0,,0,1,2024-07-27 21:00:00,KNYC0
2024-07-27 22:00:00-04:00,24.0,55,0.0,,240,6.0,,1021.0,,0,1,2024-07-27 22:00:00,KNYC0
2024-07-27 23:00:00-04:00,24.0,48,0.0,,219,7.0,,1021.0,,0,1,2024-07-27 23:00:00,KNYC0
2024-07-28 00:00:00-04:00,24.0,50,0.0,,245,6.0,,1021.0,,0,1,2024-07-28 00:00:00,KNYC0
2024-07-28 01:00:00-04:00,23.0,52,0.0,,290,6.0,,1021.0,,0,1,2024-07-28 01:00:00,KNYC0
2024-07-28 02:00:00-04:00,23.0,53,0.0,,285,8.6,,1021.0,,0,1,2024-07-28 02:00:00,KNYC0
2024-07-28 03:00:00-04:00,23.0,53,0.0,,289,6.0,,1021.0,,0,1,2024-07-28 03:00:00,KNYC0
2024-07-28 04:00:00-04:00,22.0,57,0.0,,299,9.0,,1022.0,,0,1,2024-07-28 04:00:00,KNYC0
2024-07-28 05:00:00-04:00,22.0,57,0.0,,290,9.0,,1022.0,,0,1,2024-07-28 05:00:00,KNYC0
2024-07-28 06:00:00-04:00,21.0,61,0.0,,280,6.0,,1022.0,,0,1,2024-07-28 06:00:00,KNYC0
2024-07-28 07:00:00-04:00,23.0,53,0.0,,353,7.9,,1022.0,,0,1,2024-07-28 07:00:00,KNYC0
2024-07-28 08:00:00-04:00,24.0,56,0.0,,353,6.0,,1022.0,,0,1,2024-07-28 08:00:00,KNYC0
2024-07-28 09:00:00-04:00,26.0,47,0.0,,3,6.0,,1022.0,,0,1,2024-07-28 09:00:00,KNYC0
2024-07-28 10:00:00-04:00,28.0,41,0.0,,50,13.0,,1022.0,,0,1,2024-07-28 10:00:00,KNYC0
2024-07-28 11:00:00-04:00,28.0,38,0.0,,20,11.0,,1021.0,,0,1,2024-07-28 11:00:00,KNYC0
2024-07-28 12:00:00-04:00,28.0,43,0.0,,60,9.0,,1020.0,,1,1,2024-07-28 12:00:00,KNYC0
2024-07-28 13:00:00-04:00,30.0,36,0.0,,11,11.0,,1020.0,,4,2,2024-07-28 13:00:00,KNYC0
2024-07-28 14:00:00-04:00,29.0,40,0.0,,70,9.0,,1019.0,,6,3,2024-07-28 14:00:00,KNYC0
2024-07-28 15:00:00-04:00,28.0,41,0.0,,90,15.0,,1019.0,,8,3,2024-07-28 15:00:00,KNYC0
2024-07-28 16:00:00-04:00,28.0,46,0.0,,147,7.0,,1019.0,,8,3,2024-07-28 16:00:00,KNYC0
2024-07-28 17:00:00-04:00,26.0,60,0.0,,148,7.0,,1019.0,,8,3,2024-07-28 17:00:00,KNYC0
2024-07-28 18:00:00-04:00,25.0,60,0.0,,144,9.0,,1019.0,,8,3,2024-07-28 18:00:00,KNYC0
2024-07-28 19:00:00-04:00,24.0,60,0.0,,142,18.4,,1019.0,,8,3,2024-07-28 19:00:00,KNYC0
2024-07-28 20:00:00-04:00,24.0,54,0.0,,162,6.0,,1019.0,,7,3,2024-07-28 20:00:00,KNYC0
2024-07-28 21:00:00-04:00,24.0,58,0.0,,174,11.5,,1019.0,,7,3,2024-07-28 21:00:00,KNYC0
2024-07-28 22:00:00-04:00,23.0,69,0.0,,220,6.0,,1019.0,,8,3,2024-07-28 22:00:00,KNYC0
2024-07-28 23:00:00-04:00,24.0,69,0.0,,177,8.6,,1018.0,,8,3,2024-07-28 23:00:00,KNYC0
2024-07-29 00:00:00-04:00,24.0,64,0.0,,210,8.6,,1018.0,,8,3,2024-07-29 00:00:00,KNYC0
2024-07-29 01:00:00-04:00,24.0,58,0.0,,100,6.0,,1018.0,,8,3,2024-07-29 01:00:00,KNYC0
2024-07-29 02:00:00-04:00,23.0,71,0.0,,160,6.0,,1018.0,,8,3,2024-07-29 02:00:00,KNYC0
2024-07-29 03:00:00-04:00,22.0,91,0.5,,181,11.9,,1017.0,,8,5,2024-07-29 03:00:00,KNYC0
2024-07-29 04:00:00-04:00,21.0,93,1.7,,152,9.4,,1017.0,,6,5,2024-07-29 04:00:00,KNYC0
2024-07-29 05:00:00-04:00,20.0,87,0.0,,128,11.2,,1017.0,,8,3,2024-07-29 05:00:00,KNYC0
2024-07-29 06:00:00-04:00,21.0,87,0.0,,150,13.7,,1017.0,,8,3,2024-07-29 06:00:00,KNYC0
2024-07-29 07:00:00-04:00,22.0,82,0.0,,159,6.0,,1017.0,,8,3,2024-07-29 07:00:00,KNYC0
2024-07-29 08:00:00-04:00,23.0,82,0.0,,172,12.6,,1017.0,,8,3,2024-07-29 08:00:00,KNYC0
2024-07-29 09:00:00-04:00,25.0,74,0.0,,200,11.2,,1016.0,,8,3,2024-07-29 09:00:00,KNYC0
2024-07-29 10:00:00-04:00,27.0,54,0.0,,215,11.9,,1016.0,,8,3,2024-07-29 10:00:00,KNYC0
2024-07-29 11:00:00-04:00,28.0,53,0.3,,243,9.4,,1016.0,,8,8,2024-07-29 11:00:00,KNYC0
2024-07-29 12:00:00-04:00,27.0,62,1.1,,180,9.0,,1016.0,,8,9,2024-07-29 12:00:00,KNYC0
2024-07-29 13:00:00-04:00,24.0,88,0.0,,30,6.0,,1015.0,,8,5,2024-07-29 13:00:00,KNYC0
2024-07-29 14:00:00-04:00,27.0,71,0.0,,80,11.0,,1015.0,,4,3,2024-07-29 14:00:00,KNYC0
2024-07-29 15:00:00-04:00,27.0,65,0.0,,193,18.7,,1014.0,,5,3,2024-07-29 15:00:00,KNYC0
2024-07-29 16:00:00-04:00,28.0,60,0.0,,186,7.0,,1014.0,,7,3,2024-07-29 16:00:00,KNYC0
2024-07-29 17:00:00-04:00,27.0,67,0.0,,168,24.1,,1014.0,,4,3,2024-07-29 17:00:00,KNYC0
2024-07-29 18:00:00-04:00,27.0,69,0.0,,130,6.0,,1014.0,,4,3,2024-07-29 18:00:00,KNYC0
2024-07-29 19:00:00-04:00,26.0,72,0.0,,156,6.0,,1014.0,,1,3,2024-07-29 19:00:00,KNYC0
2024-07-29 20:00:00-04:00,26.0,74,0.0,,161,6.0,,1014.0,,1,2,2024-07-29 20:00:00,KNYC0
2024-07-29 21:00:00-04:00,26.0,74,0.0,,183,19.1,,1015.0,,5,1,2024-07-29 21:00:00,KNYC0
2024-07-29 22:00:00-04:00,26.0,71,0.0,,190,18.0,,1015.0,,8,3,2024-07-29 22:00:00,KNYC0
2024-07-29 23:00:00-04:00,25.0,74,0.0,,185,6.0,,1015.0,,7,3,2024-07-29 23:00:00,KNYC0
2024-07-30 00:00:00-04:00,24.0,77,0.0,,214,11.9,,1015.0,,4,3,2024-07-30 00:00:00,KNYC0
2024-07-30 01:00:00-04:00,24.0,79,0.0,,217,9.4,,1014.0,,5,3,2024-07-30 01:00:00,KNYC0
2024-07-30 02:00:00-04:00,24.0,82,0.0,,200,6.8,,1014.0,,5,3,2024-07-30 02:00:00,KNYC0
2024-07-30 03:00:00-04:00,24.0,82,0.0,,203,6.8,,1014.0,,1,3,2024-07-30 03:00:00,KNYC0
2024-07-30 04:00:00-04:00,24.0,84,0.0,,189,7.2,,1015.0,,0,2,2024-07-30 04:00:00,KNYC0
2024-07-30 05:00:00-04:00,24.0,84,0.0,,198,9.0,,1015.0,,2,1,2024-07-30 05:00:00,KNYC0
2024-07-30 06:00:00-04:00,24.0,89,0.0,,191,6.8,,1016.0,,4,2,2024-07-30 06:00:00,KNYC0
2024-07-30 07:00:00-04:00,25.0,82,0.0,,169,6.0,,1016.0,,8,3,2024-07-30 07:00:00,KNYC0
2024-07-30 08:00:00-04:00,26.0,82,0.0,,204,6.0,,1016.0,,8,3,2024-07-30 08:00:00,KNYC0
2024-07-30 09:00:00-04:00,27.0,76,0.0,,201,16.9,,1016.0,,8,3,2024-07-30 09:00:00,KNYC0
2024-07-30 10:00:00-04:00,27.0,72,0.0,,197,6.0,,1016.0,,8,3,2024-07-30 10:00:00,KNYC0
2024-07-30 11:00:00-04:00,28.0,67,0.0,,196,11.0,,1016.0,,7,3,2024-07-30 11:00:00,KNYC0
2024-07-30 12:00:00-04:00,28.0,63,0.0,,186,21.2,,1016.0,,8,3,2024-07-30 12:00:00,KNYC0
2024-07-30 13:00:00-04:00,31.0,57,0.0,,180,26.3,,1015.0,,7,3,2024-07-30 13:00:00,KNYC0
2024-07-30 14:00:00-04:00,30.0,55,0.0,,167,30.2,,1015.0,,2,3,2024-07-30 14:00:00,KNYC0
2024-07-30 15:00:00-04:00,31.0,50,0.0,,170,35.3,,1012.8,,3,2,2024-07-30 15:00:00,KNYC0
2024-07-30 16:00:00-04:00,29.0,55,0.0,,170,34.6,,1014.0,,5,2,2024-07-30 16:00:00,KNYC0
2024-07-30 17:00:00-04:00,28.0,60,0.0,,172,9.0,,1014.0,,3,3,2024-07-30 17:00:00,KNYC0
2024-07-30 18:00:00-04:00,27.0,67,0.0,,180,11.0,,1014.0,,4,2,2024-07-30 18:00:00,KNYC0
2024-07-30 19:00:00-04:00,26.0,71,0.0,,172,6.0,,1014.0,,8,3,2024-07-30 19:00:00,KNYC0
2024-07-30 20:00:00-04:00,26.1,72,0.0,,170,28.4,,1012.5,,8,3,2024-07-30 20:00:00,KNYC0
2024-07-30 21:00:00-04:00,25.0,71,0.0,,179,26.3,,1015.0,,8,3,2024-07-30 21:00:00,KNYC0
2024-07-30 22:00:00-04:00,25.0,74,0.0,,179,7.0,,1015.0,,8,3,2024-07-30 22:00:00,KNYC0
2024-07-30 23:00:00-04:00,25.0,79,0.0,,179,6.0,,1015.0,,8,3,2024-07-30 23:00:00,KNYC0
2024-07-31 00:00:00-04:00,25.0,79,0.1,,179,6.0,,1014.0,,7,17,2024-07-31 00:00:00,KNYC0
2024-07-31 01:00:00-04:00,25.0,82,0.0,,184,19.1,,1014.0,,2,3,2024-07-31 01:00:00,KNYC0
2024-07-31 02:00:00-04:00,25.0,82,0.0,,188,6.0,,1014.0,,6,2,2024-07-31 02:00:00,KNYC0
2024-07-31 03:00:00-04:00,25.0,84,0.1,,192,13.7,,1013.0,,8,17,2024-07-31 03:00:00,KNYC0
2024-07-31 04:00:00-04:00,25.0,82,0.7,,180,6.0,,1013.0,,8,8,2024-07-31 04:00:00,KNYC0
2024-07-31 05:00:00-04:00,25.0,85,0.0,,174,11.2,,1014.0,,8,3,2024-07-31 05:00:00,KNYC0
2024-07-31 06:00:00-04:00,26.0,79,0.0,,193,13.3,,1014.0,,8,3,2024-07-31 06:00:00,KNYC0
2024-07-31 07:00:00-04:00,25.0,82,0.0,,198,14.8,,1013.0,,7,3,2024-07-31 07:00:00,KNYC0
2024-07-31 08:00:00-04:00,26.0,76,0.0,,191,9.0,,1014.0,,6,3,2024-07-31 08:00:00,KNYC0
2024-07-31 09:00:00-04:00,26.0,79,0.0,,197,19.4,,1014.0,,8,3,2024-07-31 09:00:00,KNYC0
2024-07-31 10:00:00-04:00,26.0,77,0.0,,202,6.0,,1013.0,,8,3,2024-07-31 10:00:00,KNYC0
2024-07-31 11:00:00-04:00,27.0,74,0.0,,218,18.4,,1013.0,,7,3,2024-07-31 11:00:00,KNYC0
2024-07-31 12:00:00-04:00,28.0,70,0.0,,212,11.0,,1013.0,,5,3,2024-07-31 12:00:00,KNYC0
2024-07-31 13:00:00-04:00,29.0,61,0.0,,220,16.9,,1012.0,,8,3,2024-07-31 13:00:00,KNYC0
2024-07-31 14:00:00-04:00,31.0,57,0.0,,207,19.8,,1012.0,,8,3,2024-07-31 14:00:00,KNYC0
2024-07-31 15:00:00-04:00,31.0,51,0.0,,230,15.0,,1012.0,,8,3,2024-07-31 15:00:00,KNYC0
2024-07-31 16:00:00-04:00,31.0,48,0.0,,246,7.0,,1011.0,,8,3,2024-07-31 16:00:00,KNYC0
2024-07-31 17:00:00-04:00,31.0,48,0.0,,248,14.0,,1011.0,,4,3,2024-07-31 17:00:00,KNYC0
2024-07-31 18:00:00-04:00,31.0,50,0.0,,276,6.0,,1011.0,,4,3,2024-07-31 18:00:00,KNYC0
2024-07-31 19:00:00-04:00,31.0,48,1.8,,270,11.0,,1012.0,,2,18,2024-07-31 19:00:00,KNYC0
2024-07-31 20:00:00-04:00,27.0,72,0.0,,310,7.0,,1013.0,,2,2,2024-07-31 20:00:00,KNYC0
2024-07-31 21:00:00-04:00,24.0,82,0.0,,217,6.0,,1014.0,,1,2,2024-07-31 21:00:00,KNYC0
2024-07-31 22:00:00-04:00,23.0,88,0.0,,280,6.0,,1014.0,,1,1,2024-07-31 22:00:00,KNYC0
2024-07-31 23:00:00-04:00,24.0,88,0.0,,246,9.4,,1014.0,,3,1,2024-07-31 23:00:00,KNYC0
2024-08-01 00:00:00-04:00,24.0,79,0.0,,260,9.7,,1014.0,,0,3,2024-08-01 00:00:00,KNYC0
2024-08-01 01:00:00-04:00,24.0,79,0.0,,290,6.0,,1014.0,,0,1,2024-08-01 01:00:00,KNYC0
2024-08-01 02:00:00-04:00,25.0,74,0.0,,270,6.0,,1015.0,,0,1,2024-08-01 02:00:00,KNYC0
2024-08-01 03:00:00-04:00,25.0,74,0.0,,263,7.6,,1014.0,,0,1,2024-08-01 03:00:00,KNYC0
2024-08-01 04:00:00-04:00,25.0,74,0.0,,290,6.0,,1014.0,,0,1,2024-08-01 04:00:00,KNYC0
2024-08-01 05:00:00-04:00,24.0,77,0.0,,275,6.8,,1015.0,,0,1,2024-08-01 05:00:00,KNYC0
2024-08-01 06:00:00-04:00,25.0,77,0.0,,291,6.8,,1015.0,,0,1,2024-08-01 06:00:00,KNYC0
2024-08-01 07:00:00-04:00,27.0,69,0.0,,280,7.0,,1016.0,,0,1,2024-08-01 07:00:00,KNYC0
2024-08-01 08:00:00-04:00,27.0,67,0.0,,291,4.0,,1016.0,,0,1,2024-08-01 08:00:00,KNYC0
2024-08-01 09:00:00-04:00,29.0,55,0.0,,284,5.0,,1016.0,,0,1,2024-08-01 09:00:00,KNYC0
2024-08-01 10:00:00-04:00,30.0,51,0.0,,288,5.4,,1016.0,,0,1,2024-08-01 10:00:00,KNYC0
2024-08-01 11:00:00-04:00,32.0,47,0.0,,281,6.5,,1016.0,,0,1,2024-08-01 11:00:00,KNYC0
2024-08-01 12:00:00-04:00,33.0,40,0.0,,274,9.4,,1015.0,,0,1,2024-08-01 12:00:00,KNYC0
2024-08-01 13:00:00-04:00,34.0,40,0.0,,276,11.9,,1015.0,,2,1,2024-08-01 13:00:00,KNYC0
2024-08-01 14:00:00-04:00,34.0,39,0.0,,280,11.0,,1014.0,,2,2,2024-08-01 14:00:00,KNYC0
2024-08-01 15:00:00-04:00,33.0,44,0.0,,267,7.0,,1014.0,,2,2,2024-08-01 15:00:00,KNYC0
2024-08-01 16:00:00-04:00,32.0,49,0.0,,230,7.0,,1013.0,,2,2,2024-08-01 16:00:00,KNYC0
2024-08-01 17:00:00-04:00,31.0,50,0.0,,181,22.0,,1013.0,,4,2,2024-08-01 17:00:00,KNYC0
2024-08-01 18:00:00-04:00,31.0,55,0.0,,167,20.9,,1013.0,,3,3,2024-08-01 18:00:00,KNYC0
2024-08-01 19:00:00-04:00,31.0,53,0.0,,153,15.5,,1013.0,,1,2,2024-08-01 19:00:00,KNYC0
2024-08-01 20:00:00-04:00,30.0,53,0.0,,154,12.2,,1013.0,,1,1,2024-08-01 20:00:00,KNYC0
2024-08-01 21:00:00-04:00,29.0,61,0.0,,155,9.4,,1014.0,,1,2,2024-08-01 21:00:00,KNYC0
2024-08-01 22:00:00-04:00,29.0,59,0.0,,157,6.0,,1015.0,,1,1,2024-08-01 22:00:00,KNYC0
2024-08-01 23:00:00-04:00,29.0,59,0.0,,221,6.8,,1015.0,,4,2,2024-08-01 23:00:00,KNYC0
2024-08-02 00:00:00-04:00,29.0,61,0.0,,340,7.0,,1015.0,,6,3,2024-08-02 00:00:00,KNYC0
2024-08-02 01:00:00-04:00,28.0,63,0.0,,264,9.4,,1014.0,,6,3,2024-08-02 01:00:00,KNYC0
2024-08-02 02:00:00-04:00,28.0,63,0.0,,237,6.8,,1014.0,,2,3,2024-08-02 02:00:00,KNYC0
2024-08-02 03:00:00-04:00,28.0,65,0.0,,230,7.0,,1014.0,,0,2,2024-08-02 03:00:00,KNYC0
2024-08-02 04:00:00-04:00,28.0,65,0.0,,242,7.9,,1014.0,,3,1,2024-08-02 04:00:00,KNYC0
2024-08-02 05:00:00-04:00,27.0,67,0.0,,243,7.6,,1014.0,,8,2,2024-08-02 05:00:00,KNYC0
2024-08-02 06:00:00-04:00,28.0,67,0.0,,256,6.5,,1014.0,,6,3,2024-08-02 06:00:00,KNYC0
2024-08-02 07:00:00-04:00,28.0,68,0.0,,230,7.9,,1014.0,,8,3,2024-08-02 07:00:00,KNYC0
2024-08-02 08:00:00-04:00,29.0,65,0.0,,211,5.8,,1014.0,,1,3,2024-08-02 08:00:00,KNYC0
2024-08-02 09:00:00-04:00,31.0,59,0.0,,194,6.0,,1014.0,,8,2,2024-08-02 09:00:00,KNYC0
2024-08-02 10:00:00-04:00,32.0,56,0.0,,189,6.0,,1014.0,,7,3,2024-08-02 10:00:00,KNYC0
2024-08-02 11:00:00-04:00,33.0,54,0.0,,40,11.0,,1013.0,,8,3,2024-08-02 11:00:00,KNYC0
2024-08-02 12:00:00-04:00,33.0,52,0.0,,176,7.0,,1013.0,,8,3,2024-08-02 12:00:00,KNYC0
2024-08-02 13:00:00-04:00,32.0,58,0.0,,174,16.9,,1012.0,,8,3,2024-08-02 13:00:00,KNYC0
2024-08-02 14:00:00-04:00,32.0,59,0.3,,172,6.0,,1012.0,,8,8,2024-08-02 14:00:00,KNYC0
2024-08-02 15:00:00-04:00,31.0,57,0.0,,165,23.0,,1011.0,,8,3,2024-08-02 15:00:00,KNYC0
2024-08-02 16:00:00-04:00,29.0,72,0.0,,140,13.0,,1010.0,,4,3,2024-08-02 16:00:00,KNYC0
2024-08-02 17:00:00-04:00,28.0,77,0.3,,176,24.1,,1010.0,,8,17,2024-08-02 17:00:00,KNYC0
2024-08-02 18:00:00-04:00,26.0,88,1.6,,143,11.0,,1011.0,,4,9,2024-08-02 18:00:00,KNYC0
2024-08-02 19:00:00-04:00,26.0,93,0.0,,118,7.9,,1012.0,,4,3,2024-08-02 19:00:00,KNYC0
2024-08-02 20:00:00-04:00,24.0,94,0.1,,184,13.3,,1011.0,,8,5,2024-08-02 20:00:00,KNYC0
2024-08-02 21:00:00-04:00,24.0,90,0.4,,185,5.0,,1011.0,,5,8,2024-08-02 21:00:00,KNYC0
2024-08-02 22:00:00-04:00,24.0,90,0.0,,182,5.8,,1011.0,,0,3,2024-08-02 22:00:00,KNYC0
2024-08-02 23:00:00-04:00,24.0,90,0.0,,184,7.0,,1011.0,,4,1,2024-08-02 23:00:00,KNYC0
2024-08-03 00:00:00-04:00,24.0,91,0.0,,270,6.0,,1011.0,,7,3,2024-08-03 00:00:00,KNYC0
2024-08-03 01:00:00-04:00,24.0,88,0.0,,209,7.0,,1011.0,,8,3,2024-08-03 01:00:00,KNYC0
2024-08-03 02:00:00-04:00,25.0,85,0.0,,239,6.0,,1010.0,,8,3,2024-08-03 02:00:00,KNYC0
2024-08-03 03:00:00-04:00,25.0,82,0.0,,240,6.0,,1010.0,,8,3,2024-08-03 03:00:00,KNYC0
2024-08-03 04:00:00-04:00,25.0,82,0.0,,242,6.0,,1010.0,,8,3,2024-08-03 04:00:00,KNYC0
2024-08-03 05:00:00-04:00,25.0,82,0.0,,260,7.0,,1011.0,,8,3,2024-08-03 05:00:00,KNYC0
2024-08-03 06:00:00-04:00,25.0,85,0.0,,260,7.0,,1012.0,,6,3,2024-08-03 06:00:00,KNYC0
2024-08-03 07:00:00-04:00,26.0,82,0.0,,261,8.3,,1012.0,,1,3,2024-08-03 07:00:00,KNYC0
2024-08-03 08:00:00-04:00,27.0,76,0.0,,260,6.0,,1012.0,,4,1,2024-08-03 08:00:00,KNYC0
2024-08-03 09:00:00-04:00,28.0,70,0.0,,271,6.0,,1011.0,,3,3,2024-08-03 09:00:00,KNYC0
2024-08-03 10:00:00-04:00,30.0,59,0.0,,266,9.0,,1012.0,,7,2,2024-08-03 10:00:00,KNYC0
2024-08-03 11:00:00-04:00,31.0,54,0.0,,263,15.1,,1011.0,,8,3,2024-08-03 11:00:00,KNYC0
2024-08-03 12:00:00-04:00,32.0,54,0.0,,260,13.7,,1011.0,,2,3,2024-08-03 12:00:00,KNYC0
2024-08-03 13:00:00-04:00,32.0,56,0.0,,242,16.2,,1011.0,,3,2,2024-08-03 13:00:00,KNYC0
2024-08-03 14:00:00-04:00,31.0,63,0.0,,218,15.8,,1010.0,,2,3,2024-08-03 14:00:00,KNYC0
2024-08-03 15:00:00-04:00,31.0,59,0.2,,191,9.0,,1010.0,,1,17,2024-08-03 15:00:00,KNYC0
2024-08-03 16:00:00-04:00,29.0,61,5.0,,40,11.0,,1010.0,,6,18,2024-08-03 16:00:00,KNYC0
2024-08-03 17:00:00-04:00,26.0,76,1.7,,196,11.0,,1010.0,,6,18,2024-08-03 17:00:00,KNYC0
2024-08-03 18:00:00-04:00,24.0,91,0.3,,20,7.0,,1011.0,,7,17,2024-08-03 18:00:00,KNYC0
2024-08-03 19:00:00-04:00,23.0,94,0.0,,220,13.0,,1011.0,,7,3,2024-08-03 19:00:00,KNYC0
2024-08-03 20:00:00-04:00,24.0,94,0.0,,264,6.0,,1012.0,,8,3,2024-08-03 20:00:00,KNYC0
2024-08-03 21:00:00-04:00,23.0,94,0.0,,290,9.0,,1012.0,,8,5,2024-08-03 21:00:00,KNYC0
2024-08-03 22:00:00-04:00,23.0,94,0.1,,230,9.0,,1013.0,,8,17,2024-08-03 22:00:00,KNYC0
2024-08-03 23:00:00-04:00,23.0,91,0.0,,190,10.8,,1011.0,,8,5,2024-08-03 23:00:00,KNYC0
2024-08-04 00:00:00-04:00,23.0,94,0.0,,230,6.0,,1013.0,,8,5,2024-08-04 00:00:00,KNYC0
2024-08-04 01:00:00-04:00,23.0,94,0.0,,220,7.0,,1013.0,,8,5,2024-08-04 01:00:00,KNYC0
2024-08-04 02:00:00-04:00,23.0,91,0.0,,220,9.0,,1013.0,,8,5,2024-08-04 02:00:00,KNYC0
2024-08-04 03:00:00-04:00,23.0,90,0.0,,227,13.3,,1013.0,,8,5,2024-08-04 03:00:00,KNYC0
2024-08-04 04:00:00-04:00,23.0,90,0.0,,228,12.2,,1013.0,,8,3,2024-08-04 04:00:00,KNYC0
2024-08-04 05:00:00-04:00,23.0,90,0.0,,235,10.8,,1013.0,,8,3,2024-08-04 05:00:00,KNYC0
2024-08-04 06:00:00-04:00,23.0,88,0.0,,230,6.0,,1014.0,,8,3,2024-08-04 06:00:00,KNYC0
2024-08-04 07:00:00-04:00,23.0,88,0.0,,250,9.0,,1014.0,,8,3,2024-08-04 07:00:00,KNYC0
2024-08-04 08:00:00-04:00,24.0,84,0.0,,248,16.9,,1014.0,,8,3,2024-08-04 08:00:00,KNYC0
2024-08-04 09:00:00-04:00,24.0,85,0.0,,241,15.8,,1014.0,,8,3,2024-08-04 09:00:00,KNYC0
2024-08-04 10:00:00-04:00,25.0,82,0.0,,242,15.1,,1014.0,,8,3,2024-08-04 10:00:00,KNYC0
2024-08-04 11:00:00-04:00,26.0,76,0.0,,253,6.0,,1014.0,,5,3,2024-08-04 11:00:00,KNYC0
2024-08-04 12:00:00-04:00,26.0,77,0.1,,258,13.3,,1014.0,,8,17,2024-08-04 12:00:00,KNYC0
2024-08-04 13:00:00-04:00,27.0,72,0.6,,230,7.0,,1014.0,,8,8,2024-08-04 13:00:00,KNYC0
2024-08-04 14:00:00-04:00,26.0,77,3.2,,192,19.4,,1014.0,,8,9,2024-08-04 14:00:00,KNYC0
2024-08-04 15:00:00-04:00,28.0,72,1.3,,220,9.0,,1013.0,,7,9,2024-08-04 15:00:00,KNYC0
2024-08-04 16:00:00-04:00,22.0,84,0.0,,240,9.0,,1015.0,,8,3,2024-08-04 16:00:00,KNYC0
2024-08-04 17:00:00-04:00,22.0,94,0.2,,250,7.0,,1014.0,,7,7,2024-08-04 17:00:00,KNYC0
2024-08-04 18:00:00-04:00,22.0,94,0.2,,244,6.0,,1014.0,,8,17,2024-08-04 18:00:00,KNYC0
2024-08-04 19:00:00-04:00,25.5,82,0.0,,251,11.2,,1012.1,,8,3,2024-08-04 19:00:00,KNYC0
2024-08-04 20:00:00-04:00,24.6,87,0.0,,224,10.8,,1012.9,,7,3,2024-08-04 20:00:00,KNYC0
2024-08-04 21:00:00-04:00,24.1,90,0.0,,225,13.3,,1013.9,,1,3,2024-08-04 21:00:00,KNYC0
2024-08-04 22:00:00-04:00,23.0,91,0.0,,242,6.0,,1016.0,,0,2,2024-08-04 22:00:00,KNYC0
2024-08-04 23:00:00-04:00,23.0,91,0.0,,240,7.0,,1017.0,,0,1,2024-08-04 23:00:00,KNYC0
2024-08-05 00:00:00-04:00,24.0,88,0.0,,248,12.6,,1017.0,,1,1,2024-08-05 00:00:00,KNYC0
2024-08-05 01:00:00-04:00,24.0,88,0.0,,280,9.0,,1016.0,,0,1,2024-08-05 01:00:00,KNYC0
2024-08-05 02:00:00-04:00,24.0,85,0.0,,290,6.0,,1016.0,,0,1,2024-08-05 02:00:00,KNYC0
2024-08-05 03:00:00-04:00,24.0,88,0.0,,290,6.0,,1016.0,,0,1,2024-08-05 03:00:00,KNYC0
2024-08-05 04:00:00-04:00,23.0,88,0.0,,280,6.0,,1016.0,,0,1,2024-08-05 04:00:00,KNYC0
2024-08-05 05:00:00-04:00,24.0,79,0.0,,299,6.0,,1017.0,,0,1,2024-08-05 05:00:00,KNYC0
2024-08-05 06:00:00-04:00,23.0,82,0.0,,280,6.0,,1018.0,,0,1,2024-08-05 06:00:00,KNYC0
2024-08-05 07:00:00-04:00,24.0,74,0.0,,318,8.6,,1018.0,,0,1,2024-08-05 07:00:00,KNYC0
2024-08-05 08:00:00-04:00,26.0,65,0.0,,330,6.8,,1018.0,,0,1,2024-08-05 08:00:00,KNYC0
2024-08-05 09:00:00-04:00,28.0,56,0.0,,327,6.1,,1018.0,,0,1,2024-08-05 09:00:00,KNYC0
2024-08-05 10:00:00-04:00,29.0,45,0.0,,336,5.0,,1018.0,,0,1,2024-08-05 10:00:00,KNYC0
2024-08-05 11:00:00-04:00,31.0,38,0.0,,13,1.4,,1018.0,,0,1,2024-08-05 11:00:00,KNYC0
2024-08-05 12:00:00-04:00,32.0,37,0.0,,300,7.0,,1017.0,,7,1,2024-08-05 12:00:00,KNYC0
2024-08-05 13:00:00-04:00,31.0,45,0.0,,233,7.0,,1017.0,,8,3,2024-08-05 13:00:00,KNYC0
2024-08-05 14:00:00-04:00,31.0,47,0.0,,250,9.0,,1017.0,,0,3,2024-08-05 14:00:00,KNYC0
2024-08-05 15:00:00-04:00,31.0,50,0.0,,223,7.0,,1016.0,,1,1,2024-08-05 15:00:00,KNYC0
2024-08-05 16:00:00-04:00,31.0,48,0.0,,205,6.0,,1015.0,,3,2,2024-08-05 16:00:00,KNYC0
2024-08-05 17:00:00-04:00,28.0,57,0.2,,161,20.5,,1015.0,,7,17,2024-08-05 17:00:00,KNYC0
2024-08-05 18:00:00-04:00,28.0,65,0.0,,165,17.6,,1016.0,,8,3,2024-08-05 18:00:00,KNYC0
2024-08-05 19:00:00-04:00,27.0,72,0.0,,190,22.0,,1016.0,,7,3,2024-08-05 19:00:00,KNYC0
2024-08-05 20:00:00-04:00,27.0,76,0.0,,204,19.8,,1016.0,,7,3,2024-08-05 20:00:00,KNYC0
2024-08-05 21:00:00-04:00,28.0,57,0.0,,217,6.0,,1015.0,,7,3,2024-08-05 21:00:00,KNYC0
2024-08-05 22:00:00-04:00,28.0,55,0.0,,210,6.0,,1015.0,,8,3,2024-08-05 22:00:00,KNYC0
2024-08-05 23:00:00-04:00,27.0,69,0.0,,222,7.0,,1015.0,,7,3,2024-08-05 23:00:00,KNYC0
2024-08-06 00:00:00-04:00,27.0,72,0.0,,222,7.0,,1015.0,,4,3,2024-08-06 00:00:00,KNYC0
2024-08-06 01:00:00-04:00,27.0,74,0.0,,230,9.0,,1015.0,,6,3,2024-08-06 01:00:00,KNYC0
2024-08-06 02:00:00-04:00,27.0,74,0.0,,220,13.0,,1014.0,,6,3,2024-08-06 02:00:00,KNYC0
2024-08-06 03:00:00-04:00,26.0,77,0.0,,238,7.0,,1014.0,,8,3,2024-08-06 03:00:00,KNYC0
2024-08-06 04:00:00-04:00,26.0,77,0.0,,236,7.0,,1014.0,,0,3,2024-08-06 04:00:00,KNYC0
2024-08-06 05:00:00-04:00,26.0,82,0.0,,229,6.0,,1015.0,,0,1,2024-08-06 05:00:00,KNYC0
2024-08-06 06:00:00-04:00,26.0,85,0.0,,222,7.0,,1015.0,,0,1,2024-08-06 06:00:00,KNYC0
2024-08-06 07:00:00-04:00,26.0,82,0.0,,238,14.0,,1015.0,,1,1,2024-08-06 07:00:00,KNYC0
2024-08-06 08:00:00-04:00,27.0,82,0.0,,246,11.2,,1015.0,,0,2,2024-08-06 08:00:00,KNYC0
2024-08-06 09:00:00-04:00,27.0,77,0.0,,266,6.0,,1015.0,,0,1,2024-08-06 09:00:00,KNYC0
2024-08-06 10:00:00-04:00,29.0,63,0.0,,276,6.0,,1015.0,,1,1,2024-08-06 10:00:00,KNYC0
2024-08-06 11:00:00-04:00,31.0,55,0.0,,260,7.0,,1014.0,,1,1,2024-08-06 11:00:00,KNYC0
2024-08-06 12:00:00-04:00,31.0,55,0.0,,250,9.4,,1014.0,,1,1,2024-08-06 12:00:00,KNYC0
2024-08-06 13:00:00-04:00,30.0,59,0.0,,265,11.2,,1014.0,,3,1,2024-08-06 13:00:00,KNYC0
2024-08-06 14:00:00-04:00,32.0,56,0.0,,80,7.0,,1013.0,,7,2,2024-08-06 14:00:00,KNYC0
2024-08-06 15:00:00-04:00,29.0,68,3.6,,140,7.0,,1013.0,,6,18,2024-08-06 15:00:00,KNYC0
2024-08-06 16:00:00-04:00,28.0,70,10.8,,122,17.3,,1013.0,,6,18,2024-08-06 16:00:00,KNYC0
2024-08-06 17:00:00-04:00,25.0,82,0.5,,162,15.1,,1014.0,,6,17,2024-08-06 17:00:00,KNYC0
2024-08-06 18:00:00-04:00,24.0,82,0.2,,30,6.0,,1014.0,,5,17,2024-08-06 18:00:00,KNYC0
2024-08-06 19:00:00-04:00,23.0,94,0.2,,25,9.0,,1015.0,,8,17,2024-08-06 19:00:00,KNYC0
2024-08-06 20:00:00-04:00,23.0,94,1.2,,84,7.0,,1015.0,,8,9,2024-08-06 20:00:00,KNYC0
2024-08-06 21:00:00-04:00,22.0,94,0.4,,120,7.0,,1015.0,,7,8,2024-08-06 21:00:00,KNYC0
2024-08-06 22:00:00-04:00,22.0,94,0.0,,96,11.5,,1015.0,,8,3,2024-08-06 22:00:00,KNYC0
2024-08-06 23:00:00-04:00,22.0,94,0.1,,88,6.0,,1015.0,,8,7,2024-08-06 23:00:00,KNYC0
2024-08-07 00:00:00-04:00,22.0,94,0.5,,140,7.0,,1013.0,,8,8,2024-08-07 00:00:00,KNYC0
2024-08-07 01:00:00-04:00,22.0,94,3.1,,6,5.4,,1013.0,,8,9,2024-08-07 01:00:00,KNYC0
2024-08-07 02:00:00-04:00,22.0,94,2.7,,120,6.0,,1013.0,,8,9,2024-08-07 02:00:00,KNYC0
2024-08-07 03:00:00-04:00,22.0,94,2.4,,313,6.0,,1013.0,,8,9,2024-08-07 03:00:00,KNYC0
2024-08-07 04:00:00-04:00,22.0,94,6.8,,60,11.0,,1013.0,,8,9,2024-08-07 04:00:00,KNYC0
2024-08-07 05:00:00-04:00,22.0,94,0.0,,60,7.0,,1014.0,,8,5,2024-08-07 05:00:00,KNYC0
2024-08-07 06:00:00-04:00,21.0,93,0.1,,70,11.0,,1015.0,,8,7,2024-08-07 06:00:00,KNYC0
2024-08-07 07:00:00-04:00,19.0,93,0.4,,60,19.0,,1015.0,,8,8,2024-08-07 07:00:00,KNYC0
2024-08-07 08:00:00-04:00,19.0,91,0.1,,70,20.0,,1016.0,,8,7,2024-08-07 08:00:00,KNYC0
2024-08-07 09:00:00-04:00,19.0,91,0.1,,60,15.0,,1016.0,,8,7,2024-08-07 09:00:00,KNYC0
2024-08-07 10:00:00-04:00,18.0,93,0.0,,65,11.0,,1017.0,,8,3,2024-08-07 10:00:00,KNYC0
2024-08-07 11:00:00-04:00,18.0,90,0.0,,60,19.0,,1017.0,,8,3,2024-08-07 11:00:00,KNYC0
2024-08-07 12:00:00-04:00,18.0,90,0.0,,60,13.0,,1017.0,,8,5,2024-08-07 12:00:00,KNYC0
2024-08-07 13:00:00-04:00,18.0,90,0.0,,60,15.0,,1017.0,,8,3,2024-08-07 13:00:00,KNYC0
2024-08-07 14:00:00-04:00,19.0,90,0.0,,66,11.0,,1017.0,,8,3,2024-08-07 14:00:00,KNYC0
2024-08-07 15:00:00-04:00,18.0,93,0.0,,50,17.0,,1017.0,,8,3,2024-08-07 15:00:00,KNYC0
2024-08-07 16:00:00-04:00,19.0,90,0.0,,70,13.0,,1017.0,,8,3,2024-08-07 16:00:00,KNYC0
2024-08-07 17:00:00-04:00,19.0,90,0.2,,60,17.0,,1017.0,,8,7,2024-08-07 17:00:00,KNYC0
2024-08-07 18:00:00-04:00,19.0,87,0.1,,70,17.0,,1017.0,,8,7,2024-08-07 18:00:00,KNYC0
2024-08-07 19:00:00-04:00,19.0,87,0.2,,70,15.0,,1018.0,,8,7,2024-08-07 19:00:00,KNYC0
2024-08-07 20:00:00-04:00,19.0,87,0.0,,66,11.0,,1018.0,,8,3,2024-08-07 20:00:00,KNYC0
2024-08-07 21:00:00-04:00,19.0,87,0.0,,70,14.8,,1018.0,,8,3,2024-08-07 21:00:00,KNYC0
2024-08-07 22:00:00-04:00,19.0,81,0.0,,71,7.0,,1019.0,,8,3,2024-08-07 22:00:00,KNYC0
2024-08-07 23:00:00-04:00,19.0,90,0.0,,50,7.0,,1018.0,,8,3,2024-08-07 23:00:00,KNYC0
2024-08-08 00:00:00-04:00,19.0,81,0.0,,120,6.0,,1019.0,,8,3,2024-08-08 00:00:00,KNYC0
2024-08-08 01:00:00-04:00,19.0,81,0.0,,76,9.0,,1019.0,,8,3,2024-08-08 01:00:00,KNYC0
2024-08-08 02:00:00-04:00,19.0,81,0.0,,76,6.0,,1019.0,,8,3,2024-08-08 02:00:00,KNYC0
2024-08-08 03:00:00-04:00,19.0,87,0.0,,60,7.0,,1018.0,,8,3,2024-08-08 03:00:00,KNYC0
2024-08-08 04:00:00-04:00,19.0,84,0.0,,63,14.4,,1019.0,,8,3,2024-08-08 04:00:00,KNYC0
2024-08-08 05:00:00-04:00,19.0,88,0.0,,53,9.0,,1019.0,,8,3,2024-08-08 05:00:00,KNYC0
2024-08-08 06:00:00-04:00,19.0,90,0.0,,80,11.0,,1019.0,,8,3,2024-08-08 06:00:00,KNYC0
2024-08-08 07:00:00-04:00,19.0,90,0.0,,70,13.0,,1020.0,,8,5,2024-08-08 07:00:00,KNYC0
2024-08-08 08:00:00-04:00,19.0,90,0.0,,70,19.0,,1020.0,,8,3,2024-08-08 08:00:00,KNYC0
2024-08-08 09:00:00-04:00,19.0,87,0.0,,60,11.0,,1020.0,,8,3,2024-08-08 09:00:00,KNYC0
2024-08-08 10:00:00-04:00,19.0,91,1.3,,73,7.0,,1020.0,,8,9,2024-08-08 10:00:00,KNYC0
2024-08-08 11:00:00-04:00,20.0,90,0.0,,90,11.0,,1020.0,,8,3,2024-08-08 11:00:00,KNYC0
2024-08-08 12:00:00-04:00,19.0,93,0.2,,79,9.0,,1020.0,,8,7,2024-08-08 12:00:00,KNYC0
2024-08-08 13:00:00-04:00,20.0,93,0.0,,70,13.0,,1020.0,,8,5,2024-08-08 13:00:00,KNYC0
2024-08-08 14:00:00-04:00,20.0,93,0.0,,60,13.0,,1019.0,,8,3,2024-08-08 14:00:00,KNYC0
2024-08-08 15:00:00-04:00,20.0,93,0.0,,80,15.0,,1020.0,,8,3,2024-08-08 15:00:00,KNYC0
2024-08-08 16:00:00-04:00,20.0,93,0.0,,60,7.0,,1020.0,,8,3,2024-08-08 16:00:00,KNYC0
2024-08-08 17:00:00-04:00,21.0,93,0.0,,89,6.0,,1020.0,,8,3,2024-08-08 17:00:00,KNYC0
2024-08-08 18:00:00-04:00,21.0,93,0.0,,50,9.0,,1019.0,,8,5,2024-08-08 18:00:00,KNYC0
2024-08-08 19:00:00-04:00,20.0,93,0.4,,83,11.0,,1019.0,,8,8,2024-08-08 19:00:00,KNYC0
2024-08-08 20:00:00-04:00,21.0,93,0.5,,50,11.0,,1019.0,,8,8,2024-08-08 20:00:00,KNYC0
2024-08-08 21:00:00-04:00,21.0,93,0.5,,60,9.0,,1020.0,,8,8,2024-08-08 21:00:00,KNYC0
2024-08-08 22:00:00-04:00,21.0,93,0.8,,50,9.0,,1019.0,,8,8,2024-08-08 22:00:00,KNYC0
2024-08-08 23:00:00-04:00,21.0,93,1.1,,80,9.0,,1019.0,,8,5,2024-08-08 23:00:00,KNYC0
2024-08-09 00:00:00-04:00,21.0,93,0.5,,50,7.0,,1018.0,,8,5,2024-08-09 00:00:00,KNYC0
2024-08-09 01:00:00-04:00,21.0,97,2.7,,50,9.0,,1017.0,,8,5,2024-08-09 01:00:00,KNYC0
2024-08-09 02:00:00-04:00,22.0,94,0.9,,40,7.0,,1017.0,,8,5,2024-08-09 02:00:00,KNYC0
2024-08-09 03:00:00-04:00,24.0,94,0.0,,135,20.2,,1016.0,,8,5,2024-08-09 03:00:00,KNYC0
2024-08-09 04:00:00-04:00,24.0,94,0.4,,155,9.0,,1015.0,,8,5,2024-08-09 04:00:00,KNYC0
2024-08-09 05:00:00-04:00,24.0,94,1.1,,162,24.8,,1015.0,,8,5,2024-08-09 05:00:00,KNYC0
2024-08-09 06:00:00-04:00,24.0,94,2.1,,140,17.0,,1015.0,,8,5,2024-08-09 06:00:00,KNYC0
2024-08-09 07:00:00-04:00,25.0,94,0.2,,150,9.0,,1015.0,,8,5,2024-08-09 07:00:00,KNYC0
2024-08-09 08:00:00-04:00,25.0,90,8.1,,156,9.0,,1015.0,,8,5,2024-08-09 08:00:00,KNYC0
2024-08-09 09:00:00-04:00,26.0,88,5.5,,171,36.0,,1014.0,,8,9,2024-08-09 09:00:00,KNYC0
2024-08-09 10:00:00-04:00,26.0,87,0.1,,167,9.0,,1013.0,,8,7,2024-08-09 10:00:00,KNYC0
2024-08-09 11:00:00-04:00,26.0,85,0.3,,169,9.0,,1013.0,,8,8,2024-08-09 11:00:00,KNYC0
2024-08-09 12:00:00-04:00,27.0,79,1.5,,150,19.0,,1012.0,,8,9,2024-08-09 12:00:00,KNYC0
2024-08-09 13:00:00-04:00,26.0,82,0.0,,170,13.0,,1011.0,,8,3,2024-08-09 13:00:00,KNYC0
2024-08-09 14:00:00-04:00,26.0,85,0.6,,171,45.7,,1010.0,,8,8,2024-08-09 14:00:00,KNYC0
2024-08-09 15:00:00-04:00,26.0,82,0.2,,160,13.0,,1010.0,,8,7,2024-08-09 15:00:00,KNYC0
2024-08-09 16:00:00-04:00,26.0,82,0.1,,160,11.0,,1010.0,,8,7,2024-08-09 16:00:00,KNYC0
2024-08-09 17:00:00-04:00,26.0,82,1.4,,150,13.0,,1010.0,,8,9,2024-08-09 17:00:00,KNYC0
2024-08-09 18:00:00-04:00,25.0,88,1.5,,194,7.0,,1009.0,,8,9,2024-08-09 18:00:00,KNYC0
2024-08-09 19:00:00-04:00,24.0,94,0.5,,201,7.0,,1010.0,,8,8,2024-08-09 19:00:00,KNYC0
2024-08-09 20:00:00-04:00,24.0,94,0.4,,197,11.0,,1011.0,,8,8,2024-08-09 20:00:00,KNYC0
2024-08-09 21:00:00-04:00,24.0,94,0.0,,202,7.0,,1011.0,,8,3,2024-08-09 21:00:00,KNYC0
2024-08-09 22:00:00-04:00,24.0,94,0.2,,230,7.0,,1011.0,,8,7,2024-08-09 22:00:00,KNYC0
2024-08-09 23:00:00-04:00,24.0,94,0.3,,218,9.0,,1011.0,,8,5,2024-08-09 23:00:00,KNYC0
2024-08-10 00:00:00-04:00,24.0,94,0.3,,218,7.0,,1011.0,,8,5,2024-08-10 00:00:00,KNYC0
2024-08-10 01:00:00-04:00,24.0,91,0.0,,220,16.6,,1011.0,,8,3,2024-08-10 01:00:00,KNYC0
2024-08-10 02:00:00-04:00,24.0,94,0.0,,240,15.5,,1011.0,,8,3,2024-08-10 02:00:00,KNYC0
2024-08-10 03:00:00-04:00,24.0,79,0.0,,258,6.0,,1012.0,,7,3,2024-08-10 03:00:00,KNYC0
2024-08-10 04:00:00-04:00,23.0,79,0.0,,274,7.0,,1012.0,,1,3,2024-08-10 04:00:00,KNYC0
2024-08-10 05:00:00-04:00,23.0,82,0.0,,285,6.0,,1013.0,,0,2,2024-08-10 05:00:00,KNYC0
2024-08-10 06:00:00-04:00,23.0,79,0.0,,300,7.0,,1014.0,,0,1,2024-08-10 06:00:00,KNYC0
2024-08-10 07:00:00-04:00,23.0,71,0.0,,280,9.0,,1014.0,,0,1,2024-08-10 07:00:00,KNYC0
2024-08-10 08:00:00-04:00,24.0,62,0.0,,304,7.0,,1015.0,,0,1,2024-08-10 08:00:00,KNYC0
2024-08-10 09:00:00-04:00,25.0,60,0.0,,302,9.0,,1015.0,,0,1,2024-08-10 09:00:00,KNYC0
2024-08-10 10:00:00-04:00,24.9,73,0.0,,298,12.6,,1013.9,,0,1,2024-08-10 10:00:00,KNYC0
2024-08-10 11:00:00-04:00,28.0,46,0.0,,294,11.5,,1014.0,,0,1,2024-08-10 11:00:00,KNYC0
2024-08-10 12:00:00-04:00,28.0,46,0.0,,284,13.7,,1014.0,,0,1,2024-08-10 12:00:00,KNYC0
2024-08-10 13:00:00-04:00,29.0,46,0.0,,280,13.0,,1014.0,,1,1,2024-08-10 13:00:00,KNYC0
2024-08-10 14:00:00-04:00,29.0,48,0.0,,271,11.0,,1014.0,,1,1,2024-08-10 14:00:00,KNYC0
2024-08-10 15:00:00-04:00,29.0,43,0.0,,279,9.0,,1014.0,,0,1,2024-08-10 15:00:00,KNYC0
2024-08-10 16:00:00-04:00,29.0,41,0.0,,276,9.0,,1013.0,,3,1,2024-08-10 16:00:00,KNYC0
2024-08-10 17:00:00-04:00,28.0,44,0.0,,264,19.8,,1014.0,,4,3,2024-08-10 17:00:00,KNYC0
2024-08-10 18:00:00-04:00,27.0,46,0.0,,282,14.4,,1014.0,,1,3,2024-08-10 18:00:00,KNYC0
2024-08-10 19:00:00-04:00,27.0,47,0.0,,285,6.0,,1014.0,,0,1,2024-08-10 19:00:00,KNYC0
2024-08-10 20:00:00-04:00,27.0,45,0.0,,280,11.5,,1015.0,,7,1,2024-08-10 20:00:00,KNYC0
2024-08-10 21:00:00-04:00,24.2,60,0.0,,289,12.6,,1013.6,,8,3,2024-08-10 21:00:00,KNYC0
2024-08-10 22:00:00-04:00,25.0,48,0.0,,294,6.0,,1016.0,,2,3,2024-08-10 22:00:00,KNYC0
2024-08-10 23:00:00-04:00,24.0,50,0.0,,295,9.0,,1017.0,,2,2,2024-08-10 23:00:00,KNYC0
2024-08-11 00:00:00-04:00,24.0,48,0.0,,298,11.9,,1016.0,,7,2,2024-08-11 00:00:00,KNYC0
2024-08-11 01:00:00-04:00,22.0,57,0.0,,303,11.5,,1016.0,,8,3,2024-08-11 01:00:00,KNYC0
2024-08-11 02:00:00-04:00,22.0,55,0.0,,305,11.2,,1016.0,,8,3,2024-08-11 02:00:00,KNYC0
2024-08-11 03:00:00-04:00,22.0,55,0.0,,314,9.0,,1017.0,,7,3,2024-08-11 03:00:00,KNYC0
2024-08-11 04:00:00-04:00,22.0,57,0.0,,290,6.0,,1017.0,,2,3,2024-08-11 04:00:00,KNYC0
2024-08-11 05:00:00-04:00,22.0,61,0.0,,330,9.4,,1017.0,,2,2,2024-08-11 05:00:00,KNYC0
2024-08-11 06:00:00-04:00,21.0,66,0.0,,349,8.3,,1017.0,,8,2,2024-08-11 06:00:00,KNYC0
2024-08-11 07:00:00-04:00,22.0,71,0.0,,3,11.0,,1017.0,,7,3,2024-08-11 07:00:00,KNYC0
2024-08-11 08:00:00-04:00,23.0,57,0.0,,2,6.0,,1018.0,,8,3,2024-08-11 08:00:00,KNYC0
2024-08-11 09:00:00-04:00,24.0,54,0.0,,18,6.0,,1018.0,,8,3,2024-08-11 09:00:00,KNYC0
2024-08-11 10:00:00-04:00,24.0,60,0.0,,33,4.7,,1018.0,,8,3,2024-08-11 10:00:00,KNYC0
2024-08-11 11:00:00-04:00,23.0,60,0.0,,210,6.0,,1018.0,,8,3,2024-08-11 11:00:00,KNYC0
2024-08-11 12:00:00-04:00,23.0,64,0.0,,185,6.0,,1017.0,,8,3,2024-08-11 12:00:00,KNYC0
2024-08-11 13:00:00-04:00,25.0,52,0.0,,210,11.0,,1016.0,,5,3,2024-08-11 13:00:00,KNYC0
2024-08-11 14:00:00-04:00,26.0,49,0.0,,256,7.0,,1016.0,,1,3,2024-08-11 14:00:00,KNYC0
2024-08-11 15:00:00-04:00,26.0,49,0.0,,255,9.0,,1015.0,,1,1,2024-08-11 15:00:00,KNYC0
2024-08-11 16:00:00-04:00,27.0,41,0.0,,300,11.0,,1015.0,,2,2,2024-08-11 16:00:00,KNYC0
2024-08-11 17:00:00-04:00,25.0,47,0.0,,255,14.8,,1015.0,,1,2,2024-08-11 17:00:00,KNYC0
2024-08-11 18:00:00-04:00,26.0,42,0.0,,257,6.0,,1015.0,,1,2,2024-08-11 18:00:00,KNYC0
2024-08-11 19:00:00-04:00,25.0,42,0.0,,276,6.0,,1015.0,,5,1,2024-08-11 19:00:00,KNYC0
2024-08-11 20:00:00-04:00,24.0,45,0.0,,267,14.4,,1015.0,,1,3,2024-08-11 20:00:00,KNYC0
2024-08-11 21:00:00-04:00,24.0,50,0.0,,278,6.0,,1016.0,,1,1,2024-08-11 21:00:00,KNYC0
2024-08-11 22:00:00-04:00,24.0,46,0.0,,287,9.0,,1016.0,,1,2,2024-08-11 22:00:00,KNYC0
2024-08-11 23:00:00-04:00,23.0,51,0.0,,301,14.8,,1017.0,,3,1,2024-08-11 23:00:00,KNYC0
2024-08-12 00:00:00-04:00,22.0,53,0.0,,295,11.2,,1016.0,,3,2,2024-08-12 00:00:00,KNYC0
2024-08-12 01:00:00-04:00,21.0,55,0.0,,296,7.9,,1016.0,,0,2,2024-08-12 01:00:00,KNYC0
2024-08-12 02:00:00-04:00,21.0,57,0.0,,282,6.0,,1016.0,,0,1,2024-08-12 02:00:00,KNYC0
2024-08-12 03:00:00-04:00,19.0,63,0.0,,267,8.3,,1016.0,,1,1,2024-08-12 03:00:00,KNYC0
2024-08-12 04:00:00-04:00,19.0,68,0.0,,258,8.3,,1016.0,,6,1,2024-08-12 04:00:00,KNYC0
2024-08-12 05:00:00-04:00,19.0,66,0.0,,214,7.6,,1016.0,,8,3,2024-08-12 05:00:00,KNYC0
2024-08-12 06:00:00-04:00,20.0,61,0.0,,218,7.6,,1016.0,,4,3,2024-08-12 06:00:00,KNYC0
2024-08-12 07:00:00-04:00,21.0,61,0.0,,237,6.0,,1017.0,,0,3,2024-08-12 07:00:00,KNYC0
2024-08-12 08:00:00-04:00,22.0,59,0.0,,234,6.0,,1017.0,,0,1,2024-08-12 08:00:00,KNYC0
2024-08-12 09:00:00-04:00,23.0,50,0.0,,270,13.0,,1017.0,,0,1,2024-08-12 09:00:00,KNYC0
2024-08-12 10:00:00-04:00,24.0,48,0.0,,236,13.7,,1017.0,,0,1,2024-08-12 10:00:00,KNYC0
2024-08-12 11:00:00-04:00,24.0,48,0.0,,252,7.0,,1016.0,,2,1,2024-08-12 11:00:00,KNYC0
2024-08-12 12:00:00-04:00,25.0,50,0.0,,262,18.4,,1016.0,,3,2,2024-08-12 12:00:00,KNYC0
2024-08-12 13:00:00-04:00,26.0,45,0.2,,265,9.0,,1015.0,,3,17,2024-08-12 13:00:00,KNYC0
2024-08-12 14:00:00-04:00,26.0,48,0.2,,210,6.0,,1014.0,,4,17,2024-08-12 14:00:00,KNYC0
2024-08-12 15:00:00-04:00,23.0,61,0.0,,278,7.0,,1015.0,,4,3,2024-08-12 15:00:00,KNYC0
2024-08-12 16:00:00-04:00,23.0,67,0.0,,282,20.2,,1015.0,,1,3,2024-08-12 16:00:00,KNYC0
2024-08-12 17:00:00-04:00,25.0,47,0.0,,300,11.0,,1015.0,,1,2,2024-08-12 17:00:00,KNYC0
2024-08-12 18:00:00-04:00,25.0,43,0.0,,281,7.0,,1015.0,,1,1,2024-08-12 18:00:00,KNYC0
2024-08-12 19:00:00-04:00,23.0,56,0.0,,300,9.0,,1016.0,,1,2,2024-08-12 19:00:00,KNYC0
2024-08-12 20:00:00-04:00,23.0,48,0.0,,314,12.2,,1016.0,,1,2,2024-08-12 20:00:00,KNYC0
2024-08-12 21:00:00-04:00,23.0,48,0.0,,327,9.0,,1017.0,,0,1,2024-08-12 21:00:00,KNYC0
2024-08-12 22:00:00-04:00,22.0,51,0.0,,330,10.8,,1017.0,,0,1,2024-08-12 22:00:00,KNYC0
2024-08-12 23:00:00-04:00,21.0,55,0.0,,321,7.0,,1017.0,,0,1,2024-08-12 23:00:00,KNYC0
2024-08-13 00:00:00-04:00,21.0,59,0.0,,318,9.0,,1017.0,,0,1,2024-08-13 00:00:00,KNYC0
2024-08-13 01:00:00-04:00,20.0,59,0.0,,326,6.0,,1017.0,,0,1,2024-08-13 01:00:00,KNYC0
2024-08-13 02:00:00-04:00,19.0,63,0.0,,328,6.0,,1017.0,,0,1,2024-08-13 02:00:00,KNYC0
2024-08-13 03:00:00-04:00,19.0,65,0.0,,324,9.0,,1017.0,,0,1,2024-08-13 03:00:00,KNYC0
2024-08-13 04:00:00-04:00,18.0,70,0.0,,300,9.0,,1017.0,,0,1,2024-08-13 04:00:00,KNYC0
2024-08-13 05:00:00-04:00,18.0,70,0.0,,360,9.0,,1017.0,,0,1,2024-08-13 05:00:00,KNYC0
2024-08-13 06:00:00-04:00,18.0,70,0.0,,350,7.0,,1018.0,,0,1,2024-08-13 06:00:00,KNYC0
2024-08-13 07:00:00-04:00,19.0,68,0.0,,320,12.2,,1019.0,,0,1,2024-08-13 07:00:00,KNYC0
2024-08-13 08:00:00-04:00,21.0,61,0.0,,322,6.0,,1018.0,,0,1,2024-08-13 08:00:00,KNYC0
2024-08-13 09:00:00-04:00,22.0,53,0.0,,323,7.0,,1018.0,,0,1,2024-08-13 09:00:00,KNYC0
2024-08-13 10:00:00-04:00,23.0,50,0.0,,321,10.1,,1018.0,,0,1,2024-08-13 10:00:00,KNYC0
2024-08-13 11:00:00-04:00,24.0,46,0.0,,331,9.0,,1018.0,,0,1,2024-08-13 11:00:00,KNYC0
2024-08-13 12:00:00-04:00,26.0,47,0.0,,333,14.0,,1017.0,,2,1,2024-08-13 12:00:00,KNYC0
2024-08-13 13:00:00-04:00,26.0,45,0.0,,325,15.1,,1017.0,,6,2,2024-08-13 13:00:00,KNYC0
2024-08-13 14:00:00-04:00,26.0,39,0.0,,290,13.0,,1017.0,,7,3,2024-08-13 14:00:00,KNYC0
2024-08-13 15:00:00-04:00,27.0,41,0.0,,323,14.0,,1016.0,,5,3,2024-08-13 15:00:00,KNYC0
2024-08-13 16:00:00-04:00,26.0,39,0.0,,321,13.0,,1016.0,,7,3,2024-08-13 16:00:00,KNYC0
2024-08-13 17:00:00-04:00,27.0,42,0.0,,50,13.0,,1016.0,,6,3,2024-08-13 17:00:00,KNYC0
2024-08-13 18:00:00-04:00,26.0,43,0.0,,60,7.0,,1016.0,,3,3,2024-08-13 18:00:00,KNYC0
2024-08-13 19:00:00-04:00,25.0,59,0.0,,313,7.2,,1015.0,,0,2,2024-08-13 19:00:00,KNYC0
2024-08-13 20:00:00-04:00,23.0,52,0.0,,30,6.0,,1017.0,,2,1,2024-08-13 20:00:00,KNYC0
2024-08-13 21:00:00-04:00,23.0,50,0.0,,343,6.5,,1017.0,,7,2,2024-08-13 21:00:00,KNYC0
2024-08-13 22:00:00-04:00,23.0,53,0.0,,50,7.0,,1017.0,,7,3,2024-08-13 22:00:00,KNYC0
2024-08-13 23:00:00-04:00,23.0,55,0.0,,20,6.0,,1018.0,,7,3,2024-08-13 23:00:00,KNYC0
2024-08-14 00:00:00-04:00,23.0,57,0.0,,332,7.9,,1018.0,,6,3,2024-08-14 00:00:00,KNYC0
2024-08-14 01:00:00-04:00,21.0,66,0.0,,337,9.4,,1018.0,,4,3,2024-08-14 01:00:00,KNYC0
2024-08-14 02:00:00-04:00,21.0,68,0.0,,300,7.0,,1018.0,,7,3,2024-08-14 02:00:00,KNYC0
2024-08-14 03:00:00-04:00,20.0,76,0.0,,338,9.4,,1018.0,,0,3,2024-08-14 03:00:00,KNYC0
2024-08-14 04:00:00-04:00,19.0,79,0.0,,341,9.7,,1018.0,,8,1,2024-08-14 04:00:00,KNYC0
2024-08-14 05:00:00-04:00,20.0,73,0.0,,340,6.0,,1018.0,,6,3,2024-08-14 05:00:00,KNYC0
2024-08-14 06:00:00-04:00,20.0,76,0.0,,341,9.7,,1019.0,,1,3,2024-08-14 06:00:00,KNYC0
2024-08-14 07:00:00-04:00,21.0,73,0.0,,343,11.5,,1019.0,,0,1,2024-08-14 07:00:00,KNYC0
2024-08-14 08:00:00-04:00,22.0,66,0.0,,345,6.0,,1019.0,,0,1,2024-08-14 08:00:00,KNYC0
2024-08-14 09:00:00-04:00,24.0,64,0.0,,60,11.0,,1019.0,,0,1,2024-08-14 09:00:00,KNYC0
2024-08-14 10:00:00-04:00,25.0,58,0.0,,357,6.0,,1019.0,,0,1,2024-08-14 10:00:00,KNYC0
2024-08-14 11:00:00-04:00,27.0,51,0.0,,3,7.0,,1019.0,,1,1,2024-08-14 11:00:00,KNYC0
2024-08-14 12:00:00-04:00,28.0,43,0.0,,20,15.0,,1019.0,,2,2,2024-08-14 12:00:00,KNYC0
2024-08-14 13:00:00-04:00,29.0,37,0.0,,60,7.0,,1018.0,,1,2,2024-08-14 13:00:00,KNYC0
2024-08-14 14:00:00-04:00,28.0,36,0.0,,40,17.0,,1018.0,,2,2,2024-08-14 14:00:00,KNYC0
2024-08-14 15:00:00-04:00,28.0,34,0.0,,40,11.0,,1017.0,,2,2,2024-08-14 15:00:00,KNYC0
2024-08-14 16:00:00-04:00,28.0,41,0.0,,50,13.0,,1017.0,,3,2,2024-08-14 16:00:00,KNYC0
2024-08-14 17:00:00-04:00,27.0,47,0.0,,60,11.0,,1017.0,,3,3,2024-08-14 17:00:00,KNYC0
2024-08-14 18:00:00-04:00,26.0,50,0.0,,355,9.7,,1018.0,,2,2,2024-08-14 18:00:00,KNYC0
2024-08-14 19:00:00-04:00,26.0,48,0.0,,335,11.2,,1018.0,,2,2,2024-08-14 19:00:00,KNYC0
2024-08-14 20:00:00-04:00,25.0,50,0.0,,334,9.4,,1018.0,,1,2,2024-08-14 20:00:00,KNYC0
2024-08-14 21:00:00-04:00,26.0,52,0.0,,348,8.6,,1019.0,,0,1,2024-08-14 21:00:00,KNYC0
2024-08-14 22:00:00-04:00,24.0,58,0.0,,344,9.4,,1019.0,,0,1,2024-08-14 22:00:00,KNYC0
2024-08-14 23:00:00-04:00,23.0,53,0.0,,344,9.4,,1019.0,,0,1,2024-08-14 23:00:00,KNYC0
2024-08-15 00:00:00-04:00,23.0,55,0.0,,340,9.7,,1019.0,,0,1,2024-08-15 00:00:00,KNYC0
2024-08-15 01:00:00-04:00,19.6,85,0.0,,338,9.0,,1017.7,,0,1,2024-08-15 01:00:00,KNYC0
2024-08-15 02:00:00-04:00,22.0,59,0.0,,338,8.6,,1018.0,,0,1,2024-08-15 02:00:00,KNYC0
2024-08-15 03:00:00-04:00,21.0,66,0.0,,336,8.6,,1018.0,,0,1,2024-08-15 03:00:00,KNYC0
2024-08-15 04:00:00-04:00,21.0,68,0.0,,336,9.0,,1018.0,,0,1,2024-08-15 04:00:00,KNYC0
2024-08-15 05:00:00-04:00,21.0,68,0.0,,300,6.0,,1018.0,,2,1,2024-08-15 05:00:00,KNYC0
2024-08-15 06:00:00-04:00,20.0,73,0.0,,322,7.6,,1019.0,,3,2,2024-08-15 06:00:00,KNYC0
2024-08-15 07:00:00-04:00,22.0,66,0.0,,326,8.3,,1019.0,,0,2,2024-08-15 07:00:00,KNYC0
2024-08-15 08:00:00-04:00,23.0,64,0.0,,330,7.2,,1020.0,,0,1,2024-08-15 08:00:00,KNYC0
2024-08-15 09:00:00-04:00,24.0,62,0.0,,330,6.0,,1020.0,,2,1,2024-08-15 09:00:00,KNYC0
2024-08-15 10:00:00-04:00,26.0,54,0.0,,50,6.0,,1019.0,,3,2,2024-08-15 10:00:00,KNYC0
2024-08-15 11:00:00-04:00,27.0,51,0.0,,350,10.4,,1019.0,,3,2,2024-08-15 11:00:00,KNYC0
2024-08-15 12:00:00-04:00,29.0,43,0.0,,340,9.7,,1019.0,,1,3,2024-08-15 12:00:00,KNYC0
2024-08-15 13:00:00-04:00,29.0,40,0.0,,325,6.0,,1018.0,,3,2,2024-08-15 13:00:00,KNYC0
2024-08-15 14:00:00-04:00,29.0,45,0.0,,312,9.0,,1018.0,,3,2,2024-08-15 14:00:00,KNYC0
2024-08-15 15:00:00-04:00,29.0,38,0.0,,297,8.6,,1017.0,,1,3,2024-08-15 15:00:00,KNYC0
2024-08-15 16:00:00-04:00,29.0,33,0.0,,306,9.7,,1017.0,,2,2,2024-08-15 16:00:00,KNYC0
2024-08-15 17:00:00-04:00,29.0,32,0.0,,321,10.8,,1017.0,,1,2,2024-08-15 17:00:00,KNYC0
2024-08-15 18:00:00-04:00,27.0,46,0.0,,315,10.1,,1017.0,,1,2,2024-08-15 18:00:00,KNYC0
2024-08-15 19:00:00-04:00,28.0,38,0.0,,307,5.0,,1017.0,,2,1,2024-08-15 19:00:00,KNYC0
2024-08-15 20:00:00-04:00,27.0,44,0.0,,312,7.9,,1018.0,,1,2,2024-08-15 20:00:00,KNYC0
2024-08-15 21:00:00-04:00,27.0,47,0.0,,318,9.0,,1018.0,,3,2,2024-08-15 21:00:00,KNYC0
2024-08-15 22:00:00-04:00,25.0,52,0.0,,306,7.6,,1018.0,,1,3,2024-08-15 22:00:00,KNYC0
2024-08-15 23:00:00-04:00,26.0,52,0.0,,330,7.2,,1018.0,,0,1,2024-08-15 23:00:00,KNYC0
2024-08-16 00:00:00-04:00,24.0,62,0.0,,359,6.8,,1018.0,,0,1,2024-08-16 00:00:00,KNYC0
2024-08-16 01:00:00-04:00,24.0,62,0.0,,270,7.0,,1018.0,,0,1,2024-08-16 01:00:00,KNYC0
2024-08-16 02:00:00-04:00,23.0,67,0.0,,300,6.0,,1017.0,,0,1,2024-08-16 02:00:00,KNYC0
2024-08-16 03:00:00-04:00,22.0,71,0.0,,287,7.2,,1017.0,,0,1,2024-08-16 03:00:00,KNYC0
2024-08-16 04:00:00-04:00,23.0,66,0.0,,313,7.2,,1018.0,,0,1,2024-08-16 04:00:00,KNYC0
2024-08-16 05:00:00-04:00,22.0,68,0.0,,300,6.0,,1018.0,,0,1,2024-08-16 05:00:00,KNYC0
2024-08-16 06:00:00-04:00,22.0,73,0.0,,346,7.6,,1018.0,,0,1,2024-08-16 06:00:00,KNYC0
2024-08-16 07:00:00-04:00,23.0,71,0.0,,339,7.2,,1018.0,,0,1,2024-08-16 07:00:00,KNYC0
2024-08-16 08:00:00-04:00,24.0,64,0.0,,322,4.0,,1019.0,,0,1,2024-08-16 08:00:00,KNYC0
2024-08-16 09:00:00-04:00,26.0,60,0.0,,336,6.0,,1019.0,,0,1,2024-08-16 09:00:00,KNYC0
2024-08-16 10:00:00-04:00,27.0,60,0.0,,12,4.7,,1019.0,,0,1,2024-08-16 10:00:00,KNYC0
2024-08-16 11:00:00-04:00,28.0,55,0.0,,90,11.0,,1019.0,,0,1,2024-08-16 11:00:00,KNYC0
2024-08-16 12:00:00-04:00,28.0,48,0.0,,3,9.0,,1018.0,,1,1,2024-08-16 12:00:00,KNYC0
2024-08-16 13:00:00-04:00,31.0,42,0.0,,70,6.0,,1018.0,,0,1,2024-08-16 13:00:00,KNYC0
2024-08-16 14:00:00-04:00,29.0,46,0.0,,145,9.0,,1018.0,,2,1,2024-08-16 14:00:00,KNYC0
2024-08-16 15:00:00-04:00,28.0,53,0.0,,153,7.0,,1017.0,,1,2,2024-08-16 15:00:00,KNYC0
2024-08-16 16:00:00-04:00,27.0,61,0.0,,146,7.0,,1017.0,,2,1,2024-08-16 16:00:00,KNYC0
2024-08-16 17:00:00-04:00,27.0,60,0.0,,144,6.0,,1017.0,,7,2,2024-08-16 17:00:00,KNYC0
2024-08-16 18:00:00-04:00,26.0,67,0.0,,160,9.0,,1017.0,,6,3,2024-08-16 18:00:00,KNYC0
2024-08-16 19:00:00-04:00,24.0,71,0.0,,148,9.0,,1018.0,,2,3,2024-08-16 19:00:00,KNYC0
2024-08-16 20:00:00-04:00,23.0,79,0.0,,144,6.0,,1018.0,,7,2,2024-08-16 20:00:00,KNYC0
2024-08-16 21:00:00-04:00,23.0,79,0.0,,152,6.0,,1018.0,,8,3,2024-08-16 21:00:00,KNYC0
2024-08-16 22:00:00-04:00,23.0,81,0.0,,142,7.0,,1018.0,,8,3,2024-08-16 22:00:00,KNYC0
2024-08-16 23:00:00-04:00,23.0,79,0.0,,125,11.9,,1018.0,,8,3,2024-08-16 23:00:00,KNYC0
2024-08-17 00:00:00-04:00,23.0,81,0.0,,135,6.0,,1018.0,,4,3,2024-08-17 00:00:00,KNYC0
2024-08-17 01:00:00-04:00,22.0,84,0.0,,120,6.0,,1018.0,,7,3,2024-08-17 01:00:00,KNYC0
2024-08-17 02:00:00-04:00,23.0,81,0.0,,133,8.6,,1018.0,,4,3,2024-08-17 02:00:00,KNYC0
2024-08-17 03:00:00-04:00,22.0,84,0.0,,120,10.4,,1017.0,,3,3,2024-08-17 03:00:00,KNYC0
2024-08-17 04:00:00-04:00,23.0,81,0.0,,110,6.0,,1017.0,,3,3,2024-08-17 04:00:00,KNYC0
2024-08-17 05:00:00-04:00,23.0,79,0.0,,105,10.1,,1017.0,,7,2,2024-08-17 05:00:00,KNYC0
2024-08-17 06:00:00-04:00,23.0,81,0.0,,99,6.0,,1017.0,,4,3,2024-08-17 06:00:00,KNYC0
2024-08-17 07:00:00-04:00,23.0,82,0.0,,100,12.2,,1017.0,,7,3,2024-08-17 07:00:00,KNYC0
2024-08-17 08:00:00-04:00,23.0,82,0.0,,120,7.0,,1017.0,,7,3,2024-08-17 08:00:00,KNYC0
2024-08-17 09:00:00-04:00,24.0,76,0.0,,147,6.0,,1017.0,,8,3,2024-08-17 09:00:00,KNYC0
2024-08-17 10:00:00-04:00,25.0,71,0.0,,143,9.0,,1018.0,,1,3,2024-08-17 10:00:00,KNYC0
2024-08-17 11:00:00-04:00,25.0,71,0.0,,100,7.0,,1017.0,,1,1,2024-08-17 11:00:00,KNYC0
2024-08-17 12:00:00-04:00,25.0,71,0.0,,152,19.8,,1017.0,,3,1,2024-08-17 12:00:00,KNYC0
2024-08-17 13:00:00-04:00,25.0,71,0.0,,161,7.0,,1017.0,,8,2,2024-08-17 13:00:00,KNYC0
2024-08-17 14:00:00-04:00,26.0,69,0.0,,153,6.0,,1016.0,,8,3,2024-08-17 14:00:00,KNYC0
2024-08-17 15:00:00-04:00,24.0,74,0.0,,148,6.0,,1016.0,,8,3,2024-08-17 15:00:00,KNYC0
2024-08-17 16:00:00-04:00,24.0,74,0.0,,145,6.0,,1016.0,,8,3,2024-08-17 16:00:00,KNYC0
2024-08-17 17:00:00-04:00,23.0,84,0.0,,149,20.5,,1016.0,,8,3,2024-08-17 17:00:00,KNYC0
2024-08-17 18:00:00-04:00,20.0,87,0.0,,150,6.0,,1015.0,,8,3,2024-08-17 18:00:00,KNYC0
2024-08-17 19:00:00-04:00,21.0,81,0.0,,146,6.0,,1015.0,,8,3,2024-08-17 19:00:00,KNYC0
2024-08-17 20:00:00-04:00,22.0,73,0.0,,136,17.3,,1015.0,,8,3,2024-08-17 20:00:00,KNYC0
2024-08-17 21:00:00-04:00,22.0,79,0.0,,141,15.5,,1016.0,,8,3,2024-08-17 21:00:00,KNYC0
2024-08-17 22:00:00-04:00,23.0,76,0.0,,150,15.5,,1015.0,,8,3,2024-08-17 22:00:00,KNYC0
2024-08-17 23:00:00-04:00,23.0,84,0.0,,155,13.7,,1015.0,,7,3,2024-08-17 23:00:00,KNYC0
2024-08-18 00:00:00-04:00,23.0,79,0.0,,149,6.0,,1014.0,,6,3,2024-08-18 00:00:00,KNYC0
2024-08-18 01:00:00-04:00,23.0,81,0.0,,149,14.0,,1014.0,,8,3,2024-08-18 01:00:00,KNYC0
2024-08-18 02:00:00-04:00,23.0,82,0.0,,149,15.1,,1014.0,,8,3,2024-08-18 02:00:00,KNYC0
2024-08-18 03:00:00-04:00,22.0,94,0.7,,156,14.4,,1014.0,,8,5,2024-08-18 03:00:00,KNYC0
2024-08-18 04:00:00-04:00,22.0,90,1.3,,137,16.9,,1013.0,,8,9,2024-08-18 04:00:00,KNYC0
2024-08-18 05:00:00-04:00,21.0,93,0.7,,156,6.0,,1013.0,,8,8,2024-08-18 05:00:00,KNYC0
2024-08-18 06:00:00-04:00,22.0,94,0.7,,169,18.4,,1013.0,,8,8,2024-08-18 06:00:00,KNYC0
2024-08-18 07:00:00-04:00,22.0,94,0.9,,157,6.0,,1013.0,,8,8,2024-08-18 07:00:00,KNYC0
2024-08-18 08:00:00-04:00,22.0,94,1.9,,167,6.0,,1013.0,,7,9,2024-08-18 08:00:00,KNYC0
2024-08-18 09:00:00-04:00,22.0,94,0.2,,177,18.4,,1012.0,,8,17,2024-08-18 09:00:00,KNYC0
2024-08-18 10:00:00-04:00,23.0,94,0.0,,175,6.0,,1012.0,,8,5,2024-08-18 10:00:00,KNYC0
2024-08-18 11:00:00-04:00,24.0,90,0.0,,174,24.1,,1012.0,,8,5,2024-08-18 11:00:00,KNYC0
2024-08-18 12:00:00-04:00,25.0,85,0.0,,164,9.0,,1011.0,,5,5,2024-08-18 12:00:00,KNYC0
2024-08-18 13:00:00-04:00,26.0,79,0.2,,161,27.0,,1011.0,,6,17,2024-08-18 13:00:00,KNYC0
2024-08-18 14:00:00-04:00,26.0,77,0.4,,164,11.0,,1010.0,,8,17,2024-08-18 14:00:00,KNYC0
2024-08-18 15:00:00-04:00,27.0,71,0.3,,157,6.0,,1009.0,,8,8,2024-08-18 15:00:00,KNYC0
2024-08-18 16:00:00-04:00,26.0,77,0.2,,153,7.0,,1009.0,,8,7,2024-08-18 16:00:00,KNYC0
2024-08-18 17:00:00-04:00,24.0,85,0.0,,120,11.0,,1009.0,,8,3,2024-08-18 17:00:00,KNYC0
2024-08-18 18:00:00-04:00,25.0,79,0.0,,141,7.0,,1009.0,,8,3,2024-08-18 18:00:00,KNYC0
2024-08-18 19:00:00-04:00,24.0,88,0.2,,147,18.4,,1010.0,,7,7,2024-08-18 19:00:00,KNYC0
2024-08-18 20:00:00-04:00,21.0,93,0.9,,290,9.0,,1010.0,,8,17,2024-08-18 20:00:00,KNYC0
2024-08-18 21:00:00-04:00,21.0,93,0.0,,147,7.0,,1010.0,,6,3,2024-08-18 21:00:00,KNYC0
2024-08-18 22:00:00-04:00,21.0,96,0.0,,40,6.0,,1010.0,,8,5,2024-08-18 22:00:00,KNYC0
2024-08-18 23:00:00-04:00,21.0,93,0.1,,265,6.0,,1009.0,,8,7,2024-08-18 23:00:00,KNYC0
2024-08-19 00:00:00-04:00,21.0,93,0.2,,298,5.8,,1009.0,,7,7,2024-08-19 00:00:00,KNYC0
2024-08-19 01:00:00-04:00,21.0,90,0.0,,176,6.1,,1007.0,,5,3,2024-08-19 01:00:00,KNYC0
2024-08-19 02:00:00-04:00,21.0,93,0.0,,20,9.0,,1006.0,,1,3,2024-08-19 02:00:00,KNYC0
2024-08-19 03:00:00-04:00,21.0,93,0.0,,9,7.0,,1006.0,,6,1,2024-08-19 03:00:00,KNYC0
2024-08-19 04:00:00-04:00,21.0,90,0.0,,304,3.2,,1007.0,,2,5,2024-08-19 04:00:00,KNYC0
2024-08-19 05:00:00-04:00,21.0,93,0.0,,284,4.7,,1007.0,,8,2,2024-08-19 05:00:00,KNYC0
2024-08-19 06:00:00-04:00,21.0,90,0.0,,290,6.0,,1007.0,,8,5,2024-08-19 06:00:00,KNYC0
2024-08-19 07:00:00-04:00,21.0,93,0.0,,321,8.3,,1007.0,,8,5,2024-08-19 07:00:00,KNYC0
2024-08-19 08:00:00-04:00,22.0,91,0.0,,320,9.7,,1008.0,,8,5,2024-08-19 08:00:00,KNYC0
2024-08-19 09:00:00-04:00,23.0,87,0.0,,280,7.0,,1007.0,,8,5,2024-08-19 09:00:00,KNYC0
2024-08-19 10:00:00-04:00,24.0,71,0.0,,286,9.7,,1007.0,,8,3,2024-08-19 10:00:00,KNYC0
2024-08-19 11:00:00-04:00,27.0,69,0.0,,259,6.1,,1006.0,,8,3,2024-08-19 11:00:00,KNYC0
2024-08-19 12:00:00-04:00,27.0,64,0.0,,241,7.6,,1006.0,,5,3,2024-08-19 12:00:00,KNYC0
2024-08-19 13:00:00-04:00,27.0,69,0.1,,233,6.0,,1005.0,,3,17,2024-08-19 13:00:00,KNYC0
2024-08-19 14:00:00-04:00,27.8,68,0.2,,228,14.4,,1004.3,,4,17,2024-08-19 14:00:00,KNYC0
2024-08-19 15:00:00-04:00,28.1,65,0.1,,228,16.6,,1003.9,,4,17,2024-08-19 15:00:00,KNYC0
2024-08-19 16:00:00-04:00,27.0,64,0.2,,190,15.8,,1005.0,,4,17,2024-08-19 16:00:00,KNYC0
2024-08-19 17:00:00-04:00,26.0,62,2.2,,300,13.0,,1005.0,,8,18,2024-08-19 17:00:00,KNYC0
2024-08-19 18:00:00-04:00,22.0,87,0.4,,264,6.0,,1005.0,,3,8,2024-08-19 18:00:00,KNYC0
2024-08-19 19:00:00-04:00,23.5,83,0.0,,281,9.7,,1005.1,,4,3,2024-08-19 19:00:00,KNYC0
2024-08-19 20:00:00-04:00,22.8,83,0.0,,292,14.4,,1005.6,,5,3,2024-08-19 20:00:00,KNYC0
2024-08-19 21:00:00-04:00,22.0,68,0.0,,290,19.0,,1008.0,,8,3,2024-08-19 21:00:00,KNYC0
2024-08-19 22:00:00-04:00,21.4,73,0.0,,320,20.5,,1007.2,,8,3,2024-08-19 22:00:00,KNYC0
2024-08-19 23:00:00-04:00,21.0,64,0.0,,322,7.0,,1009.0,,8,3,2024-08-19 23:00:00,KNYC0
2024-08-20 00:00:00-04:00,20.0,61,0.0,,300,9.0,,1009.0,,8,3,2024-08-20 00:00:00,KNYC0
2024-08-20 01:00:00-04:00,20.0,61,0.0,,326,7.0,,1009.0,,8,3,2024-08-20 01:00:00,KNYC0
2024-08-20 02:00:00-04:00,19.0,63,0.0,,327,6.0,,1009.0,,8,3,2024-08-20 02:00:00,KNYC0
2024-08-20 03:00:00-04:00,18.0,65,0.0,,329,14.8,,1010.0,,7,3,2024-08-20 03:00:00,KNYC0
2024-08-20 04:00:00-04:00,18.0,65,0.0,,300,13.0,,1010.0,,3,3,2024-08-20 04:00:00,KNYC0
2024-08-20 05:00:00-04:00,17.0,65,0.0,,300,17.0,,1011.0,,8,2,2024-08-20 05:00:00,KNYC0
2024-08-20 06:00:00-04:00,17.0,65,0.0,,324,6.0,,1012.0,,8,3,2024-08-20 06:00:00,KNYC0
2024-08-20 07:00:00-04:00,17.0,62,0.0,,324,15.1,,1012.0,,8,3,2024-08-20 07:00:00,KNYC0
2024-08-20 08:00:00-04:00,17.0,60,0.0,,330,17.3,,1013.0,,8,3,2024-08-20 08:00:00,KNYC0
2024-08-20 09:00:00-04:00,19.0,56,0.0,,300,15.0,,1013.0,,8,3,2024-08-20 09:00:00,KNYC0
2024-08-20 10:00:00-04:00,19.0,54,0.0,,337,16.9,,1013.0,,8,3,2024-08-20 10:00:00,KNYC0
2024-08-20 11:00:00-04:00,19.0,51,0.0,,332,16.6,,1014.0,,3,3,2024-08-20 11:00:00,KNYC0
2024-08-20 12:00:00-04:00,21.0,45,0.0,,318,11.0,,1013.0,,1,2,2024-08-20 12:00:00,KNYC0
2024-08-20 13:00:00-04:00,21.0,42,0.0,,308,11.0,,1013.0,,2,1,2024-08-20 13:00:00,KNYC0
2024-08-20 14:00:00-04:00,22.0,41,0.0,,308,20.9,,1013.0,,2,2,2024-08-20 14:00:00,KNYC0
2024-08-20 15:00:00-04:00,22.0,41,0.0,,304,7.0,,1014.0,,0,2,2024-08-20 15:00:00,KNYC0
2024-08-20 16:00:00-04:00,21.0,39,0.0,,300,17.0,,1014.0,,1,1,2024-08-20 16:00:00,KNYC0
2024-08-20 17:00:00-04:00,21.0,39,0.0,,290,13.0,,1014.0,,0,1,2024-08-20 17:00:00,KNYC0
2024-08-20 18:00:00-04:00,20.0,40,0.0,,300,17.0,,1015.0,,2,1,2024-08-20 18:00:00,KNYC0
2024-08-20 19:00:00-04:00,20.0,42,0.0,,300,13.0,,1015.0,,0,2,2024-08-20 19:00:00,KNYC0
2024-08-20 20:00:00-04:00,19.0,49,0.0,,307,11.0,,1016.0,,0,1,2024-08-20 20:00:00,KNYC0
2024-08-20 21:00:00-04:00,18.0,50,0.0,,310,11.0,,1017.0,,1,1,2024-08-20 21:00:00,KNYC0
2024-08-20 22:00:00-04:00,16.9,64,0.0,,308,12.6,,1015.9,,1,1,2024-08-20 22:00:00,KNYC0
2024-08-20 23:00:00-04:00,17.0,58,0.0,,311,13.7,,1017.0,,0,1,2024-08-20 23:00:00,KNYC0
2024-08-21 00:00:00-04:00,16.0,58,0.0,,311,7.0,,1017.0,,0,1,2024-08-21 00:00:00,KNYC0
2024-08-21 01:00:00-04:00,16.0,62,0.0,,300,11.0,,1017.0,,0,1,2024-08-21 01:00:00,KNYC0
2024-08-21 02:00:00-04:00,15.0,64,0.0,,304,11.9,,1017.0,,0,1,2024-08-21 02:00:00,KNYC0
2024-08-21 03:00:00-04:00,15.0,64,0.0,,303,11.0,,1017.0,,0,1,2024-08-21 03:00:00,KNYC0
2024-08-21 04:00:00-04:00,14.0,70,0.0,,290,9.0,,1017.0,,0,1,2024-08-21 04:00:00,KNYC0
2024-08-21 05:00:00-04:00,14.0,70,0.0,,280,7.0,,1017.0,,0,1,2024-08-21 05:00:00,KNYC0
2024-08-21 06:00:00-04:00,14.0,70,0.0,,312,6.0,,1018.0,,0,1,2024-08-21 06:00:00,KNYC0
2024-08-21 07:00:00-04:00,15.0,67,0.0,,300,7.0,,1018.0,,0,1,2024-08-21 07:00:00,KNYC0
2024-08-21 08:00:00-04:00,16.0,65,0.0,,306,6.0,,1018.0,,0,1,2024-08-21 08:00:00,KNYC0
2024-08-21 09:00:00-04:00,18.0,56,0.0,,306,6.0,,1018.0,,0,1,2024-08-21 09:00:00,KNYC0
2024-08-21 10:00:00-04:00,19.0,52,0.0,,300,13.0,,1018.0,,0,1,2024-08-21 10:00:00,KNYC0
2024-08-21 11:00:00-04:00,21.0,45,0.0,,360,13.0,,1018.0,,2,1,2024-08-21 11:00:00,KNYC0
2024-08-21 12:00:00-04:00,21.0,45,0.0,,308,9.0,,1018.0,,2,2,2024-08-21 12:00:00,KNYC0
2024-08-21 13:00:00-04:00,22.0,43,0.0,,296,11.0,,1018.0,,1,2,2024-08-21 13:00:00,KNYC0
2024-08-21 14:00:00-04:00,22.0,44,0.0,,280,13.0,,1017.0,,3,2,2024-08-21 14:00:00,KNYC0
2024-08-21 15:00:00-04:00,21.0,47,0.0,,250,15.0,,1017.0,,2,2,2024-08-21 15:00:00,KNYC0
2024-08-21 16:00:00-04:00,22.0,41,0.0,,299,11.0,,1018.0,,2,2,2024-08-21 16:00:00,KNYC0
2024-08-21 17:00:00-04:00,21.0,42,0.0,,280,6.0,,1018.0,,1,2,2024-08-21 17:00:00,KNYC0
2024-08-21 18:00:00-04:00,21.0,41,0.0,,280,15.0,,1018.0,,4,2,2024-08-21 18:00:00,KNYC0
2024-08-21 19:00:00-04:00,20.0,47,0.0,,299,7.0,,1019.0,,1,3,2024-08-21 19:00:00,KNYC0
2024-08-21 20:00:00-04:00,19.0,49,0.0,,316,11.0,,1020.0,,0,1,2024-08-21 20:00:00,KNYC0
2024-08-21 21:00:00-04:00,18.0,54,0.0,,315,10.8,,1020.0,,0,1,2024-08-21 21:00:00,KNYC0
2024-08-21 22:00:00-04:00,18.0,58,0.0,,310,7.0,,1021.0,,0,1,2024-08-21 22:00:00,KNYC0
2024-08-21 23:00:00-04:00,17.0,56,0.0,,309,7.0,,1021.0,,0,1,2024-08-21 23:00:00,KNYC0
2024-08-22 00:00:00-04:00,17.0,58,0.0,,290,7.0,,1021.0,,0,1,2024-08-22 00:00:00,KNYC0
2024-08-22 01:00:00-04:00,16.0,65,0.0,,290,6.0,,1021.0,,0,1,2024-08-22 01:00:00,KNYC0
2024-08-22 02:00:00-04:00,16.0,67,0.0,,279,9.7,,1021.0,,0,1,2024-08-22 02:00:00,KNYC0
2024-08-22 03:00:00-04:00,18.0,58,0.0,,276,6.0,,1021.0,,0,1,2024-08-22 03:00:00,KNYC0
2024-08-22 04:00:00-04:00,16.0,69,0.0,,276,9.0,,1021.0,,0,1,2024-08-22 04:00:00,KNYC0
2024-08-22 05:00:00-04:00,15.0,72,0.0,,269,6.0,,1021.0,,0,1,2024-08-22 05:00:00,KNYC0
2024-08-22 06:00:00-04:00,15.0,72,0.0,,265,7.9,,1022.0,,0,1,2024-08-22 06:00:00,KNYC0
2024-08-22 07:00:00-04:00,16.0,70,0.0,,261,9.0,,1022.0,,0,1,2024-08-22 07:00:00,KNYC0
2024-08-22 08:00:00-04:00,17.0,65,0.0,,268,6.0,,1022.0,,0,1,2024-08-22 08:00:00,KNYC0
2024-08-22 09:00:00-04:00,19.0,57,0.0,,273,6.0,,1022.0,,0,1,2024-08-22 09:00:00,KNYC0
2024-08-22 10:00:00-04:00,21.0,51,0.0,,273,9.0,,1022.0,,0,1,2024-08-22 10:00:00,KNYC0
2024-08-22 11:00:00-04:00,23.0,41,0.0,,310,15.0,,1022.0,,2,1,2024-08-22 11:00:00,KNYC0
2024-08-22 12:00:00-04:00,24.0,39,0.0,,290,14.8,,1022.0,,2,2,2024-08-22 12:00:00,KNYC0
2024-08-22 13:00:00-04:00,23.0,41,0.0,,296,6.0,,1022.0,,4,2,2024-08-22 13:00:00,KNYC0
2024-08-22 14:00:00-04:00,23.0,38,0.0,,310,13.0,,1022.0,,8,3,2024-08-22 14:00:00,KNYC0
2024-08-22 15:00:00-04:00,23.0,44,0.0,,300,6.0,,1022.0,,7,3,2024-08-22 15:00:00,KNYC0
2024-08-22 16:00:00-04:00,24.0,40,0.0,,294,16.6,,1022.0,,8,3,2024-08-22 16:00:00,KNYC0
2024-08-22 17:00:00-04:00,23.0,46,0.0,,290,7.0,,1022.0,,3,3,2024-08-22 17:00:00,KNYC0
2024-08-22 18:00:00-04:00,23.0,38,0.0,,304,6.0,,1022.0,,4,2,2024-08-22 18:00:00,KNYC0
2024-08-22 19:00:00-04:00,22.0,46,0.0,,292,6.0,,1023.0,,1,3,2024-08-22 19:00:00,KNYC0
2024-08-22 20:00:00-04:00,22.0,47,0.0,,290,7.0,,1023.0,,0,2,2024-08-22 20:00:00,KNYC0
2024-08-22 21:00:00-04:00,20.0,55,0.0,,296,6.0,,1024.0,,0,1,2024-08-22 21:00:00,KNYC0
2024-08-22 22:00:00-04:00,20.0,57,0.0,,276,8.6,,1024.0,,0,1,2024-08-22 22:00:00,KNYC0
2024-08-22 23:00:00-04:00,19.0,63,0.0,,268,8.6,,1025.0,,1,1,2024-08-22 23:00:00,KNYC0
2024-08-23 00:00:00-04:00,19.0,61,0.0,,280,8.3,,1025.0,,1,1,2024-08-23 00:00:00,KNYC0
2024-08-23 01:00:00-04:00,19.0,61,0.0,,270,6.0,,1025.0,,1,1,2024-08-23 01:00:00,KNYC0
2024-08-23 02:00:00-04:00,18.0,61,0.0,,303,8.3,,1025.0,,1,1,2024-08-23 02:00:00,KNYC0
2024-08-23 03:00:00-04:00,18.0,63,0.0,,300,7.0,,1025.0,,0,1,2024-08-23 03:00:00,KNYC0
2024-08-23 04:00:00-04:00,18.0,63,0.0,,290,6.0,,1025.0,,0,1,2024-08-23 04:00:00,KNYC0
2024-08-23 05:00:00-04:00,17.0,72,0.0,,324,8.6,,1026.0,,0,1,2024-08-23 05:00:00,KNYC0
2024-08-23 06:00:00-04:00,17.0,72,0.0,,303,7.2,,1026.0,,0,1,2024-08-23 06:00:00,KNYC0
2024-08-23 07:00:00-04:00,18.0,68,0.0,,300,9.0,,1027.0,,0,1,2024-08-23 07:00:00,KNYC0
2024-08-23 08:00:00-04:00,20.0,59,0.0,,294,4.7,,1027.0,,0,1,2024-08-23 08:00:00,KNYC0
2024-08-23 09:00:00-04:00,22.0,53,0.0,,296,7.0,,1027.0,,0,1,2024-08-23 09:00:00,KNYC0
2024-08-23 10:00:00-04:00,23.3,49,0.0,,315,7.9,,1026.1,,0,1,2024-08-23 10:00:00,KNYC0
2024-08-23 11:00:00-04:00,24.6,42,0.0,,297,10.1,,1025.8,,0,1,2024-08-23 11:00:00,KNYC0
2024-08-23 12:00:00-04:00,25.4,39,0.0,,301,11.9,,1025.4,,0,1,2024-08-23 12:00:00,KNYC0
2024-08-23 13:00:00-04:00,25.8,38,0.0,,307,13.0,,1025.0,,0,1,2024-08-23 13:00:00,KNYC0
2024-08-23 14:00:00-04:00,26.4,36,0.0,,307,11.9,,1024.6,,0,1,2024-08-23 14:00:00,KNYC0
2024-08-23 15:00:00-04:00,26.7,37,0.0,,298,10.1,,1024.0,,0,1,2024-08-23 15:00:00,KNYC0
2024-08-23 16:00:00-04:00,27.1,35,0.0,,272,9.4,,1023.7,,1,1,2024-08-23 16:00:00,KNYC0
2024-08-23 17:00:00-04:00,26.0,35,0.0,,280,11.9,,1025.0,,3,1,2024-08-23 17:00:00,KNYC0
2024-08-23 18:00:00-04:00,24.0,45,0.0,,276,7.0,,1025.0,,2,3,2024-08-23 18:00:00,KNYC0
2024-08-23 19:00:00-04:00,23.0,53,0.0,,199,6.0,,1025.0,,0,2,2024-08-23 19:00:00,KNYC0
2024-08-23 20:00:00-04:00,22.0,57,0.0,,184,16.2,,1025.0,,0,1,2024-08-23 20:00:00,KNYC0
2024-08-23 21:00:00-04:00,22.0,57,0.0,,198,14.0,,1025.0,,7,1,2024-08-23 21:00:00,KNYC0
2024-08-23 22:00:00-04:00,22.0,59,0.0,,210,6.0,,1025.0,,1,3,2024-08-23 22:00:00,KNYC0
2024-08-23 23:00:00-04:00,22.0,55,0.0,,240,6.0,,1026.0,,1,2,2024-08-23 23:00:00,KNYC0
2024-08-24 00:00:00-04:00,22.0,57,0.0,,250,6.0,,1025.0,,6,2,2024-08-24 00:00:00,KNYC0
2024-08-24 01:00:00-04:00,22.0,55,0.0,,267,8.6,,1025.0,,8,3,2024-08-24 01:00:00,KNYC0
2024-08-24 02:00:00-04:00,21.0,57,0.0,,270,7.0,,1025.0,,2,3,2024-08-24 02:00:00,KNYC0
2024-08-24 03:00:00-04:00,20.0,65,0.0,,297,8.3,,1025.0,,1,2,2024-08-24 03:00:00,KNYC0
2024-08-24 04:00:00-04:00,19.0,73,0.0,,300,8.3,,1025.0,,2,1,2024-08-24 04:00:00,KNYC0
2024-08-24 05:00:00-04:00,19.0,73,0.0,,327,7.9,,1026.0,,0,2,2024-08-24 05:00:00,KNYC0
2024-08-24 06:00:00-04:00,19.0,75,0.0,,303,7.6,,1026.0,,2,1,2024-08-24 06:00:00,KNYC0
2024-08-24 07:00:00-04:00,19.0,68,0.0,,310,6.0,,1026.0,,1,2,2024-08-24 07:00:00,KNYC0
2024-08-24 08:00:00-04:00,21.0,63,0.0,,289,4.0,,1026.0,,0,1,2024-08-24 08:00:00,KNYC0
2024-08-24 09:00:00-04:00,23.0,57,0.0,,254,3.2,,1026.0,,1,1,2024-08-24 09:00:00,KNYC0
2024-08-24 10:00:00-04:00,25.0,48,0.0,,275,5.8,,1026.0,,1,1,2024-08-24 10:00:00,KNYC0
2024-08-24 11:00:00-04:00,26.0,41,0.0,,271,6.5,,1026.0,,5,1,2024-08-24 11:00:00,KNYC0
2024-08-24 12:00:00-04:00,27.0,45,0.0,,271,6.8,,1025.0,,0,3,2024-08-24 12:00:00,KNYC0
2024-08-24 13:00:00-04:00,28.0,32,0.0,,278,7.0,,1025.0,,1,1,2024-08-24 13:00:00,KNYC0
2024-08-24 14:00:00-04:00,28.0,34,0.0,,294,8.6,,1024.0,,1,1,2024-08-24 14:00:00,KNYC0
2024-08-24 15:00:00-04:00,27.0,37,0.0,,307,6.0,,1024.0,,0,2,2024-08-24 15:00:00,KNYC0
2024-08-24 16:00:00-04:00,27.0,39,0.0,,312,13.0,,1023.0,,5,1,2024-08-24 16:00:00,KNYC0
2024-08-24 17:00:00-04:00,27.0,38,0.0,,304,6.0,,1023.0,,4,3,2024-08-24 17:00:00,KNYC0
2024-08-24 18:00:00-04:00,26.0,43,0.0,,276,15.8,,1023.0,,1,3,2024-08-24 18:00:00,KNYC0
2024-08-24 19:00:00-04:00,24.0,50,0.0,,213,6.0,,1023.0,,0,2,2024-08-24 19:00:00,KNYC0
2024-08-24 20:00:00-04:00,23.0,53,0.0,,187,7.0,,1024.0,,0,1,2024-08-24 20:00:00,KNYC0
2024-08-24 21:00:00-04:00,23.0,55,0.0,,210,7.0,,1024.0,,0,1,2024-08-24 21:00:00,KNYC0
2024-08-24 22:00:00-04:00,23.0,55,0.0,,216,12.6,,1024.0,,0,1,2024-08-24 22:00:00,KNYC0
2024-08-24 23:00:00-04:00,22.0,59,0.0,,225,9.7,,1024.0,,0,1,2024-08-24 23:00:00,KNYC0
2024-08-25 00:00:00-04:00,22.0,63,0.0,,249,7.9,,1024.0,,0,1,2024-08-25 00:00:00,KNYC0
2024-08-25 01:00:00-04:00,17.9,83,0.0,,269,8.6,,1022.7,,0,1,2024-08-25 01:00:00,KNYC0
2024-08-25 02:00:00-04:00,17.2,87,0.0,,256,7.9,,1022.5,,0,1,2024-08-25 02:00:00,KNYC0
2024-08-25 03:00:00-04:00,17.1,87,0.0,,250,7.9,,1022.6,,7,1,2024-08-25 03:00:00,KNYC0
2024-08-25 04:00:00-04:00,17.0,87,0.0,,254,8.3,,1023.0,,8,3,2024-08-25 04:00:00,KNYC0
2024-08-25 05:00:00-04:00,16.9,87,0.0,,243,8.6,,1022.9,,8,3,2024-08-25 05:00:00,KNYC0
2024-08-25 06:00:00-04:00,16.6,89,0.0,,239,8.3,,1023.0,,8,3,2024-08-25 06:00:00,KNYC0
2024-08-25 07:00:00-04:00,17.1,87,0.0,,247,8.6,,1023.5,,4,3,2024-08-25 07:00:00,KNYC0
2024-08-25 08:00:00-04:00,19.0,83,0.5,,249,8.3,,1023.9,,7,17,2024-08-25 08:00:00,KNYC0
2024-08-25 09:00:00-04:00,20.8,78,0.0,,254,5.8,,1024.1,,6,3,2024-08-25 09:00:00,KNYC0
2024-08-25 10:00:00-04:00,23.9,66,0.0,,261,6.5,,1024.2,,1,3,2024-08-25 10:00:00,KNYC0
2024-08-25 11:00:00-04:00,26.5,55,0.0,,250,6.8,,1024.0,,0,1,2024-08-25 11:00:00,KNYC0
2024-08-25 12:00:00-04:00,28.3,45,0.0,,243,10.1,,1023.5,,1,1,2024-08-25 12:00:00,KNYC0
2024-08-25 13:00:00-04:00,29.3,40,0.0,,240,11.9,,1023.0,,3,2,2024-08-25 13:00:00,KNYC0
2024-08-25 14:00:00-04:00,29.6,40,0.0,,245,11.9,,1022.3,,4,2,2024-08-25 14:00:00,KNYC0
2024-08-25 15:00:00-04:00,29.7,40,0.0,,229,14.8,,1021.7,,2,3,2024-08-25 15:00:00,KNYC0
2024-08-25 16:00:00-04:00,28.9,42,0.0,,199,19.4,,1021.2,,3,2,2024-08-25 16:00:00,KNYC0
2024-08-25 17:00:00-04:00,27.1,51,0.0,,168,20.9,,1021.1,,2,2,2024-08-25 17:00:00,KNYC0
2024-08-25 18:00:00-04:00,25.6,55,0.0,,162,20.9,,1020.9,,2,2,2024-08-25 18:00:00,KNYC0
2024-08-25 19:00:00-04:00,24.0,61,0.0,,165,17.3,,1021.1,,1,2,2024-08-25 19:00:00,KNYC0
2024-08-25 20:00:00-04:00,23.0,66,0.0,,158,16.6,,1021.2,,1,2,2024-08-25 20:00:00,KNYC0
2024-08-25 21:00:00-04:00,22.5,69,0.0,,169,16.2,,1021.8,,1,1,2024-08-25 21:00:00,KNYC0
2024-08-25 22:00:00-04:00,22.0,70,0.0,,186,14.0,,1021.9,,1,1,2024-08-25 22:00:00,KNYC0
2024-08-25 23:00:00-04:00,21.5,69,0.0,,190,11.9,,1021.9,,1,2,2024-08-25 23:00:00,KNYC0
2024-08-26 00:00:00-04:00,20.7,72,0.0,,214,10.1,,1022.0,,1,1,2024-08-26 00:00:00,KNYC0
2024-08-26 01:00:00-04:00,20.1,74,0.0,,218,9.7,,1021.7,,1,1,2024-08-26 01:00:00,KNYC0
2024-08-26 02:00:00-04:00,19.9,74,0.0,,218,13.0,,1021.2,,1,1,2024-08-26 02:00:00,KNYC0
2024-08-26 03:00:00-04:00,19.6,74,0.0,,237,13.0,,1020.9,,1,1,2024-08-26 03:00:00,KNYC0
2024-08-26 04:00:00-04:00,19.2,76,0.0,,242,11.2,,1020.8,,2,2,2024-08-26 04:00:00,KNYC0
2024-08-26 05:00:00-04:00,18.9,79,0.0,,250,10.4,,1020.8,,0,2,2024-08-26 05:00:00,KNYC0
2024-08-26 06:00:00-04:00,18.4,83,0.0,,259,9.7,,1021.0,,0,1,2024-08-26 06:00:00,KNYC0
2024-08-26 07:00:00-04:00,18.7,83,0.0,,258,10.4,,1021.2,,0,1,2024-08-26 07:00:00,KNYC0
2024-08-26 08:00:00-04:00,20.5,78,0.0,,252,9.7,,1021.2,,0,1,2024-08-26 08:00:00,KNYC0
2024-08-26 09:00:00-04:00,22.9,70,0.0,,264,9.7,,1021.1,,0,1,2024-08-26 09:00:00,KNYC0
2024-08-26 10:00:00-04:00,25.2,62,0.0,,287,7.9,,1020.8,,0,1,2024-08-26 10:00:00,KNYC0
2024-08-26 11:00:00-04:00,27.0,55,0.0,,328,4.3,,1020.6,,0,1,2024-08-26 11:00:00,KNYC0
2024-08-26 12:00:00-04:00,28.5,49,0.0,,344,3.2,,1020.0,,2,1,2024-08-26 12:00:00,KNYC0
2024-08-26 13:00:00-04:00,29.3,45,0.0,,310,4.7,,1019.4,,1,2,2024-08-26 13:00:00,KNYC0
2024-08-26 14:00:00-04:00,29.9,43,0.0,,280,7.6,,1018.7,,1,2,2024-08-26 14:00:00,KNYC0
2024-08-26 15:00:00-04:00,30.4,41,0.0,,268,10.4,,1018.2,,2,2,2024-08-26 15:00:00,KNYC0
2024-08-26 16:00:00-04:00,30.3,41,0.0,,264,12.6,,1017.7,,2,2,2024-08-26 16:00:00,KNYC0
2024-08-26 17:00:00-04:00,30.0,42,0.0,,257,12.6,,1017.6,,2,2,2024-08-26 17:00:00,KNYC0
2024-08-26 18:00:00-04:00,29.0,45,0.0,,244,13.0,,1017.6,,2,2,2024-08-26 18:00:00,KNYC0
2024-08-26 19:00:00-04:00,27.0,64,0.0,,228,10.4,,1017.5,,1,2,2024-08-26 19:00:00,KNYC0
2024-08-26 20:00:00-04:00,25.4,60,0.0,,168,9.0,,1017.6,,0,1,2024-08-26 20:00:00,KNYC0
2024-08-26 21:00:00-04:00,23.3,77,0.0,,156,7.9,,1018.3,,1,1,2024-08-26 21:00:00,KNYC0
2024-08-26 22:00:00-04:00,23.9,76,0.0,,86,5.4,,1018.6,,0,1,2024-08-26 22:00:00,KNYC0
2024-08-26 23:00:00-04:00,23.2,80,0.0,,343,4.0,,1018.4,,0,1,2024-08-26 23:00:00,KNYC0
2024-08-27 00:00:00-04:00,20.8,92,0.0,,36,8.3,,1018.5,,0,1,2024-08-27 00:00:00,KNYC0
2024-08-27 01:00:00-04:00,20.1,96,0.0,,38,6.5,,1018.5,,0,1,2024-08-27 01:00:00,KNYC0
2024-08-27 02:00:00-04:00,19.5,98,0.0,,23,6.5,,1018.1,,0,1,2024-08-27 02:00:00,KNYC0
2024-08-27 03:00:00-04:00,19.3,97,0.0,,16,7.2,,1017.9,,1,1,2024-08-27 03:00:00,KNYC0
2024-08-27 04:00:00-04:00,19.0,97,0.0,,8,6.8,,1018.0,,1,1,2024-08-27 04:00:00,KNYC0
2024-08-27 05:00:00-04:00,18.5,97,0.0,,5,6.5,,1018.2,,1,1,2024-08-27 05:00:00,KNYC0
2024-08-27 06:00:00-04:00,18.0,98,0.0,,5,6.1,,1018.5,,0,1,2024-08-27 06:00:00,KNYC0
2024-08-27 07:00:00-04:00,18.5,97,0.0,,16,7.6,,1018.9,,0,1,2024-08-27 07:00:00,KNYC0
2024-08-27 08:00:00-04:00,20.4,90,0.0,,33,5.8,,1019.0,,0,1,2024-08-27 08:00:00,KNYC0
2024-08-27 09:00:00-04:00,22.9,81,0.0,,60,4.7,,1018.8,,0,1,2024-08-27 09:00:00,KNYC0
2024-08-27 10:00:00-04:00,25.3,72,0.0,,88,5.0,,1018.6,,0,1,2024-08-27 10:00:00,KNYC0
2024-08-27 11:00:00-04:00,27.4,61,0.0,,150,5.8,,1018.5,,0,1,2024-08-27 11:00:00,KNYC0
2024-08-27 12:00:00-04:00,29.1,52,0.0,,211,8.6,,1018.1,,0,1,2024-08-27 12:00:00,KNYC0
2024-08-27 13:00:00-04:00,30.4,45,0.0,,220,11.2,,1017.5,,1,1,2024-08-27 13:00:00,KNYC0
2024-08-27 14:00:00-04:00,31.0,43,0.0,,212,11.9,,1017.0,,2,1,2024-08-27 14:00:00,KNYC0
2024-08-27 20:00:00-04:00,24.4,73,,,171,14.4,,1014.7,,0,,2024-08-27 20:00:00,KNYC0
2024-08-28 02:00:00-04:00,23.5,70,,,234,13.7,,1013.9,,0,,2024-08-28 02:00:00,KNYC0
2024-08-28 08:00:00-04:00,23.5,81,,,221,6.5,,1014.5,,8,,2024-08-28 08:00:00,KNYC0
2024-08-28 14:00:00-04:00,30.2,58,,,154,12.2,,1011.8,,3,,2024-08-28 14:00:00,KNYC0
2024-08-28 20:00:00-04:00,25.4,83,,,10,10.4,,1012.5,,7,,2024-08-28 20:00:00,KNYC0
2024-08-29 02:00:00-04:00,21.8,95,,,354,10.4,,1013.5,,1,,2024-08-29 02:00:00,KNYC0
2024-08-29 08:00:00-04:00,22.5,86,,,32,11.2,,1016.5,,8,,2024-08-29 08:00:00,KNYC0
2024-08-29 14:00:00-04:00,25.6,65,,,64,11.9,,1017.9,,8,,2024-08-29 14:00:00,KNYC0
2024-08-29 20:00:00-04:00,22.8,62,,,139,11.5,,1018.9,,8,,2024-08-29 20:00:00,KNYC0
2024-08-30 02:00:00-04:00,21.5,73,,,113,8.3,,1020.6,,8,,2024-08-30 02:00:00,KNYC0
2024-08-30 08:00:00-04:00,21.6,64,,,97,8.3,,1021.8,,8,,2024-08-30 08:00:00,KNYC0
2024-08-30 14:00:00-04:00,23.8,47,,,126,14.8,,1021.0,,8,,2024-08-30 14:00:00,KNYC0
2024-08-30 20:00:00-04:00,21.6,65,,,145,13.0,,1019.2,,8,,2024-08-30 20:00:00,KNYC0
2024-08-31 02:00:00-04:00,21.3,86,,,156,13.0,,1016.5,,8,,2024-08-31 02:00:00,KNYC0
2024-08-31 08:00:00-04:00,22.1,93,,,169,10.1,,1014.9,,8,,2024-08-31 08:00:00,KNYC0
2024-08-31 14:00:00-04:00,26.8,77,,,239,10.8,,1012.9,,6,,2024-08-31 14:00:00,KNYC0
2024-08-31 20:00:00-04:00,23.3,93,,,216,6.8,,1012.5,,2,,2024-08-31 20:00:00,KNYC0
2024-09-01 02:00:00-04:00,21.2,95,,,348,10.8,,1013.6,,1,,2024-09-01 02:00:00,KNYC0
2024-09-01 08:00:00-04:00,19.6,86,,,357,5.8,,1015.9,,0,,2024-09-01 08:00:00,KNYC0
2024-09-01 14:00:00-04:00,28.6,50,,,278,8.3,,1014.7,,1,,2024-09-01 14:00:00,KNYC0
2024-09-01 20:00:00-04:00,23.4,78,,,187,8.3,,1014.1,,0,,2024-09-01 20:00:00,KNYC0
2024-09-02 02:00:00-04:00,20.3,98,,,251,5.0,,1015.6,,8,,2024-09-02 02:00:00,KNYC0
2024-09-02 08:00:00-04:00,18.6,95,,,312,3.2,,1016.4,,5,,2024-09-02 08:00:00,KNYC0
2024-09-02 14:00:00-04:00,29.9,47,,,286,6.1,,1015.8,,1,,2024-09-02 14:00:00,KNYC0
2024-09-02 20:00:00-04:00,24.0,78,,,161,7.6,,1015.6,,3,,2024-09-02 20:00:00,KNYC0
2024-09-03 02:00:00-04:00,20.0,96,,,314,4.7,,1015.8,,1,,2024-09-03 02:00:00,KNYC0
2024-09-03 08:00:00-04:00,20.2,79,,,2,11.5,,1018.8,,3,,2024-09-03 08:00:00,KNYC0
2024-09-03 16:00:00-04:00,22.0,28,,,40,9.0,,1027.0,,,,2024-09-03 16:00:00,KNYC0
2024-09-03 17:00:00-04:00,22.0,31,,,60,13.0,,1027.0,,,,2024-09-03 17:00:00,KNYC0
2024-09-03 18:00:00-04:00,19.0,44,,,40,6.0,,1027.0,,,,2024-09-03 18:00:00,KNYC0
2024-09-03 19:00:00-04:00,19.0,40,,,,,,1028.0,,,,2024-09-03 19:00:00,KNYC0
2024-09-03 20:00:00-04:00,18.0,50,,,,6.0,,1028.0,,,,2024-09-03 20:00:00,KNYC0
2024-09-03 21:00:00-04:00,18.0,52,,,,,,1029.0,,,,2024-09-03 21:00:00,KNYC0
2024-09-03 22:00:00-04:00,18.0,54,,,155,8.6,,1029.0,,0,,2024-09-03 22:00:00,KNYC0
2024-09-03 23:00:00-04:00,18.0,54,0.0,,202,9.4,,1029.0,,0,1,2024-09-03 23:00:00,KNYC0
2024-09-04 00:00:00-04:00,17.0,60,0.0,,290,6.0,,1030.0,,0,1,2024-09-04 00:00:00,KNYC0
2024-09-04 01:00:00-04:00,17.0,60,0.0,,288,8.3,,1030.0,,0,1,2024-09-04 01:00:00,KNYC0
2024-09-04 02:00:00-04:00,16.0,65,0.0,,285,9.4,,1030.0,,0,1,2024-09-04 02:00:00,KNYC0
2024-09-04 03:00:00-04:00,16.0,64,0.0,,294,7.9,,1030.0,,0,1,2024-09-04 03:00:00,KNYC0
2024-09-04 04:00:00-04:00,16.0,64,0.0,,300,6.0,,1030.0,,0,1,2024-09-04 04:00:00,KNYC0
2024-09-04 05:00:00-04:00,15.0,64,0.0,,354,9.7,,1031.0,,0,1,2024-09-04 05:00:00,KNYC0
2024-09-04 06:00:00-04:00,15.0,69,0.0,,358,9.7,,1031.0,,0,1,2024-09-04 06:00:00,KNYC0
2024-09-04 07:00:00-04:00,17.0,72,0.0,,353,6.8,,1032.0,,0,1,2024-09-04 07:00:00,KNYC0
2024-09-04 08:00:00-04:00,19.0,63,0.0,,60,6.0,,1032.0,,0,1,2024-09-04 08:00:00,KNYC0
2024-09-04 09:00:00-04:00,21.0,46,0.0,,60,7.0,,1032.0,,0,1,2024-09-04 09:00:00,KNYC0
2024-09-04 10:00:00-04:00,22.0,44,0.0,,70,11.0,,1032.0,,0,1,2024-09-04 10:00:00,KNYC0
2024-09-04 11:00:00-04:00,23.0,40,0.0,,56,11.0,,1032.0,,0,1,2024-09-04 11:00:00,KNYC0
2024-09-04 12:00:00-04:00,24.0,37,0.0,,83,7.0,,1032.0,,0,1,2024-09-04 12:00:00,KNYC0
2024-09-04 13:00:00-04:00,24.0,39,0.0,,101,6.0,,1032.0,,0,1,2024-09-04 13:00:00,KNYC0
2024-09-04 14:00:00-04:00,24.0,36,0.0,,135,6.0,,1032.0,,0,1,2024-09-04 14:00:00,KNYC0
2024-09-04 15:00:00-04:00,23.0,40,0.0,,153,6.0,,1032.0,,0,1,2024-09-04 15:00:00,KNYC0
2024-09-04 16:00:00-04:00,23.0,38,0.0,,160,15.5,,1031.0,,0,1,2024-09-04 16:00:00,KNYC0
2024-09-04 17:00:00-04:00,22.0,41,0.0,,162,13.0,,1031.0,,0,1,2024-09-04 17:00:00,KNYC0
2024-09-04 18:00:00-04:00,21.0,38,0.0,,153,11.9,,1031.0,,0,1,2024-09-04 18:00:00,KNYC0
2024-09-04 19:00:00-04:00,19.0,49,0.0,,154,9.7,,1031.0,,0,1,2024-09-04 19:00:00,KNYC0
2024-09-04 20:00:00-04:00,19.0,52,0.0,,158,8.3,,1031.0,,0,1,2024-09-04 20:00:00,KNYC0
2024-09-04 21:00:00-04:00,19.0,52,0.0,,165,9.7,,1031.0,,0,1,2024-09-04 21:00:00,KNYC0
2024-09-04 22:00:00-04:00,18.0,54,0.0,,149,9.4,,1031.0,,0,1,2024-09-04 22:00:00,KNYC0
2024-09-04 23:00:00-04:00,18.0,58,0.0,,230,4.7,,1031.0,,0,1,2024-09-04 23:00:00,KNYC0
2024-09-05 00:00:00-04:00,18.0,61,0.0,,359,5.4,,1031.0,,0,1,2024-09-05 00:00:00,KNYC0
2024-09-05 01:00:00-04:00,18.0,61,0.0,,358,6.5,,1031.0,,0,1,2024-09-05 01:00:00,KNYC0
2024-09-05 02:00:00-04:00,18.0,63,0.0,,354,6.1,,1031.0,,0,1,2024-09-05 02:00:00,KNYC0
2024-09-05 03:00:00-04:00,17.0,67,0.0,,8,7.9,,1031.0,,0,1,2024-09-05 03:00:00,KNYC0
2024-09-05 04:00:00-04:00,17.0,70,0.0,,17,9.0,,1031.0,,0,1,2024-09-05 04:00:00,KNYC0
2024-09-05 05:00:00-04:00,16.0,75,0.0,,22,9.7,,1031.0,,0,1,2024-09-05 05:00:00,KNYC0
2024-09-05 06:00:00-04:00,17.0,75,0.0,,24,9.7,,1031.0,,0,1,2024-09-05 06:00:00,KNYC0
2024-09-05 07:00:00-04:00,18.0,75,0.0,,70,7.0,,1031.0,,1,1,2024-09-05 07:00:00,KNYC0
2024-09-05 08:00:00-04:00,19.0,66,0.0,,80,9.0,,1030.0,,0,1,2024-09-05 08:00:00,KNYC0
2024-09-05 09:00:00-04:00,21.0,59,0.0,,100,11.0,,1030.0,,0,1,2024-09-05 09:00:00,KNYC0
2024-09-05 10:00:00-04:00,22.0,53,0.0,,60,17.0,,1030.0,,0,1,2024-09-05 10:00:00,KNYC0
2024-09-05 11:00:00-04:00,23.0,50,0.0,,40,13.0,,1029.0,,0,1,2024-09-05 11:00:00,KNYC0
2024-09-05 12:00:00-04:00,24.0,48,0.0,,91,9.0,,1029.0,,0,1,2024-09-05 12:00:00,KNYC0
2024-09-05 13:00:00-04:00,25.0,43,0.0,,106,7.0,,1028.0,,0,1,2024-09-05 13:00:00,KNYC0
2024-09-05 14:00:00-04:00,24.0,43,0.0,,60,13.0,,1028.0,,0,1,2024-09-05 14:00:00,KNYC0
2024-09-05 15:00:00-04:00,24.0,48,0.0,,60,15.0,,1027.0,,0,1,2024-09-05 15:00:00,KNYC0
2024-09-05 16:00:00-04:00,23.0,52,0.0,,80,13.0,,1027.0,,0,1,2024-09-05 16:00:00,KNYC0
2024-09-05 17:00:00-04:00,23.0,51,0.0,,60,17.0,,1027.0,,0,1,2024-09-05 17:00:00,KNYC0
2024-09-05 18:00:00-04:00,22.0,55,0.0,,60,11.0,,1026.0,,0,1,2024-09-05 18:00:00,KNYC0
2024-09-05 19:00:00-04:00,21.0,57,0.0,,60,11.0,,1026.0,,0,1,2024-09-05 19:00:00,KNYC0
2024-09-05 20:00:00-04:00,19.0,57,0.0,,70,6.0,,1026.0,,0,1,2024-09-05 20:00:00,KNYC0
2024-09-05 21:00:00-04:00,19.0,59,0.0,,91,10.8,,1026.0,,0,1,2024-09-05 21:00:00,KNYC0
2024-09-05 22:00:00-04:00,18.0,68,0.0,,70,10.1,,1025.0,,0,1,2024-09-05 22:00:00,KNYC0
2024-09-05 23:00:00-04:00,18.0,70,0.0,,62,10.1,,1025.0,,0,1,2024-09-05 23:00:00,KNYC0
2024-09-06 00:00:00-04:00,18.0,73,0.0,,50,9.0,,1024.0,,0,1,2024-09-06 00:00:00,KNYC0
2024-09-06 01:00:00-04:00,18.0,73,0.0,,70,7.0,,1024.0,,0,1,2024-09-06 01:00:00,KNYC0
2024-09-06 02:00:00-04:00,18.0,78,0.0,,15,8.6,,1023.0,,0,1,2024-09-06 02:00:00,KNYC0
2024-09-06 03:00:00-04:00,18.0,81,0.0,,11,9.0,,1023.0,,0,1,2024-09-06 03:00:00,KNYC0
2024-09-06 04:00:00-04:00,18.0,81,0.0,,20,6.0,,1023.0,,1,1,2024-09-06 04:00:00,KNYC0
2024-09-06 05:00:00-04:00,18.0,81,0.0,,10,7.0,,1023.0,,1,1,2024-09-06 05:00:00,KNYC0
2024-09-06 06:00:00-04:00,18.0,81,0.0,,17,6.0,,1022.0,,1,1,2024-09-06 06:00:00,KNYC0
2024-09-06 07:00:00-04:00,18.0,81,0.0,,19,11.9,,1022.0,,2,2,2024-09-06 07:00:00,KNYC0
2024-09-06 08:00:00-04:00,19.0,78,0.0,,3,7.0,,1022.0,,3,5,2024-09-06 08:00:00,KNYC0
2024-09-06 09:00:00-04:00,21.0,70,0.0,,60,7.0,,1022.0,,3,3,2024-09-06 09:00:00,KNYC0
2024-09-06 10:00:00-04:00,22.0,71,0.0,,26,12.6,,1021.0,,3,3,2024-09-06 10:00:00,KNYC0
2024-09-06 11:00:00-04:00,23.0,66,0.0,,60,9.0,,1020.0,,3,2,2024-09-06 11:00:00,KNYC0
2024-09-06 12:00:00-04:00,23.0,67,0.0,,58,9.0,,1020.0,,5,3,2024-09-06 12:00:00,KNYC0
2024-09-06 13:00:00-04:00,24.0,60,0.0,,56,9.4,,1020.0,,5,3,2024-09-06 13:00:00,KNYC0
2024-09-06 14:00:00-04:00,24.0,60,0.0,,50,11.0,,1019.0,,4,3,2024-09-06 14:00:00,KNYC0
2024-09-06 15:00:00-04:00,25.0,60,0.0,,50,11.0,,1018.0,,4,3,2024-09-06 15:00:00,KNYC0
2024-09-06 16:00:00-04:00,24.0,66,0.0,,112,13.3,,1018.0,,8,3,2024-09-06 16:00:00,KNYC0
2024-09-06 17:00:00-04:00,23.0,69,0.0,,142,6.0,,1018.0,,5,3,2024-09-06 17:00:00,KNYC0
2024-09-06 18:00:00-04:00,23.0,73,0.0,,146,6.0,,1017.0,,2,3,2024-09-06 18:00:00,KNYC0
2024-09-06 19:00:00-04:00,22.0,57,0.0,,154,14.4,,1017.0,,0,2,2024-09-06 19:00:00,KNYC0
2024-09-06 20:00:00-04:00,21.0,73,0.0,,163,10.8,,1017.0,,0,1,2024-09-06 20:00:00,KNYC0
2024-09-06 21:00:00-04:00,22.0,73,0.0,,140,7.0,,1016.0,,3,1,2024-09-06 21:00:00,KNYC0
2024-09-06 22:00:00-04:00,21.0,76,0.0,,170,7.9,,1016.0,,1,2,2024-09-06 22:00:00,KNYC0
2024-09-06 23:00:00-04:00,21.0,73,0.0,,120,6.0,,1016.0,,3,2,2024-09-06 23:00:00,KNYC0
2024-09-07 00:00:00-04:00,21.0,73,0.0,,154,6.5,,1015.0,,2,2,2024-09-07 00:00:00,KNYC0
2024-09-07 01:00:00-04:00,20.0,78,0.0,,120,7.6,,1015.0,,8,2,2024-09-07 01:00:00,KNYC0
2024-09-07 02:00:00-04:00,21.0,76,0.0,,59,6.0,,1015.0,,8,3,2024-09-07 02:00:00,KNYC0
2024-09-07 03:00:00-04:00,21.0,78,0.0,,130,9.0,,1014.0,,8,3,2024-09-07 03:00:00,KNYC0
2024-09-07 04:00:00-04:00,21.0,78,0.0,,53,6.5,,1014.0,,8,3,2024-09-07 04:00:00,KNYC0
2024-09-07 05:00:00-04:00,21.0,81,0.0,,91,6.8,,1013.0,,8,3,2024-09-07 05:00:00,KNYC0
2024-09-07 06:00:00-04:00,19.0,93,0.0,,105,6.0,,1013.0,,8,5,2024-09-07 06:00:00,KNYC0
2024-09-07 07:00:00-04:00,19.0,93,0.0,,119,10.8,,1013.0,,8,5,2024-09-07 07:00:00,KNYC0
2024-09-07 08:00:00-04:00,20.0,90,0.0,,135,6.0,,1012.0,,8,3,2024-09-07 08:00:00,KNYC0
2024-09-07 09:00:00-04:00,20.0,87,0.0,,150,18.0,,1012.0,,8,3,2024-09-07 09:00:00,KNYC0
2024-09-07 10:00:00-04:00,20.0,90,0.1,,160,20.2,,1012.0,,8,7,2024-09-07 10:00:00,KNYC0
2024-09-07 11:00:00-04:00,21.0,87,0.1,,178,22.0,,1011.0,,8,7,2024-09-07 11:00:00,KNYC0
2024-09-07 12:00:00-04:00,21.0,87,0.2,,178,20.9,,1011.0,,8,7,2024-09-07 12:00:00,KNYC0
2024-09-07 13:00:00-04:00,23.0,76,0.2,,130,7.0,,1010.0,,8,7,2024-09-07 13:00:00,KNYC0
2024-09-07 14:00:00-04:00,23.0,73,0.1,,190,22.3,,1009.0,,8,7,2024-09-07 14:00:00,KNYC0
2024-09-07 15:00:00-04:00,22.0,82,0.2,,192,23.0,,1010.0,,8,7,2024-09-07 15:00:00,KNYC0
2024-09-07 16:00:00-04:00,17.0,90,3.3,,254,22.0,,1010.0,,8,9,2024-09-07 16:00:00,KNYC0
2024-09-07 17:00:00-04:00,17.0,72,0.3,,309,26.6,,1011.0,,7,8,2024-09-07 17:00:00,KNYC0
2024-09-07 18:00:00-04:00,17.0,67,0.1,,300,15.0,,1011.0,,8,7,2024-09-07 18:00:00,KNYC0
2024-09-07 19:00:00-04:00,17.0,70,0.0,,291,6.0,,1011.0,,8,3,2024-09-07 19:00:00,KNYC0
2024-09-07 20:00:00-04:00,16.0,75,0.0,,286,6.0,,1012.0,,8,3,2024-09-07 20:00:00,KNYC0
2024-09-07 21:00:00-04:00,16.0,78,0.0,,287,10.1,,1013.0,,8,3,2024-09-07 21:00:00,KNYC0
2024-09-07 22:00:00-04:00,16.0,80,0.0,,260,7.0,,1013.0,,1,3,2024-09-07 22:00:00,KNYC0
2024-09-07 23:00:00-04:00,16.0,83,0.0,,284,7.0,,1013.0,,0,1,2024-09-07 23:00:00,KNYC0
2024-09-08 00:00:00-04:00,15.0,87,0.0,,288,10.1,,1014.0,,0,1,2024-09-08 00:00:00,KNYC0
2024-09-08 01:00:00-04:00,16.0,83,0.0,,308,6.0,,1014.0,,0,1,2024-09-08 01:00:00,KNYC0
2024-09-08 02:00:00-04:00,15.0,83,0.0,,310,7.0,,1014.0,,0,1,2024-09-08 02:00:00,KNYC0
2024-09-08 03:00:00-04:00,14.0,75,0.0,,312,16.2,,1014.0,,0,1,2024-09-08 03:00:00,KNYC0
2024-09-08 04:00:00-04:00,13.0,75,0.0,,312,7.0,,1015.0,,0,1,2024-09-08 04:00:00,KNYC0
2024-09-08 05:00:00-04:00,13.0,75,0.0,,309,7.0,,1015.0,,0,1,2024-09-08 05:00:00,KNYC0
2024-09-08 06:00:00-04:00,13.0,69,0.0,,300,9.0,,1016.0,,0,1,2024-09-08 06:00:00,KNYC0
2024-09-08 07:00:00-04:00,13.0,69,0.0,,270,11.0,,1017.0,,0,1,2024-09-08 07:00:00,KNYC0
2024-09-08 08:00:00-04:00,14.0,62,0.0,,288,9.0,,1017.0,,0,1,2024-09-08 08:00:00,KNYC0
2024-09-08 09:00:00-04:00,15.0,53,0.0,,296,15.8,,1017.0,,0,1,2024-09-08 09:00:00,KNYC0
2024-09-08 10:00:00-04:00,17.0,44,0.0,,303,6.0,,1017.0,,0,1,2024-09-08 10:00:00,KNYC0
2024-09-08 11:00:00-04:00,18.0,43,0.0,,298,11.0,,1017.0,,0,1,2024-09-08 11:00:00,KNYC0
2024-09-08 12:00:00-04:00,18.0,43,0.0,,280,11.0,,1017.0,,0,1,2024-09-08 12:00:00,KNYC0
2024-09-08 13:00:00-04:00,20.0,44,0.0,,281,9.0,,1016.0,,0,1,2024-09-08 13:00:00,KNYC0
2024-09-08 14:00:00-04:00,20.0,39,0.0,,280,11.0,,1016.0,,0,1,2024-09-08 14:00:00,KNYC0
2024-09-08 15:00:00-04:00,20.0,39,0.0,,281,9.0,,1016.0,,4,1,2024-09-08 15:00:00,KNYC0
2024-09-08 16:00:00-04:00,20.0,36,0.0,,280,9.0,,1016.0,,2,3,2024-09-08 16:00:00,KNYC0
2024-09-08 17:00:00-04:00,20.0,39,0.0,,266,7.0,,1016.0,,3,2,2024-09-08 17:00:00,KNYC0
2024-09-08 18:00:00-04:00,19.0,37,0.0,,258,11.0,,1017.0,,0,2,2024-09-08 18:00:00,KNYC0
2024-09-08 19:00:00-04:00,18.0,43,0.0,,250,7.0,,1017.0,,0,1,2024-09-08 19:00:00,KNYC0
2024-09-08 20:00:00-04:00,18.0,41,0.0,,248,16.9,,1018.0,,0,1,2024-09-08 20:00:00,KNYC0
2024-09-08 21:00:00-04:00,18.0,41,0.0,,267,16.2,,1018.0,,0,1,2024-09-08 21:00:00,KNYC0
2024-09-08 22:00:00-04:00,17.0,43,0.0,,290,6.0,,1019.0,,0,1,2024-09-08 22:00:00,KNYC0
2024-09-08 23:00:00-04:00,17.0,44,0.0,,277,6.0,,1019.0,,0,1,2024-09-08 23:00:00,KNYC0
2024-09-09 00:00:00-04:00,16.0,48,0.0,,272,12.6,,1019.0,,0,1,2024-09-09 00:00:00,KNYC0
2024-09-09 01:00:00-04:00,15.0,51,0.0,,280,13.3,,1020.0,,0,1,2024-09-09 01:00:00,KNYC0
2024-09-09 02:00:00-04:00,14.0,57,0.0,,291,11.5,,1020.0,,0,1,2024-09-09 02:00:00,KNYC0
2024-09-09 03:00:00-04:00,14.0,57,0.0,,288,10.1,,1020.0,,0,1,2024-09-09 03:00:00,KNYC0
2024-09-09 04:00:00-04:00,13.0,62,0.0,,279,9.0,,1020.0,,2,1,2024-09-09 04:00:00,KNYC0
2024-09-09 05:00:00-04:00,13.0,62,0.0,,272,9.4,,1021.0,,1,2,2024-09-09 05:00:00,KNYC0
2024-09-09 06:00:00-04:00,13.0,60,0.0,,266,9.7,,1021.0,,0,1,2024-09-09 06:00:00,KNYC0
2024-09-09 07:00:00-04:00,14.0,56,0.0,,280,7.0,,1021.0,,1,1,2024-09-09 07:00:00,KNYC0
2024-09-09 08:00:00-04:00,16.0,55,0.0,,253,7.9,,1021.0,,0,2,2024-09-09 08:00:00,KNYC0
2024-09-09 09:00:00-04:00,18.0,52,0.0,,251,7.0,,1021.0,,0,1,2024-09-09 09:00:00,KNYC0
2024-09-09 10:00:00-04:00,19.0,49,0.0,,235,9.4,,1020.0,,1,1,2024-09-09 10:00:00,KNYC0
2024-09-09 11:00:00-04:00,21.0,49,0.0,,244,14.8,,1020.0,,0,1,2024-09-09 11:00:00,KNYC0
2024-09-09 12:00:00-04:00,22.0,44,0.0,,300,15.0,,1019.0,,0,1,2024-09-09 12:00:00,KNYC0
2024-09-09 13:00:00-04:00,22.0,41,0.0,,270,13.0,,1019.0,,4,1,2024-09-09 13:00:00,KNYC0
2024-09-09 14:00:00-04:00,24.0,34,0.0,,266,7.0,,1019.0,,5,3,2024-09-09 14:00:00,KNYC0
2024-09-09 15:00:00-04:00,23.0,33,0.0,,260,7.0,,1018.0,,8,3,2024-09-09 15:00:00,KNYC0
2024-09-09 16:00:00-04:00,23.0,35,0.0,,265,6.0,,1018.0,,5,3,2024-09-09 16:00:00,KNYC0
2024-09-09 17:00:00-04:00,23.0,37,0.0,,266,20.2,,1018.0,,3,3,2024-09-09 17:00:00,KNYC0
2024-09-09 18:00:00-04:00,22.0,41,0.0,,276,9.0,,1018.0,,1,2,2024-09-09 18:00:00,KNYC0
2024-09-09 19:00:00-04:00,22.0,39,0.0,,281,15.1,,1018.0,,0,2,2024-09-09 19:00:00,KNYC0
2024-09-09 20:00:00-04:00,21.0,42,0.0,,250,13.0,,1018.0,,1,1,2024-09-09 20:00:00,KNYC0
2024-09-09 21:00:00-04:00,21.0,42,0.0,,252,15.5,,1019.0,,1,2,2024-09-09 21:00:00,KNYC0
2024-09-09 22:00:00-04:00,20.0,45,0.0,,274,15.1,,1019.0,,0,1,2024-09-09 22:00:00,KNYC0
2024-09-09 23:00:00-04:00,20.0,45,0.0,,267,9.7,,1019.0,,4,1,2024-09-09 23:00:00,KNYC0
2024-09-10 00:00:00-04:00,20.0,47,0.0,,258,6.0,,1019.0,,5,3,2024-09-10 00:00:00,KNYC0
2024-09-10 01:00:00-04:00,19.0,49,0.0,,216,7.0,,1018.0,,7,3,2024-09-10 01:00:00,KNYC0
2024-09-10 02:00:00-04:00,19.0,50,0.0,,250,6.0,,1018.0,,2,3,2024-09-10 02:00:00,KNYC0
2024-09-10 03:00:00-04:00,18.0,52,0.0,,242,7.0,,1018.0,,1,2,2024-09-10 03:00:00,KNYC0
2024-09-10 04:00:00-04:00,18.0,50,0.0,,248,12.2,,1018.0,,0,1,2024-09-10 04:00:00,KNYC0
2024-09-10 05:00:00-04:00,17.0,54,0.0,,257,6.0,,1018.0,,0,1,2024-09-10 05:00:00,KNYC0
2024-09-10 06:00:00-04:00,17.0,56,0.0,,279,10.1,,1019.0,,0,1,2024-09-10 06:00:00,KNYC0
2024-09-10 07:00:00-04:00,17.0,60,0.0,,295,9.0,,1019.0,,0,1,2024-09-10 07:00:00,KNYC0
2024-09-10 08:00:00-04:00,18.0,63,0.0,,311,7.0,,1020.0,,0,1,2024-09-10 08:00:00,KNYC0
2024-09-10 09:00:00-04:00,19.0,63,0.0,,332,11.0,,1020.0,,0,1,2024-09-10 09:00:00,KNYC0
2024-09-10 10:00:00-04:00,21.0,57,0.0,,345,7.0,,1020.0,,0,1,2024-09-10 10:00:00,KNYC0
2024-09-10 11:00:00-04:00,22.0,53,0.0,,347,7.0,,1020.0,,0,1,2024-09-10 11:00:00,KNYC0
2024-09-10 12:00:00-04:00,24.0,45,0.0,,352,7.0,,1019.0,,0,1,2024-09-10 12:00:00,KNYC0
2024-09-10 13:00:00-04:00,24.0,43,0.0,,352,9.0,,1019.0,,0,1,2024-09-10 13:00:00,KNYC0
2024-09-10 14:00:00-04:00,25.0,36,0.0,,342,7.0,,1019.0,,0,1,2024-09-10 14:00:00,KNYC0
2024-09-10 15:00:00-04:00,25.0,35,0.0,,325,11.5,,1019.0,,0,1,2024-09-10 15:00:00,KNYC0
2024-09-10 16:00:00-04:00,24.0,39,0.0,,324,7.0,,1019.0,,0,1,2024-09-10 16:00:00,KNYC0
2024-09-10 17:00:00-04:00,24.0,37,0.0,,323,12.6,,1019.0,,0,1,2024-09-10 17:00:00,KNYC0
2024-09-10 18:00:00-04:00,24.0,37,0.0,,300,11.0,,1020.0,,0,1,2024-09-10 18:00:00,KNYC0
2024-09-10 19:00:00-04:00,23.0,41,0.0,,300,6.0,,1020.0,,0,1,2024-09-10 19:00:00,KNYC0
2024-09-10 20:00:00-04:00,22.0,47,0.0,,346,9.0,,1021.0,,0,1,2024-09-10 20:00:00,KNYC0
2024-09-10 21:00:00-04:00,22.0,46,0.0,,354,6.0,,1021.0,,0,1,2024-09-10 21:00:00,KNYC0
2024-09-10 22:00:00-04:00,21.0,51,0.0,,350,6.0,,1022.0,,0,1,2024-09-10 22:00:00,KNYC0
2024-09-10 23:00:00-04:00,19.0,52,0.0,,20,7.0,,1022.0,,2,1,2024-09-10 23:00:00,KNYC0
2024-09-11 00:00:00-04:00,19.0,47,0.0,,7,9.0,,1022.0,,4,2,2024-09-11 00:00:00,KNYC0
2024-09-11 01:00:00-04:00,18.0,48,0.0,,50,9.0,,1022.0,,5,3,2024-09-11 01:00:00,KNYC0
2024-09-11 02:00:00-04:00,17.0,52,0.0,,40,7.0,,1022.0,,6,3,2024-09-11 02:00:00,KNYC0
2024-09-11 03:00:00-04:00,17.0,54,0.0,,8,9.7,,1022.0,,2,3,2024-09-11 03:00:00,KNYC0
2024-09-11 04:00:00-04:00,17.0,52,0.0,,30,6.0,,1023.0,,8,2,2024-09-11 04:00:00,KNYC0
2024-09-11 05:00:00-04:00,16.0,58,0.0,,357,9.4,,1023.0,,8,3,2024-09-11 05:00:00,KNYC0
2024-09-11 06:00:00-04:00,15.0,72,0.0,,0,9.4,,1024.0,,8,3,2024-09-11 06:00:00,KNYC0
2024-09-11 07:00:00-04:00,17.0,65,0.0,,3,6.0,,1024.0,,7,3,2024-09-11 07:00:00,KNYC0
2024-09-11 08:00:00-04:00,18.0,60,0.0,,70,6.0,,1024.0,,1,3,2024-09-11 08:00:00,KNYC0
2024-09-11 09:00:00-04:00,20.0,45,0.0,,60,6.0,,1024.0,,1,1,2024-09-11 09:00:00,KNYC0
2024-09-11 10:00:00-04:00,22.0,39,0.0,,30,9.0,,1024.0,,4,2,2024-09-11 10:00:00,KNYC0
2024-09-11 11:00:00-04:00,23.0,32,0.0,,60,11.0,,1024.0,,8,3,2024-09-11 11:00:00,KNYC0
2024-09-11 12:00:00-04:00,24.0,27,0.0,,45,4.0,,1024.0,,8,3,2024-09-11 12:00:00,KNYC0
2024-09-11 13:00:00-04:00,25.0,26,0.0,,53,9.0,,1024.0,,8,3,2024-09-11 13:00:00,KNYC0
2024-09-11 14:00:00-04:00,26.0,18,0.0,,135,11.2,,1023.0,,7,3,2024-09-11 14:00:00,KNYC0
2024-09-11 15:00:00-04:00,25.0,32,0.0,,168,14.8,,1023.0,,1,3,2024-09-11 15:00:00,KNYC0
2024-09-11 16:00:00-04:00,24.0,40,0.0,,168,7.0,,1023.0,,5,2,2024-09-11 16:00:00,KNYC0
2024-09-11 17:00:00-04:00,23.0,43,0.0,,165,6.0,,1023.0,,0,3,2024-09-11 17:00:00,KNYC0
2024-09-11 18:00:00-04:00,21.0,49,0.0,,160,7.0,,1023.0,,0,1,2024-09-11 18:00:00,KNYC0
2024-09-11 19:00:00-04:00,20.0,51,0.0,,153,10.4,,1023.0,,7,1,2024-09-11 19:00:00,KNYC0
2024-09-11 20:00:00-04:00,20.0,53,0.0,,155,10.4,,1023.0,,7,3,2024-09-11 20:00:00,KNYC0
2024-09-11 21:00:00-04:00,19.0,68,0.0,,147,8.3,,1023.0,,1,3,2024-09-11 21:00:00,KNYC0
2024-09-11 22:00:00-04:00,19.0,68,0.0,,140,7.6,,1024.0,,0,2,2024-09-11 22:00:00,KNYC0
2024-09-11 23:00:00-04:00,18.0,76,0.0,,172,7.9,,1024.0,,0,1,2024-09-11 23:00:00,KNYC0
2024-09-12 00:00:00-04:00,18.0,81,0.0,,250,5.0,,1024.0,,1,1,2024-09-12 00:00:00,KNYC0
2024-09-12 01:00:00-04:00,18.0,84,0.0,,299,4.7,,1024.0,,2,1,2024-09-12 01:00:00,KNYC0
2024-09-12 02:00:00-04:00,14.9,100,0.0,,336,4.7,,1022.6,,8,2,2024-09-12 02:00:00,KNYC0
2024-09-12 03:00:00-04:00,18.0,87,0.0,,351,5.8,,1024.0,,8,5,2024-09-12 03:00:00,KNYC0
2024-09-12 04:00:00-04:00,17.0,90,0.0,,50,6.0,,1024.0,,8,5,2024-09-12 04:00:00,KNYC0
2024-09-12 05:00:00-04:00,17.0,87,0.0,,30,6.0,,1025.0,,8,5,2024-09-12 05:00:00,KNYC0
2024-09-12 06:00:00-04:00,17.0,90,0.0,,80,6.0,,1025.0,,8,5,2024-09-12 06:00:00,KNYC0
2024-09-12 07:00:00-04:00,18.0,87,0.0,,80,6.0,,1025.0,,8,5,2024-09-12 07:00:00,KNYC0
2024-09-12 08:00:00-04:00,18.0,84,0.0,,338,2.9,,1026.0,,8,5,2024-09-12 08:00:00,KNYC0
2024-09-12 09:00:00-04:00,20.0,76,0.0,,300,6.0,,1026.0,,8,5,2024-09-12 09:00:00,KNYC0
2024-09-12 10:00:00-04:00,22.0,68,0.0,,191,2.5,,1026.0,,3,3,2024-09-12 10:00:00,KNYC0
2024-09-12 11:00:00-04:00,23.0,64,0.0,,187,4.0,,1026.0,,2,5,2024-09-12 11:00:00,KNYC0
2024-09-12 12:00:00-04:00,24.0,52,0.0,,207,5.4,,1026.0,,0,2,2024-09-12 12:00:00,KNYC0
2024-09-12 13:00:00-04:00,25.0,50,0.0,,250,6.0,,1025.0,,0,1,2024-09-12 13:00:00,KNYC0
2024-09-12 14:00:00-04:00,26.0,45,0.0,,161,11.2,,1025.0,,0,1,2024-09-12 14:00:00,KNYC0
2024-09-12 15:00:00-04:00,26.0,43,0.0,,156,14.4,,1024.0,,0,1,2024-09-12 15:00:00,KNYC0
2024-09-12 16:00:00-04:00,24.0,45,0.0,,158,7.0,,1024.0,,0,1,2024-09-12 16:00:00,KNYC0
2024-09-12 17:00:00-04:00,23.0,48,0.0,,160,7.0,,1025.0,,0,1,2024-09-12 17:00:00,KNYC0
2024-09-12 18:00:00-04:00,22.0,59,0.0,,140,6.0,,1025.0,,0,1,2024-09-12 18:00:00,KNYC0
2024-09-12 19:00:00-04:00,21.0,63,0.0,,140,7.0,,1025.0,,2,1,2024-09-12 19:00:00,KNYC0
2024-09-12 20:00:00-04:00,20.0,70,0.0,,159,6.0,,1025.0,,1,2,2024-09-12 20:00:00,KNYC0
2024-09-12 21:00:00-04:00,19.0,71,0.0,,164,7.6,,1025.0,,0,1,2024-09-12 21:00:00,KNYC0
2024-09-12 22:00:00-04:00,19.0,75,0.0,,170,9.0,,1025.0,,0,1,2024-09-12 22:00:00,KNYC0
2024-09-12 23:00:00-04:00,19.0,73,0.0,,191,6.8,,1025.0,,0,1,2024-09-12 23:00:00,KNYC0
2024-09-13 00:00:00-04:00,18.0,81,0.0,,13,4.7,,1025.0,,0,1,2024-09-13 00:00:00,KNYC0
2024-09-13 01:00:00-04:00,18.0,81,0.0,,34,4.0,,1025.0,,0,1,2024-09-13 01:00:00,KNYC0
2024-09-13 02:00:00-04:00,18.0,81,0.0,,351,3.2,,1025.0,,0,1,2024-09-13 02:00:00,KNYC0
2024-09-13 03:00:00-04:00,18.0,84,0.0,,348,5.4,,1025.0,,1,1,2024-09-13 03:00:00,KNYC0
2024-09-13 04:00:00-04:00,17.0,87,0.0,,347,8.6,,1026.0,,1,1,2024-09-13 04:00:00,KNYC0
2024-09-13 05:00:00-04:00,17.0,87,0.0,,358,8.6,,1026.0,,2,5,2024-09-13 05:00:00,KNYC0
2024-09-13 06:00:00-04:00,17.0,90,0.0,,13,7.2,,1026.0,,8,5,2024-09-13 06:00:00,KNYC0
2024-09-13 07:00:00-04:00,19.0,84,0.0,,28,4.3,,1026.0,,8,5,2024-09-13 07:00:00,KNYC0
2024-09-13 08:00:00-04:00,21.0,75,0.0,,346,2.9,,1026.0,,8,5,2024-09-13 08:00:00,KNYC0
2024-09-13 09:00:00-04:00,22.0,68,0.0,,355,2.9,,1026.0,,2,5,2024-09-13 09:00:00,KNYC0
2024-09-13 10:00:00-04:00,23.0,62,0.0,,60,6.0,,1026.0,,0,2,2024-09-13 10:00:00,KNYC0
2024-09-13 11:00:00-04:00,25.0,47,0.0,,88,6.0,,1025.0,,0,1,2024-09-13 11:00:00,KNYC0
2024-09-13 12:00:00-04:00,24.8,52,0.0,,124,4.0,,1024.5,,0,1,2024-09-13 12:00:00,KNYC0
2024-09-13 13:00:00-04:00,27.0,37,0.0,,100,6.0,,1024.0,,0,1,2024-09-13 13:00:00,KNYC0
2024-09-13 14:00:00-04:00,27.0,34,0.0,,60,9.0,,1024.0,,0,1,2024-09-13 14:00:00,KNYC0
2024-09-13 15:00:00-04:00,26.0,47,0.0,,165,6.0,,1024.0,,0,1,2024-09-13 15:00:00,KNYC0
2024-09-13 16:00:00-04:00,25.0,54,0.0,,169,7.0,,1024.0,,0,1,2024-09-13 16:00:00,KNYC0
2024-09-13 17:00:00-04:00,24.0,60,0.0,,170,6.0,,1024.0,,0,1,2024-09-13 17:00:00,KNYC0
2024-09-13 18:00:00-04:00,23.0,61,0.0,,170,14.0,,1024.0,,0,1,2024-09-13 18:00:00,KNYC0
2024-09-13 19:00:00-04:00,22.0,66,0.0,,170,12.2,,1024.0,,0,1,2024-09-13 19:00:00,KNYC0
2024-09-13 20:00:00-04:00,22.0,66,0.0,,177,8.6,,1024.0,,0,1,2024-09-13 20:00:00,KNYC0
2024-09-13 21:00:00-04:00,21.0,68,0.0,,187,7.2,,1024.0,,0,1,2024-09-13 21:00:00,KNYC0
2024-09-13 22:00:00-04:00,21.0,73,0.0,,308,4.7,,1024.0,,0,1,2024-09-13 22:00:00,KNYC0
2024-09-13 23:00:00-04:00,21.0,75,0.0,,304,2.9,,1025.0,,0,1,2024-09-13 23:00:00,KNYC0
2024-09-14 00:00:00-04:00,21.0,78,0.0,,30,1.4,,1024.0,,0,1,2024-09-14 00:00:00,KNYC0
2024-09-14 01:00:00-04:00,21.0,78,0.0,,12,2.2,,1024.0,,1,1,2024-09-14 01:00:00,KNYC0
2024-09-14 02:00:00-04:00,20.0,81,0.0,,290,3.2,,1024.0,,1,1,2024-09-14 02:00:00,KNYC0
2024-09-14 03:00:00-04:00,19.0,87,0.0,,280,6.0,,1024.0,,1,1,2024-09-14 03:00:00,KNYC0
2024-09-14 04:00:00-04:00,19.0,87,0.0,,318,4.7,,1024.0,,8,1,2024-09-14 04:00:00,KNYC0
2024-09-14 05:00:00-04:00,19.0,87,0.0,,332,5.8,,1024.0,,5,5,2024-09-14 05:00:00,KNYC0
2024-09-14 06:00:00-04:00,19.0,87,0.0,,348,7.2,,1024.0,,1,3,2024-09-14 06:00:00,KNYC0
2024-09-14 07:00:00-04:00,20.0,81,0.0,,2,9.4,,1025.0,,1,2,2024-09-14 07:00:00,KNYC0
2024-09-14 08:00:00-04:00,21.0,73,0.0,,60,7.0,,1026.0,,0,1,2024-09-14 08:00:00,KNYC0
2024-09-14 09:00:00-04:00,23.0,69,0.0,,23,6.0,,1026.0,,0,1,2024-09-14 09:00:00,KNYC0
2024-09-14 10:00:00-04:00,24.0,60,0.0,,40,6.0,,1026.0,,0,1,2024-09-14 10:00:00,KNYC0
2024-09-14 11:00:00-04:00,26.0,54,0.0,,50,11.0,,1026.0,,0,1,2024-09-14 11:00:00,KNYC0
2024-09-14 12:00:00-04:00,27.0,51,0.0,,80,13.0,,1025.0,,0,1,2024-09-14 12:00:00,KNYC0
2024-09-14 13:00:00-04:00,28.0,46,0.0,,69,9.0,,1025.0,,0,1,2024-09-14 13:00:00,KNYC0
2024-09-14 14:00:00-04:00,28.0,44,0.0,,70,13.0,,1025.0,,1,1,2024-09-14 14:00:00,KNYC0
2024-09-14 15:00:00-04:00,27.0,46,0.0,,66,15.8,,1025.0,,1,1,2024-09-14 15:00:00,KNYC0
2024-09-14 16:00:00-04:00,27.0,44,0.0,,60,13.0,,1025.0,,1,1,2024-09-14 16:00:00,KNYC0
2024-09-14 17:00:00-04:00,27.0,41,0.0,,105,7.0,,1025.0,,0,1,2024-09-14 17:00:00,KNYC0
2024-09-14 18:00:00-04:00,24.0,64,0.0,,141,13.0,,1025.0,,0,1,2024-09-14 18:00:00,KNYC0
2024-09-14 19:00:00-04:00,23.0,67,0.0,,148,10.4,,1025.0,,0,1,2024-09-14 19:00:00,KNYC0
2024-09-14 20:00:00-04:00,22.0,71,0.0,,154,9.4,,1026.0,,0,1,2024-09-14 20:00:00,KNYC0
2024-09-14 21:00:00-04:00,22.0,68,0.0,,134,6.0,,1026.0,,0,1,2024-09-14 21:00:00,KNYC0
2024-09-14 22:00:00-04:00,22.0,66,0.0,,100,6.0,,1026.0,,0,1,2024-09-14 22:00:00,KNYC0
2024-09-14 23:00:00-04:00,21.0,68,0.0,,56,6.5,,1027.0,,0,1,2024-09-14 23:00:00,KNYC0
2024-09-15 00:00:00-04:00,21.0,68,0.0,,20,6.5,,1027.0,,0,1,2024-09-15 00:00:00,KNYC0
2024-09-15 01:00:00-04:00,21.0,68,0.0,,60,6.0,,1027.0,,0,1,2024-09-15 01:00:00,KNYC0
2024-09-15 02:00:00-04:00,21.0,70,0.0,,32,7.0,,1027.0,,0,1,2024-09-15 02:00:00,KNYC0
2024-09-15 03:00:00-04:00,20.0,76,0.0,,34,6.0,,1027.0,,0,1,2024-09-15 03:00:00,KNYC0
2024-09-15 04:00:00-04:00,19.0,81,0.0,,60,7.0,,1027.0,,0,1,2024-09-15 04:00:00,KNYC0
2024-09-15 05:00:00-04:00,19.0,81,0.0,,50,7.0,,1027.0,,0,1,2024-09-15 05:00:00,KNYC0
2024-09-15 06:00:00-04:00,20.0,84,0.0,,47,10.1,,1028.0,,0,1,2024-09-15 06:00:00,KNYC0
2024-09-15 07:00:00-04:00,20.0,84,0.0,,50,7.0,,1028.0,,1,1,2024-09-15 07:00:00,KNYC0
2024-09-15 08:00:00-04:00,21.0,76,0.0,,110,13.0,,1029.0,,2,2,2024-09-15 08:00:00,KNYC0
2024-09-15 09:00:00-04:00,21.1,81,0.0,,59,14.8,,1027.8,,0,2,2024-09-15 09:00:00,KNYC0
2024-09-15 10:00:00-04:00,23.0,66,0.0,,66,7.0,,1030.0,,0,1,2024-09-15 10:00:00,KNYC0
2024-09-15 11:00:00-04:00,24.0,54,0.0,,90,7.0,,1030.0,,0,1,2024-09-15 11:00:00,KNYC0
2024-09-15 12:00:00-04:00,26.0,47,0.0,,76,7.0,,1029.0,,0,1,2024-09-15 12:00:00,KNYC0
2024-09-15 13:00:00-04:00,26.0,45,0.0,,59,16.2,,1029.0,,2,1,2024-09-15 13:00:00,KNYC0
2024-09-15 14:00:00-04:00,26.0,45,0.0,,90,13.0,,1028.0,,2,2,2024-09-15 14:00:00,KNYC0
2024-09-15 15:00:00-04:00,25.0,47,0.0,,60,17.0,,1028.0,,2,2,2024-09-15 15:00:00,KNYC0
2024-09-15 16:00:00-04:00,25.0,45,0.0,,93,9.0,,1028.0,,0,2,2024-09-15 16:00:00,KNYC0
2024-09-15 17:00:00-04:00,23.0,56,0.0,,124,21.2,,1028.0,,0,1,2024-09-15 17:00:00,KNYC0
2024-09-15 18:00:00-04:00,22.0,57,0.0,,141,20.5,,1028.0,,0,1,2024-09-15 18:00:00,KNYC0
2024-09-15 19:00:00-04:00,22.0,55,0.0,,120,11.0,,1028.0,,0,1,2024-09-15 19:00:00,KNYC0
2024-09-15 20:00:00-04:00,21.0,51,0.0,,100,11.0,,1028.0,,0,1,2024-09-15 20:00:00,KNYC0
2024-09-15 21:00:00-04:00,19.0,56,0.0,,110,6.0,,1028.0,,0,1,2024-09-15 21:00:00,KNYC0
2024-09-15 22:00:00-04:00,18.0,61,0.0,,90,8.6,,1028.0,,0,1,2024-09-15 22:00:00,KNYC0
2024-09-15 23:00:00-04:00,17.0,70,0.0,,56,6.8,,1028.0,,0,1,2024-09-15 23:00:00,KNYC0
2024-09-16 00:00:00-04:00,17.0,75,0.0,,40,7.9,,1028.0,,0,1,2024-09-16 00:00:00,KNYC0
2024-09-16 01:00:00-04:00,17.0,80,0.0,,37,7.0,,1028.0,,0,1,2024-09-16 01:00:00,KNYC0
2024-09-16 02:00:00-04:00,17.0,80,0.0,,50,9.0,,1028.0,,1,1,2024-09-16 02:00:00,KNYC0
2024-09-16 03:00:00-04:00,17.0,78,0.0,,36,6.0,,1028.0,,4,2,2024-09-16 03:00:00,KNYC0
2024-09-16 04:00:00-04:00,16.0,81,0.0,,29,7.0,,1028.0,,5,3,2024-09-16 04:00:00,KNYC0
2024-09-16 05:00:00-04:00,16.0,81,0.0,,60,9.0,,1028.0,,5,3,2024-09-16 05:00:00,KNYC0
2024-09-16 06:00:00-04:00,16.0,84,0.0,,18,7.0,,1028.0,,1,3,2024-09-16 06:00:00,KNYC0
2024-09-16 07:00:00-04:00,17.0,84,0.0,,60,11.0,,1028.0,,5,1,2024-09-16 07:00:00,KNYC0
2024-09-16 08:00:00-04:00,18.0,73,0.0,,80,13.0,,1028.0,,3,3,2024-09-16 08:00:00,KNYC0
2024-09-16 09:00:00-04:00,19.0,68,0.0,,44,7.0,,1028.0,,2,2,2024-09-16 09:00:00,KNYC0
2024-09-16 10:00:00-04:00,21.0,61,0.0,,50,19.0,,1028.0,,4,2,2024-09-16 10:00:00,KNYC0
2024-09-16 11:00:00-04:00,22.0,59,0.0,,50,19.0,,1028.0,,2,3,2024-09-16 11:00:00,KNYC0
2024-09-16 12:00:00-04:00,23.0,41,0.0,,81,9.0,,1028.0,,3,2,2024-09-16 12:00:00,KNYC0
2024-09-16 13:00:00-04:00,23.0,37,0.0,,82,9.0,,1027.0,,8,3,2024-09-16 13:00:00,KNYC0
2024-09-16 14:00:00-04:00,24.0,39,0.0,,60,13.0,,1026.0,,8,3,2024-09-16 14:00:00,KNYC0
2024-09-16 15:00:00-04:00,24.0,36,0.0,,87,7.0,,1026.0,,8,3,2024-09-16 15:00:00,KNYC0
2024-09-16 16:00:00-04:00,23.0,31,0.0,,90,11.0,,1026.0,,8,3,2024-09-16 16:00:00,KNYC0
2024-09-16 17:00:00-04:00,22.0,44,0.0,,50,9.0,,1025.0,,8,3,2024-09-16 17:00:00,KNYC0
2024-09-16 18:00:00-04:00,21.0,53,0.0,,60,7.0,,1026.0,,8,3,2024-09-16 18:00:00,KNYC0
2024-09-16 19:00:00-04:00,20.0,70,0.0,,152,12.6,,1026.0,,8,3,2024-09-16 19:00:00,KNYC0
2024-09-16 20:00:00-04:00,19.0,73,0.0,,140,10.1,,1026.0,,8,3,2024-09-16 20:00:00,KNYC0
2024-09-16 21:00:00-04:00,19.0,68,0.0,,138,8.6,,1026.0,,7,3,2024-09-16 21:00:00,KNYC0
2024-09-16 22:00:00-04:00,18.0,73,0.0,,125,7.6,,1026.0,,8,3,2024-09-16 22:00:00,KNYC0
2024-09-16 23:00:00-04:00,18.0,76,0.0,,85,7.0,,1026.0,,8,3,2024-09-16 23:00:00,KNYC0
2024-09-17 00:00:00-04:00,18.0,81,0.0,,70,7.0,,1025.0,,8,3,2024-09-17 00:00:00,KNYC0
2024-09-17 01:00:00-04:00,18.0,84,0.0,,36,7.2,,1026.0,,8,3,2024-09-17 01:00:00,KNYC0
2024-09-17 02:00:00-04:00,19.0,81,0.0,,70,6.0,,1025.0,,8,3,2024-09-17 02:00:00,KNYC0
2024-09-17 03:00:00-04:00,19.0,79,0.0,,60,6.0,,1025.0,,8,3,2024-09-17 03:00:00,KNYC0
2024-09-17 04:00:00-04:00,19.0,81,0.0,,20,6.0,,1025.0,,8,3,2024-09-17 04:00:00,KNYC0
2024-09-17 05:00:00-04:00,19.0,81,0.0,,20,6.0,,1025.0,,8,3,2024-09-17 05:00:00,KNYC0
2024-09-17 06:00:00-04:00,19.0,79,0.0,,11,7.0,,1025.0,,8,3,2024-09-17 06:00:00,KNYC0
2024-09-17 07:00:00-04:00,20.0,76,0.0,,21,7.0,,1025.0,,8,5,2024-09-17 07:00:00,KNYC0
2024-09-17 08:00:00-04:00,20.0,76,0.0,,37,13.7,,1025.0,,8,5,2024-09-17 08:00:00,KNYC0
2024-09-17 09:00:00-04:00,20.0,76,0.0,,50,11.0,,1025.0,,8,3,2024-09-17 09:00:00,KNYC0
2024-09-17 10:00:00-04:00,21.0,73,0.0,,69,9.0,,1025.0,,8,3,2024-09-17 10:00:00,KNYC0
2024-09-17 11:00:00-04:00,21.0,71,0.0,,80,9.0,,1024.0,,8,3,2024-09-17 11:00:00,KNYC0
2024-09-17 12:00:00-04:00,25.0,56,0.0,,85,7.0,,1024.0,,8,3,2024-09-17 12:00:00,KNYC0
2024-09-17 13:00:00-04:00,25.0,56,0.0,,99,7.0,,1023.0,,8,3,2024-09-17 13:00:00,KNYC0
2024-09-17 14:00:00-04:00,26.0,54,0.0,,60,11.0,,1023.0,,8,3,2024-09-17 14:00:00,KNYC0
2024-09-17 15:00:00-04:00,24.0,58,0.0,,110,7.0,,1023.0,,8,3,2024-09-17 15:00:00,KNYC0
2024-09-17 16:00:00-04:00,24.0,60,0.0,,100,15.0,,1022.0,,8,3,2024-09-17 16:00:00,KNYC0
2024-09-17 17:00:00-04:00,24.0,58,0.0,,60,11.0,,1022.0,,8,3,2024-09-17 17:00:00,KNYC0
2024-09-17 18:00:00-04:00,23.0,60,0.0,,60,13.0,,1022.0,,3,3,2024-09-17 18:00:00,KNYC0
2024-09-17 19:00:00-04:00,22.0,64,0.0,,137,12.2,,1022.0,,8,3,2024-09-17 19:00:00,KNYC0
2024-09-17 20:00:00-04:00,22.0,57,0.0,,126,11.2,,1022.0,,8,3,2024-09-17 20:00:00,KNYC0
2024-09-17 21:00:00-04:00,21.0,57,0.0,,112,10.8,,1022.0,,8,3,2024-09-17 21:00:00,KNYC0
2024-09-17 22:00:00-04:00,21.0,59,0.0,,80,6.0,,1022.0,,8,3,2024-09-17 22:00:00,KNYC0
2024-09-17 23:00:00-04:00,20.0,65,0.0,,60,9.0,,1021.0,,8,3,2024-09-17 23:00:00,KNYC0
2024-09-18 00:00:00-04:00,20.0,70,0.0,,48,8.3,,1021.0,,8,3,2024-09-18 00:00:00,KNYC0
2024-09-18 01:00:00-04:00,19.0,79,0.0,,50,9.0,,1021.0,,8,3,2024-09-18 01:00:00,KNYC0
2024-09-18 02:00:00-04:00,21.0,75,0.0,,37,7.0,,1021.0,,8,3,2024-09-18 02:00:00,KNYC0
2024-09-18 03:00:00-04:00,20.0,81,0.0,,60,9.0,,1020.0,,8,3,2024-09-18 03:00:00,KNYC0
2024-09-18 04:00:00-04:00,20.0,84,0.0,,60,9.0,,1020.0,,8,3,2024-09-18 04:00:00,KNYC0
2024-09-18 05:00:00-04:00,20.0,81,0.0,,41,9.0,,1020.0,,8,3,2024-09-18 05:00:00,KNYC0
2024-09-18 06:00:00-04:00,19.0,81,0.0,,60,17.0,,1020.0,,8,3,2024-09-18 06:00:00,KNYC0
2024-09-18 07:00:00-04:00,20.0,78,0.1,,52,7.0,,1020.0,,8,7,2024-09-18 07:00:00,KNYC0
2024-09-18 08:00:00-04:00,21.0,75,0.0,,38,7.0,,1020.0,,8,3,2024-09-18 08:00:00,KNYC0
2024-09-18 09:00:00-04:00,21.0,75,0.0,,44,7.0,,1020.0,,8,3,2024-09-18 09:00:00,KNYC0
2024-09-18 10:00:00-04:00,21.0,73,0.0,,50,17.0,,1020.0,,8,3,2024-09-18 10:00:00,KNYC0
2024-09-18 11:00:00-04:00,22.0,68,0.0,,50,9.0,,1020.0,,8,3,2024-09-18 11:00:00,KNYC0
2024-09-18 12:00:00-04:00,21.0,64,0.0,,80,13.0,,1020.0,,8,3,2024-09-18 12:00:00,KNYC0
2024-09-18 13:00:00-04:00,22.0,61,0.0,,50,15.0,,1019.0,,8,3,2024-09-18 13:00:00,KNYC0
2024-09-18 14:00:00-04:00,24.0,54,0.1,,40,13.0,,1018.0,,8,7,2024-09-18 14:00:00,KNYC0
2024-09-18 15:00:00-04:00,23.0,62,0.0,,50,21.2,,1018.0,,8,3,2024-09-18 15:00:00,KNYC0
2024-09-18 16:00:00-04:00,23.0,60,0.0,,60,9.0,,1018.0,,8,3,2024-09-18 16:00:00,KNYC0
2024-09-18 17:00:00-04:00,23.0,64,0.0,,50,11.0,,1018.0,,8,3,2024-09-18 17:00:00,KNYC0
2024-09-18 18:00:00-04:00,22.0,68,0.0,,48,20.2,,1017.0,,8,3,2024-09-18 18:00:00,KNYC0
2024-09-18 19:00:00-04:00,22.0,73,0.0,,60,13.0,,1017.0,,8,3,2024-09-18 19:00:00,KNYC0
2024-09-18 20:00:00-04:00,22.0,76,0.0,,80,11.0,,1017.0,,8,3,2024-09-18 20:00:00,KNYC0
2024-09-18 21:00:00-04:00,22.0,76,0.0,,40,7.0,,1017.0,,8,3,2024-09-18 21:00:00,KNYC0
2024-09-18 22:00:00-04:00,22.0,71,0.0,,42,10.8,,1016.0,,8,3,2024-09-18 22:00:00,KNYC0
2024-09-18 23:00:00-04:00,22.0,68,0.0,,30,7.0,,1016.0,,8,3,2024-09-18 23:00:00,KNYC0
2024-09-19 00:00:00-04:00,21.0,73,0.0,,50,7.0,,1015.0,,8,3,2024-09-19 00:00:00,KNYC0
2024-09-19 01:00:00-04:00,21.0,73,0.0,,30,7.0,,1015.0,,8,3,2024-09-19 01:00:00,KNYC0
2024-09-19 02:00:00-04:00,21.0,71,0.0,,20,7.0,,1015.0,,8,3,2024-09-19 02:00:00,KNYC0
2024-09-19 03:00:00-04:00,20.0,76,0.0,,10,7.0,,1015.0,,8,3,2024-09-19 03:00:00,KNYC0
2024-09-19 04:00:00-04:00,21.0,73,0.0,,10,6.0,,1014.0,,8,3,2024-09-19 04:00:00,KNYC0
2024-09-19 05:00:00-04:00,21.0,68,0.0,,20,6.0,,1014.0,,8,3,2024-09-19 05:00:00,KNYC0
2024-09-19 06:00:00-04:00,20.0,70,0.0,,358,11.9,,1014.0,,8,3,2024-09-19 06:00:00,KNYC0
2024-09-19 07:00:00-04:00,20.0,68,0.0,,360,7.0,,1015.0,,8,3,2024-09-19 07:00:00,KNYC0
2024-09-19 08:00:00-04:00,21.0,61,0.0,,4,7.0,,1015.0,,8,3,2024-09-19 08:00:00,KNYC0
2024-09-19 09:00:00-04:00,22.0,59,0.0,,360,9.0,,1014.0,,8,3,2024-09-19 09:00:00,KNYC0
2024-09-19 10:00:00-04:00,24.0,48,0.0,,12,9.0,,1014.0,,7,3,2024-09-19 10:00:00,KNYC0
2024-09-19 11:00:00-04:00,26.0,42,0.0,,50,7.0,,1014.0,,8,3,2024-09-19 11:00:00,KNYC0
2024-09-19 12:00:00-04:00,27.0,35,0.0,,60,11.0,,1013.0,,8,3,2024-09-19 12:00:00,KNYC0
2024-09-19 13:00:00-04:00,28.0,34,0.0,,30,17.0,,1012.0,,4,3,2024-09-19 13:00:00,KNYC0
2024-09-19 14:00:00-04:00,29.0,33,0.0,,21,15.8,,1012.0,,5,3,2024-09-19 14:00:00,KNYC0
2024-09-19 15:00:00-04:00,28.0,36,0.0,,20,7.0,,1011.0,,7,3,2024-09-19 15:00:00,KNYC0
2024-09-19 16:00:00-04:00,28.0,44,0.0,,18,9.0,,1011.0,,8,3,2024-09-19 16:00:00,KNYC0
2024-09-19 17:00:00-04:00,28.0,46,0.0,,20,6.0,,1012.0,,8,3,2024-09-19 17:00:00,KNYC0
2024-09-19 18:00:00-04:00,27.0,47,0.0,,30,9.0,,1012.0,,8,3,2024-09-19 18:00:00,KNYC0
2024-09-19 19:00:00-04:00,26.0,49,0.0,,30,6.0,,1012.0,,8,3,2024-09-19 19:00:00,KNYC0
2024-09-19 20:00:00-04:00,24.0,56,0.0,,40,6.0,,1012.0,,8,3,2024-09-19 20:00:00,KNYC0
2024-09-19 21:00:00-04:00,25.0,48,0.0,,70,15.0,,1012.0,,8,3,2024-09-19 21:00:00,KNYC0
2024-09-19 22:00:00-04:00,23.0,61,0.0,,60,9.0,,1013.0,,8,3,2024-09-19 22:00:00,KNYC0
2024-09-19 23:00:00-04:00,23.0,69,0.0,,70,9.0,,1013.0,,8,3,2024-09-19 23:00:00,KNYC0
2024-09-20 00:00:00-04:00,22.0,66,0.0,,50,9.0,,1013.0,,8,3,2024-09-20 00:00:00,KNYC0
2024-09-20 01:00:00-04:00,21.0,73,0.0,,2,6.0,,1013.0,,6,3,2024-09-20 01:00:00,KNYC0
2024-09-20 02:00:00-04:00,21.0,71,0.0,,50,9.0,,1013.0,,7,3,2024-09-20 02:00:00,KNYC0
2024-09-20 03:00:00-04:00,21.0,71,0.0,,357,7.0,,1013.0,,8,3,2024-09-20 03:00:00,KNYC0
2024-09-20 04:00:00-04:00,21.0,71,0.0,,1,7.0,,1013.0,,8,3,2024-09-20 04:00:00,KNYC0
2024-09-20 05:00:00-04:00,21.0,70,0.0,,7,9.0,,1014.0,,8,3,2024-09-20 05:00:00,KNYC0
2024-09-20 06:00:00-04:00,20.0,73,0.0,,359,7.0,,1015.0,,4,3,2024-09-20 06:00:00,KNYC0
2024-09-20 07:00:00-04:00,21.0,70,0.0,,8,9.0,,1015.0,,2,3,2024-09-20 07:00:00,KNYC0
2024-09-20 08:00:00-04:00,22.0,66,0.0,,50,11.0,,1015.0,,1,2,2024-09-20 08:00:00,KNYC0
2024-09-20 09:00:00-04:00,23.0,59,0.0,,40,13.0,,1015.0,,0,1,2024-09-20 09:00:00,KNYC0
2024-09-20 10:00:00-04:00,23.0,62,0.0,,44,11.0,,1016.0,,4,1,2024-09-20 10:00:00,KNYC0
2024-09-20 11:00:00-04:00,23.0,62,0.0,,38,11.0,,1016.0,,3,3,2024-09-20 11:00:00,KNYC0
2024-09-20 12:00:00-04:00,26.0,50,0.0,,30,11.0,,1015.0,,1,3,2024-09-20 12:00:00,KNYC0
2024-09-20 13:00:00-04:00,26.0,52,0.0,,28,11.0,,1015.0,,2,2,2024-09-20 13:00:00,KNYC0
2024-09-20 14:00:00-04:00,26.0,50,0.0,,43,11.0,,1014.0,,2,2,2024-09-20 14:00:00,KNYC0
2024-09-20 15:00:00-04:00,27.0,45,0.1,,52,9.0,,1014.0,,2,17,2024-09-20 15:00:00,KNYC0
2024-09-20 16:00:00-04:00,25.0,54,0.1,,60,11.0,,1015.0,,1,17,2024-09-20 16:00:00,KNYC0
2024-09-20 17:00:00-04:00,24.0,55,0.0,,70,20.0,,1015.0,,2,1,2024-09-20 17:00:00,KNYC0
2024-09-20 18:00:00-04:00,23.0,57,0.0,,69,9.0,,1016.0,,2,2,2024-09-20 18:00:00,KNYC0
2024-09-20 19:00:00-04:00,22.0,63,0.0,,92,9.0,,1016.0,,2,2,2024-09-20 19:00:00,KNYC0
2024-09-20 20:00:00-04:00,22.0,63,0.0,,60,11.0,,1016.0,,0,2,2024-09-20 20:00:00,KNYC0
2024-09-20 21:00:00-04:00,21.0,68,0.0,,70,15.0,,1016.0,,0,1,2024-09-20 21:00:00,KNYC0
2024-09-20 22:00:00-04:00,21.0,70,0.0,,60,9.0,,1017.0,,0,1,2024-09-20 22:00:00,KNYC0
2024-09-20 23:00:00-04:00,20.0,73,0.0,,48,11.0,,1017.0,,0,1,2024-09-20 23:00:00,KNYC0
2024-09-21 00:00:00-04:00,19.0,73,0.0,,80,13.0,,1017.0,,0,1,2024-09-21 00:00:00,KNYC0
2024-09-21 01:00:00-04:00,18.0,76,0.0,,11,7.0,,1017.0,,0,1,2024-09-21 01:00:00,KNYC0
2024-09-21 02:00:00-04:00,18.0,73,0.0,,4,11.0,,1017.0,,0,1,2024-09-21 02:00:00,KNYC0
2024-09-21 03:00:00-04:00,18.0,73,0.0,,30,7.0,,1017.0,,0,1,2024-09-21 03:00:00,KNYC0
2024-09-21 04:00:00-04:00,18.0,73,0.0,,347,6.0,,1017.0,,1,1,2024-09-21 04:00:00,KNYC0
2024-09-21 05:00:00-04:00,18.0,70,0.0,,352,7.0,,1017.0,,1,1,2024-09-21 05:00:00,KNYC0
2024-09-21 06:00:00-04:00,17.0,75,0.0,,356,13.0,,1017.0,,3,1,2024-09-21 06:00:00,KNYC0
2024-09-21 07:00:00-04:00,18.0,70,0.0,,356,6.0,,1018.0,,2,3,2024-09-21 07:00:00,KNYC0
2024-09-21 08:00:00-04:00,19.0,68,0.0,,356,9.0,,1018.0,,8,2,2024-09-21 08:00:00,KNYC0
2024-09-21 09:00:00-04:00,21.0,61,0.0,,7,9.0,,1017.0,,8,3,2024-09-21 09:00:00,KNYC0
2024-09-21 10:00:00-04:00,22.0,55,0.0,,12,11.0,,1017.0,,8,3,2024-09-21 10:00:00,KNYC0
2024-09-21 11:00:00-04:00,23.0,50,0.0,,5,11.0,,1017.0,,8,3,2024-09-21 11:00:00,KNYC0
2024-09-21 12:00:00-04:00,25.0,45,0.0,,1,11.0,,1016.0,,8,3,2024-09-21 12:00:00,KNYC0
2024-09-21 13:00:00-04:00,26.0,45,0.0,,360,9.0,,1015.0,,8,3,2024-09-21 13:00:00,KNYC0
2024-09-21 14:00:00-04:00,24.0,50,0.0,,110,11.0,,1015.0,,8,3,2024-09-21 14:00:00,KNYC0
2024-09-21 15:00:00-04:00,24.0,48,0.0,,70,13.0,,1015.0,,8,3,2024-09-21 15:00:00,KNYC0
2024-09-21 16:00:00-04:00,23.0,52,0.0,,90,19.0,,1015.0,,8,3,2024-09-21 16:00:00,KNYC0
2024-09-21 17:00:00-04:00,23.0,51,0.0,,60,19.0,,1015.0,,0,3,2024-09-21 17:00:00,KNYC0
2024-09-21 18:00:00-04:00,22.0,53,0.0,,50,7.0,,1016.0,,0,1,2024-09-21 18:00:00,KNYC0
2024-09-21 19:00:00-04:00,21.0,55,0.0,,70,17.0,,1016.0,,1,1,2024-09-21 19:00:00,KNYC0
2024-09-21 20:00:00-04:00,21.0,59,0.0,,60,17.0,,1016.0,,0,1,2024-09-21 20:00:00,KNYC0
2024-09-21 21:00:00-04:00,19.0,61,0.0,,60,13.0,,1017.0,,0,1,2024-09-21 21:00:00,KNYC0
2024-09-21 22:00:00-04:00,19.0,61,0.0,,50,11.0,,1017.0,,0,1,2024-09-21 22:00:00,KNYC0
2024-09-21 23:00:00-04:00,18.0,68,0.0,,45,9.0,,1016.0,,3,1,2024-09-21 23:00:00,KNYC0
2024-09-22 00:00:00-04:00,18.0,65,0.0,,60,17.0,,1017.0,,8,3,2024-09-22 00:00:00,KNYC0
2024-09-22 01:00:00-04:00,17.0,70,0.0,,20,9.0,,1017.0,,6,3,2024-09-22 01:00:00,KNYC0
2024-09-22 02:00:00-04:00,17.0,72,0.0,,19,9.0,,1017.0,,5,3,2024-09-22 02:00:00,KNYC0
2024-09-22 03:00:00-04:00,17.0,70,0.0,,50,9.0,,1017.0,,2,3,2024-09-22 03:00:00,KNYC0
2024-09-22 04:00:00-04:00,17.0,70,0.0,,23,11.5,,1016.0,,2,2,2024-09-22 04:00:00,KNYC0
2024-09-22 05:00:00-04:00,17.0,70,0.0,,70,9.0,,1017.0,,1,2,2024-09-22 05:00:00,KNYC0
2024-09-22 06:00:00-04:00,17.0,72,0.0,,40,15.0,,1018.0,,0,2,2024-09-22 06:00:00,KNYC0
2024-09-22 07:00:00-04:00,17.0,70,0.0,,10,9.0,,1018.0,,0,1,2024-09-22 07:00:00,KNYC0
2024-09-22 08:00:00-04:00,17.0,70,0.0,,28,11.0,,1018.0,,0,1,2024-09-22 08:00:00,KNYC0
2024-09-22 09:00:00-04:00,18.0,63,0.0,,40,11.0,,1018.0,,0,1,2024-09-22 09:00:00,KNYC0
2024-09-22 10:00:00-04:00,20.0,57,0.0,,44,13.7,,1018.0,,0,1,2024-09-22 10:00:00,KNYC0
2024-09-22 11:00:00-04:00,21.0,49,0.0,,60,13.0,,1018.0,,0,1,2024-09-22 11:00:00,KNYC0
2024-09-22 12:00:00-04:00,22.0,47,0.0,,48,9.0,,1018.0,,0,1,2024-09-22 12:00:00,KNYC0
2024-09-22 13:00:00-04:00,23.0,44,0.0,,50,13.0,,1018.0,,6,1,2024-09-22 13:00:00,KNYC0
2024-09-22 14:00:00-04:00,22.0,46,0.0,,59,7.0,,1017.0,,7,3,2024-09-22 14:00:00,KNYC0
2024-09-22 15:00:00-04:00,22.0,48,0.0,,83,16.2,,1017.0,,6,3,2024-09-22 15:00:00,KNYC0
2024-09-22 16:00:00-04:00,22.0,51,0.0,,80,15.5,,1017.0,,2,3,2024-09-22 16:00:00,KNYC0
2024-09-22 17:00:00-04:00,22.0,53,0.0,,70,9.0,,1017.0,,1,2,2024-09-22 17:00:00,KNYC0
2024-09-22 18:00:00-04:00,21.0,55,0.0,,60,15.0,,1017.0,,1,2,2024-09-22 18:00:00,KNYC0
2024-09-22 19:00:00-04:00,21.0,53,0.0,,90,13.0,,1018.0,,1,1,2024-09-22 19:00:00,KNYC0
2024-09-22 20:00:00-04:00,20.0,53,0.0,,112,11.0,,1019.0,,1,2,2024-09-22 20:00:00,KNYC0
2024-09-22 21:00:00-04:00,19.0,57,0.0,,110,11.0,,1019.0,,2,1,2024-09-22 21:00:00,KNYC0
2024-09-22 22:00:00-04:00,18.0,56,0.0,,70,19.0,,1019.0,,1,2,2024-09-22 22:00:00,KNYC0
2024-09-22 23:00:00-04:00,18.0,56,0.0,,80,7.0,,1019.0,,0,2,2024-09-22 23:00:00,KNYC0
2024-09-23 00:00:00-04:00,17.0,60,0.0,,50,13.0,,1019.0,,0,1,2024-09-23 00:00:00,KNYC0
2024-09-23 01:00:00-04:00,17.0,60,0.0,,40,13.0,,1019.0,,1,1,2024-09-23 01:00:00,KNYC0
2024-09-23 02:00:00-04:00,17.0,65,0.0,,60,11.0,,1018.0,,2,1,2024-09-23 02:00:00,KNYC0
2024-09-23 03:00:00-04:00,17.0,67,0.0,,14,11.0,,1018.0,,8,2,2024-09-23 03:00:00,KNYC0
2024-09-23 04:00:00-04:00,17.0,67,0.0,,40,9.0,,1018.0,,8,3,2024-09-23 04:00:00,KNYC0
2024-09-23 05:00:00-04:00,16.0,70,0.0,,50,13.0,,1019.0,,8,3,2024-09-23 05:00:00,KNYC0
2024-09-23 06:00:00-04:00,16.0,72,0.0,,30,9.0,,1019.0,,7,3,2024-09-23 06:00:00,KNYC0
2024-09-23 07:00:00-04:00,16.0,72,0.0,,24,9.0,,1019.0,,6,3,2024-09-23 07:00:00,KNYC0
2024-09-23 08:00:00-04:00,17.0,70,0.0,,110,11.0,,1020.0,,8,3,2024-09-23 08:00:00,KNYC0
2024-09-23 09:00:00-04:00,17.0,67,0.0,,46,12.2,,1020.0,,7,3,2024-09-23 09:00:00,KNYC0
2024-09-23 10:00:00-04:00,18.0,63,0.0,,60,19.0,,1020.0,,8,3,2024-09-23 10:00:00,KNYC0
2024-09-23 11:00:00-04:00,18.0,61,0.0,,58,11.0,,1019.0,,8,3,2024-09-23 11:00:00,KNYC0
2024-09-23 12:00:00-04:00,19.0,56,0.0,,80,15.0,,1019.0,,8,3,2024-09-23 12:00:00,KNYC0
2024-09-23 13:00:00-04:00,19.0,56,0.0,,60,13.0,,1019.0,,8,3,2024-09-23 13:00:00,KNYC0
2024-09-23 14:00:00-04:00,19.0,56,0.0,,30,9.0,,1018.0,,8,3,2024-09-23 14:00:00,KNYC0
2024-09-23 15:00:00-04:00,18.0,61,0.0,,66,7.0,,1018.0,,8,3,2024-09-23 15:00:00,KNYC0
2024-09-23 16:00:00-04:00,18.0,56,0.0,,70,15.0,,1019.0,,8,3,2024-09-23 16:00:00,KNYC0
2024-09-23 17:00:00-04:00,18.0,56,0.0,,50,17.0,,1019.0,,8,3,2024-09-23 17:00:00,KNYC0
2024-09-23 18:00:00-04:00,18.0,56,0.0,,138,6.0,,1019.0,,8,3,2024-09-23 18:00:00,KNYC0
2024-09-23 19:00:00-04:00,17.0,65,0.0,,82,12.6,,1019.0,,8,3,2024-09-23 19:00:00,KNYC0
2024-09-23 20:00:00-04:00,16.0,80,0.0,,200,6.0,,1020.0,,8,3,2024-09-23 20:00:00,KNYC0
2024-09-23 21:00:00-04:00,16.0,86,0.0,,110,7.0,,1020.0,,8,3,2024-09-23 21:00:00,KNYC0
2024-09-23 22:00:00-04:00,15.0,90,0.0,,108,11.9,,1020.0,,7,3,2024-09-23 22:00:00,KNYC0
2024-09-23 23:00:00-04:00,16.0,83,0.0,,106,12.2,,1020.0,,8,3,2024-09-23 23:00:00,KNYC0
2024-09-24 00:00:00-04:00,16.0,80,0.0,,85,6.0,,1020.0,,8,3,2024-09-24 00:00:00,KNYC0
2024-09-24 01:00:00-04:00,16.0,75,0.0,,82,11.0,,1020.0,,8,3,2024-09-24 01:00:00,KNYC0
2024-09-24 02:00:00-04:00,16.0,80,0.0,,64,7.0,,1020.0,,8,3,2024-09-24 02:00:00,KNYC0
2024-09-24 03:00:00-04:00,16.0,78,0.0,,60,9.0,,1020.0,,7,3,2024-09-24 03:00:00,KNYC0
2024-09-24 04:00:00-04:00,16.0,75,0.0,,50,9.0,,1020.0,,7,3,2024-09-24 04:00:00,KNYC0
2024-09-24 05:00:00-04:00,16.0,72,0.0,,52,9.0,,1020.0,,7,3,2024-09-24 05:00:00,KNYC0
2024-09-24 06:00:00-04:00,16.0,72,0.0,,40,6.0,,1021.0,,6,3,2024-09-24 06:00:00,KNYC0
2024-09-24 07:00:00-04:00,16.0,72,0.0,,30,11.0,,1021.0,,7,3,2024-09-24 07:00:00,KNYC0
2024-09-24 08:00:00-04:00,16.0,70,0.0,,47,16.2,,1022.0,,8,3,2024-09-24 08:00:00,KNYC0
2024-09-24 09:00:00-04:00,17.0,70,0.0,,58,7.0,,1022.0,,8,3,2024-09-24 09:00:00,KNYC0
2024-09-24 10:00:00-04:00,17.0,70,0.0,,50,13.0,,1022.0,,8,3,2024-09-24 10:00:00,KNYC0
2024-09-24 11:00:00-04:00,17.5,64,0.0,,73,16.9,,1020.7,,8,3,2024-09-24 11:00:00,KNYC0
2024-09-24 12:00:00-04:00,17.9,63,0.0,,72,15.1,,1020.5,,8,3,2024-09-24 12:00:00,KNYC0
2024-09-24 13:00:00-04:00,19.1,58,0.0,,71,13.0,,1020.7,,8,3,2024-09-24 13:00:00,KNYC0
2024-09-24 14:00:00-04:00,19.9,53,0.0,,68,11.2,,1020.5,,8,3,2024-09-24 14:00:00,KNYC0
2024-09-24 15:00:00-04:00,19.0,55,0.0,,84,9.0,,1021.0,,8,3,2024-09-24 15:00:00,KNYC0
2024-09-24 16:00:00-04:00,19.0,56,0.0,,96,9.0,,1021.0,,8,3,2024-09-24 16:00:00,KNYC0
2024-09-24 17:00:00-04:00,19.0,59,0.0,,103,17.6,,1021.0,,8,3,2024-09-24 17:00:00,KNYC0
2024-09-24 18:00:00-04:00,18.0,61,0.0,,113,9.0,,1021.0,,8,3,2024-09-24 18:00:00,KNYC0
2024-09-24 19:00:00-04:00,18.0,60,0.0,,117,7.0,,1022.0,,8,3,2024-09-24 19:00:00,KNYC0
2024-09-24 20:00:00-04:00,17.0,63,0.0,,121,18.0,,1022.0,,8,3,2024-09-24 20:00:00,KNYC0
2024-09-24 21:00:00-04:00,17.0,65,0.0,,118,7.0,,1022.0,,8,3,2024-09-24 21:00:00,KNYC0
2024-09-24 22:00:00-04:00,17.0,65,0.0,,100,9.0,,1021.0,,8,3,2024-09-24 22:00:00,KNYC0
2024-09-24 23:00:00-04:00,17.0,65,0.0,,110,7.0,,1022.0,,8,3,2024-09-24 23:00:00,KNYC0
2024-09-25 00:00:00-04:00,17.0,67,0.0,,96,7.0,,1022.0,,7,3,2024-09-25 00:00:00,KNYC0
2024-09-25 01:00:00-04:00,17.0,70,0.0,,60,7.0,,1022.0,,8,3,2024-09-25 01:00:00,KNYC0
2024-09-25 02:00:00-04:00,17.0,67,0.0,,88,9.0,,1021.0,,8,3,2024-09-25 02:00:00,KNYC0
2024-09-25 03:00:00-04:00,17.0,67,0.0,,95,9.0,,1021.0,,8,3,2024-09-25 03:00:00,KNYC0
2024-09-25 04:00:00-04:00,17.0,70,0.0,,92,11.0,,1021.0,,8,3,2024-09-25 04:00:00,KNYC0
2024-09-25 05:00:00-04:00,17.0,70,0.0,,81,9.0,,1021.0,,8,3,2024-09-25 05:00:00,KNYC0
2024-09-25 06:00:00-04:00,17.0,70,0.0,,80,9.0,,1022.0,,8,3,2024-09-25 06:00:00,KNYC0
2024-09-25 07:00:00-04:00,17.0,70,0.0,,72,13.0,,1023.0,,8,3,2024-09-25 07:00:00,KNYC0
2024-09-25 08:00:00-04:00,17.0,70,0.0,,77,12.6,,1022.0,,8,3,2024-09-25 08:00:00,KNYC0
2024-09-25 09:00:00-04:00,18.0,68,0.0,,86,9.0,,1023.0,,8,3,2024-09-25 09:00:00,KNYC0
2024-09-25 10:00:00-04:00,18.0,65,0.0,,90,9.0,,1023.0,,8,3,2024-09-25 10:00:00,KNYC0
2024-09-25 11:00:00-04:00,19.0,63,0.0,,80,13.0,,1022.0,,8,3,2024-09-25 11:00:00,KNYC0
2024-09-25 12:00:00-04:00,19.0,66,0.0,,116,7.0,,1022.0,,8,3,2024-09-25 12:00:00,KNYC0
2024-09-25 13:00:00-04:00,19.0,66,0.0,,109,11.0,,1022.0,,8,3,2024-09-25 13:00:00,KNYC0
2024-09-25 14:00:00-04:00,20.0,63,0.0,,114,11.0,,1022.0,,8,3,2024-09-25 14:00:00,KNYC0
2024-09-25 15:00:00-04:00,19.0,63,0.0,,119,21.2,,1022.0,,8,3,2024-09-25 15:00:00,KNYC0
2024-09-25 16:00:00-04:00,19.0,68,0.0,,122,6.0,,1022.0,,8,3,2024-09-25 16:00:00,KNYC0
2024-09-25 17:00:00-04:00,19.0,68,0.2,,117,21.6,,1022.0,,8,7,2024-09-25 17:00:00,KNYC0
2024-09-25 18:00:00-04:00,18.0,70,0.0,,109,20.2,,1022.0,,8,3,2024-09-25 18:00:00,KNYC0
2024-09-25 19:00:00-04:00,18.0,70,0.0,,110,6.0,,1022.0,,8,3,2024-09-25 19:00:00,KNYC0
2024-09-25 20:00:00-04:00,18.0,75,0.0,,70,11.0,,1022.0,,8,3,2024-09-25 20:00:00,KNYC0
2024-09-25 21:00:00-04:00,18.0,75,0.0,,109,14.4,,1022.0,,8,3,2024-09-25 21:00:00,KNYC0
2024-09-25 22:00:00-04:00,18.0,76,0.0,,105,14.8,,1022.0,,8,3,2024-09-25 22:00:00,KNYC0
2024-09-25 23:00:00-04:00,18.0,76,0.0,,106,9.0,,1022.0,,8,3,2024-09-25 23:00:00,KNYC0
2024-09-26 00:00:00-04:00,18.0,78,0.0,,113,6.0,,1021.0,,8,3,2024-09-26 00:00:00,KNYC0
2024-09-26 01:00:00-04:00,18.0,78,0.0,,108,13.0,,1021.0,,8,3,2024-09-26 01:00:00,KNYC0
2024-09-26 02:00:00-04:00,18.0,84,0.0,,100,9.0,,1020.0,,8,3,2024-09-26 02:00:00,KNYC0
2024-09-26 03:00:00-04:00,18.0,84,0.0,,114,6.0,,1020.0,,8,3,2024-09-26 03:00:00,KNYC0
2024-09-26 04:00:00-04:00,19.0,81,0.2,,110,6.0,,1020.0,,8,7,2024-09-26 04:00:00,KNYC0
2024-09-26 05:00:00-04:00,19.0,87,0.2,,118,6.0,,1020.0,,8,5,2024-09-26 05:00:00,KNYC0
2024-09-26 06:00:00-04:00,19.0,90,0.4,,120,6.0,,1020.0,,8,5,2024-09-26 06:00:00,KNYC0
2024-09-26 07:00:00-04:00,19.0,87,0.5,,124,13.0,,1020.0,,8,5,2024-09-26 07:00:00,KNYC0
2024-09-26 08:00:00-04:00,19.0,91,0.3,,110,9.0,,1020.0,,8,8,2024-09-26 08:00:00,KNYC0
2024-09-26 09:00:00-04:00,21.0,84,0.0,,140,6.0,,1020.0,,8,3,2024-09-26 09:00:00,KNYC0
2024-09-26 10:00:00-04:00,21.0,90,0.0,,151,6.0,,1020.0,,8,3,2024-09-26 10:00:00,KNYC0
2024-09-26 11:00:00-04:00,21.0,90,0.0,,166,6.0,,1020.0,,8,3,2024-09-26 11:00:00,KNYC0
2024-09-26 12:00:00-04:00,21.0,90,0.1,,175,6.0,,1019.0,,8,5,2024-09-26 12:00:00,KNYC0
2024-09-26 13:00:00-04:00,22.0,90,0.3,,178,22.3,,1018.0,,8,5,2024-09-26 13:00:00,KNYC0
2024-09-26 14:00:00-04:00,22.0,94,0.3,,170,20.9,,1018.0,,8,5,2024-09-26 14:00:00,KNYC0
2024-09-26 15:00:00-04:00,23.0,90,0.0,,175,20.9,,1018.0,,8,5,2024-09-26 15:00:00,KNYC0
2024-09-26 16:00:00-04:00,23.0,88,0.1,,178,19.4,,1017.0,,8,7,2024-09-26 16:00:00,KNYC0
2024-09-26 17:00:00-04:00,23.0,88,0.0,,172,16.2,,1017.0,,8,3,2024-09-26 17:00:00,KNYC0
2024-09-26 18:00:00-04:00,23.0,88,0.0,,177,15.8,,1017.0,,8,3,2024-09-26 18:00:00,KNYC0
2024-09-26 19:00:00-04:00,23.0,88,0.0,,188,14.8,,1018.0,,8,3,2024-09-26 19:00:00,KNYC0
2024-09-26 20:00:00-04:00,23.0,87,0.0,,194,13.3,,1018.0,,8,3,2024-09-26 20:00:00,KNYC0
2024-09-26 21:00:00-04:00,23.0,87,0.0,,207,6.0,,1018.0,,8,3,2024-09-26 21:00:00,KNYC0
2024-09-26 22:00:00-04:00,23.0,85,0.0,,245,6.0,,1018.0,,8,3,2024-09-26 22:00:00,KNYC0
2024-09-26 23:00:00-04:00,23.0,87,0.0,,240,6.0,,1017.0,,8,3,2024-09-26 23:00:00,KNYC0
2024-09-27 00:00:00-04:00,23.0,87,0.0,,343,5.8,,1017.0,,8,3,2024-09-27 00:00:00,KNYC0
2024-09-27 01:00:00-04:00,23.0,87,0.0,,285,5.8,,1017.0,,8,3,2024-09-27 01:00:00,KNYC0
2024-09-27 02:00:00-04:00,23.0,87,0.6,,351,7.0,,1017.0,,8,8,2024-09-27 02:00:00,KNYC0
2024-09-27 03:00:00-04:00,19.0,90,1.3,,60,17.0,,1017.0,,8,9,2024-09-27 03:00:00,KNYC0
2024-09-27 04:00:00-04:00,18.0,90,0.1,,20,11.0,,1017.0,,8,7,2024-09-27 04:00:00,KNYC0
2024-09-27 05:00:00-04:00,18.0,90,0.1,,60,11.0,,1017.0,,8,7,2024-09-27 05:00:00,KNYC0
2024-09-27 06:00:00-04:00,18.0,90,0.0,,26,6.0,,1018.0,,8,3,2024-09-27 06:00:00,KNYC0
2024-09-27 07:00:00-04:00,18.0,93,0.0,,28,7.0,,1018.0,,8,5,2024-09-27 07:00:00,KNYC0
2024-09-27 08:00:00-04:00,18.0,90,0.0,,34,11.0,,1018.0,,8,3,2024-09-27 08:00:00,KNYC0
2024-09-27 09:00:00-04:00,18.0,87,0.0,,34,11.0,,1019.0,,8,3,2024-09-27 09:00:00,KNYC0
2024-09-27 10:00:00-04:00,19.0,84,0.0,,60,17.0,,1019.0,,8,3,2024-09-27 10:00:00,KNYC0
2024-09-27 11:00:00-04:00,21.0,70,0.0,,51,6.0,,1018.0,,8,3,2024-09-27 11:00:00,KNYC0
2024-09-27 12:00:00-04:00,22.0,61,0.0,,50,11.0,,1018.0,,8,3,2024-09-27 12:00:00,KNYC0
2024-09-27 13:00:00-04:00,23.0,61,0.0,,100,7.0,,1017.0,,8,3,2024-09-27 13:00:00,KNYC0
2024-09-27 14:00:00-04:00,23.0,61,0.0,,98,9.0,,1016.0,,8,3,2024-09-27 14:00:00,KNYC0
2024-09-27 15:00:00-04:00,22.0,66,0.0,,144,11.5,,1016.0,,8,3,2024-09-27 15:00:00,KNYC0
2024-09-27 16:00:00-04:00,22.0,66,0.0,,60,6.0,,1016.0,,8,3,2024-09-27 16:00:00,KNYC0
2024-09-27 17:00:00-04:00,21.0,71,0.0,,113,10.1,,1016.0,,8,3,2024-09-27 17:00:00,KNYC0
2024-09-27 18:00:00-04:00,21.0,73,0.0,,69,8.3,,1016.0,,8,3,2024-09-27 18:00:00,KNYC0
2024-09-27 19:00:00-04:00,21.0,75,0.0,,89,9.0,,1016.0,,8,3,2024-09-27 19:00:00,KNYC0
2024-09-27 20:00:00-04:00,21.0,75,0.0,,130,7.0,,1016.0,,8,3,2024-09-27 20:00:00,KNYC0
2024-09-27 21:00:00-04:00,20.0,76,0.2,,105,6.0,,1017.0,,8,7,2024-09-27 21:00:00,KNYC0
2024-09-27 22:00:00-04:00,21.0,70,0.2,,60,9.0,,1016.0,,8,7,2024-09-27 22:00:00,KNYC0
2024-09-27 23:00:00-04:00,20.0,70,0.0,,88,6.8,,1017.0,,8,3,2024-09-27 23:00:00,KNYC0
2024-09-28 00:00:00-04:00,19.0,81,0.0,,60,11.0,,1016.0,,4,3,2024-09-28 00:00:00,KNYC0
2024-09-28 01:00:00-04:00,19.0,81,0.0,,68,7.0,,1016.0,,6,3,2024-09-28 01:00:00,KNYC0
2024-09-28 02:00:00-04:00,19.0,81,0.0,,70,7.0,,1016.0,,8,3,2024-09-28 02:00:00,KNYC0
2024-09-28 03:00:00-04:00,19.0,81,0.0,,60,13.0,,1015.0,,8,3,2024-09-28 03:00:00,KNYC0
2024-09-28 04:00:00-04:00,19.0,79,0.0,,56,13.7,,1015.0,,5,3,2024-09-28 04:00:00,KNYC0
2024-09-28 05:00:00-04:00,19.0,84,0.0,,60,7.0,,1014.0,,1,3,2024-09-28 05:00:00,KNYC0
2024-09-28 06:00:00-04:00,19.0,90,0.0,,70,9.0,,1015.0,,7,2,2024-09-28 06:00:00,KNYC0
2024-09-28 07:00:00-04:00,19.0,90,0.0,,60,17.0,,1015.0,,8,3,2024-09-28 07:00:00,KNYC0
2024-09-28 08:00:00-04:00,17.0,90,0.0,,80,17.0,,1015.0,,8,3,2024-09-28 08:00:00,KNYC0
2024-09-28 09:00:00-04:00,17.0,90,0.0,,50,17.0,,1015.0,,8,3,2024-09-28 09:00:00,KNYC0
2024-09-28 10:00:00-04:00,18.0,88,0.0,,60,13.0,,1015.0,,8,3,2024-09-28 10:00:00,KNYC0
2024-09-28 11:00:00-04:00,18.0,90,0.2,,60,19.0,,1015.0,,8,7,2024-09-28 11:00:00,KNYC0
2024-09-28 12:00:00-04:00,19.0,84,0.9,,70,19.0,,1015.0,,8,8,2024-09-28 12:00:00,KNYC0
2024-09-28 13:00:00-04:00,18.0,87,1.1,,70,15.0,,1015.0,,8,9,2024-09-28 13:00:00,KNYC0
2024-09-28 14:00:00-04:00,18.0,90,1.6,,60,13.0,,1015.0,,8,9,2024-09-28 14:00:00,KNYC0
2024-09-28 15:00:00-04:00,18.0,93,2.5,,50,11.0,,1015.0,,8,9,2024-09-28 15:00:00,KNYC0
2024-09-28 16:00:00-04:00,17.0,93,1.5,,60,17.0,,1015.0,,8,9,2024-09-28 16:00:00,KNYC0
2024-09-28 17:00:00-04:00,17.0,93,0.2,,60,20.0,,1015.0,,8,7,2024-09-28 17:00:00,KNYC0
2024-09-28 18:00:00-04:00,17.0,90,0.0,,60,20.0,,1015.0,,8,3,2024-09-28 18:00:00,KNYC0
2024-09-28 19:00:00-04:00,16.0,94,0.0,,60,15.0,,1016.0,,8,3,2024-09-28 19:00:00,KNYC0
2024-09-28 20:00:00-04:00,17.0,90,0.4,,74,9.0,,1016.0,,8,8,2024-09-28 20:00:00,KNYC0
2024-09-28 21:00:00-04:00,16.0,93,0.5,,75,11.0,,1017.0,,8,8,2024-09-28 21:00:00,KNYC0
2024-09-28 22:00:00-04:00,16.0,90,0.2,,75,21.2,,1017.0,,8,7,2024-09-28 22:00:00,KNYC0
2024-09-28 23:00:00-04:00,16.0,90,0.0,,60,9.0,,1017.0,,8,3,2024-09-28 23:00:00,KNYC0
2024-09-29 00:00:00-04:00,16.0,90,0.8,,74,11.0,,1017.0,,8,5,2024-09-29 00:00:00,KNYC0
2024-09-29 01:00:00-04:00,16.0,90,0.0,,70,9.0,,1017.0,,8,3,2024-09-29 01:00:00,KNYC0
2024-09-29 02:00:00-04:00,16.0,93,0.0,,50,13.0,,1017.0,,8,3,2024-09-29 02:00:00,KNYC0
2024-09-29 03:00:00-04:00,16.0,90,0.0,,60,17.0,,1016.0,,8,3,2024-09-29 03:00:00,KNYC0
2024-09-29 04:00:00-04:00,16.0,90,0.1,,60,15.0,,1017.0,,8,7,2024-09-29 04:00:00,KNYC0
2024-09-29 05:00:00-04:00,16.0,90,0.6,,70,15.0,,1017.0,,8,8,2024-09-29 05:00:00,KNYC0
2024-09-29 06:00:00-04:00,16.0,87,0.3,,80,13.0,,1017.0,,8,8,2024-09-29 06:00:00,KNYC0
2024-09-29 07:00:00-04:00,17.0,80,0.1,,60,11.0,,1017.0,,8,7,2024-09-29 07:00:00,KNYC0
2024-09-29 08:00:00-04:00,16.0,87,0.0,,60,13.0,,1018.0,,8,3,2024-09-29 08:00:00,KNYC0
2024-09-29 09:00:00-04:00,16.0,90,0.0,,64,16.9,,1018.0,,8,3,2024-09-29 09:00:00,KNYC0
2024-09-29 10:00:00-04:00,16.0,93,0.0,,73,7.0,,1018.0,,8,3,2024-09-29 10:00:00,KNYC0
2024-09-29 11:00:00-04:00,17.0,93,0.0,,76,9.0,,1018.0,,8,3,2024-09-29 11:00:00,KNYC0
2024-09-29 12:00:00-04:00,17.0,93,0.0,,50,15.0,,1018.0,,8,3,2024-09-29 12:00:00,KNYC0
2024-09-29 13:00:00-04:00,17.0,93,0.0,,72,9.0,,1018.0,,8,3,2024-09-29 13:00:00,KNYC0
2024-09-29 14:00:00-04:00,17.0,93,0.0,,60,13.0,,1017.0,,8,3,2024-09-29 14:00:00,KNYC0
2024-09-29 15:00:00-04:00,17.0,93,0.0,,62,6.0,,1017.0,,8,3,2024-09-29 15:00:00,KNYC0
2024-09-29 16:00:00-04:00,17.0,93,0.0,,58,9.0,,1017.0,,8,3,2024-09-29 16:00:00,KNYC0
2024-09-29 17:00:00-04:00,17.0,90,0.0,,56,6.0,,1017.0,,8,3,2024-09-29 17:00:00,KNYC0
2024-09-29 18:00:00-04:00,17.0,90,0.0,,60,6.0,,1017.0,,8,3,2024-09-29 18:00:00,KNYC0
2024-09-29 19:00:00-04:00,16.0,93,0.0,,40,9.0,,1017.0,,8,3,2024-09-29 19:00:00,KNYC0
2024-09-29 20:00:00-04:00,16.0,93,0.0,,20,6.0,,1017.0,,5,3,2024-09-29 20:00:00,KNYC0
2024-09-29 21:00:00-04:00,16.0,90,0.0,,40,6.0,,1018.0,,7,3,2024-09-29 21:00:00,KNYC0
2024-09-29 22:00:00-04:00,16.2,86,0.0,,35,7.6,,1017.0,,8,3,2024-09-29 22:00:00,KNYC0
2024-09-29 23:00:00-04:00,16.0,93,0.0,,43,6.8,,1018.0,,6,3,2024-09-29 23:00:00,KNYC0
2024-09-30 00:00:00-04:00,16.0,93,0.0,,36,7.2,,1018.0,,4,3,2024-09-30 00:00:00,KNYC0
2024-09-30 01:00:00-04:00,16.0,90,0.0,,30,6.0,,1017.0,,8,3,2024-09-30 01:00:00,KNYC0
2024-09-30 02:00:00-04:00,16.0,90,0.0,,20,5.8,,1017.0,,8,3,2024-09-30 02:00:00,KNYC0
2024-09-30 03:00:00-04:00,16.0,90,0.0,,30,6.0,,1017.0,,7,3,2024-09-30 03:00:00,KNYC0
2024-09-30 04:00:00-04:00,16.0,90,0.0,,40,6.0,,1017.0,,5,3,2024-09-30 04:00:00,KNYC0
2024-09-30 05:00:00-04:00,16.0,86,0.0,,30,7.0,,1017.0,,3,3,2024-09-30 05:00:00,KNYC0
2024-09-30 06:00:00-04:00,16.0,84,0.0,,10,6.0,,1018.0,,8,2,2024-09-30 06:00:00,KNYC0
2024-09-30 07:00:00-04:00,16.0,84,0.0,,22,7.0,,1018.0,,8,3,2024-09-30 07:00:00,KNYC0
2024-09-30 08:00:00-04:00,18.0,78,0.0,,80,11.0,,1019.0,,8,3,2024-09-30 08:00:00,KNYC0
2024-09-30 09:00:00-04:00,18.0,75,0.0,,60,11.0,,1019.0,,5,3,2024-09-30 09:00:00,KNYC0
2024-09-30 10:00:00-04:00,19.0,70,0.0,,60,17.0,,1019.0,,3,3,2024-09-30 10:00:00,KNYC0
2024-09-30 11:00:00-04:00,19.0,68,0.0,,70,13.0,,1019.0,,6,3,2024-09-30 11:00:00,KNYC0
2024-09-30 12:00:00-04:00,21.0,63,0.0,,50,15.0,,1019.0,,5,3,2024-09-30 12:00:00,KNYC0
2024-09-30 13:00:00-04:00,21.0,51,0.0,,60,17.0,,1018.0,,2,3,2024-09-30 13:00:00,KNYC0
2024-09-30 14:00:00-04:00,21.0,51,0.0,,53,11.0,,1018.0,,2,2,2024-09-30 14:00:00,KNYC0
2024-09-30 15:00:00-04:00,21.0,57,0.0,,60,13.0,,1018.0,,4,2,2024-09-30 15:00:00,KNYC0
2024-09-30 16:00:00-04:00,19.0,63,0.0,,60,9.0,,1018.0,,5,3,2024-09-30 16:00:00,KNYC0
2024-09-30 17:00:00-04:00,21.0,66,0.0,,50,13.0,,1018.0,,8,3,2024-09-30 17:00:00,KNYC0
2024-09-30 18:00:00-04:00,19.0,70,0.0,,135,15.1,,1018.0,,8,3,2024-09-30 18:00:00,KNYC0
2024-09-30 19:00:00-04:00,19.0,68,0.0,,120,9.0,,1018.0,,8,3,2024-09-30 19:00:00,KNYC0
2024-09-30 20:00:00-04:00,18.0,70,0.0,,117,14.0,,1019.0,,8,3,2024-09-30 20:00:00,KNYC0
2024-09-30 21:00:00-04:00,17.0,65,0.0,,100,6.0,,1019.0,,8,3,2024-09-30 21:00:00,KNYC0
2024-09-30 22:00:00-04:00,17.0,65,0.0,,110,6.0,,1019.0,,8,3,2024-09-30 22:00:00,KNYC0
2024-09-30 23:00:00-04:00,17.0,70,0.0,,50,9.0,,1019.0,,8,3,2024-09-30 23:00:00,KNYC0
2024-10-01 00:00:00-04:00,17.0,75,0.0,,60,11.0,,1019.0,,8,3,2024-10-01 00:00:00,KNYC0
2024-10-01 01:00:00-04:00,16.0,78,0.0,,49,10.4,,1019.0,,8,3,2024-10-01 01:00:00,KNYC0
2024-10-01 02:00:00-04:00,16.0,78,0.0,,53,10.4,,1019.0,,8,3,2024-10-01 02:00:00,KNYC0
2024-10-01 03:00:00-04:00,16.0,80,0.0,,50,7.0,,1019.0,,8,3,2024-10-01 03:00:00,KNYC0
2024-10-01 04:00:00-04:00,16.0,80,0.0,,60,9.0,,1019.0,,8,3,2024-10-01 04:00:00,KNYC0
2024-10-01 05:00:00-04:00,17.0,72,0.0,,50,13.0,,1019.0,,8,3,2024-10-01 05:00:00,KNYC0
2024-10-01 06:00:00-04:00,16.0,84,0.0,,49,12.2,,1019.0,,8,3,2024-10-01 06:00:00,KNYC0
2024-10-01 07:00:00-04:00,17.0,84,0.0,,50,11.0,,1019.0,,8,3,2024-10-01 07:00:00,KNYC0
2024-10-01 08:00:00-04:00,17.0,81,0.0,,61,11.0,,1019.0,,8,3,2024-10-01 08:00:00,KNYC0
2024-10-01 09:00:00-04:00,17.0,81,0.0,,50,7.0,,1020.0,,8,3,2024-10-01 09:00:00,KNYC0
2024-10-01 10:00:00-04:00,18.0,73,0.0,,70,13.0,,1019.0,,8,3,2024-10-01 10:00:00,KNYC0
2024-10-01 11:00:00-04:00,19.0,68,0.0,,60,15.0,,1019.0,,8,3,2024-10-01 11:00:00,KNYC0
2024-10-01 12:00:00-04:00,19.0,70,0.0,,50,17.0,,1019.0,,8,3,2024-10-01 12:00:00,KNYC0
2024-10-01 13:00:00-04:00,19.0,68,0.0,,60,15.0,,1019.0,,8,3,2024-10-01 13:00:00,KNYC0
2024-10-01 14:00:00-04:00,19.0,68,0.0,,50,17.0,,1018.0,,8,3,2024-10-01 14:00:00,KNYC0
2024-10-01 15:00:00-04:00,20.0,68,0.0,,70,15.0,,1018.0,,8,3,2024-10-01 15:00:00,KNYC0
2024-10-01 16:00:00-04:00,19.0,66,0.2,,80,13.0,,1018.0,,8,7,2024-10-01 16:00:00,KNYC0
2024-10-01 17:00:00-04:00,19.0,68,0.0,,73,11.0,,1018.0,,5,3,2024-10-01 17:00:00,KNYC0
2024-10-01 18:00:00-04:00,18.0,73,0.0,,60,6.0,,1017.0,,7,3,2024-10-01 18:00:00,KNYC0
2024-10-01 19:00:00-04:00,18.0,70,0.0,,80,7.0,,1017.0,,1,3,2024-10-01 19:00:00,KNYC0
2024-10-01 20:00:00-04:00,17.0,78,0.0,,100,7.0,,1017.0,,0,1,2024-10-01 20:00:00,KNYC0
2024-10-01 21:00:00-04:00,17.0,70,0.0,,86,7.0,,1018.0,,0,1,2024-10-01 21:00:00,KNYC0
2024-10-01 22:00:00-04:00,17.0,78,0.0,,66,11.2,,1018.0,,0,1,2024-10-01 22:00:00,KNYC0
2024-10-01 23:00:00-04:00,16.0,81,0.0,,70,11.5,,1018.0,,0,1,2024-10-01 23:00:00,KNYC0
2024-10-02 00:00:00-04:00,17.0,78,0.0,,81,7.0,,1017.0,,0,1,2024-10-02 00:00:00,KNYC0
2024-10-02 01:00:00-04:00,16.0,78,0.0,,84,11.0,,1017.0,,0,1,2024-10-02 01:00:00,KNYC0
2024-10-02 02:00:00-04:00,16.0,75,0.0,,110,9.0,,1017.0,,0,1,2024-10-02 02:00:00,KNYC0
2024-10-02 03:00:00-04:00,16.0,75,0.0,,60,13.0,,1017.0,,2,1,2024-10-02 03:00:00,KNYC0
2024-10-02 04:00:00-04:00,16.0,78,0.0,,50,11.0,,1017.0,,5,2,2024-10-02 04:00:00,KNYC0
2024-10-02 05:00:00-04:00,15.0,78,0.0,,43,9.0,,1017.0,,5,3,2024-10-02 05:00:00,KNYC0
2024-10-02 06:00:00-04:00,14.0,81,0.0,,50,9.0,,1017.0,,3,3,2024-10-02 06:00:00,KNYC0
2024-10-02 07:00:00-04:00,14.0,81,0.0,,26,10.4,,1017.0,,2,2,2024-10-02 07:00:00,KNYC0
2024-10-02 08:00:00-04:00,15.0,77,0.0,,60,11.0,,1017.0,,2,2,2024-10-02 08:00:00,KNYC0
2024-10-02 09:00:00-04:00,17.0,72,0.0,,70,13.0,,1017.0,,4,2,2024-10-02 09:00:00,KNYC0
2024-10-02 10:00:00-04:00,17.0,72,0.0,,62,9.0,,1018.0,,5,3,2024-10-02 10:00:00,KNYC0
2024-10-02 11:00:00-04:00,18.0,63,0.0,,70,7.0,,1018.0,,6,3,2024-10-02 11:00:00,KNYC0
2024-10-02 12:00:00-04:00,19.0,61,0.0,,70,9.0,,1017.0,,7,3,2024-10-02 12:00:00,KNYC0
2024-10-02 13:00:00-04:00,19.0,59,0.0,,62,10.1,,1017.0,,6,3,2024-10-02 13:00:00,KNYC0
2024-10-02 14:00:00-04:00,20.0,55,0.0,,60,9.0,,1016.0,,8,3,2024-10-02 14:00:00,KNYC0
2024-10-02 15:00:00-04:00,19.0,57,0.0,,47,7.0,,1016.0,,7,3,2024-10-02 15:00:00,KNYC0
2024-10-02 16:00:00-04:00,19.0,56,0.0,,80,9.0,,1016.0,,4,3,2024-10-02 16:00:00,KNYC0
2024-10-02 17:00:00-04:00,18.0,60,0.0,,120,9.0,,1017.0,,5,3,2024-10-02 17:00:00,KNYC0
2024-10-02 18:00:00-04:00,17.0,63,0.0,,60,7.0,,1017.0,,1,3,2024-10-02 18:00:00,KNYC0
2024-10-02 19:00:00-04:00,18.0,60,0.0,,167,8.3,,1017.0,,8,1,2024-10-02 19:00:00,KNYC0
2024-10-02 20:00:00-04:00,17.0,65,0.0,,166,7.9,,1018.0,,8,3,2024-10-02 20:00:00,KNYC0
2024-10-02 21:00:00-04:00,17.0,67,0.0,,156,6.1,,1018.0,,8,3,2024-10-02 21:00:00,KNYC0
2024-10-02 22:00:00-04:00,17.0,70,0.0,,128,5.0,,1018.0,,8,3,2024-10-02 22:00:00,KNYC0
2024-10-02 23:00:00-04:00,17.0,75,0.0,,137,4.0,,1018.0,,8,3,2024-10-02 23:00:00,KNYC0
2024-10-03 00:00:00-04:00,17.0,67,0.0,,124,4.7,,1019.0,,8,3,2024-10-03 00:00:00,KNYC0
2024-10-03 01:00:00-04:00,17.0,70,0.0,,131,5.4,,1019.0,,7,3,2024-10-03 01:00:00,KNYC0
2024-10-03 02:00:00-04:00,17.0,70,0.0,,165,5.8,,1019.0,,0,3,2024-10-03 02:00:00,KNYC0
2024-10-03 03:00:00-04:00,17.0,62,0.0,,79,4.3,,1019.0,,0,1,2024-10-03 03:00:00,KNYC0
2024-10-03 04:00:00-04:00,17.0,58,0.0,,86,5.8,,1019.0,,1,1,2024-10-03 04:00:00,KNYC0
2024-10-03 05:00:00-04:00,17.0,67,0.0,,96,5.4,,1020.0,,8,2,2024-10-03 05:00:00,KNYC0
2024-10-03 06:00:00-04:00,17.0,70,0.0,,98,5.8,,1021.0,,8,3,2024-10-03 06:00:00,KNYC0
2024-10-03 07:00:00-04:00,17.0,70,0.0,,104,4.3,,1021.0,,8,3,2024-10-03 07:00:00,KNYC0
2024-10-03 08:00:00-04:00,18.0,68,0.0,,107,4.0,,1022.0,,8,3,2024-10-03 08:00:00,KNYC0
2024-10-03 09:00:00-04:00,19.0,63,0.0,,122,3.2,,1022.0,,6,3,2024-10-03 09:00:00,KNYC0
2024-10-03 10:00:00-04:00,19.0,66,0.0,,220,5.0,,1022.0,,4,3,2024-10-03 10:00:00,KNYC0
2024-10-03 11:00:00-04:00,19.0,68,0.0,,270,7.0,,1022.0,,5,3,2024-10-03 11:00:00,KNYC0
2024-10-03 12:00:00-04:00,20.0,65,0.0,,239,8.6,,1022.0,,5,3,2024-10-03 12:00:00,KNYC0
2024-10-03 13:00:00-04:00,21.8,57,0.0,,238,9.0,,1019.9,,6,3,2024-10-03 13:00:00,KNYC0
2024-10-03 14:00:00-04:00,22.0,53,0.0,,250,6.0,,1021.0,,6,3,2024-10-03 14:00:00,KNYC0
2024-10-03 15:00:00-04:00,22.0,55,0.0,,236,10.8,,1021.0,,7,3,2024-10-03 15:00:00,KNYC0
2024-10-03 16:00:00-04:00,21.0,55,0.0,,227,12.2,,1021.0,,8,3,2024-10-03 16:00:00,KNYC0
2024-10-03 17:00:00-04:00,20.0,63,0.0,,172,15.8,,1021.0,,4,3,2024-10-03 17:00:00,KNYC0
2024-10-03 18:00:00-04:00,19.0,65,0.0,,166,6.0,,1021.0,,0,3,2024-10-03 18:00:00,KNYC0
2024-10-03 19:00:00-04:00,18.0,73,0.0,,164,6.0,,1022.0,,1,1,2024-10-03 19:00:00,KNYC0
2024-10-03 20:00:00-04:00,18.0,75,0.0,,176,11.5,,1023.0,,3,2,2024-10-03 20:00:00,KNYC0
2024-10-03 21:00:00-04:00,17.0,75,0.0,,183,10.8,,1023.0,,1,3,2024-10-03 21:00:00,KNYC0
2024-10-03 22:00:00-04:00,17.0,75,0.0,,193,10.8,,1023.0,,3,2,2024-10-03 22:00:00,KNYC0
2024-10-03 23:00:00-04:00,17.0,75,0.0,,230,7.0,,1023.0,,6,3,2024-10-03 23:00:00,KNYC0
2024-10-04 00:00:00-04:00,17.0,75,0.0,,254,9.0,,1023.0,,4,3,2024-10-04 00:00:00,KNYC0
2024-10-04 01:00:00-04:00,17.0,75,0.0,,273,8.6,,1024.0,,7,3,2024-10-04 01:00:00,KNYC0
2024-10-04 02:00:00-04:00,17.0,78,0.0,,300,6.0,,1023.0,,2,3,2024-10-04 02:00:00,KNYC0
2024-10-04 03:00:00-04:00,16.0,81,0.0,,243,8.3,,1024.0,,0,2,2024-10-04 03:00:00,KNYC0
2024-10-04 04:00:00-04:00,16.0,83,0.0,,290,6.0,,1024.0,,1,1,2024-10-04 04:00:00,KNYC0
2024-10-04 05:00:00-04:00,16.0,81,0.0,,226,6.5,,1024.0,,8,2,2024-10-04 05:00:00,KNYC0
2024-10-04 06:00:00-04:00,16.0,81,0.0,,230,6.8,,1024.0,,8,3,2024-10-04 06:00:00,KNYC0
2024-10-04 07:00:00-04:00,17.0,78,0.0,,237,6.8,,1024.0,,8,3,2024-10-04 07:00:00,KNYC0
2024-10-04 08:00:00-04:00,18.0,76,0.0,,244,5.8,,1024.0,,8,5,2024-10-04 08:00:00,KNYC0
2024-10-04 09:00:00-04:00,19.0,73,0.0,,250,6.0,,1024.0,,7,5,2024-10-04 09:00:00,KNYC0
2024-10-04 10:00:00-04:00,21.0,68,0.0,,212,5.8,,1024.0,,7,3,2024-10-04 10:00:00,KNYC0
2024-10-04 11:00:00-04:00,22.0,63,0.0,,204,7.9,,1024.0,,7,3,2024-10-04 11:00:00,KNYC0
2024-10-04 12:00:00-04:00,21.0,68,0.0,,197,6.0,,1024.0,,8,3,2024-10-04 12:00:00,KNYC0
2024-10-04 13:00:00-04:00,22.0,64,0.0,,200,13.3,,1023.0,,8,3,2024-10-04 13:00:00,KNYC0
2024-10-04 14:00:00-04:00,22.0,64,0.0,,193,9.0,,1022.0,,8,3,2024-10-04 14:00:00,KNYC0
2024-10-04 15:00:00-04:00,22.0,63,0.0,,158,17.6,,1022.0,,8,3,2024-10-04 15:00:00,KNYC0
2024-10-04 16:00:00-04:00,21.0,66,0.0,,150,16.9,,1022.0,,8,3,2024-10-04 16:00:00,KNYC0
2024-10-04 17:00:00-04:00,20.0,65,0.0,,154,6.0,,1022.0,,8,3,2024-10-04 17:00:00,KNYC0
2024-10-04 18:00:00-04:00,19.0,73,0.0,,156,15.5,,1022.0,,8,3,2024-10-04 18:00:00,KNYC0
2024-10-04 19:00:00-04:00,19.0,68,0.0,,163,12.2,,1022.0,,7,3,2024-10-04 19:00:00,KNYC0
2024-10-04 20:00:00-04:00,19.0,71,0.0,,170,12.2,,1022.0,,5,3,2024-10-04 20:00:00,KNYC0
2024-10-04 21:00:00-04:00,19.0,70,0.0,,176,10.1,,1022.0,,8,3,2024-10-04 21:00:00,KNYC0
2024-10-04 22:00:00-04:00,19.0,66,0.0,,189,9.4,,1022.0,,8,3,2024-10-04 22:00:00,KNYC0
2024-10-04 23:00:00-04:00,19.0,68,0.0,,202,6.0,,1021.0,,8,3,2024-10-04 23:00:00,KNYC0
2024-10-05 00:00:00-04:00,19.0,63,0.0,,216,6.0,,1021.0,,7,3,2024-10-05 00:00:00,KNYC0
2024-10-05 01:00:00-04:00,18.0,70,0.1,,201,8.6,,1021.0,,7,7,2024-10-05 01:00:00,KNYC0
2024-10-05 02:00:00-04:00,18.0,75,0.1,,240,6.0,,1021.0,,4,17,2024-10-05 02:00:00,KNYC0
2024-10-05 03:00:00-04:00,18.0,75,0.4,,228,7.2,,1020.0,,4,17,2024-10-05 03:00:00,KNYC0
2024-10-05 04:00:00-04:00,18.0,75,0.7,,280,6.0,,1020.0,,5,17,2024-10-05 04:00:00,KNYC0
2024-10-05 05:00:00-04:00,17.0,81,0.0,,284,8.3,,1021.0,,1,3,2024-10-05 05:00:00,KNYC0
2024-10-05 06:00:00-04:00,17.0,84,0.0,,320,6.0,,1021.0,,0,1,2024-10-05 06:00:00,KNYC0
2024-10-05 07:00:00-04:00,18.0,78,0.0,,5,12.2,,1022.0,,0,1,2024-10-05 07:00:00,KNYC0
2024-10-05 08:00:00-04:00,18.0,70,0.0,,20,9.0,,1022.0,,1,1,2024-10-05 08:00:00,KNYC0
2024-10-05 09:00:00-04:00,19.0,68,0.0,,360,13.0,,1023.0,,1,1,2024-10-05 09:00:00,KNYC0
2024-10-05 10:00:00-04:00,20.0,61,0.0,,360,19.4,,1023.0,,0,1,2024-10-05 10:00:00,KNYC0
2024-10-05 11:00:00-04:00,21.0,51,0.0,,60,17.0,,1022.0,,0,1,2024-10-05 11:00:00,KNYC0
2024-10-05 12:00:00-04:00,22.0,48,0.0,,10,11.0,,1022.0,,0,1,2024-10-05 12:00:00,KNYC0
2024-10-05 13:00:00-04:00,23.0,43,0.0,,8,9.0,,1022.0,,0,1,2024-10-05 13:00:00,KNYC0
2024-10-05 14:00:00-04:00,23.0,38,0.0,,50,17.0,,1021.0,,0,1,2024-10-05 14:00:00,KNYC0
2024-10-05 15:00:00-04:00,23.0,35,0.0,,350,9.0,,1021.0,,0,1,2024-10-05 15:00:00,KNYC0
2024-10-05 16:00:00-04:00,22.0,35,0.0,,5,6.0,,1021.0,,1,1,2024-10-05 16:00:00,KNYC0
2024-10-05 17:00:00-04:00,21.0,39,0.0,,20,9.0,,1021.0,,1,1,2024-10-05 17:00:00,KNYC0
2024-10-05 18:00:00-04:00,21.0,41,0.0,,30,9.0,,1021.0,,0,1,2024-10-05 18:00:00,KNYC0
2024-10-05 19:00:00-04:00,19.0,45,0.0,,37,10.4,,1022.0,,0,1,2024-10-05 19:00:00,KNYC0
2024-10-05 20:00:00-04:00,19.0,45,0.0,,35,12.2,,1022.0,,0,1,2024-10-05 20:00:00,KNYC0
2024-10-05 21:00:00-04:00,18.0,46,0.0,,10,6.0,,1022.0,,0,1,2024-10-05 21:00:00,KNYC0
2024-10-05 22:00:00-04:00,17.0,48,0.0,,10,6.0,,1022.0,,0,1,2024-10-05 22:00:00,KNYC0
2024-10-05 23:00:00-04:00,17.0,50,0.0,,20,6.0,,1022.0,,0,1,2024-10-05 23:00:00,KNYC0
2024-10-06 00:00:00-04:00,16.0,52,0.0,,5,6.0,,1022.0,,0,1,2024-10-06 00:00:00,KNYC0
2024-10-06 01:00:00-04:00,16.0,50,0.0,,40,9.0,,1022.0,,0,1,2024-10-06 01:00:00,KNYC0
2024-10-06 02:00:00-04:00,15.0,53,0.0,,30,6.0,,1022.0,,0,1,2024-10-06 02:00:00,KNYC0
2024-10-06 03:00:00-04:00,14.0,56,0.0,,8,8.3,,1022.0,,0,1,2024-10-06 03:00:00,KNYC0
2024-10-06 04:00:00-04:00,14.0,56,0.0,,30,6.0,,1022.0,,0,1,2024-10-06 04:00:00,KNYC0
2024-10-06 05:00:00-04:00,13.0,64,0.0,,20,6.0,,1022.0,,0,1,2024-10-06 05:00:00,KNYC0
2024-10-06 06:00:00-04:00,13.0,62,0.0,,10,9.0,,1022.0,,0,1,2024-10-06 06:00:00,KNYC0
2024-10-06 07:00:00-04:00,14.0,57,0.0,,16,8.6,,1022.0,,0,1,2024-10-06 07:00:00,KNYC0
2024-10-06 08:00:00-04:00,15.0,64,0.0,,50,9.0,,1022.0,,0,1,2024-10-06 08:00:00,KNYC0
2024-10-06 09:00:00-04:00,16.0,60,0.0,,100,6.0,,1022.0,,0,1,2024-10-06 09:00:00,KNYC0
2024-10-06 10:00:00-04:00,18.0,58,0.0,,55,6.0,,1022.0,,0,1,2024-10-06 10:00:00,KNYC0
2024-10-06 11:00:00-04:00,19.0,56,0.0,,97,5.8,,1021.0,,0,1,2024-10-06 11:00:00,KNYC0
2024-10-06 12:00:00-04:00,19.0,55,0.0,,147,9.4,,1020.0,,0,1,2024-10-06 12:00:00,KNYC0
2024-10-06 13:00:00-04:00,19.0,59,0.0,,174,7.0,,1019.0,,0,1,2024-10-06 13:00:00,KNYC0
2024-10-06 14:00:00-04:00,21.0,51,0.0,,180,14.8,,1018.0,,2,1,2024-10-06 14:00:00,KNYC0
2024-10-06 15:00:00-04:00,20.0,61,0.0,,169,9.0,,1017.0,,0,2,2024-10-06 15:00:00,KNYC0
2024-10-06 16:00:00-04:00,19.0,68,0.0,,161,17.3,,1017.0,,0,1,2024-10-06 16:00:00,KNYC0
2024-10-06 17:00:00-04:00,19.0,65,0.0,,156,16.2,,1016.0,,0,1,2024-10-06 17:00:00,KNYC0
2024-10-06 18:00:00-04:00,18.0,70,0.0,,150,18.0,,1016.0,,0,1,2024-10-06 18:00:00,KNYC0
2024-10-06 19:00:00-04:00,18.0,75,0.0,,151,6.0,,1016.0,,1,1,2024-10-06 19:00:00,KNYC0
2024-10-06 20:00:00-04:00,18.0,78,0.0,,156,17.3,,1015.0,,6,1,2024-10-06 20:00:00,KNYC0
2024-10-06 21:00:00-04:00,18.0,75,0.0,,164,17.3,,1015.0,,1,3,2024-10-06 21:00:00,KNYC0
2024-10-06 22:00:00-04:00,18.0,70,0.0,,176,18.7,,1014.0,,8,1,2024-10-06 22:00:00,KNYC0
2024-10-06 23:00:00-04:00,18.0,70,0.0,,194,17.6,,1015.0,,8,3,2024-10-06 23:00:00,KNYC0
2024-10-07 00:00:00-04:00,18.0,70,0.0,,205,7.0,,1014.0,,8,3,2024-10-07 00:00:00,KNYC0
2024-10-07 01:00:00-04:00,18.0,70,0.0,,220,13.0,,1014.0,,8,3,2024-10-07 01:00:00,KNYC0
2024-10-07 02:00:00-04:00,18.0,70,0.0,,195,7.0,,1013.0,,8,3,2024-10-07 02:00:00,KNYC0
2024-10-07 03:00:00-04:00,18.0,73,0.0,,194,7.0,,1012.0,,8,3,2024-10-07 03:00:00,KNYC0
2024-10-07 04:00:00-04:00,18.0,73,0.0,,210,6.0,,1011.0,,8,3,2024-10-07 04:00:00,KNYC0
2024-10-07 05:00:00-04:00,18.0,73,0.1,,188,7.0,,1011.0,,8,7,2024-10-07 05:00:00,KNYC0
2024-10-07 06:00:00-04:00,18.0,73,2.3,,203,15.1,,1011.0,,8,9,2024-10-07 06:00:00,KNYC0
2024-10-07 07:00:00-04:00,18.0,76,2.6,,213,11.0,,1011.0,,8,9,2024-10-07 07:00:00,KNYC0
2024-10-07 08:00:00-04:00,18.0,76,0.2,,226,14.8,,1011.0,,6,7,2024-10-07 08:00:00,KNYC0
2024-10-07 09:00:00-04:00,19.0,75,0.0,,239,14.4,,1011.0,,5,3,2024-10-07 09:00:00,KNYC0
2024-10-07 10:00:00-04:00,19.0,71,0.1,,240,6.0,,1011.0,,3,17,2024-10-07 10:00:00,KNYC0
2024-10-07 11:00:00-04:00,22.0,57,0.0,,300,11.0,,1011.0,,1,2,2024-10-07 11:00:00,KNYC0
2024-10-07 12:00:00-04:00,24.0,45,0.0,,313,15.1,,1010.0,,2,1,2024-10-07 12:00:00,KNYC0
2024-10-07 13:00:00-04:00,23.0,37,0.0,,280,13.0,,1010.0,,0,2,2024-10-07 13:00:00,KNYC0
2024-10-07 14:00:00-04:00,23.0,35,0.0,,290,13.0,,1010.0,,0,1,2024-10-07 14:00:00,KNYC0
2024-10-07 15:00:00-04:00,22.0,33,0.0,,313,7.0,,1010.0,,0,1,2024-10-07 15:00:00,KNYC0
2024-10-07 16:00:00-04:00,22.0,32,0.0,,311,19.1,,1010.0,,1,1,2024-10-07 16:00:00,KNYC0
2024-10-07 17:00:00-04:00,20.0,39,0.0,,310,17.0,,1011.0,,0,1,2024-10-07 17:00:00,KNYC0
2024-10-07 18:00:00-04:00,19.0,40,0.0,,300,13.0,,1011.0,,0,1,2024-10-07 18:00:00,KNYC0
2024-10-07 19:00:00-04:00,18.0,45,0.0,,322,11.0,,1012.0,,0,1,2024-10-07 19:00:00,KNYC0
2024-10-07 20:00:00-04:00,18.0,48,0.0,,324,9.0,,1012.0,,0,1,2024-10-07 20:00:00,KNYC0
2024-10-07 21:00:00-04:00,17.0,50,0.0,,322,7.0,,1013.0,,0,1,2024-10-07 21:00:00,KNYC0
2024-10-07 22:00:00-04:00,16.0,55,0.0,,324,13.0,,1013.0,,0,1,2024-10-07 22:00:00,KNYC0
2024-10-07 23:00:00-04:00,15.0,58,0.0,,329,6.0,,1013.0,,0,1,2024-10-07 23:00:00,KNYC0
2024-10-08 00:00:00-04:00,15.0,58,0.0,,325,7.0,,1013.0,,1,1,2024-10-08 00:00:00,KNYC0
2024-10-08 01:00:00-04:00,14.0,60,0.0,,321,11.9,,1014.0,,1,1,2024-10-08 01:00:00,KNYC0
2024-10-08 02:00:00-04:00,14.0,62,0.0,,322,12.2,,1013.0,,1,2,2024-10-08 02:00:00,KNYC0
2024-10-08 03:00:00-04:00,13.0,67,0.0,,318,6.0,,1013.0,,0,1,2024-10-08 03:00:00,KNYC0
2024-10-08 04:00:00-04:00,13.0,66,0.0,,313,10.4,,1013.0,,0,1,2024-10-08 04:00:00,KNYC0
2024-10-08 05:00:00-04:00,12.0,69,0.0,,310,11.2,,1014.0,,0,1,2024-10-08 05:00:00,KNYC0
2024-10-08 06:00:00-04:00,12.0,71,0.0,,312,11.2,,1014.0,,0,1,2024-10-08 06:00:00,KNYC0
2024-10-08 07:00:00-04:00,12.0,69,0.0,,310,11.0,,1015.0,,0,1,2024-10-08 07:00:00,KNYC0
2024-10-08 08:00:00-04:00,13.0,66,0.0,,301,9.0,,1015.0,,0,1,2024-10-08 08:00:00,KNYC0
2024-10-08 09:00:00-04:00,14.0,59,0.0,,306,13.3,,1015.0,,0,1,2024-10-08 09:00:00,KNYC0
2024-10-08 10:00:00-04:00,16.0,53,0.0,,300,13.0,,1015.0,,0,1,2024-10-08 10:00:00,KNYC0
2024-10-08 11:00:00-04:00,17.0,45,0.0,,240,6.0,,1014.0,,0,1,2024-10-08 11:00:00,KNYC0
2024-10-08 12:00:00-04:00,18.0,37,0.0,,312,12.2,,1014.0,,0,1,2024-10-08 12:00:00,KNYC0
2024-10-08 13:00:00-04:00,19.0,32,0.0,,320,13.0,,1013.0,,0,1,2024-10-08 13:00:00,KNYC0
2024-10-08 14:00:00-04:00,19.0,36,0.0,,292,9.0,,1012.0,,5,1,2024-10-08 14:00:00,KNYC0
2024-10-08 15:00:00-04:00,19.0,38,0.0,,282,16.9,,1012.0,,7,3,2024-10-08 15:00:00,KNYC0
2024-10-08 16:00:00-04:00,19.0,36,0.0,,273,7.0,,1012.0,,8,3,2024-10-08 16:00:00,KNYC0
2024-10-08 17:00:00-04:00,18.0,34,0.0,,267,16.2,,1012.0,,6,3,2024-10-08 17:00:00,KNYC0
2024-10-08 18:00:00-04:00,18.0,33,0.0,,260,7.0,,1013.0,,8,3,2024-10-08 18:00:00,KNYC0
2024-10-08 19:00:00-04:00,17.0,37,0.0,,278,6.0,,1013.0,,8,3,2024-10-08 19:00:00,KNYC0
2024-10-08 20:00:00-04:00,17.0,38,0.0,,282,11.9,,1014.0,,7,3,2024-10-08 20:00:00,KNYC0
2024-10-08 21:00:00-04:00,17.0,39,0.0,,268,10.4,,1014.0,,0,3,2024-10-08 21:00:00,KNYC0
2024-10-08 22:00:00-04:00,16.0,42,0.0,,268,10.4,,1014.0,,0,1,2024-10-08 22:00:00,KNYC0
2024-10-08 23:00:00-04:00,16.0,46,0.0,,230,7.0,,1014.0,,0,1,2024-10-08 23:00:00,KNYC0
2024-10-09 00:00:00-04:00,16.0,47,0.0,,248,10.8,,1014.0,,0,1,2024-10-09 00:00:00,KNYC0
2024-10-09 01:00:00-04:00,15.0,51,0.0,,263,11.9,,1014.0,,4,1,2024-10-09 01:00:00,KNYC0
2024-10-09 02:00:00-04:00,15.0,51,0.0,,271,12.2,,1014.0,,0,3,2024-10-09 02:00:00,KNYC0
2024-10-09 03:00:00-04:00,14.0,57,0.0,,279,13.0,,1014.0,,3,1,2024-10-09 03:00:00,KNYC0
2024-10-09 04:00:00-04:00,13.0,57,0.0,,273,8.3,,1014.0,,0,3,2024-10-09 04:00:00,KNYC0
2024-10-09 05:00:00-04:00,13.0,60,0.0,,270,7.0,,1014.0,,0,1,2024-10-09 05:00:00,KNYC0
2024-10-09 06:00:00-04:00,13.0,57,0.0,,270,6.0,,1014.0,,2,1,2024-10-09 06:00:00,KNYC0
2024-10-09 07:00:00-04:00,13.0,57,0.0,,319,9.7,,1015.0,,8,2,2024-10-09 07:00:00,KNYC0
2024-10-09 08:00:00-04:00,14.0,53,0.0,,300,6.0,,1015.0,,8,3,2024-10-09 08:00:00,KNYC0
2024-10-09 09:00:00-04:00,15.0,51,0.0,,294,4.7,,1015.0,,1,3,2024-10-09 09:00:00,KNYC0
2024-10-09 10:00:00-04:00,16.0,46,0.0,,335,6.0,,1014.0,,1,1,2024-10-09 10:00:00,KNYC0
2024-10-09 11:00:00-04:00,18.0,40,0.0,,298,6.0,,1014.0,,3,1,2024-10-09 11:00:00,KNYC0
2024-10-09 12:00:00-04:00,19.0,37,0.0,,266,6.0,,1013.0,,2,3,2024-10-09 12:00:00,KNYC0
2024-10-09 13:00:00-04:00,20.0,36,0.0,,275,17.3,,1012.0,,4,2,2024-10-09 13:00:00,KNYC0
2024-10-09 14:00:00-04:00,20.0,30,0.0,,279,20.5,,1012.0,,3,3,2024-10-09 14:00:00,KNYC0
2024-10-09 15:00:00-04:00,19.0,32,0.0,,278,20.5,,1012.0,,3,3,2024-10-09 15:00:00,KNYC0
2024-10-09 16:00:00-04:00,19.0,29,0.0,,310,13.0,,1012.0,,3,2,2024-10-09 16:00:00,KNYC0
2024-10-09 17:00:00-04:00,18.0,28,0.0,,300,15.0,,1012.0,,6,3,2024-10-09 17:00:00,KNYC0
2024-10-09 18:00:00-04:00,17.0,29,0.0,,303,9.0,,1013.0,,0,3,2024-10-09 18:00:00,KNYC0
2024-10-09 19:00:00-04:00,16.0,35,0.0,,287,6.0,,1014.0,,1,1,2024-10-09 19:00:00,KNYC0
2024-10-09 20:00:00-04:00,16.0,37,0.0,,270,6.0,,1014.0,,3,1,2024-10-09 20:00:00,KNYC0
2024-10-09 21:00:00-04:00,16.0,36,0.0,,270,6.0,,1015.0,,0,3,2024-10-09 21:00:00,KNYC0
2024-10-09 22:00:00-04:00,16.0,37,0.0,,310,17.0,,1015.0,,0,1,2024-10-09 22:00:00,KNYC0
2024-10-09 23:00:00-04:00,13.0,49,0.0,,328,20.5,,1016.0,,0,1,2024-10-09 23:00:00,KNYC0
2024-10-10 00:00:00-04:00,13.0,51,0.0,,310,15.0,,1016.0,,0,1,2024-10-10 00:00:00,KNYC0
2024-10-10 01:00:00-04:00,12.0,54,0.0,,300,15.0,,1016.0,,0,1,2024-10-10 01:00:00,KNYC0
2024-10-10 02:00:00-04:00,11.0,57,0.0,,300,17.0,,1016.0,,0,1,2024-10-10 02:00:00,KNYC0
2024-10-10 03:00:00-04:00,11.0,59,0.0,,322,19.4,,1016.0,,0,1,2024-10-10 03:00:00,KNYC0
2024-10-10 04:00:00-04:00,10.0,61,0.0,,290,13.0,,1016.0,,0,1,2024-10-10 04:00:00,KNYC0
2024-10-10 05:00:00-04:00,10.0,61,0.0,,318,17.6,,1017.0,,0,1,2024-10-10 05:00:00,KNYC0
2024-10-10 06:00:00-04:00,9.0,61,0.0,,318,11.0,,1018.0,,0,1,2024-10-10 06:00:00,KNYC0
2024-10-10 07:00:00-04:00,9.0,61,0.0,,329,11.9,,1018.0,,0,1,2024-10-10 07:00:00,KNYC0
2024-10-10 08:00:00-04:00,10.0,56,0.0,,324,15.1,,1019.0,,0,1,2024-10-10 08:00:00,KNYC0
2024-10-10 09:00:00-04:00,11.0,54,0.0,,322,16.9,,1019.0,,0,1,2024-10-10 09:00:00,KNYC0
2024-10-10 10:00:00-04:00,12.0,47,0.0,,330,11.0,,1020.0,,0,1,2024-10-10 10:00:00,KNYC0
2024-10-10 11:00:00-04:00,13.0,43,0.0,,336,22.7,,1019.0,,2,1,2024-10-10 11:00:00,KNYC0
2024-10-10 12:00:00-04:00,15.0,41,0.0,,300,11.0,,1019.0,,0,2,2024-10-10 12:00:00,KNYC0
2024-10-10 13:00:00-04:00,16.0,36,0.0,,328,16.9,,1018.0,,3,1,2024-10-10 13:00:00,KNYC0
2024-10-10 14:00:00-04:00,16.0,36,0.0,,322,19.1,,1018.0,,7,2,2024-10-10 14:00:00,KNYC0
2024-10-10 15:00:00-04:00,16.0,36,0.0,,300,15.0,,1017.0,,2,3,2024-10-10 15:00:00,KNYC0
2024-10-10 16:00:00-04:00,16.0,39,0.0,,316,6.0,,1017.0,,2,2,2024-10-10 16:00:00,KNYC0
2024-10-10 17:00:00-04:00,15.0,41,0.0,,300,11.0,,1018.0,,0,2,2024-10-10 17:00:00,KNYC0
2024-10-10 18:00:00-04:00,14.0,42,0.0,,290,9.0,,1019.0,,0,1,2024-10-10 18:00:00,KNYC0
2024-10-10 19:00:00-04:00,13.0,45,0.0,,300,19.0,,1020.0,,0,1,2024-10-10 19:00:00,KNYC0
2024-10-10 20:00:00-04:00,12.0,49,0.0,,332,6.0,,1020.0,,0,1,2024-10-10 20:00:00,KNYC0
2024-10-10 21:00:00-04:00,12.0,50,0.0,,339,6.0,,1021.0,,0,1,2024-10-10 21:00:00,KNYC0
2024-10-10 22:00:00-04:00,11.0,50,0.0,,336,15.8,,1021.0,,0,1,2024-10-10 22:00:00,KNYC0
2024-10-10 23:00:00-04:00,10.0,56,0.0,,338,6.0,,1021.0,,0,1,2024-10-10 23:00:00,KNYC0
2024-10-11 00:00:00-04:00,10.0,56,0.0,,336,13.7,,1021.0,,0,1,2024-10-11 00:00:00,KNYC0
2024-10-11 01:00:00-04:00,9.0,59,0.0,,330,9.0,,1021.0,,0,1,2024-10-11 01:00:00,KNYC0
2024-10-11 02:00:00-04:00,9.0,59,0.0,,303,12.2,,1020.0,,0,1,2024-10-11 02:00:00,KNYC0
2024-10-11 03:00:00-04:00,9.0,61,0.0,,340,6.0,,1020.0,,0,1,2024-10-11 03:00:00,KNYC0
2024-10-11 04:00:00-04:00,8.0,65,0.0,,292,10.4,,1020.0,,0,1,2024-10-11 04:00:00,KNYC0
2024-10-11 05:00:00-04:00,8.0,65,0.0,,279,8.6,,1020.0,,0,1,2024-10-11 05:00:00,KNYC0
2024-10-11 06:00:00-04:00,8.0,68,0.0,,273,8.6,,1021.0,,0,1,2024-10-11 06:00:00,KNYC0
2024-10-11 07:00:00-04:00,9.0,71,0.0,,263,6.0,,1021.0,,0,1,2024-10-11 07:00:00,KNYC0
2024-10-11 08:00:00-04:00,10.0,66,0.0,,262,11.2,,1021.0,,0,1,2024-10-11 08:00:00,KNYC0
2024-10-11 09:00:00-04:00,12.0,61,0.0,,281,7.0,,1020.0,,0,1,2024-10-11 09:00:00,KNYC0
2024-10-11 10:00:00-04:00,14.0,53,0.0,,310,13.0,,1020.0,,0,1,2024-10-11 10:00:00,KNYC0
2024-10-11 11:00:00-04:00,16.0,44,0.0,,292,7.0,,1019.0,,0,1,2024-10-11 11:00:00,KNYC0
2024-10-11 12:00:00-04:00,18.0,38,0.0,,290,15.1,,1018.0,,0,1,2024-10-11 12:00:00,KNYC0
2024-10-11 13:00:00-04:00,19.0,33,0.0,,286,16.6,,1017.0,,0,1,2024-10-11 13:00:00,KNYC0
2024-10-11 14:00:00-04:00,20.0,31,0.0,,282,9.0,,1016.0,,0,1,2024-10-11 14:00:00,KNYC0
2024-10-11 15:00:00-04:00,20.0,31,0.0,,283,9.0,,1016.0,,0,1,2024-10-11 15:00:00,KNYC0
2024-10-11 16:00:00-04:00,19.0,29,0.0,,260,13.0,,1016.0,,0,1,2024-10-11 16:00:00,KNYC0
2024-10-11 17:00:00-04:00,19.0,34,0.0,,277,6.0,,1016.0,,0,1,2024-10-11 17:00:00,KNYC0
2024-10-11 18:00:00-04:00,18.0,36,0.0,,253,9.0,,1016.0,,0,1,2024-10-11 18:00:00,KNYC0
2024-10-11 19:00:00-04:00,18.0,34,0.0,,247,7.0,,1016.0,,0,1,2024-10-11 19:00:00,KNYC0
2024-10-11 20:00:00-04:00,18.0,35,0.0,,256,7.0,,1016.0,,0,1,2024-10-11 20:00:00,KNYC0
2024-10-11 21:00:00-04:00,17.0,38,0.0,,240,6.0,,1015.0,,0,1,2024-10-11 21:00:00,KNYC0
2024-10-11 22:00:00-04:00,17.0,44,0.0,,249,9.0,,1015.0,,0,1,2024-10-11 22:00:00,KNYC0
2024-10-11 23:00:00-04:00,16.0,48,0.0,,246,7.0,,1014.0,,1,1,2024-10-11 23:00:00,KNYC0
2024-10-12 00:00:00-04:00,16.0,48,0.0,,250,19.8,,1013.0,,0,1,2024-10-12 00:00:00,KNYC0
2024-10-12 01:00:00-04:00,15.0,51,0.0,,243,19.4,,1013.0,,0,1,2024-10-12 01:00:00,KNYC0
2024-10-12 02:00:00-04:00,15.0,51,0.0,,240,9.0,,1013.0,,0,1,2024-10-12 02:00:00,KNYC0
2024-10-12 03:00:00-04:00,15.0,51,0.0,,255,7.0,,1012.0,,1,1,2024-10-12 03:00:00,KNYC0
2024-10-12 04:00:00-04:00,15.0,51,0.0,,260,6.0,,1012.0,,1,2,2024-10-12 04:00:00,KNYC0
2024-10-12 05:00:00-04:00,15.0,51,0.0,,262,17.3,,1012.0,,0,1,2024-10-12 05:00:00,KNYC0
2024-10-12 06:00:00-04:00,15.0,51,0.0,,262,17.3,,1013.0,,1,1,2024-10-12 06:00:00,KNYC0
2024-10-12 07:00:00-04:00,16.0,51,0.0,,264,6.0,,1013.0,,0,2,2024-10-12 07:00:00,KNYC0
2024-10-12 08:00:00-04:00,17.0,50,0.0,,267,9.0,,1014.0,,1,1,2024-10-12 08:00:00,KNYC0
2024-10-12 09:00:00-04:00,18.0,47,0.0,,290,17.0,,1014.0,,0,1,2024-10-12 09:00:00,KNYC0
2024-10-12 10:00:00-04:00,20.0,37,0.0,,310,17.0,,1014.0,,1,1,2024-10-12 10:00:00,KNYC0
2024-10-12 11:00:00-04:00,21.0,32,0.0,,311,9.0,,1014.0,,0,1,2024-10-12 11:00:00,KNYC0
2024-10-12 12:00:00-04:00,22.0,29,0.0,,315,22.3,,1014.0,,0,1,2024-10-12 12:00:00,KNYC0
2024-10-12 13:00:00-04:00,23.0,27,0.0,,315,22.0,,1014.0,,1,1,2024-10-12 13:00:00,KNYC0
2024-10-12 14:00:00-04:00,23.0,24,0.0,,310,15.0,,1014.0,,4,1,2024-10-12 14:00:00,KNYC0
2024-10-12 15:00:00-04:00,22.0,22,0.0,,290,15.0,,1014.0,,4,3,2024-10-12 15:00:00,KNYC0
2024-10-12 16:00:00-04:00,22.0,24,0.0,,310,11.0,,1014.0,,6,3,2024-10-12 16:00:00,KNYC0
2024-10-12 17:00:00-04:00,21.0,23,0.0,,300,9.0,,1015.0,,4,3,2024-10-12 17:00:00,KNYC0
2024-10-12 18:00:00-04:00,20.0,24,0.0,,300,7.0,,1015.0,,0,3,2024-10-12 18:00:00,KNYC0
2024-10-12 19:00:00-04:00,18.0,29,0.0,,312,10.4,,1016.0,,0,1,2024-10-12 19:00:00,KNYC0
2024-10-12 20:00:00-04:00,18.0,28,0.0,,315,6.0,,1017.0,,0,1,2024-10-12 20:00:00,KNYC0
2024-10-12 21:00:00-04:00,17.0,30,0.0,,320,6.0,,1017.0,,0,1,2024-10-12 21:00:00,KNYC0
2024-10-12 22:00:00-04:00,16.0,35,0.0,,340,6.0,,1017.0,,0,1,2024-10-12 22:00:00,KNYC0
2024-10-12 23:00:00-04:00,14.0,39,0.0,,348,10.1,,1017.0,,0,1,2024-10-12 23:00:00,KNYC0
2024-10-13 00:00:00-04:00,14.0,40,0.0,,3,11.2,,1016.0,,0,1,2024-10-13 00:00:00,KNYC0
2024-10-13 01:00:00-04:00,14.0,42,0.0,,20,7.0,,1016.0,,0,1,2024-10-13 01:00:00,KNYC0
2024-10-13 02:00:00-04:00,14.0,46,0.0,,12,10.8,,1016.0,,0,1,2024-10-13 02:00:00,KNYC0
2024-10-13 03:00:00-04:00,14.0,44,0.0,,40,9.0,,1016.0,,8,1,2024-10-13 03:00:00,KNYC0
2024-10-13 04:00:00-04:00,15.0,49,0.0,,59,6.0,,1015.0,,8,3,2024-10-13 04:00:00,KNYC0
2024-10-13 05:00:00-04:00,15.0,41,0.0,,110,11.0,,1015.0,,8,3,2024-10-13 05:00:00,KNYC0
2024-10-13 06:00:00-04:00,14.0,47,0.0,,47,9.0,,1015.0,,8,3,2024-10-13 06:00:00,KNYC0
2024-10-13 07:00:00-04:00,14.0,53,0.0,,19,9.0,,1015.0,,8,3,2024-10-13 07:00:00,KNYC0
2024-10-13 08:00:00-04:00,14.0,55,0.0,,32,9.0,,1015.0,,5,3,2024-10-13 08:00:00,KNYC0
2024-10-13 09:00:00-04:00,16.0,51,0.0,,60,9.0,,1015.0,,3,3,2024-10-13 09:00:00,KNYC0
2024-10-13 10:00:00-04:00,16.0,54,0.0,,62,9.0,,1013.0,,3,2,2024-10-13 10:00:00,KNYC0
2024-10-13 11:00:00-04:00,18.0,47,0.0,,50,11.0,,1013.0,,3,3,2024-10-13 11:00:00,KNYC0
2024-10-13 12:00:00-04:00,19.0,49,0.0,,100,11.0,,1011.0,,1,2,2024-10-13 12:00:00,KNYC0
2024-10-13 13:00:00-04:00,20.0,51,0.0,,60,9.0,,1009.0,,1,1,2024-10-13 13:00:00,KNYC0
2024-10-13 14:00:00-04:00,20.0,55,0.0,,80,7.0,,1009.0,,7,2,2024-10-13 14:00:00,KNYC0
2024-10-13 15:00:00-04:00,19.0,63,0.0,,60,13.0,,1008.0,,0,3,2024-10-13 15:00:00,KNYC0
2024-10-13 16:00:00-04:00,19.0,66,0.0,,50,9.0,,1007.0,,0,1,2024-10-13 16:00:00,KNYC0
2024-10-13 17:00:00-04:00,19.0,73,0.0,,70,9.0,,1006.0,,6,1,2024-10-13 17:00:00,KNYC0
2024-10-13 18:00:00-04:00,18.0,78,0.0,,60,9.0,,1006.0,,6,3,2024-10-13 18:00:00,KNYC0
2024-10-13 19:00:00-04:00,17.0,84,0.0,,173,19.8,,1006.0,,3,3,2024-10-13 19:00:00,KNYC0
2024-10-13 20:00:00-04:00,17.0,87,0.0,,174,17.3,,1006.0,,4,2,2024-10-13 20:00:00,KNYC0
2024-10-13 21:00:00-04:00,17.0,87,0.0,,40,6.0,,1006.0,,5,3,2024-10-13 21:00:00,KNYC0
2024-10-13 22:00:00-04:00,17.0,84,0.0,,60,7.0,,1005.0,,3,3,2024-10-13 22:00:00,KNYC0
2024-10-13 23:00:00-04:00,16.0,83,0.0,,40,9.0,,1005.0,,1,3,2024-10-13 23:00:00,KNYC0
2024-10-14 00:00:00-04:00,14.0,81,0.0,,221,7.0,,1004.0,,1,1,2024-10-14 00:00:00,KNYC0
2024-10-14 01:00:00-04:00,13.0,80,0.0,,241,9.0,,1005.0,,3,1,2024-10-14 01:00:00,KNYC0
2024-10-14 02:00:00-04:00,13.0,83,0.0,,40,7.0,,1005.0,,4,3,2024-10-14 02:00:00,KNYC0
2024-10-14 03:00:00-04:00,13.0,83,0.0,,358,7.2,,1004.0,,6,3,2024-10-14 03:00:00,KNYC0
2024-10-14 04:00:00-04:00,13.0,83,0.0,,18,6.1,,1004.0,,6,3,2024-10-14 04:00:00,KNYC0
2024-10-14 05:00:00-04:00,13.0,80,0.0,,40,7.0,,1004.0,,7,5,2024-10-14 05:00:00,KNYC0
2024-10-14 06:00:00-04:00,12.0,83,0.0,,332,7.2,,1004.0,,8,5,2024-10-14 06:00:00,KNYC0
2024-10-14 07:00:00-04:00,13.0,80,0.0,,306,4.3,,1004.0,,6,5,2024-10-14 07:00:00,KNYC0
2024-10-14 08:00:00-04:00,14.0,77,0.0,,291,6.0,,1004.0,,6,5,2024-10-14 08:00:00,KNYC0
2024-10-14 09:00:00-04:00,14.0,78,0.0,,216,6.0,,1004.0,,3,5,2024-10-14 09:00:00,KNYC0
2024-10-14 10:00:00-04:00,15.0,75,0.1,,30,6.0,,1004.0,,5,5,2024-10-14 10:00:00,KNYC0
2024-10-14 11:00:00-04:00,16.0,72,0.0,,257,29.5,,1004.0,,1,5,2024-10-14 11:00:00,KNYC0
2024-10-14 12:00:00-04:00,19.0,30,0.0,,263,7.0,,1003.0,,0,2,2024-10-14 12:00:00,KNYC0
2024-10-14 13:00:00-04:00,18.0,33,0.0,,290,17.0,,1003.0,,0,1,2024-10-14 13:00:00,KNYC0
2024-10-14 14:00:00-04:00,18.0,33,0.0,,270,15.0,,1003.0,,1,1,2024-10-14 14:00:00,KNYC0
2024-10-14 15:00:00-04:00,17.0,36,0.0,,280,13.0,,1004.0,,3,1,2024-10-14 15:00:00,KNYC0
2024-10-14 16:00:00-04:00,14.0,49,0.0,,300,17.0,,1006.0,,5,2,2024-10-14 16:00:00,KNYC0
2024-10-14 17:00:00-04:00,12.0,45,0.0,,300,15.0,,1008.0,,1,3,2024-10-14 17:00:00,KNYC0
2024-10-14 18:00:00-04:00,11.0,46,0.0,,290,22.0,,1009.0,,2,1,2024-10-14 18:00:00,KNYC0
2024-10-14 19:00:00-04:00,10.0,50,0.0,,310,24.0,,1010.0,,2,2,2024-10-14 19:00:00,KNYC0
2024-10-14 20:00:00-04:00,10.0,52,0.0,,305,27.7,,1011.0,,3,2,2024-10-14 20:00:00,KNYC0
2024-10-14 21:00:00-04:00,9.0,54,0.0,,310,19.0,,1012.0,,3,2,2024-10-14 21:00:00,KNYC0
2024-10-14 22:00:00-04:00,9.0,54,0.0,,315,24.1,,1012.0,,0,3,2024-10-14 22:00:00,KNYC0
2024-10-14 23:00:00-04:00,9.0,58,0.0,,310,6.0,,1012.0,,1,1,2024-10-14 23:00:00,KNYC0
2024-10-15 00:00:00-04:00,9.0,58,0.0,,280,11.0,,1012.0,,0,1,2024-10-15 00:00:00,KNYC0
2024-10-15 01:00:00-04:00,9.0,61,0.0,,306,11.0,,1012.0,,0,1,2024-10-15 01:00:00,KNYC0
2024-10-15 02:00:00-04:00,8.0,63,0.0,,289,11.0,,1013.0,,2,1,2024-10-15 02:00:00,KNYC0
2024-10-15 03:00:00-04:00,8.0,65,0.0,,283,7.0,,1013.0,,1,2,2024-10-15 03:00:00,KNYC0
2024-10-15 04:00:00-04:00,7.0,68,0.0,,280,9.0,,1013.0,,0,1,2024-10-15 04:00:00,KNYC0
2024-10-15 05:00:00-04:00,7.0,68,0.0,,280,9.0,,1013.0,,0,1,2024-10-15 05:00:00,KNYC0
2024-10-15 06:00:00-04:00,7.0,65,0.0,,288,7.0,,1013.0,,0,1,2024-10-15 06:00:00,KNYC0
2024-10-15 07:00:00-04:00,7.0,65,0.0,,280,11.0,,1014.0,,2,1,2024-10-15 07:00:00,KNYC0
2024-10-15 08:00:00-04:00,8.0,63,0.0,,285,6.0,,1014.0,,1,2,2024-10-15 08:00:00,KNYC0
2024-10-15 09:00:00-04:00,9.0,56,0.0,,289,14.8,,1014.0,,4,1,2024-10-15 09:00:00,KNYC0
2024-10-15 10:00:00-04:00,10.0,54,0.0,,310,15.0,,1013.0,,4,3,2024-10-15 10:00:00,KNYC0
2024-10-15 11:00:00-04:00,12.0,48,0.0,,294,15.5,,1013.0,,5,3,2024-10-15 11:00:00,KNYC0
2024-10-15 12:00:00-04:00,12.0,45,0.0,,260,11.0,,1012.0,,4,3,2024-10-15 12:00:00,KNYC0
2024-10-15 13:00:00-04:00,14.0,39,0.0,,293,11.0,,1011.0,,3,3,2024-10-15 13:00:00,KNYC0
2024-10-15 14:00:00-04:00,13.0,37,0.0,,290,20.2,,1011.0,,2,2,2024-10-15 14:00:00,KNYC0
2024-10-15 15:00:00-04:00,13.0,34,0.0,,292,21.6,,1011.0,,2,2,2024-10-15 15:00:00,KNYC0
2024-10-15 16:00:00-04:00,13.0,34,0.0,,270,17.0,,1011.0,,2,2,2024-10-15 16:00:00,KNYC0
2024-10-15 17:00:00-04:00,13.0,35,0.0,,291,20.9,,1011.0,,1,2,2024-10-15 17:00:00,KNYC0
2024-10-15 18:00:00-04:00,13.0,37,0.0,,306,6.0,,1012.0,,3,1,2024-10-15 18:00:00,KNYC0
2024-10-15 19:00:00-04:00,12.0,45,0.0,,316,9.0,,1013.0,,1,2,2024-10-15 19:00:00,KNYC0
2024-10-15 20:00:00-04:00,11.0,50,0.0,,310,7.0,,1013.0,,0,1,2024-10-15 20:00:00,KNYC0
2024-10-15 21:00:00-04:00,11.0,50,0.0,,293,9.0,,1014.0,,0,1,2024-10-15 21:00:00,KNYC0
2024-10-15 22:00:00-04:00,10.0,50,0.0,,260,9.0,,1014.0,,0,1,2024-10-15 22:00:00,KNYC0
2024-10-15 23:00:00-04:00,9.0,52,0.0,,287,7.0,,1014.0,,0,1,2024-10-15 23:00:00,KNYC0
2024-10-16 00:00:00-04:00,9.0,54,0.0,,280,12.6,,1014.0,,0,1,2024-10-16 00:00:00,KNYC0
2024-10-16 01:00:00-04:00,9.0,54,0.0,,272,9.0,,1014.0,,0,1,2024-10-16 01:00:00,KNYC0
2024-10-16 02:00:00-04:00,8.0,56,0.0,,280,11.0,,1014.0,,0,1,2024-10-16 02:00:00,KNYC0
2024-10-16 03:00:00-04:00,8.0,58,0.0,,280,13.0,,1014.0,,0,1,2024-10-16 03:00:00,KNYC0
2024-10-16 04:00:00-04:00,7.0,60,0.0,,275,9.0,,1015.0,,0,1,2024-10-16 04:00:00,KNYC0
2024-10-16 05:00:00-04:00,7.0,63,0.0,,280,17.0,,1015.0,,0,1,2024-10-16 05:00:00,KNYC0
2024-10-16 06:00:00-04:00,7.0,65,0.0,,286,7.0,,1016.0,,0,1,2024-10-16 06:00:00,KNYC0
2024-10-16 07:00:00-04:00,7.0,65,0.0,,283,13.7,,1016.0,,0,1,2024-10-16 07:00:00,KNYC0
2024-10-16 08:00:00-04:00,8.0,60,0.0,,289,15.8,,1017.0,,0,1,2024-10-16 08:00:00,KNYC0
2024-10-16 09:00:00-04:00,9.0,56,0.0,,295,11.0,,1018.0,,0,1,2024-10-16 09:00:00,KNYC0
2024-10-16 10:00:00-04:00,11.0,50,0.0,,290,19.0,,1018.0,,4,1,2024-10-16 10:00:00,KNYC0
2024-10-16 11:00:00-04:00,12.0,45,0.0,,310,17.0,,1018.0,,6,3,2024-10-16 11:00:00,KNYC0
2024-10-16 12:00:00-04:00,13.0,41,0.0,,326,9.0,,1018.0,,8,3,2024-10-16 12:00:00,KNYC0
2024-10-16 13:00:00-04:00,13.0,37,0.0,,323,6.0,,1018.0,,8,3,2024-10-16 13:00:00,KNYC0
2024-10-16 14:00:00-04:00,14.0,36,0.0,,318,9.0,,1018.0,,5,3,2024-10-16 14:00:00,KNYC0
2024-10-16 15:00:00-04:00,14.0,36,0.0,,321,20.2,,1018.0,,5,3,2024-10-16 15:00:00,KNYC0
2024-10-16 16:00:00-04:00,14.0,37,0.0,,326,19.8,,1019.0,,0,3,2024-10-16 16:00:00,KNYC0
2024-10-16 17:00:00-04:00,13.0,38,0.0,,329,7.0,,1019.0,,0,1,2024-10-16 17:00:00,KNYC0
2024-10-16 18:00:00-04:00,12.0,43,0.0,,338,7.0,,1020.0,,0,1,2024-10-16 18:00:00,KNYC0
2024-10-16 19:00:00-04:00,12.0,41,0.0,,340,14.4,,1021.0,,0,1,2024-10-16 19:00:00,KNYC0
2024-10-16 20:00:00-04:00,11.0,46,0.0,,346,7.0,,1021.0,,0,1,2024-10-16 20:00:00,KNYC0
2024-10-16 21:00:00-04:00,11.0,48,0.0,,360,13.0,,1022.0,,0,1,2024-10-16 21:00:00,KNYC0
2024-10-16 22:00:00-04:00,10.0,52,0.0,,346,7.0,,1023.0,,0,1,2024-10-16 22:00:00,KNYC0
2024-10-16 23:00:00-04:00,9.0,54,0.0,,355,11.9,,1023.0,,0,1,2024-10-16 23:00:00,KNYC0
2024-10-17 00:00:00-04:00,9.0,56,0.0,,340,9.0,,1024.0,,0,1,2024-10-17 00:00:00,KNYC0
2024-10-17 01:00:00-04:00,8.0,58,0.0,,355,6.0,,1024.0,,0,1,2024-10-17 01:00:00,KNYC0
2024-10-17 02:00:00-04:00,8.0,60,0.0,,359,6.0,,1024.0,,0,1,2024-10-17 02:00:00,KNYC0
2024-10-17 03:00:00-04:00,7.0,63,0.0,,20,6.0,,1024.0,,0,1,2024-10-17 03:00:00,KNYC0
2024-10-17 04:00:00-04:00,7.0,65,0.0,,356,9.0,,1025.0,,1,1,2024-10-17 04:00:00,KNYC0
2024-10-17 05:00:00-04:00,7.0,58,0.0,,3,7.0,,1024.0,,0,1,2024-10-17 05:00:00,KNYC0
2024-10-17 06:00:00-04:00,6.0,70,0.0,,9,11.5,,1025.0,,0,1,2024-10-17 06:00:00,KNYC0
2024-10-17 07:00:00-04:00,6.0,73,0.0,,4,9.7,,1025.0,,1,1,2024-10-17 07:00:00,KNYC0
2024-10-17 08:00:00-04:00,9.0,50,0.0,,354,9.0,,1025.0,,2,1,2024-10-17 08:00:00,KNYC0
2024-10-17 09:00:00-04:00,9.0,48,0.0,,30,13.0,,1025.0,,6,2,2024-10-17 09:00:00,KNYC0
2024-10-17 10:00:00-04:00,11.0,48,0.0,,60,11.0,,1025.0,,0,3,2024-10-17 10:00:00,KNYC0
2024-10-17 11:00:00-04:00,12.0,43,0.0,,30,9.0,,1025.0,,0,1,2024-10-17 11:00:00,KNYC0
2024-10-17 12:00:00-04:00,13.0,38,0.0,,6,9.0,,1025.0,,0,1,2024-10-17 12:00:00,KNYC0
2024-10-17 13:00:00-04:00,14.0,36,0.0,,9,11.0,,1024.0,,0,1,2024-10-17 13:00:00,KNYC0
2024-10-17 14:00:00-04:00,14.0,34,0.0,,350,13.0,,1024.0,,0,1,2024-10-17 14:00:00,KNYC0
2024-10-17 15:00:00-04:00,14.0,36,0.0,,351,11.0,,1023.0,,0,1,2024-10-17 15:00:00,KNYC0
2024-10-17 16:00:00-04:00,14.0,34,0.0,,10,19.0,,1023.0,,0,1,2024-10-17 16:00:00,KNYC0
2024-10-17 17:00:00-04:00,14.0,31,0.0,,356,9.0,,1023.0,,0,1,2024-10-17 17:00:00,KNYC0
2024-10-17 18:00:00-04:00,13.0,37,0.0,,20,11.0,,1023.0,,0,1,2024-10-17 18:00:00,KNYC0
2024-10-17 19:00:00-04:00,13.0,38,0.0,,17,9.0,,1024.0,,0,1,2024-10-17 19:00:00,KNYC0
2024-10-17 20:00:00-04:00,13.0,38,0.0,,36,6.0,,1024.0,,0,1,2024-10-17 20:00:00,KNYC0
2024-10-17 21:00:00-04:00,13.0,40,0.0,,14,14.0,,1025.0,,0,1,2024-10-17 21:00:00,KNYC0
2024-10-17 22:00:00-04:00,12.0,45,0.0,,350,7.0,,1025.0,,0,1,2024-10-17 22:00:00,KNYC0
2024-10-17 23:00:00-04:00,11.0,46,0.0,,330,9.0,,1025.0,,0,1,2024-10-17 23:00:00,KNYC0
2024-10-18 00:00:00-04:00,11.0,48,0.0,,357,9.4,,1025.0,,0,1,2024-10-18 00:00:00,KNYC0
2024-10-18 01:00:00-04:00,11.0,52,0.0,,342,15.1,,1026.0,,0,1,2024-10-18 01:00:00,KNYC0
2024-10-18 02:00:00-04:00,10.0,54,0.0,,344,13.7,,1026.0,,0,1,2024-10-18 02:00:00,KNYC0
2024-10-18 03:00:00-04:00,9.0,59,0.0,,357,6.0,,1027.0,,0,1,2024-10-18 03:00:00,KNYC0
2024-10-18 04:00:00-04:00,9.0,59,0.0,,3,6.0,,1028.0,,0,1,2024-10-18 04:00:00,KNYC0
2024-10-18 05:00:00-04:00,10.0,56,0.0,,320,11.0,,1028.0,,0,1,2024-10-18 05:00:00,KNYC0
2024-10-18 06:00:00-04:00,10.0,56,0.0,,330,11.0,,1029.0,,0,1,2024-10-18 06:00:00,KNYC0
2024-10-18 07:00:00-04:00,11.0,50,0.0,,358,9.0,,1030.0,,0,1,2024-10-18 07:00:00,KNYC0
2024-10-18 08:00:00-04:00,12.0,49,0.0,,1,11.0,,1031.0,,0,1,2024-10-18 08:00:00,KNYC0
2024-10-18 09:00:00-04:00,13.0,47,0.0,,359,7.0,,1032.0,,0,1,2024-10-18 09:00:00,KNYC0
2024-10-18 10:00:00-04:00,14.0,37,0.0,,0,9.0,,1032.0,,0,1,2024-10-18 10:00:00,KNYC0
2024-10-18 11:00:00-04:00,16.0,30,0.0,,50,13.0,,1032.0,,0,1,2024-10-18 11:00:00,KNYC0
2024-10-18 12:00:00-04:00,17.0,27,0.0,,358,11.0,,1032.0,,0,1,2024-10-18 12:00:00,KNYC0
2024-10-18 13:00:00-04:00,18.0,25,0.0,,359,9.0,,1032.0,,0,1,2024-10-18 13:00:00,KNYC0
2024-10-18 14:00:00-04:00,18.0,23,0.0,,40,13.0,,1031.0,,0,1,2024-10-18 14:00:00,KNYC0
2024-10-18 15:00:00-04:00,19.0,21,0.0,,1,11.0,,1031.0,,0,1,2024-10-18 15:00:00,KNYC0
2024-10-18 16:00:00-04:00,19.0,22,0.0,,6,7.0,,1031.0,,0,1,2024-10-18 16:00:00,KNYC0
2024-10-18 17:00:00-04:00,18.0,24,0.0,,4,6.0,,1032.0,,0,1,2024-10-18 17:00:00,KNYC0
2024-10-18 18:00:00-04:00,16.0,30,0.0,,357,10.8,,1032.0,,0,1,2024-10-18 18:00:00,KNYC0
2024-10-18 19:00:00-04:00,15.0,33,0.0,,352,11.5,,1033.0,,0,1,2024-10-18 19:00:00,KNYC0
2024-10-18 20:00:00-04:00,14.0,37,0.0,,20,6.0,,1033.0,,0,1,2024-10-18 20:00:00,KNYC0
2024-10-18 21:00:00-04:00,14.0,39,0.0,,14,11.5,,1033.0,,0,1,2024-10-18 21:00:00,KNYC0
2024-10-18 22:00:00-04:00,13.0,38,0.0,,20,6.0,,1034.0,,0,1,2024-10-18 22:00:00,KNYC0
2024-10-18 23:00:00-04:00,13.0,45,0.0,,50,7.0,,1034.0,,0,1,2024-10-18 23:00:00,KNYC0
2024-10-19 00:00:00-04:00,12.0,50,0.0,,20,6.0,,1034.0,,0,1,2024-10-19 00:00:00,KNYC0
2024-10-19 01:00:00-04:00,12.0,59,0.0,,357,9.4,,1034.0,,0,1,2024-10-19 01:00:00,KNYC0
2024-10-19 02:00:00-04:00,12.0,61,0.0,,30,6.0,,1034.0,,0,1,2024-10-19 02:00:00,KNYC0
2024-10-19 03:00:00-04:00,11.0,66,0.0,,6,9.4,,1034.0,,0,1,2024-10-19 03:00:00,KNYC0
2024-10-19 04:00:00-04:00,11.0,71,0.0,,5,9.4,,1034.0,,0,1,2024-10-19 04:00:00,KNYC0
2024-10-19 05:00:00-04:00,11.0,68,0.0,,5,9.7,,1034.0,,0,1,2024-10-19 05:00:00,KNYC0
2024-10-19 06:00:00-04:00,11.0,68,0.0,,6,10.4,,1034.0,,0,1,2024-10-19 06:00:00,KNYC0
2024-10-19 07:00:00-04:00,11.0,66,0.0,,357,10.4,,1035.0,,0,1,2024-10-19 07:00:00,KNYC0
2024-10-19 08:00:00-04:00,13.0,52,0.0,,359,11.5,,1035.0,,0,1,2024-10-19 08:00:00,KNYC0
2024-10-19 09:00:00-04:00,14.0,47,0.0,,358,9.0,,1035.0,,0,1,2024-10-19 09:00:00,KNYC0
2024-10-19 10:00:00-04:00,16.0,46,0.0,,60,7.0,,1035.0,,0,1,2024-10-19 10:00:00,KNYC0
2024-10-19 11:00:00-04:00,18.0,38,0.0,,15,4.7,,1035.0,,0,1,2024-10-19 11:00:00,KNYC0
2024-10-19 12:00:00-04:00,19.0,33,0.0,,48,2.9,,1034.0,,0,1,2024-10-19 12:00:00,KNYC0
2024-10-19 13:00:00-04:00,21.0,25,0.0,,126,6.0,,1033.0,,0,1,2024-10-19 13:00:00,KNYC0
2024-10-19 14:00:00-04:00,21.0,25,0.0,,177,5.8,,1032.0,,0,1,2024-10-19 14:00:00,KNYC0
2024-10-19 15:00:00-04:00,21.0,25,0.0,,198,8.6,,1032.0,,0,1,2024-10-19 15:00:00,KNYC0
2024-10-19 16:00:00-04:00,21.0,27,0.0,,196,10.1,,1032.0,,0,1,2024-10-19 16:00:00,KNYC0
2024-10-19 17:00:00-04:00,18.0,33,0.0,,110,6.0,,1031.0,,0,1,2024-10-19 17:00:00,KNYC0
2024-10-19 18:00:00-04:00,17.0,43,0.0,,140,6.0,,1031.0,,0,1,2024-10-19 18:00:00,KNYC0
2024-10-19 19:00:00-04:00,16.0,46,0.0,,172,10.1,,1031.0,,0,1,2024-10-19 19:00:00,KNYC0
2024-10-19 20:00:00-04:00,15.0,47,0.0,,182,8.3,,1031.0,,0,1,2024-10-19 20:00:00,KNYC0
2024-10-19 21:00:00-04:00,14.0,60,0.0,,202,8.6,,1031.0,,0,1,2024-10-19 21:00:00,KNYC0
2024-10-19 22:00:00-04:00,14.0,57,0.0,,227,9.0,,1031.0,,0,1,2024-10-19 22:00:00,KNYC0
2024-10-19 23:00:00-04:00,10.4,89,0.0,,243,9.7,,1030.0,,0,1,2024-10-19 23:00:00,KNYC0
2024-10-20 00:00:00-04:00,14.0,53,0.0,,256,7.0,,1030.0,,0,1,2024-10-20 00:00:00,KNYC0
2024-10-20 01:00:00-04:00,14.0,53,0.0,,228,7.0,,1030.0,,0,1,2024-10-20 01:00:00,KNYC0
2024-10-20 02:00:00-04:00,14.0,53,0.0,,233,6.0,,1030.0,,0,1,2024-10-20 02:00:00,KNYC0
2024-10-20 03:00:00-04:00,13.0,57,0.0,,246,9.7,,1029.0,,0,1,2024-10-20 03:00:00,KNYC0
2024-10-20 04:00:00-04:00,12.0,64,0.0,,245,11.2,,1029.0,,0,1,2024-10-20 04:00:00,KNYC0
2024-10-20 05:00:00-04:00,12.0,66,0.0,,244,10.8,,1028.0,,0,1,2024-10-20 05:00:00,KNYC0
2024-10-20 06:00:00-04:00,11.0,74,0.0,,254,10.1,,1028.0,,0,1,2024-10-20 06:00:00,KNYC0
2024-10-20 07:00:00-04:00,11.0,74,0.0,,280,8.6,,1028.0,,0,1,2024-10-20 07:00:00,KNYC0
2024-10-20 08:00:00-04:00,13.0,60,0.0,,295,7.6,,1029.0,,0,1,2024-10-20 08:00:00,KNYC0
2024-10-20 09:00:00-04:00,15.0,46,0.0,,292,4.7,,1029.0,,0,1,2024-10-20 09:00:00,KNYC0
2024-10-20 10:00:00-04:00,17.0,38,0.0,,255,2.9,,1028.0,,0,1,2024-10-20 10:00:00,KNYC0
2024-10-20 11:00:00-04:00,19.0,32,0.0,,260,6.0,,1028.0,,0,1,2024-10-20 11:00:00,KNYC0
2024-10-20 12:00:00-04:00,21.0,29,0.0,,228,4.7,,1027.0,,0,1,2024-10-20 12:00:00,KNYC0
2024-10-20 13:00:00-04:00,22.0,25,0.0,,233,7.6,,1026.0,,0,1,2024-10-20 13:00:00,KNYC0
2024-10-20 14:00:00-04:00,22.0,28,0.0,,246,6.0,,1025.0,,0,1,2024-10-20 14:00:00,KNYC0
2024-10-20 15:00:00-04:00,22.0,28,0.0,,250,10.8,,1025.0,,4,1,2024-10-20 15:00:00,KNYC0
2024-10-20 16:00:00-04:00,22.0,30,0.0,,253,10.8,,1024.0,,1,3,2024-10-20 16:00:00,KNYC0
2024-10-20 17:00:00-04:00,19.0,32,0.0,,252,10.8,,1024.0,,3,2,2024-10-20 17:00:00,KNYC0
2024-10-20 18:00:00-04:00,17.0,45,0.0,,232,12.2,,1024.0,,0,3,2024-10-20 18:00:00,KNYC0
2024-10-20 19:00:00-04:00,17.0,43,0.0,,220,6.0,,1024.0,,0,1,2024-10-20 19:00:00,KNYC0
2024-10-20 20:00:00-04:00,18.0,33,0.0,,260,6.0,,1024.0,,0,1,2024-10-20 20:00:00,KNYC0
2024-10-20 21:00:00-04:00,19.0,28,0.0,,230,6.0,,1024.0,,0,1,2024-10-20 21:00:00,KNYC0
2024-10-20 22:00:00-04:00,18.0,29,0.0,,260,6.0,,1024.0,,0,1,2024-10-20 22:00:00,KNYC0
2024-10-20 23:00:00-04:00,17.0,34,0.0,,280,7.0,,1024.0,,0,1,2024-10-20 23:00:00,KNYC0
2024-10-21 00:00:00-04:00,16.0,35,0.0,,280,6.0,,1023.0,,0,1,2024-10-21 00:00:00,KNYC0
2024-10-21 01:00:00-04:00,16.0,36,0.0,,280,9.0,,1023.0,,0,1,2024-10-21 01:00:00,KNYC0
2024-10-21 02:00:00-04:00,16.0,39,0.0,,280,7.0,,1023.0,,0,1,2024-10-21 02:00:00,KNYC0
2024-10-21 03:00:00-04:00,16.0,41,0.0,,270,7.0,,1023.0,,0,1,2024-10-21 03:00:00,KNYC0
2024-10-21 04:00:00-04:00,15.0,44,0.0,,270,6.0,,1023.0,,0,1,2024-10-21 04:00:00,KNYC0
2024-10-21 05:00:00-04:00,14.0,47,0.0,,251,9.7,,1023.0,,0,1,2024-10-21 05:00:00,KNYC0
2024-10-21 06:00:00-04:00,14.0,47,0.0,,262,6.0,,1024.0,,0,1,2024-10-21 06:00:00,KNYC0
2024-10-21 07:00:00-04:00,14.0,47,0.0,,270,7.0,,1024.0,,0,1,2024-10-21 07:00:00,KNYC0
2024-10-21 08:00:00-04:00,17.0,39,0.0,,290,7.0,,1025.0,,0,1,2024-10-21 08:00:00,KNYC0
2024-10-21 09:00:00-04:00,17.0,40,0.0,,269,7.6,,1024.0,,0,1,2024-10-21 09:00:00,KNYC0
2024-10-21 10:00:00-04:00,19.0,34,0.0,,289,7.6,,1024.0,,0,1,2024-10-21 10:00:00,KNYC0
2024-10-21 11:00:00-04:00,22.0,31,0.0,,272,6.0,,1024.0,,1,1,2024-10-21 11:00:00,KNYC0
2024-10-21 12:00:00-04:00,24.0,25,0.0,,250,8.3,,1023.0,,0,1,2024-10-21 12:00:00,KNYC0
2024-10-21 13:00:00-04:00,25.0,26,0.0,,253,9.4,,1022.0,,0,1,2024-10-21 13:00:00,KNYC0
2024-10-21 14:00:00-04:00,26.0,25,0.0,,245,12.2,,1022.0,,0,1,2024-10-21 14:00:00,KNYC0
2024-10-21 15:00:00-04:00,26.0,28,0.0,,239,14.8,,1022.0,,0,1,2024-10-21 15:00:00,KNYC0
2024-10-21 16:00:00-04:00,25.0,28,0.0,,242,14.8,,1021.0,,0,1,2024-10-21 16:00:00,KNYC0
2024-10-21 17:00:00-04:00,24.0,29,0.0,,242,6.0,,1022.0,,0,1,2024-10-21 17:00:00,KNYC0
2024-10-21 18:00:00-04:00,22.0,36,0.0,,237,10.4,,1022.0,,0,1,2024-10-21 18:00:00,KNYC0
2024-10-21 19:00:00-04:00,21.0,38,0.0,,250,12.2,,1022.0,,0,1,2024-10-21 19:00:00,KNYC0
2024-10-21 20:00:00-04:00,22.0,32,0.0,,260,7.0,,1022.0,,0,1,2024-10-21 20:00:00,KNYC0
2024-10-21 21:00:00-04:00,22.0,31,0.0,,272,6.0,,1023.0,,0,1,2024-10-21 21:00:00,KNYC0
2024-10-21 22:00:00-04:00,22.0,35,0.0,,280,6.0,,1023.0,,0,1,2024-10-21 22:00:00,KNYC0
2024-10-21 23:00:00-04:00,21.0,39,0.0,,270,6.0,,1023.0,,0,1,2024-10-21 23:00:00,KNYC0
2024-10-22 00:00:00-04:00,21.0,42,0.0,,270,6.0,,1023.0,,0,1,2024-10-22 00:00:00,KNYC0
2024-10-22 01:00:00-04:00,20.0,45,0.0,,270,6.0,,1023.0,,0,1,2024-10-22 01:00:00,KNYC0
2024-10-22 02:00:00-04:00,19.0,47,0.0,,280,6.0,,1023.0,,0,1,2024-10-22 02:00:00,KNYC0
2024-10-22 03:00:00-04:00,19.0,49,0.0,,316,9.0,,1024.0,,0,1,2024-10-22 03:00:00,KNYC0
2024-10-22 04:00:00-04:00,18.0,52,0.0,,329,9.4,,1024.0,,0,1,2024-10-22 04:00:00,KNYC0
2024-10-22 05:00:00-04:00,18.0,54,0.0,,300,7.0,,1024.0,,0,1,2024-10-22 05:00:00,KNYC0
2024-10-22 06:00:00-04:00,17.0,60,0.0,,352,10.1,,1025.0,,0,1,2024-10-22 06:00:00,KNYC0
2024-10-22 07:00:00-04:00,17.0,67,0.0,,12,9.0,,1025.0,,0,1,2024-10-22 07:00:00,KNYC0
2024-10-22 08:00:00-04:00,19.0,57,0.0,,17,9.0,,1026.0,,0,1,2024-10-22 08:00:00,KNYC0
2024-10-22 09:00:00-04:00,22.0,46,0.0,,60,6.0,,1026.0,,0,1,2024-10-22 09:00:00,KNYC0
2024-10-22 10:00:00-04:00,24.0,39,0.0,,29,7.0,,1026.0,,0,1,2024-10-22 10:00:00,KNYC0
2024-10-22 11:00:00-04:00,25.0,33,0.0,,50,9.0,,1026.0,,0,1,2024-10-22 11:00:00,KNYC0
2024-10-22 12:00:00-04:00,27.0,33,0.0,,107,7.6,,1025.0,,0,1,2024-10-22 12:00:00,KNYC0
2024-10-22 13:00:00-04:00,26.0,34,0.0,,138,10.8,,1025.0,,0,1,2024-10-22 13:00:00,KNYC0
2024-10-22 14:00:00-04:00,26.0,32,0.0,,151,11.5,,1024.0,,0,1,2024-10-22 14:00:00,KNYC0
2024-10-22 15:00:00-04:00,26.0,35,0.0,,157,6.0,,1024.0,,0,1,2024-10-22 15:00:00,KNYC0
2024-10-22 16:00:00-04:00,25.0,36,0.0,,161,13.0,,1023.0,,0,1,2024-10-22 16:00:00,KNYC0
2024-10-22 17:00:00-04:00,23.0,38,0.0,,154,12.2,,1023.0,,0,1,2024-10-22 17:00:00,KNYC0
2024-10-22 18:00:00-04:00,22.0,44,0.0,,153,12.6,,1023.0,,0,1,2024-10-22 18:00:00,KNYC0
2024-10-22 19:00:00-04:00,20.0,51,0.0,,151,11.2,,1024.0,,0,1,2024-10-22 19:00:00,KNYC0
2024-10-22 20:00:00-04:00,19.0,57,0.0,,157,9.7,,1024.0,,0,1,2024-10-22 20:00:00,KNYC0
2024-10-22 21:00:00-04:00,19.0,59,0.0,,161,10.1,,1024.0,,0,1,2024-10-22 21:00:00,KNYC0
2024-10-22 22:00:00-04:00,19.0,63,0.0,,166,10.1,,1024.0,,0,1,2024-10-22 22:00:00,KNYC0
2024-10-22 23:00:00-04:00,18.0,65,0.0,,178,9.4,,1023.0,,0,1,2024-10-22 23:00:00,KNYC0
2024-10-23 00:00:00-04:00,18.0,65,0.0,,190,8.6,,1023.0,,0,1,2024-10-23 00:00:00,KNYC0
2024-10-23 01:00:00-04:00,17.0,67,0.0,,207,8.6,,1022.0,,0,1,2024-10-23 01:00:00,KNYC0
2024-10-23 02:00:00-04:00,17.0,65,0.0,,202,9.0,,1022.0,,0,1,2024-10-23 02:00:00,KNYC0
2024-10-23 03:00:00-04:00,16.0,62,0.0,,203,9.0,,1021.0,,0,1,2024-10-23 03:00:00,KNYC0
2024-10-23 04:00:00-04:00,16.0,62,0.0,,205,9.4,,1021.0,,0,1,2024-10-23 04:00:00,KNYC0
2024-10-23 05:00:00-04:00,16.0,64,0.0,,208,9.4,,1021.0,,0,1,2024-10-23 05:00:00,KNYC0
2024-10-23 06:00:00-04:00,16.0,60,0.0,,220,7.0,,1021.0,,0,1,2024-10-23 06:00:00,KNYC0
2024-10-23 07:00:00-04:00,16.0,56,0.0,,209,9.7,,1021.0,,0,1,2024-10-23 07:00:00,KNYC0
2024-10-23 08:00:00-04:00,18.0,52,0.0,,207,11.2,,1021.0,,0,1,2024-10-23 08:00:00,KNYC0
2024-10-23 09:00:00-04:00,19.0,49,0.0,,209,10.8,,1021.0,,6,1,2024-10-23 09:00:00,KNYC0
2024-10-23 10:00:00-04:00,21.0,44,0.0,,204,7.0,,1020.0,,1,3,2024-10-23 10:00:00,KNYC0
2024-10-23 11:00:00-04:00,22.0,46,0.0,,197,14.0,,1019.0,,0,1,2024-10-23 11:00:00,KNYC0
2024-10-23 12:00:00-04:00,23.0,50,0.0,,191,16.2,,1018.0,,0,1,2024-10-23 12:00:00,KNYC0
2024-10-23 13:00:00-04:00,23.0,52,0.0,,191,6.0,,1017.0,,0,1,2024-10-23 13:00:00,KNYC0
2024-10-23 14:00:00-04:00,23.0,57,0.0,,194,6.0,,1016.0,,0,1,2024-10-23 14:00:00,KNYC0
2024-10-23 15:00:00-04:00,23.0,61,0.0,,193,22.7,,1015.0,,0,1,2024-10-23 15:00:00,KNYC0
2024-10-23 16:00:00-04:00,22.0,64,0.0,,177,24.1,,1014.0,,0,1,2024-10-23 16:00:00,KNYC0
2024-10-23 17:00:00-04:00,21.0,68,0.0,,170,22.0,,1014.0,,0,1,2024-10-23 17:00:00,KNYC0
2024-10-23 18:00:00-04:00,20.0,70,0.0,,182,19.8,,1014.0,,0,1,2024-10-23 18:00:00,KNYC0
2024-10-23 19:00:00-04:00,20.0,65,0.0,,140,6.0,,1014.0,,0,1,2024-10-23 19:00:00,KNYC0
2024-10-23 20:00:00-04:00,19.0,71,0.0,,190,17.6,,1014.0,,0,1,2024-10-23 20:00:00,KNYC0
2024-10-23 21:00:00-04:00,19.0,68,0.0,,198,6.0,,1014.0,,0,1,2024-10-23 21:00:00,KNYC0
2024-10-23 22:00:00-04:00,19.0,73,0.0,,215,6.0,,1013.0,,0,1,2024-10-23 22:00:00,KNYC0
2024-10-23 23:00:00-04:00,18.0,73,0.0,,227,6.0,,1013.0,,3,1,2024-10-23 23:00:00,KNYC0
2024-10-24 00:00:00-04:00,18.0,70,0.0,,250,9.0,,1012.0,,4,2,2024-10-24 00:00:00,KNYC0
2024-10-24 01:00:00-04:00,18.0,63,0.0,,290,11.0,,1012.0,,1,3,2024-10-24 01:00:00,KNYC0
2024-10-24 02:00:00-04:00,18.0,60,0.0,,293,6.0,,1012.0,,2,2,2024-10-24 02:00:00,KNYC0
2024-10-24 03:00:00-04:00,18.0,56,0.0,,330,7.0,,1012.0,,2,2,2024-10-24 03:00:00,KNYC0
2024-10-24 04:00:00-04:00,18.0,52,0.0,,351,7.0,,1012.0,,3,2,2024-10-24 04:00:00,KNYC0
2024-10-24 05:00:00-04:00,17.0,67,0.0,,348,6.0,,1013.0,,1,3,2024-10-24 05:00:00,KNYC0
2024-10-24 06:00:00-04:00,17.0,65,0.0,,344,11.0,,1013.0,,0,1,2024-10-24 06:00:00,KNYC0
2024-10-24 07:00:00-04:00,17.0,65,0.0,,348,17.3,,1014.0,,1,1,2024-10-24 07:00:00,KNYC0
2024-10-24 08:00:00-04:00,16.0,58,0.0,,342,19.4,,1015.0,,3,2,2024-10-24 08:00:00,KNYC0
2024-10-24 09:00:00-04:00,16.0,52,0.0,,343,11.0,,1015.0,,3,2,2024-10-24 09:00:00,KNYC0
2024-10-24 10:00:00-04:00,17.0,48,0.0,,346,23.4,,1015.0,,3,2,2024-10-24 10:00:00,KNYC0
2024-10-24 11:00:00-04:00,18.0,43,0.0,,349,25.9,,1015.0,,3,2,2024-10-24 11:00:00,KNYC0
2024-10-24 12:00:00-04:00,19.0,37,0.0,,352,7.0,,1014.0,,1,2,2024-10-24 12:00:00,KNYC0
2024-10-24 13:00:00-04:00,20.0,35,0.0,,350,11.0,,1014.0,,1,2,2024-10-24 13:00:00,KNYC0
2024-10-24 14:00:00-04:00,20.0,32,0.0,,350,15.0,,1013.0,,0,2,2024-10-24 14:00:00,KNYC0
2024-10-24 15:00:00-04:00,20.0,35,0.0,,353,11.0,,1014.0,,0,1,2024-10-24 15:00:00,KNYC0
2024-10-24 16:00:00-04:00,19.0,37,0.0,,40,17.0,,1014.0,,0,1,2024-10-24 16:00:00,KNYC0
2024-10-24 17:00:00-04:00,18.0,39,0.0,,10,9.0,,1015.0,,0,1,2024-10-24 17:00:00,KNYC0
2024-10-24 18:00:00-04:00,18.0,37,0.0,,350,11.0,,1017.0,,0,1,2024-10-24 18:00:00,KNYC0
2024-10-24 19:00:00-04:00,17.0,41,0.0,,13,19.1,,1017.0,,0,1,2024-10-24 19:00:00,KNYC0
2024-10-24 20:00:00-04:00,15.0,44,0.0,,345,17.3,,1018.0,,0,1,2024-10-24 20:00:00,KNYC0
2024-10-24 21:00:00-04:00,14.0,46,0.0,,335,17.3,,1019.0,,0,1,2024-10-24 21:00:00,KNYC0
2024-10-24 22:00:00-04:00,13.0,40,0.0,,345,7.0,,1019.0,,0,1,2024-10-24 22:00:00,KNYC0
2024-10-24 23:00:00-04:00,12.0,45,0.0,,351,6.0,,1019.0,,0,1,2024-10-24 23:00:00,KNYC0
2024-10-25 00:00:00-04:00,12.0,47,0.0,,349,16.2,,1019.0,,0,1,2024-10-25 00:00:00,KNYC0
2024-10-25 01:00:00-04:00,11.0,54,0.0,,340,11.0,,1020.0,,0,1,2024-10-25 01:00:00,KNYC0
2024-10-25 02:00:00-04:00,10.0,58,0.0,,348,9.0,,1020.0,,0,1,2024-10-25 02:00:00,KNYC0
2024-10-25 03:00:00-04:00,10.0,61,0.0,,349,6.0,,1020.0,,0,1,2024-10-25 03:00:00,KNYC0
2024-10-25 04:00:00-04:00,9.0,63,0.0,,354,7.0,,1021.0,,0,1,2024-10-25 04:00:00,KNYC0
2024-10-25 05:00:00-04:00,9.0,66,0.0,,350,9.0,,1021.0,,0,1,2024-10-25 05:00:00,KNYC0
2024-10-25 06:00:00-04:00,9.0,63,0.0,,345,6.0,,1022.0,,0,1,2024-10-25 06:00:00,KNYC0
2024-10-25 07:00:00-04:00,8.0,65,0.0,,345,6.0,,1023.0,,0,1,2024-10-25 07:00:00,KNYC0
2024-10-25 08:00:00-04:00,9.0,63,0.0,,345,11.2,,1023.0,,0,1,2024-10-25 08:00:00,KNYC0
2024-10-25 09:00:00-04:00,10.0,61,0.0,,349,11.9,,1023.0,,0,1,2024-10-25 09:00:00,KNYC0
2024-10-25 10:00:00-04:00,12.0,52,0.0,,1,6.0,,1022.0,,0,1,2024-10-25 10:00:00,KNYC0
2024-10-25 11:00:00-04:00,13.0,47,0.0,,4,6.0,,1022.0,,0,1,2024-10-25 11:00:00,KNYC0
2024-10-25 12:00:00-04:00,14.0,39,0.0,,300,4.0,,1021.0,,0,1,2024-10-25 12:00:00,KNYC0
2024-10-25 13:00:00-04:00,16.0,36,0.0,,261,7.2,,1020.0,,0,1,2024-10-25 13:00:00,KNYC0
2024-10-25 14:00:00-04:00,16.0,31,0.0,,244,6.0,,1019.0,,0,1,2024-10-25 14:00:00,KNYC0
2024-10-25 15:00:00-04:00,17.0,31,0.0,,140,6.0,,1018.0,,0,1,2024-10-25 15:00:00,KNYC0
2024-10-25 16:00:00-04:00,17.0,28,0.0,,224,9.0,,1018.0,,3,1,2024-10-25 16:00:00,KNYC0
2024-10-25 17:00:00-04:00,16.0,44,0.0,,213,16.6,,1018.0,,3,2,2024-10-25 17:00:00,KNYC0
2024-10-25 18:00:00-04:00,14.0,56,0.0,,195,15.1,,1018.0,,0,3,2024-10-25 18:00:00,KNYC0
2024-10-25 19:00:00-04:00,14.0,56,0.0,,182,13.3,,1019.0,,8,1,2024-10-25 19:00:00,KNYC0
2024-10-25 20:00:00-04:00,15.0,36,0.0,,239,6.0,,1018.0,,8,3,2024-10-25 20:00:00,KNYC0
2024-10-25 21:00:00-04:00,15.0,33,0.0,,247,10.8,,1018.0,,8,3,2024-10-25 21:00:00,KNYC0
2024-10-25 22:00:00-04:00,15.0,38,0.0,,234,6.0,,1018.0,,7,3,2024-10-25 22:00:00,KNYC0
2024-10-25 23:00:00-04:00,14.0,37,0.0,,250,6.0,,1018.0,,3,3,2024-10-25 23:00:00,KNYC0
2024-10-26 00:00:00-04:00,14.0,42,0.0,,239,11.2,,1018.0,,1,3,2024-10-26 00:00:00,KNYC0
2024-10-26 01:00:00-04:00,14.0,40,0.0,,239,10.4,,1018.0,,1,2,2024-10-26 01:00:00,KNYC0
2024-10-26 02:00:00-04:00,14.0,44,0.0,,242,10.1,,1018.0,,1,1,2024-10-26 02:00:00,KNYC0
2024-10-26 03:00:00-04:00,14.0,45,0.0,,243,7.0,,1017.0,,1,1,2024-10-26 03:00:00,KNYC0
2024-10-26 04:00:00-04:00,14.0,47,0.0,,252,10.4,,1017.0,,1,2,2024-10-26 04:00:00,KNYC0
2024-10-26 05:00:00-04:00,13.0,51,0.0,,220,6.0,,1018.0,,1,1,2024-10-26 05:00:00,KNYC0
2024-10-26 06:00:00-04:00,14.0,49,0.0,,261,10.4,,1019.0,,2,2,2024-10-26 06:00:00,KNYC0
2024-10-26 07:00:00-04:00,13.0,55,0.0,,268,10.1,,1019.0,,2,2,2024-10-26 07:00:00,KNYC0
2024-10-26 08:00:00-04:00,14.0,51,0.0,,294,6.0,,1020.0,,0,2,2024-10-26 08:00:00,KNYC0
2024-10-26 09:00:00-04:00,15.0,49,0.0,,300,7.0,,1020.0,,1,1,2024-10-26 09:00:00,KNYC0
2024-10-26 10:00:00-04:00,16.0,34,0.0,,315,23.0,,1020.0,,5,1,2024-10-26 10:00:00,KNYC0
2024-10-26 11:00:00-04:00,17.0,31,0.0,,314,22.3,,1020.0,,4,3,2024-10-26 11:00:00,KNYC0
2024-10-26 12:00:00-04:00,17.0,29,0.0,,320,22.0,,1020.0,,3,3,2024-10-26 12:00:00,KNYC0
2024-10-26 13:00:00-04:00,17.0,27,0.0,,300,20.0,,1020.0,,4,3,2024-10-26 13:00:00,KNYC0
2024-10-26 14:00:00-04:00,17.0,23,0.0,,290,13.0,,1020.0,,1,3,2024-10-26 14:00:00,KNYC0
2024-10-26 15:00:00-04:00,17.0,24,0.0,,319,24.8,,1021.0,,1,1,2024-10-26 15:00:00,KNYC0
2024-10-26 16:00:00-04:00,16.0,26,0.0,,324,24.1,,1021.0,,1,2,2024-10-26 16:00:00,KNYC0
2024-10-26 17:00:00-04:00,16.0,27,0.0,,300,15.0,,1022.0,,0,2,2024-10-26 17:00:00,KNYC0
2024-10-26 18:00:00-04:00,15.0,29,0.0,,300,13.0,,1023.0,,1,1,2024-10-26 18:00:00,KNYC0
2024-10-26 19:00:00-04:00,14.0,33,0.0,,300,13.0,,1024.0,,0,2,2024-10-26 19:00:00,KNYC0
2024-10-26 20:00:00-04:00,13.0,37,0.0,,320,6.0,,1025.0,,0,1,2024-10-26 20:00:00,KNYC0
2024-10-26 21:00:00-04:00,13.0,37,0.0,,290,9.0,,1026.0,,0,1,2024-10-26 21:00:00,KNYC0
2024-10-26 22:00:00-04:00,12.0,40,0.0,,300,15.0,,1026.0,,0,1,2024-10-26 22:00:00,KNYC0
2024-10-26 23:00:00-04:00,12.0,43,0.0,,309,11.0,,1027.0,,0,1,2024-10-26 23:00:00,KNYC0
2024-10-27 00:00:00-04:00,11.0,44,0.0,,314,18.4,,1027.0,,4,1,2024-10-27 00:00:00,KNYC0
2024-10-27 01:00:00-04:00,10.0,46,0.0,,300,19.0,,1028.0,,7,3,2024-10-27 01:00:00,KNYC0
2024-10-27 02:00:00-04:00,9.0,50,0.0,,310,14.4,,1028.0,,8,3,2024-10-27 02:00:00,KNYC0
2024-10-27 03:00:00-04:00,9.0,50,0.0,,280,7.0,,1028.0,,4,3,2024-10-27 03:00:00,KNYC0
2024-10-27 04:00:00-04:00,9.0,51,0.0,,290,6.0,,1029.0,,1,3,2024-10-27 04:00:00,KNYC0
2024-10-27 05:00:00-04:00,8.0,56,0.0,,313,10.8,,1030.0,,1,2,2024-10-27 05:00:00,KNYC0
2024-10-27 06:00:00-04:00,8.0,58,0.0,,300,11.0,,1030.0,,2,1,2024-10-27 06:00:00,KNYC0
2024-10-27 07:00:00-04:00,7.0,60,0.0,,314,9.4,,1031.0,,0,2,2024-10-27 07:00:00,KNYC0
2024-10-27 08:00:00-04:00,8.0,58,0.0,,322,6.0,,1031.0,,1,1,2024-10-27 08:00:00,KNYC0
2024-10-27 09:00:00-04:00,9.0,54,0.0,,331,12.6,,1032.0,,3,2,2024-10-27 09:00:00,KNYC0
2024-10-27 10:00:00-04:00,10.0,44,0.0,,340,6.0,,1031.0,,5,3,2024-10-27 10:00:00,KNYC0
2024-10-27 11:00:00-04:00,12.0,37,0.0,,270,11.0,,1031.0,,1,3,2024-10-27 11:00:00,KNYC0
2024-10-27 12:00:00-04:00,12.0,30,0.0,,329,11.9,,1030.0,,0,2,2024-10-27 12:00:00,KNYC0
2024-10-27 13:00:00-04:00,13.0,21,0.0,,322,10.4,,1029.0,,0,1,2024-10-27 13:00:00,KNYC0
2024-10-27 14:00:00-04:00,13.0,21,0.0,,310,9.0,,1028.0,,0,1,2024-10-27 14:00:00,KNYC0
2024-10-27 15:00:00-04:00,14.0,20,0.0,,285,6.0,,1027.0,,0,1,2024-10-27 15:00:00,KNYC0
2024-10-27 16:00:00-04:00,13.0,17,0.0,,280,9.4,,1027.0,,1,1,2024-10-27 16:00:00,KNYC0
2024-10-27 17:00:00-04:00,12.0,28,0.0,,273,9.0,,1027.0,,8,1,2024-10-27 17:00:00,KNYC0
2024-10-27 18:00:00-04:00,12.0,28,0.0,,263,8.6,,1027.0,,4,3,2024-10-27 18:00:00,KNYC0
2024-10-27 19:00:00-04:00,11.0,32,0.0,,230,7.0,,1028.0,,6,3,2024-10-27 19:00:00,KNYC0
2024-10-27 20:00:00-04:00,11.0,48,0.0,,252,10.8,,1028.0,,1,3,2024-10-27 20:00:00,KNYC0
2024-10-27 21:00:00-04:00,10.0,52,0.0,,254,7.0,,1029.0,,3,2,2024-10-27 21:00:00,KNYC0
2024-10-27 22:00:00-04:00,10.0,48,0.0,,305,8.3,,1029.0,,3,3,2024-10-27 22:00:00,KNYC0
2024-10-27 23:00:00-04:00,10.0,46,0.0,,303,9.4,,1028.0,,0,2,2024-10-27 23:00:00,KNYC0
2024-10-28 00:00:00-04:00,9.0,56,0.0,,291,7.9,,1028.0,,0,1,2024-10-28 00:00:00,KNYC0
2024-10-28 01:00:00-04:00,9.0,63,0.0,,290,6.0,,1028.0,,1,1,2024-10-28 01:00:00,KNYC0
2024-10-28 02:00:00-04:00,8.0,61,0.0,,300,6.0,,1029.0,,0,1,2024-10-28 02:00:00,KNYC0
2024-10-28 03:00:00-04:00,9.0,35,0.0,,290,6.0,,1029.0,,0,1,2024-10-28 03:00:00,KNYC0
2024-10-28 04:00:00-04:00,8.0,39,0.0,,300,7.0,,1029.0,,0,1,2024-10-28 04:00:00,KNYC0
2024-10-28 05:00:00-04:00,9.0,37,0.0,,326,7.9,,1030.0,,1,1,2024-10-28 05:00:00,KNYC0
2024-10-28 06:00:00-04:00,9.0,38,0.0,,300,6.0,,1030.0,,1,1,2024-10-28 06:00:00,KNYC0
2024-10-28 07:00:00-04:00,8.0,46,0.0,,300,6.0,,1031.0,,1,2,2024-10-28 07:00:00,KNYC0
2024-10-28 08:00:00-04:00,9.0,41,0.0,,339,7.6,,1032.0,,2,1,2024-10-28 08:00:00,KNYC0
2024-10-28 09:00:00-04:00,11.0,36,0.0,,290,9.0,,1032.0,,3,2,2024-10-28 09:00:00,KNYC0
2024-10-28 10:00:00-04:00,13.0,38,0.0,,9,5.4,,1032.0,,4,2,2024-10-28 10:00:00,KNYC0
2024-10-28 11:00:00-04:00,14.0,33,0.0,,39,9.0,,1032.0,,2,3,2024-10-28 11:00:00,KNYC0
2024-10-28 12:00:00-04:00,15.0,32,0.0,,84,6.0,,1032.0,,5,2,2024-10-28 12:00:00,KNYC0
2024-10-28 13:00:00-04:00,16.0,29,0.0,,114,6.8,,1031.0,,1,3,2024-10-28 13:00:00,KNYC0
2024-10-28 14:00:00-04:00,15.0,31,0.0,,144,10.1,,1031.0,,1,2,2024-10-28 14:00:00,KNYC0
2024-10-28 15:00:00-04:00,15.0,33,0.0,,157,14.0,,1031.0,,2,2,2024-10-28 15:00:00,KNYC0
2024-10-28 16:00:00-04:00,14.0,37,0.0,,158,15.1,,1031.0,,5,2,2024-10-28 16:00:00,KNYC0
2024-10-28 17:00:00-04:00,13.0,42,0.0,,157,15.1,,1031.0,,6,3,2024-10-28 17:00:00,KNYC0
2024-10-28 18:00:00-04:00,13.0,47,0.0,,151,7.0,,1031.0,,2,3,2024-10-28 18:00:00,KNYC0
2024-10-28 19:00:00-04:00,12.0,55,0.0,,138,7.0,,1032.0,,3,2,2024-10-28 19:00:00,KNYC0
2024-10-28 20:00:00-04:00,13.0,57,0.0,,131,7.0,,1032.0,,5,3,2024-10-28 20:00:00,KNYC0
2024-10-28 21:00:00-04:00,12.0,59,0.0,,125,6.0,,1032.0,,3,3,2024-10-28 21:00:00,KNYC0
2024-10-28 22:00:00-04:00,12.0,61,0.0,,110,7.0,,1032.0,,2,2,2024-10-28 22:00:00,KNYC0
2024-10-28 23:00:00-04:00,12.0,64,0.0,,120,6.0,,1032.0,,1,2,2024-10-28 23:00:00,KNYC0
2024-10-29 00:00:00-04:00,12.0,66,0.0,,109,10.4,,1033.0,,1,2,2024-10-29 00:00:00,KNYC0
2024-10-29 01:00:00-04:00,12.0,69,0.0,,105,10.4,,1032.0,,2,1,2024-10-29 01:00:00,KNYC0
2024-10-29 02:00:00-04:00,11.0,71,0.0,,86,10.8,,1033.0,,3,2,2024-10-29 02:00:00,KNYC0
2024-10-29 03:00:00-04:00,12.0,71,0.0,,100,6.0,,1032.0,,2,2,2024-10-29 03:00:00,KNYC0
2024-10-29 04:00:00-04:00,12.0,72,0.0,,110,7.0,,1032.0,,1,2,2024-10-29 04:00:00,KNYC0
2024-10-29 05:00:00-04:00,12.0,77,0.0,,90,9.0,,1032.0,,0,2,2024-10-29 05:00:00,KNYC0
2024-10-29 06:00:00-04:00,12.0,77,0.0,,80,6.0,,1033.0,,0,1,2024-10-29 06:00:00,KNYC0
2024-10-29 07:00:00-04:00,13.0,74,0.0,,344,6.5,,1033.0,,4,1,2024-10-29 07:00:00,KNYC0
2024-10-29 08:00:00-04:00,14.0,72,0.0,,350,7.6,,1033.0,,2,3,2024-10-29 08:00:00,KNYC0
2024-10-29 09:00:00-04:00,14.0,72,0.0,,358,6.5,,1033.0,,0,2,2024-10-29 09:00:00,KNYC0
2024-10-29 10:00:00-04:00,16.0,67,0.0,,18,6.0,,1033.0,,4,1,2024-10-29 10:00:00,KNYC0
2024-10-29 11:00:00-04:00,16.0,62,0.0,,353,7.0,,1033.0,,5,3,2024-10-29 11:00:00,KNYC0
2024-10-29 12:00:00-04:00,15.0,72,0.0,,144,9.0,,1032.0,,7,3,2024-10-29 12:00:00,KNYC0
2024-10-29 13:00:00-04:00,14.0,87,0.0,,163,19.4,,1031.0,,8,3,2024-10-29 13:00:00,KNYC0
2024-10-29 14:00:00-04:00,17.0,70,0.0,,158,21.2,,1031.0,,8,3,2024-10-29 14:00:00,KNYC0
2024-10-29 15:00:00-04:00,17.0,67,0.0,,149,20.9,,1030.0,,8,3,2024-10-29 15:00:00,KNYC0
2024-10-29 16:00:00-04:00,17.0,70,0.1,,130,22.3,,1030.0,,6,7,2024-10-29 16:00:00,KNYC0
2024-10-29 17:00:00-04:00,17.0,70,0.0,,129,19.4,,1030.0,,6,3,2024-10-29 17:00:00,KNYC0
2024-10-29 18:00:00-04:00,16.0,75,0.0,,129,7.0,,1030.0,,8,3,2024-10-29 18:00:00,KNYC0
2024-10-29 19:00:00-04:00,16.0,75,0.0,,130,11.0,,1030.0,,8,3,2024-10-29 19:00:00,KNYC0
2024-10-29 20:00:00-04:00,16.0,75,0.0,,110,13.0,,1030.0,,8,3,2024-10-29 20:00:00,KNYC0
2024-10-29 21:00:00-04:00,17.0,75,0.0,,139,14.0,,1030.0,,5,3,2024-10-29 21:00:00,KNYC0
2024-10-29 22:00:00-04:00,17.0,78,0.0,,130,6.0,,1029.0,,6,3,2024-10-29 22:00:00,KNYC0
2024-10-29 23:00:00-04:00,16.0,81,0.0,,142,6.0,,1029.0,,8,3,2024-10-29 23:00:00,KNYC0
2024-10-30 00:00:00-04:00,16.0,84,0.2,,180,7.2,,1029.0,,8,7,2024-10-30 00:00:00,KNYC0
2024-10-30 01:00:00-04:00,16.0,84,0.0,,233,6.0,,1029.0,,8,3,2024-10-30 01:00:00,KNYC0
2024-10-30 02:00:00-04:00,16.0,86,0.0,,246,7.6,,1029.0,,8,3,2024-10-30 02:00:00,KNYC0
2024-10-30 03:00:00-04:00,15.0,83,0.0,,246,8.3,,1029.0,,8,3,2024-10-30 03:00:00,KNYC0
2024-10-30 04:00:00-04:00,15.0,83,0.0,,240,6.0,,1029.0,,8,3,2024-10-30 04:00:00,KNYC0
2024-10-30 05:00:00-04:00,15.0,81,0.0,,243,6.0,,1029.0,,8,3,2024-10-30 05:00:00,KNYC0
2024-10-30 06:00:00-04:00,14.0,81,0.0,,260,9.0,,1028.0,,8,5,2024-10-30 06:00:00,KNYC0
2024-10-30 07:00:00-04:00,14.0,78,0.0,,233,6.0,,1028.0,,8,5,2024-10-30 07:00:00,KNYC0
2024-10-30 08:00:00-04:00,16.0,67,0.0,,219,7.6,,1028.0,,8,5,2024-10-30 08:00:00,KNYC0
2024-10-30 09:00:00-04:00,16.0,67,0.0,,222,7.0,,1028.0,,7,5,2024-10-30 09:00:00,KNYC0
2024-10-30 10:00:00-04:00,18.0,63,0.0,,270,9.0,,1028.0,,2,3,2024-10-30 10:00:00,KNYC0
2024-10-30 11:00:00-04:00,19.0,57,0.0,,216,6.0,,1028.0,,2,2,2024-10-30 11:00:00,KNYC0
2024-10-30 12:00:00-04:00,22.0,49,0.0,,224,11.5,,1026.0,,0,2,2024-10-30 12:00:00,KNYC0
2024-10-30 13:00:00-04:00,23.0,45,0.0,,200,11.0,,1025.0,,1,1,2024-10-30 13:00:00,KNYC0
2024-10-30 14:00:00-04:00,24.0,45,0.0,,214,6.0,,1025.0,,6,1,2024-10-30 14:00:00,KNYC0
2024-10-30 15:00:00-04:00,24.0,46,0.0,,214,9.0,,1024.0,,6,3,2024-10-30 15:00:00,KNYC0
2024-10-30 16:00:00-04:00,24.0,46,0.0,,206,14.4,,1024.0,,8,3,2024-10-30 16:00:00,KNYC0
2024-10-30 17:00:00-04:00,21.0,57,0.0,,196,13.3,,1024.0,,8,3,2024-10-30 17:00:00,KNYC0
2024-10-30 18:00:00-04:00,21.0,61,0.0,,199,12.2,,1024.0,,8,3,2024-10-30 18:00:00,KNYC0
2024-10-30 19:00:00-04:00,21.0,55,0.0,,214,6.0,,1024.0,,8,3,2024-10-30 19:00:00,KNYC0
2024-10-30 20:00:00-04:00,21.0,53,0.0,,224,6.0,,1023.0,,8,3,2024-10-30 20:00:00,KNYC0
2024-10-30 21:00:00-04:00,21.0,53,0.0,,234,6.0,,1023.0,,8,3,2024-10-30 21:00:00,KNYC0
2024-10-30 22:00:00-04:00,21.0,53,0.0,,239,7.0,,1024.0,,8,3,2024-10-30 22:00:00,KNYC0
2024-10-30 23:00:00-04:00,20.0,57,0.0,,241,6.0,,1023.0,,8,3,2024-10-30 23:00:00,KNYC0
2024-10-31 00:00:00-04:00,19.0,59,0.0,,245,7.0,,1023.0,,8,3,2024-10-31 00:00:00,KNYC0
2024-10-31 01:00:00-04:00,19.0,57,0.0,,254,13.3,,1022.0,,6,3,2024-10-31 01:00:00,KNYC0
2024-10-31 02:00:00-04:00,19.0,59,0.0,,250,7.0,,1022.0,,4,3,2024-10-31 02:00:00,KNYC0
2024-10-31 03:00:00-04:00,19.0,61,0.0,,220,7.0,,1022.0,,3,3,2024-10-31 03:00:00,KNYC0
2024-10-31 04:00:00-04:00,17.0,70,0.0,,240,6.0,,1022.0,,5,2,2024-10-31 04:00:00,KNYC0
2024-10-31 05:00:00-04:00,17.0,70,0.0,,233,9.0,,1022.0,,4,3,2024-10-31 05:00:00,KNYC0
2024-10-31 06:00:00-04:00,17.0,72,0.0,,250,6.0,,1022.0,,5,3,2024-10-31 06:00:00,KNYC0
2024-10-31 07:00:00-04:00,16.0,78,0.0,,226,9.7,,1022.0,,7,3,2024-10-31 07:00:00,KNYC0
2024-10-31 08:00:00-04:00,17.0,75,0.0,,222,11.0,,1022.0,,5,3,2024-10-31 08:00:00,KNYC0
2024-10-31 09:00:00-04:00,19.0,68,0.0,,218,6.0,,1022.0,,7,3,2024-10-31 09:00:00,KNYC0
2024-10-31 10:00:00-04:00,21.0,59,0.0,,230,11.0,,1022.0,,4,3,2024-10-31 10:00:00,KNYC0
2024-10-31 11:00:00-04:00,23.0,50,0.0,,232,6.0,,1021.0,,4,3,2024-10-31 11:00:00,KNYC0
2024-10-31 12:00:00-04:00,25.0,43,0.0,,228,7.0,,1020.0,,3,3,2024-10-31 12:00:00,KNYC0
2024-10-31 13:00:00-04:00,26.0,40,0.0,,224,6.0,,1019.0,,6,3,2024-10-31 13:00:00,KNYC0
2024-10-31 14:00:00-04:00,27.0,39,0.0,,221,19.4,,1018.0,,6,3,2024-10-31 14:00:00,KNYC0
2024-10-31 15:00:00-04:00,27.0,39,0.0,,223,20.5,,1018.0,,8,3,2024-10-31 15:00:00,KNYC0
2024-10-31 16:00:00-04:00,26.0,42,0.0,,219,6.0,,1017.0,,8,3,2024-10-31 16:00:00,KNYC0
2024-10-31 17:00:00-04:00,25.0,45,0.0,,210,7.0,,1017.0,,8,3,2024-10-31 17:00:00,KNYC0
2024-10-31 18:00:00-04:00,24.0,48,0.0,,201,16.2,,1017.0,,8,3,2024-10-31 18:00:00,KNYC0
2024-10-31 19:00:00-04:00,23.0,52,0.0,,202,7.0,,1017.0,,8,3,2024-10-31 19:00:00,KNYC0
2024-10-31 20:00:00-04:00,24.0,50,0.0,,230,15.0,,1017.0,,8,3,2024-10-31 20:00:00,KNYC0
2024-10-31 21:00:00-04:00,23.0,52,0.0,,215,7.0,,1017.0,,8,3,2024-10-31 21:00:00,KNYC0
2024-10-31 22:00:00-04:00,23.0,55,0.0,,219,22.7,,1017.0,,8,3,2024-10-31 22:00:00,KNYC0
2024-10-31 23:00:00-04:00,22.0,55,0.0,,230,11.0,,1016.0,,8,3,2024-10-31 23:00:00,KNYC0
2024-11-01 00:00:00-04:00,22.0,55,0.0,,200,13.0,,1015.0,,8,3,2024-11-01 00:00:00,KNYC0
2024-11-01 01:00:00-04:00,22.0,57,0.0,,232,7.0,,1015.0,,8,3,2024-11-01 01:00:00,KNYC0
2024-11-01 02:00:00-04:00,22.0,55,0.0,,230,7.0,,1015.0,,6,3,2024-11-01 02:00:00,KNYC0
2024-11-01 03:00:00-04:00,21.0,59,0.0,,233,23.0,,1014.0,,8,3,2024-11-01 03:00:00,KNYC0
2024-11-01 04:00:00-04:00,21.0,61,0.0,,230,9.0,,1014.0,,8,3,2024-11-01 04:00:00,KNYC0
2024-11-01 05:00:00-04:00,21.0,61,0.0,,233,24.8,,1014.0,,8,3,2024-11-01 05:00:00,KNYC0
2024-11-01 06:00:00-04:00,21.0,61,0.0,,239,6.0,,1014.0,,8,3,2024-11-01 06:00:00,KNYC0
2024-11-01 07:00:00-04:00,21.0,61,0.0,,237,6.0,,1014.0,,8,3,2024-11-01 07:00:00,KNYC0
2024-11-01 08:00:00-04:00,21.0,63,0.0,,230,6.0,,1015.0,,8,3,2024-11-01 08:00:00,KNYC0
2024-11-01 09:00:00-04:00,21.0,61,0.5,,231,22.0,,1015.0,,8,8,2024-11-01 09:00:00,KNYC0
2024-11-01 10:00:00-04:00,21.0,61,0.0,,240,13.0,,1015.0,,8,3,2024-11-01 10:00:00,KNYC0
2024-11-01 11:00:00-04:00,23.0,55,0.0,,239,7.0,,1015.0,,8,3,2024-11-01 11:00:00,KNYC0
2024-11-01 12:00:00-04:00,24.0,43,0.0,,250,13.0,,1014.0,,0,3,2024-11-01 12:00:00,KNYC0
2024-11-01 13:00:00-04:00,25.0,39,0.0,,260,20.0,,1014.0,,0,1,2024-11-01 13:00:00,KNYC0
2024-11-01 14:00:00-04:00,26.0,29,0.0,,240,17.0,,1014.0,,0,1,2024-11-01 14:00:00,KNYC0
2024-11-01 15:00:00-04:00,26.0,21,0.0,,290,15.0,,1014.0,,0,1,2024-11-01 15:00:00,KNYC0
2024-11-01 16:00:00-04:00,25.0,22,0.0,,270,13.0,,1015.0,,0,1,2024-11-01 16:00:00,KNYC0
2024-11-01 17:00:00-04:00,23.0,24,0.0,,280,13.0,,1016.0,,0,1,2024-11-01 17:00:00,KNYC0
2024-11-01 18:00:00-04:00,23.0,16,0.0,,270,15.0,,1017.0,,0,1,2024-11-01 18:00:00,KNYC0
2024-11-01 19:00:00-04:00,21.0,33,0.0,,300,13.0,,1018.0,,0,1,2024-11-01 19:00:00,KNYC0
2024-11-01 20:00:00-04:00,19.0,36,0.0,,317,6.0,,1019.0,,0,1,2024-11-01 20:00:00,KNYC0
2024-11-01 21:00:00-04:00,17.0,38,0.0,,325,19.1,,1020.0,,0,1,2024-11-01 21:00:00,KNYC0
2024-11-01 22:00:00-04:00,16.0,44,0.0,,326,17.6,,1021.0,,0,1,2024-11-01 22:00:00,KNYC0
2024-11-01 23:00:00-04:00,15.0,46,0.0,,326,6.0,,1022.0,,0,1,2024-11-01 23:00:00,KNYC0
2024-11-02 00:00:00-04:00,14.0,47,0.0,,320,7.0,,1022.0,,0,1,2024-11-02 00:00:00,KNYC0
2024-11-02 01:00:00-04:00,13.0,51,0.0,,311,7.0,,1023.0,,0,1,2024-11-02 01:00:00,KNYC0
2024-11-02 02:00:00-04:00,13.0,53,0.0,,325,7.0,,1023.0,,0,1,2024-11-02 02:00:00,KNYC0
2024-11-02 03:00:00-04:00,12.0,53,0.0,,290,9.0,,1024.0,,0,1,2024-11-02 03:00:00,KNYC0
2024-11-02 04:00:00-04:00,12.0,50,0.0,,323,9.0,,1024.0,,0,1,2024-11-02 04:00:00,KNYC0
2024-11-02 05:00:00-04:00,12.0,50,0.0,,328,6.0,,1025.0,,0,1,2024-11-02 05:00:00,KNYC0
2024-11-02 06:00:00-04:00,11.0,48,0.0,,325,13.3,,1025.0,,0,1,2024-11-02 06:00:00,KNYC0
2024-11-02 07:00:00-04:00,11.0,48,0.0,,312,13.7,,1026.0,,0,1,2024-11-02 07:00:00,KNYC0
2024-11-02 08:00:00-04:00,12.0,45,0.0,,311,7.0,,1027.0,,0,1,2024-11-02 08:00:00,KNYC0
2024-11-02 09:00:00-04:00,12.0,45,0.0,,320,16.2,,1027.0,,0,1,2024-11-02 09:00:00,KNYC0
2024-11-02 10:00:00-04:00,13.0,41,0.0,,332,11.0,,1027.0,,0,1,2024-11-02 10:00:00,KNYC0
2024-11-02 11:00:00-04:00,13.0,40,0.0,,336,17.6,,1027.0,,0,1,2024-11-02 11:00:00,KNYC0
2024-11-02 12:00:00-04:00,15.0,36,0.0,,336,7.0,,1026.0,,0,1,2024-11-02 12:00:00,KNYC0
2024-11-02 13:00:00-04:00,14.0,36,0.0,,329,7.0,,1026.0,,0,1,2024-11-02 13:00:00,KNYC0
2024-11-02 14:00:00-04:00,15.0,34,0.0,,328,14.0,,1026.0,,0,1,2024-11-02 14:00:00,KNYC0
2024-11-02 15:00:00-04:00,15.0,34,0.0,,328,9.0,,1026.0,,0,1,2024-11-02 15:00:00,KNYC0
2024-11-02 16:00:00-04:00,14.0,34,0.0,,300,15.0,,1026.0,,6,1,2024-11-02 16:00:00,KNYC0
2024-11-02 17:00:00-04:00,13.0,38,0.0,,320,6.0,,1027.0,,2,3,2024-11-02 17:00:00,KNYC0
2024-11-02 18:00:00-04:00,12.0,41,0.0,,339,6.0,,1028.0,,0,2,2024-11-02 18:00:00,KNYC0
2024-11-02 19:00:00-04:00,12.0,41,0.0,,330,13.7,,1028.0,,1,1,2024-11-02 19:00:00,KNYC0
2024-11-02 20:00:00-04:00,11.0,44,0.0,,334,9.0,,1030.0,,0,1,2024-11-02 20:00:00,KNYC0
2024-11-02 21:00:00-04:00,10.0,48,0.0,,340,7.0,,1030.0,,0,1,2024-11-02 21:00:00,KNYC0
2024-11-02 22:00:00-04:00,9.0,50,0.0,,345,14.4,,1030.0,,6,1,2024-11-02 22:00:00,KNYC0
2024-11-02 23:00:00-04:00,9.0,51,0.0,,350,6.0,,1030.0,,0,3,2024-11-02 23:00:00,KNYC0
2024-11-03 00:00:00-04:00,8.0,56,0.0,,30,7.0,,1030.0,,0,1,2024-11-03 00:00:00,KNYC0
2024-11-03 01:00:00-04:00,8.0,55,0.0,,3,9.0,,1030.0,,0,1,2024-11-03 01:00:00,KNYC0
2024-11-03 01:00:00-05:00,7.0,53,0.0,,8,7.0,,1031.0,,0,1,2024-11-03 01:00:00,KNYC0
2024-11-03 02:00:00-05:00,7.0,55,0.0,,40,13.0,,1031.0,,0,1,2024-11-03 02:00:00,KNYC0
2024-11-03 03:00:00-05:00,6.0,59,0.0,,5,7.0,,1031.0,,1,1,2024-11-03 03:00:00,KNYC0
2024-11-03 04:00:00-05:00,6.0,57,0.0,,50,13.0,,1032.0,,0,1,2024-11-03 04:00:00,KNYC0
2024-11-03 05:00:00-05:00,5.0,60,0.0,,30,11.0,,1032.0,,1,1,2024-11-03 05:00:00,KNYC0
2024-11-03 06:00:00-05:00,5.0,60,0.0,,9,7.0,,1033.0,,0,1,2024-11-03 06:00:00,KNYC0
2024-11-03 07:00:00-05:00,6.0,55,0.0,,60,13.0,,1033.0,,2,1,2024-11-03 07:00:00,KNYC0
2024-11-03 08:00:00-05:00,6.0,51,0.0,,50,19.0,,1033.0,,2,2,2024-11-03 08:00:00,KNYC0
2024-11-03 09:00:00-05:00,8.0,43,0.0,,50,15.0,,1033.0,,0,2,2024-11-03 09:00:00,KNYC0
2024-11-03 10:00:00-05:00,9.0,42,0.0,,20,7.0,,1033.0,,1,1,2024-11-03 10:00:00,KNYC0
2024-11-03 11:00:00-05:00,10.0,36,0.0,,16,6.0,,1032.0,,0,1,2024-11-03 11:00:00,KNYC0
2024-11-03 12:00:00-05:00,11.0,29,0.0,,5,9.0,,1032.0,,0,1,2024-11-03 12:00:00,KNYC0
2024-11-03 13:00:00-05:00,12.0,24,0.0,,50,13.0,,1031.0,,0,1,2024-11-03 13:00:00,KNYC0
2024-11-03 14:00:00-05:00,12.0,21,0.0,,1,7.0,,1031.0,,2,1,2024-11-03 14:00:00,KNYC0
2024-11-03 15:00:00-05:00,13.2,25,0.0,,5,9.7,,1030.3,,5,2,2024-11-03 15:00:00,KNYC0
2024-11-03 16:00:00-05:00,11.0,25,0.0,,9,9.0,,1032.0,,0,3,2024-11-03 16:00:00,KNYC0
2024-11-03 17:00:00-05:00,10.0,27,0.0,,20,6.0,,1032.0,,0,1,2024-11-03 17:00:00,KNYC0
2024-11-03 18:00:00-05:00,9.0,30,0.0,,30,6.0,,1033.0,,0,1,2024-11-03 18:00:00,KNYC0
2024-11-03 19:00:00-05:00,10.0,22,0.0,,30,7.0,,1033.0,,0,1,2024-11-03 19:00:00,KNYC0
2024-11-03 20:00:00-05:00,9.0,23,0.0,,20,9.0,,1033.0,,4,1,2024-11-03 20:00:00,KNYC0
2024-11-03 21:00:00-05:00,8.0,36,0.0,,32,8.6,,1033.0,,1,3,2024-11-03 21:00:00,KNYC0
2024-11-03 22:00:00-05:00,8.0,42,0.0,,20,6.0,,1034.0,,0,2,2024-11-03 22:00:00,KNYC0
2024-11-03 23:00:00-05:00,8.0,47,0.0,,32,9.4,,1034.0,,1,1,2024-11-03 23:00:00,KNYC0
2024-11-04 00:00:00-05:00,8.0,47,0.0,,36,6.0,,1033.0,,0,1,2024-11-04 00:00:00,KNYC0
2024-11-04 01:00:00-05:00,7.0,51,0.0,,40,6.0,,1034.0,,1,1,2024-11-04 01:00:00,KNYC0
2024-11-04 02:00:00-05:00,8.0,53,0.0,,110,7.0,,1033.0,,0,2,2024-11-04 02:00:00,KNYC0
2024-11-04 03:00:00-05:00,8.0,55,0.0,,20,6.0,,1034.0,,8,1,2024-11-04 03:00:00,KNYC0
2024-11-04 04:00:00-05:00,8.0,60,0.0,,30,7.0,,1034.0,,8,3,2024-11-04 04:00:00,KNYC0
2024-11-04 05:00:00-05:00,8.0,60,0.0,,40,7.0,,1034.0,,8,3,2024-11-04 05:00:00,KNYC0
2024-11-04 06:00:00-05:00,8.0,61,0.0,,28,6.0,,1035.0,,8,3,2024-11-04 06:00:00,KNYC0
2024-11-04 07:00:00-05:00,9.0,63,0.0,,80,9.0,,1035.0,,8,3,2024-11-04 07:00:00,KNYC0
2024-11-04 08:00:00-05:00,10.0,61,0.0,,80,7.0,,1035.0,,8,3,2024-11-04 08:00:00,KNYC0
2024-11-04 09:00:00-05:00,12.0,50,0.0,,90,9.0,,1035.0,,8,3,2024-11-04 09:00:00,KNYC0
2024-11-04 10:00:00-05:00,13.0,51,0.0,,98,11.0,,1034.0,,8,3,2024-11-04 10:00:00,KNYC0
2024-11-04 11:00:00-05:00,13.0,52,0.0,,145,6.0,,1033.0,,8,3,2024-11-04 11:00:00,KNYC0
2024-11-04 12:00:00-05:00,13.0,51,0.0,,145,9.0,,1033.0,,8,3,2024-11-04 12:00:00,KNYC0
2024-11-04 13:00:00-05:00,13.0,53,0.0,,149,18.4,,1032.0,,7,3,2024-11-04 13:00:00,KNYC0
2024-11-04 14:00:00-05:00,13.0,60,0.0,,140,13.0,,1031.0,,7,3,2024-11-04 14:00:00,KNYC0
2024-11-04 15:00:00-05:00,13.0,64,0.0,,140,13.0,,1030.0,,8,3,2024-11-04 15:00:00,KNYC0
2024-11-04 16:00:00-05:00,13.0,64,0.0,,156,15.5,,1030.0,,8,3,2024-11-04 16:00:00,KNYC0
2024-11-04 17:00:00-05:00,13.0,72,0.0,,153,7.0,,1030.0,,7,3,2024-11-04 17:00:00,KNYC0
2024-11-04 18:00:00-05:00,12.0,77,0.0,,162,7.0,,1029.0,,1,3,2024-11-04 18:00:00,KNYC0
2024-11-04 19:00:00-05:00,12.0,77,0.0,,171,6.0,,1028.0,,8,1,2024-11-04 19:00:00,KNYC0
2024-11-04 20:00:00-05:00,13.0,77,0.0,,150,6.0,,1028.0,,7,3,2024-11-04 20:00:00,KNYC0
2024-11-04 21:00:00-05:00,13.0,77,0.0,,192,11.5,,1028.0,,7,3,2024-11-04 21:00:00,KNYC0
2024-11-04 22:00:00-05:00,14.0,74,0.0,,211,10.4,,1027.0,,7,3,2024-11-04 22:00:00,KNYC0
2024-11-04 23:00:00-05:00,14.0,75,0.0,,215,6.0,,1026.0,,1,3,2024-11-04 23:00:00,KNYC0
2024-11-05 00:00:00-05:00,14.0,75,0.0,,229,11.2,,1026.0,,1,1,2024-11-05 00:00:00,KNYC0
2024-11-05 01:00:00-05:00,14.0,78,0.0,,232,10.4,,1026.0,,2,1,2024-11-05 01:00:00,KNYC0
2024-11-05 02:00:00-05:00,14.0,81,0.0,,234,7.0,,1025.0,,0,2,2024-11-05 02:00:00,KNYC0
2024-11-05 03:00:00-05:00,13.0,83,0.0,,300,7.0,,1025.0,,0,1,2024-11-05 03:00:00,KNYC0
2024-11-05 04:00:00-05:00,13.0,83,0.0,,250,6.0,,1025.0,,0,1,2024-11-05 04:00:00,KNYC0
2024-11-05 05:00:00-05:00,13.0,80,0.0,,252,10.1,,1025.0,,5,1,2024-11-05 05:00:00,KNYC0
2024-11-05 06:00:00-05:00,13.0,84,0.0,,246,10.4,,1026.0,,1,3,2024-11-05 06:00:00,KNYC0
2024-11-05 07:00:00-05:00,14.0,81,0.0,,240,9.0,,1026.0,,0,1,2024-11-05 07:00:00,KNYC0
2024-11-05 08:00:00-05:00,14.0,81,0.0,,270,11.0,,1026.0,,1,1,2024-11-05 08:00:00,KNYC0
2024-11-05 09:00:00-05:00,16.0,75,0.0,,240,13.0,,1025.0,,0,1,2024-11-05 09:00:00,KNYC0
2024-11-05 10:00:00-05:00,18.0,68,0.0,,220,6.0,,1025.0,,5,1,2024-11-05 10:00:00,KNYC0
2024-11-05 11:00:00-05:00,19.0,61,0.0,,224,20.5,,1024.0,,7,3,2024-11-05 11:00:00,KNYC0
2024-11-05 12:00:00-05:00,21.0,57,0.0,,227,7.0,,1023.0,,6,3,2024-11-05 12:00:00,KNYC0
2024-11-05 13:00:00-05:00,22.0,55,0.0,,224,23.0,,1022.0,,4,3,2024-11-05 13:00:00,KNYC0
2024-11-05 14:00:00-05:00,22.0,53,0.0,,218,21.2,,1021.0,,2,3,2024-11-05 14:00:00,KNYC0
2024-11-05 15:00:00-05:00,22.0,51,0.0,,214,20.9,,1021.0,,0,2,2024-11-05 15:00:00,KNYC0
2024-11-05 16:00:00-05:00,21.0,59,0.0,,212,17.6,,1021.0,,0,1,2024-11-05 16:00:00,KNYC0
2024-11-05 17:00:00-05:00,19.0,66,0.0,,209,15.5,,1021.0,,2,1,2024-11-05 17:00:00,KNYC0
2024-11-05 18:00:00-05:00,21.0,61,0.0,,206,9.0,,1021.0,,0,2,2024-11-05 18:00:00,KNYC0
2024-11-05 19:00:00-05:00,21.0,59,0.0,,210,18.0,,1021.0,,0,1,2024-11-05 19:00:00,KNYC0
2024-11-05 20:00:00-05:00,19.0,68,0.0,,210,6.0,,1021.0,,0,1,2024-11-05 20:00:00,KNYC0
2024-11-05 21:00:00-05:00,19.0,68,0.0,,216,21.2,,1021.0,,0,1,2024-11-05 21:00:00,KNYC0
2024-11-05 22:00:00-05:00,19.0,71,0.0,,210,11.0,,1021.0,,0,1,2024-11-05 22:00:00,KNYC0
2024-11-05 23:00:00-05:00,18.0,78,0.0,,222,9.0,,1020.0,,0,1,2024-11-05 23:00:00,KNYC0
2024-11-06 00:00:00-05:00,18.0,76,0.0,,221,6.0,,1020.0,,0,1,2024-11-06 00:00:00,KNYC0
2024-11-06 01:00:00-05:00,18.0,68,0.0,,220,13.0,,1020.0,,0,1,2024-11-06 01:00:00,KNYC0
2024-11-06 02:00:00-05:00,19.0,65,0.0,,220,7.0,,1019.0,,1,1,2024-11-06 02:00:00,KNYC0
2024-11-06 03:00:00-05:00,18.0,68,0.0,,227,6.0,,1019.0,,1,1,2024-11-06 03:00:00,KNYC0
2024-11-06 04:00:00-05:00,19.0,68,0.0,,225,6.0,,1019.0,,3,1,2024-11-06 04:00:00,KNYC0
2024-11-06 05:00:00-05:00,18.0,70,0.0,,226,6.0,,1019.0,,0,3,2024-11-06 05:00:00,KNYC0
2024-11-06 06:00:00-05:00,18.0,70,0.0,,225,20.2,,1019.0,,0,1,2024-11-06 06:00:00,KNYC0
2024-11-06 07:00:00-05:00,19.0,70,0.0,,225,11.0,,1019.0,,0,1,2024-11-06 07:00:00,KNYC0
2024-11-06 08:00:00-05:00,19.0,68,0.0,,224,7.0,,1019.0,,0,1,2024-11-06 08:00:00,KNYC0
2024-11-06 09:00:00-05:00,21.0,64,0.0,,224,6.0,,1018.0,,0,1,2024-11-06 09:00:00,KNYC0
2024-11-06 10:00:00-05:00,23.0,57,0.0,,210,13.0,,1017.0,,0,1,2024-11-06 10:00:00,KNYC0
2024-11-06 11:00:00-05:00,24.0,52,0.0,,229,24.8,,1017.0,,0,1,2024-11-06 11:00:00,KNYC0
2024-11-06 12:00:00-05:00,26.0,47,0.0,,231,25.2,,1016.0,,2,1,2024-11-06 12:00:00,KNYC0
2024-11-06 13:00:00-05:00,26.0,47,0.0,,231,23.8,,1014.0,,1,2,2024-11-06 13:00:00,KNYC0
2024-11-06 14:00:00-05:00,26.0,48,0.0,,220,9.0,,1015.0,,7,1,2024-11-06 14:00:00,KNYC0
2024-11-06 15:00:00-05:00,27.0,42,0.0,,246,22.0,,1015.0,,4,3,2024-11-06 15:00:00,KNYC0
2024-11-06 16:00:00-05:00,26.0,45,0.0,,240,6.0,,1016.0,,5,3,2024-11-06 16:00:00,KNYC0
2024-11-06 17:00:00-05:00,24.0,48,0.0,,250,7.0,,1016.0,,3,3,2024-11-06 17:00:00,KNYC0
2024-11-06 18:00:00-05:00,25.0,48,0.0,,237,6.0,,1017.0,,3,3,2024-11-06 18:00:00,KNYC0
2024-11-06 19:00:00-05:00,25.0,48,0.0,,236,16.6,,1017.0,,5,2,2024-11-06 19:00:00,KNYC0
2024-11-06 20:00:00-05:00,24.0,52,0.0,,240,6.0,,1016.0,,2,3,2024-11-06 20:00:00,KNYC0
2024-11-06 21:00:00-05:00,24.0,54,0.0,,247,7.0,,1017.0,,3,2,2024-11-06 21:00:00,KNYC0
2024-11-06 22:00:00-05:00,23.0,56,0.0,,244,13.0,,1017.0,,1,3,2024-11-06 22:00:00,KNYC0
2024-11-06 23:00:00-05:00,23.0,57,0.0,,260,11.0,,1017.0,,3,2,2024-11-06 23:00:00,KNYC0
2024-11-07 00:00:00-05:00,22.0,59,0.0,,255,6.0,,1017.0,,7,3,2024-11-07 00:00:00,KNYC0
2024-11-07 01:00:00-05:00,22.0,61,0.0,,252,9.0,,1017.0,,8,3,2024-11-07 01:00:00,KNYC0
2024-11-07 02:00:00-05:00,21.0,68,0.0,,250,6.0,,1017.0,,8,3,2024-11-07 02:00:00,KNYC0
2024-11-07 03:00:00-05:00,21.0,68,0.0,,260,7.0,,1017.0,,8,3,2024-11-07 03:00:00,KNYC0
2024-11-07 04:00:00-05:00,19.0,73,0.0,,240,6.0,,1018.0,,8,3,2024-11-07 04:00:00,KNYC0
2024-11-07 05:00:00-05:00,19.0,75,0.0,,240,6.0,,1018.0,,8,3,2024-11-07 05:00:00,KNYC0
2024-11-07 06:00:00-05:00,19.0,73,0.0,,261,7.0,,1018.0,,8,3,2024-11-07 06:00:00,KNYC0
2024-11-07 07:00:00-05:00,19.0,68,0.0,,250,6.0,,1019.0,,8,3,2024-11-07 07:00:00,KNYC0
2024-11-07 08:00:00-05:00,20.0,63,0.0,,286,9.0,,1019.0,,1,3,2024-11-07 08:00:00,KNYC0
2024-11-07 09:00:00-05:00,20.0,53,0.0,,300,13.0,,1019.0,,0,1,2024-11-07 09:00:00,KNYC0
2024-11-07 10:00:00-05:00,22.0,41,0.0,,314,7.0,,1019.0,,1,1,2024-11-07 10:00:00,KNYC0
2024-11-07 11:00:00-05:00,22.0,38,0.0,,300,15.0,,1018.0,,1,2,2024-11-07 11:00:00,KNYC0
2024-11-07 12:00:00-05:00,22.0,38,0.0,,300,15.0,,1017.0,,2,2,2024-11-07 12:00:00,KNYC0
2024-11-07 13:00:00-05:00,22.0,35,0.0,,309,11.0,,1018.0,,3,2,2024-11-07 13:00:00,KNYC0
2024-11-07 14:00:00-05:00,22.0,34,0.0,,314,7.0,,1018.0,,1,3,2024-11-07 14:00:00,KNYC0
2024-11-07 15:00:00-05:00,21.0,34,0.0,,314,22.3,,1018.0,,0,1,2024-11-07 15:00:00,KNYC0
2024-11-07 16:00:00-05:00,19.0,39,0.0,,20,9.0,,1018.0,,0,1,2024-11-07 16:00:00,KNYC0
2024-11-07 17:00:00-05:00,18.0,40,0.0,,343,7.0,,1019.0,,0,1,2024-11-07 17:00:00,KNYC0
2024-11-07 18:00:00-05:00,17.0,44,0.0,,330,7.0,,1020.0,,0,1,2024-11-07 18:00:00,KNYC0
2024-11-07 19:00:00-05:00,16.0,46,0.0,,339,11.0,,1020.0,,0,1,2024-11-07 19:00:00,KNYC0
2024-11-07 20:00:00-05:00,15.0,46,0.0,,331,7.0,,1021.0,,0,1,2024-11-07 20:00:00,KNYC0
2024-11-07 21:00:00-05:00,14.0,49,0.0,,334,15.8,,1020.0,,0,1,2024-11-07 21:00:00,KNYC0
2024-11-07 22:00:00-05:00,13.0,49,0.0,,335,7.0,,1020.0,,0,1,2024-11-07 22:00:00,KNYC0
2024-11-07 23:00:00-05:00,13.0,51,0.0,,337,6.0,,1020.0,,0,1,2024-11-07 23:00:00,KNYC0
2024-11-08 00:00:00-05:00,12.0,50,0.0,,338,7.0,,1019.0,,0,1,2024-11-08 00:00:00,KNYC0
2024-11-08 01:00:00-05:00,12.0,54,0.0,,337,9.7,,1019.0,,0,1,2024-11-08 01:00:00,KNYC0
2024-11-08 02:00:00-05:00,11.0,59,0.0,,310,7.0,,1019.0,,0,1,2024-11-08 02:00:00,KNYC0
2024-11-08 03:00:00-05:00,11.0,61,0.0,,270,7.0,,1018.0,,0,1,2024-11-08 03:00:00,KNYC0
2024-11-08 04:00:00-05:00,11.0,61,0.0,,250,6.0,,1019.0,,0,1,2024-11-08 04:00:00,KNYC0
2024-11-08 05:00:00-05:00,11.0,61,0.0,,246,11.2,,1018.0,,0,1,2024-11-08 05:00:00,KNYC0
2024-11-08 06:00:00-05:00,11.0,63,0.0,,238,10.1,,1018.0,,0,1,2024-11-08 06:00:00,KNYC0
2024-11-08 07:00:00-05:00,12.0,61,0.0,,259,9.7,,1018.0,,0,1,2024-11-08 07:00:00,KNYC0
2024-11-08 08:00:00-05:00,12.0,55,0.0,,240,7.0,,1018.0,,0,1,2024-11-08 08:00:00,KNYC0
2024-11-08 09:00:00-05:00,14.0,45,0.0,,254,9.0,,1017.0,,0,1,2024-11-08 09:00:00,KNYC0
2024-11-08 10:00:00-05:00,16.0,37,0.0,,256,9.0,,1015.0,,0,1,2024-11-08 10:00:00,KNYC0
2024-11-08 11:00:00-05:00,18.0,30,0.0,,257,7.0,,1014.0,,0,1,2024-11-08 11:00:00,KNYC0
2024-11-08 12:00:00-05:00,19.0,24,0.0,,260,13.0,,1012.0,,0,1,2024-11-08 12:00:00,KNYC0
2024-11-08 13:00:00-05:00,20.0,23,0.0,,268,9.0,,1011.0,,0,1,2024-11-08 13:00:00,KNYC0
2024-11-08 14:00:00-05:00,20.0,21,0.0,,270,13.0,,1011.0,,0,1,2024-11-08 14:00:00,KNYC0
2024-11-08 15:00:00-05:00,19.0,25,0.0,,270,15.0,,1011.0,,0,1,2024-11-08 15:00:00,KNYC0
2024-11-08 16:00:00-05:00,18.0,29,0.0,,281,9.0,,1011.0,,0,1,2024-11-08 16:00:00,KNYC0
2024-11-08 17:00:00-05:00,18.0,30,0.0,,270,13.0,,1012.0,,0,1,2024-11-08 17:00:00,KNYC0
2024-11-08 18:00:00-05:00,17.0,33,0.0,,287,11.0,,1013.0,,0,1,2024-11-08 18:00:00,KNYC0
2024-11-08 19:00:00-05:00,16.0,36,0.0,,302,16.9,,1015.0,,5,1,2024-11-08 19:00:00,KNYC0
2024-11-08 20:00:00-05:00,14.0,37,0.0,,335,24.5,,1016.0,,4,3,2024-11-08 20:00:00,KNYC0
2024-11-08 21:00:00-05:00,14.0,34,0.0,,310,13.0,,1016.0,,1,3,2024-11-08 21:00:00,KNYC0
2024-11-08 22:00:00-05:00,13.0,37,0.0,,300,17.0,,1017.0,,0,2,2024-11-08 22:00:00,KNYC0
2024-11-08 23:00:00-05:00,13.0,41,0.0,,312,7.0,,1018.0,,1,1,2024-11-08 23:00:00,KNYC0
2024-11-09 00:00:00-05:00,12.0,43,0.0,,324,23.4,,1019.0,,2,1,2024-11-09 00:00:00,KNYC0
2024-11-09 01:00:00-05:00,10.0,33,0.0,,310,20.0,,1021.0,,0,5,2024-11-09 01:00:00,KNYC0
2024-11-09 02:00:00-05:00,9.0,33,0.0,,340,6.0,,1022.0,,0,1,2024-11-09 02:00:00,KNYC0
2024-11-09 03:00:00-05:00,8.0,32,0.0,,336,7.0,,1023.0,,0,1,2024-11-09 03:00:00,KNYC0
2024-11-09 04:00:00-05:00,7.0,37,0.0,,341,19.8,,1024.0,,0,1,2024-11-09 04:00:00,KNYC0
2024-11-09 05:00:00-05:00,7.0,40,0.0,,338,7.0,,1025.0,,0,1,2024-11-09 05:00:00,KNYC0
2024-11-09 06:00:00-05:00,6.0,41,0.0,,335,6.0,,1026.0,,0,1,2024-11-09 06:00:00,KNYC0
2024-11-09 07:00:00-05:00,6.0,43,0.0,,328,9.0,,1028.0,,0,1,2024-11-09 07:00:00,KNYC0
2024-11-09 08:00:00-05:00,7.0,40,0.0,,334,15.5,,1027.0,,0,1,2024-11-09 08:00:00,KNYC0
2024-11-09 09:00:00-05:00,8.0,34,0.0,,347,19.4,,1028.0,,0,1,2024-11-09 09:00:00,KNYC0
2024-11-09 10:00:00-05:00,9.0,30,0.0,,349,7.0,,1028.0,,0,1,2024-11-09 10:00:00,KNYC0
2024-11-09 11:00:00-05:00,11.0,27,0.0,,348,9.0,,1027.0,,0,5,2024-11-09 11:00:00,KNYC0
2024-11-09 12:00:00-05:00,11.0,23,0.0,,290,13.0,,1027.0,,0,5,2024-11-09 12:00:00,KNYC0
2024-11-09 13:00:00-05:00,12.0,21,0.0,,300,15.0,,1027.0,,0,5,2024-11-09 13:00:00,KNYC0
2024-11-09 14:00:00-05:00,12.0,21,0.0,,330,6.0,,1027.0,,0,1,2024-11-09 14:00:00,KNYC0
2024-11-09 15:00:00-05:00,12.0,21,0.0,,325,6.0,,1028.0,,0,1,2024-11-09 15:00:00,KNYC0
2024-11-09 16:00:00-05:00,12.0,22,0.0,,300,6.0,,1028.0,,0,1,2024-11-09 16:00:00,KNYC0
2024-11-09 17:00:00-05:00,12.0,22,0.0,,312,9.0,,1029.0,,0,1,2024-11-09 17:00:00,KNYC0
2024-11-09 18:00:00-05:00,11.0,26,0.0,,315,9.0,,1030.0,,0,1,2024-11-09 18:00:00,KNYC0
2024-11-09 19:00:00-05:00,11.0,26,0.0,,270,6.0,,1030.0,,0,1,2024-11-09 19:00:00,KNYC0
2024-11-09 20:00:00-05:00,10.0,28,0.0,,338,11.9,,1030.0,,0,1,2024-11-09 20:00:00,KNYC0
2024-11-09 21:00:00-05:00,9.0,30,0.0,,8,9.0,,1030.0,,2,1,2024-11-09 21:00:00,KNYC0
2024-11-09 22:00:00-05:00,8.0,33,0.0,,60,11.0,,1030.0,,6,2,2024-11-09 22:00:00,KNYC0
2024-11-09 23:00:00-05:00,8.0,34,0.0,,40,9.4,,1030.0,,1,3,2024-11-09 23:00:00,KNYC0
2024-11-10 00:00:00-05:00,8.0,42,0.0,,39,8.6,,1030.0,,3,1,2024-11-10 00:00:00,KNYC0
2024-11-10 01:00:00-05:00,8.0,42,0.0,,120,7.0,,1030.0,,1,2,2024-11-10 01:00:00,KNYC0
2024-11-10 02:00:00-05:00,3.5,73,0.0,,17,7.9,,1029.2,,8,1,2024-11-10 02:00:00,KNYC0
2024-11-10 03:00:00-05:00,8.0,45,0.0,,10,7.2,,1029.0,,8,3,2024-11-10 03:00:00,KNYC0
2024-11-10 04:00:00-05:00,8.0,45,0.0,,110,6.0,,1029.0,,8,3,2024-11-10 04:00:00,KNYC0
2024-11-10 05:00:00-05:00,8.0,46,0.0,,120,6.0,,1028.0,,8,3,2024-11-10 05:00:00,KNYC0
2024-11-10 06:00:00-05:00,8.0,51,0.0,,130,6.0,,1028.0,,8,3,2024-11-10 06:00:00,KNYC0
2024-11-10 07:00:00-05:00,10.0,46,0.0,,9,4.7,,1027.0,,8,3,2024-11-10 07:00:00,KNYC0
2024-11-10 08:00:00-05:00,12.0,40,0.0,,283,6.0,,1027.0,,8,3,2024-11-10 08:00:00,KNYC0
2024-11-10 09:00:00-05:00,13.0,31,0.0,,206,7.0,,1027.0,,8,3,2024-11-10 09:00:00,KNYC0
2024-11-10 10:00:00-05:00,13.0,34,0.0,,216,7.0,,1026.0,,8,3,2024-11-10 10:00:00,KNYC0
2024-11-10 11:00:00-05:00,13.0,33,0.0,,208,18.0,,1025.0,,8,3,2024-11-10 11:00:00,KNYC0
2024-11-10 12:00:00-05:00,13.0,35,0.0,,240,11.0,,1024.0,,8,3,2024-11-10 12:00:00,KNYC0
2024-11-10 13:00:00-05:00,14.0,36,0.0,,220,6.0,,1023.0,,8,3,2024-11-10 13:00:00,KNYC0
2024-11-10 14:00:00-05:00,14.0,37,0.0,,214,7.0,,1022.0,,8,3,2024-11-10 14:00:00,KNYC0
2024-11-10 15:00:00-05:00,14.0,40,0.0,,211,7.0,,1021.0,,8,3,2024-11-10 15:00:00,KNYC0
2024-11-10 16:00:00-05:00,14.0,42,0.0,,220,15.0,,1020.0,,8,3,2024-11-10 16:00:00,KNYC0
2024-11-10 17:00:00-05:00,13.0,47,0.0,,220,6.0,,1020.0,,8,3,2024-11-10 17:00:00,KNYC0
2024-11-10 18:00:00-05:00,14.0,51,0.0,,206,15.8,,1019.0,,8,3,2024-11-10 18:00:00,KNYC0
2024-11-10 19:00:00-05:00,14.0,57,0.2,,201,16.9,,1017.0,,8,7,2024-11-10 19:00:00,KNYC0
2024-11-10 20:00:00-05:00,14.0,70,0.3,,202,17.6,,1016.0,,8,8,2024-11-10 20:00:00,KNYC0
2024-11-10 21:00:00-05:00,14.0,77,0.4,,180,7.0,,1015.0,,8,8,2024-11-10 21:00:00,KNYC0
2024-11-10 22:00:00-05:00,14.0,81,0.6,,211,7.0,,1015.0,,8,8,2024-11-10 22:00:00,KNYC0
2024-11-10 23:00:00-05:00,13.0,90,0.4,,210,20.9,,1014.0,,8,8,2024-11-10 23:00:00,KNYC0
2024-11-11 00:00:00-05:00,13.0,89,1.1,,221,25.9,,1012.0,,8,5,2024-11-11 00:00:00,KNYC0
2024-11-11 01:00:00-05:00,13.0,90,0.4,,240,9.0,,1011.0,,8,8,2024-11-11 01:00:00,KNYC0
2024-11-11 02:00:00-05:00,14.0,90,1.8,,225,7.0,,1010.0,,8,9,2024-11-11 02:00:00,KNYC0
2024-11-11 03:00:00-05:00,14.0,90,1.3,,229,27.0,,1009.0,,8,9,2024-11-11 03:00:00,KNYC0
2024-11-11 04:00:00-05:00,14.0,90,1.4,,234,11.0,,1009.0,,8,9,2024-11-11 04:00:00,KNYC0
2024-11-11 05:00:00-05:00,14.0,90,0.2,,236,7.0,,1009.0,,8,7,2024-11-11 05:00:00,KNYC0
2024-11-11 06:00:00-05:00,15.0,87,0.0,,236,6.0,,1009.0,,8,3,2024-11-11 06:00:00,KNYC0
2024-11-11 07:00:00-05:00,16.0,83,0.0,,230,7.0,,1009.0,,8,3,2024-11-11 07:00:00,KNYC0
2024-11-11 08:00:00-05:00,16.0,80,0.0,,250,15.0,,1009.0,,8,3,2024-11-11 08:00:00,KNYC0
2024-11-11 09:00:00-05:00,16.0,75,0.0,,252,9.0,,1009.0,,8,3,2024-11-11 09:00:00,KNYC0
2024-11-11 10:00:00-05:00,17.0,72,0.0,,260,11.0,,1009.0,,5,3,2024-11-11 10:00:00,KNYC0
2024-11-11 11:00:00-05:00,19.0,54,0.0,,250,15.0,,1007.0,,1,3,2024-11-11 11:00:00,KNYC0
2024-11-11 12:00:00-05:00,19.0,49,0.0,,250,22.0,,1006.0,,0,1,2024-11-11 12:00:00,KNYC0
2024-11-11 13:00:00-05:00,19.0,45,0.0,,259,11.0,,1006.0,,0,1,2024-11-11 13:00:00,KNYC0
2024-11-11 14:00:00-05:00,19.0,45,0.0,,270,13.0,,1005.0,,0,1,2024-11-11 14:00:00,KNYC0
2024-11-11 15:00:00-05:00,19.0,43,0.0,,261,21.6,,1005.0,,0,1,2024-11-11 15:00:00,KNYC0
2024-11-11 16:00:00-05:00,18.0,40,0.0,,270,11.0,,1005.0,,0,1,2024-11-11 16:00:00,KNYC0
2024-11-11 17:00:00-05:00,17.0,43,0.0,,264,11.0,,1006.0,,0,1,2024-11-11 17:00:00,KNYC0
2024-11-11 18:00:00-05:00,16.0,48,0.0,,261,11.0,,1007.0,,0,1,2024-11-11 18:00:00,KNYC0
2024-11-11 19:00:00-05:00,16.0,46,0.0,,274,7.0,,1008.0,,0,1,2024-11-11 19:00:00,KNYC0
2024-11-11 20:00:00-05:00,15.0,47,0.0,,270,9.0,,1008.0,,0,1,2024-11-11 20:00:00,KNYC0
2024-11-11 21:00:00-05:00,15.0,49,0.0,,297,7.0,,1007.0,,0,1,2024-11-11 21:00:00,KNYC0
2024-11-11 22:00:00-05:00,16.0,47,0.0,,220,9.0,,1007.0,,1,1,2024-11-11 22:00:00,KNYC0
2024-11-11 23:00:00-05:00,14.0,51,0.0,,255,11.5,,1008.0,,0,1,2024-11-11 23:00:00,KNYC0
2024-11-12 00:00:00-05:00,14.0,53,0.0,,262,16.6,,1008.0,,0,1,2024-11-12 00:00:00,KNYC0
2024-11-12 01:00:00-05:00,13.0,55,0.0,,268,17.3,,1009.0,,1,1,2024-11-12 01:00:00,KNYC0
2024-11-12 02:00:00-05:00,12.0,59,0.0,,300,15.0,,1009.0,,0,2,2024-11-12 02:00:00,KNYC0
2024-11-12 03:00:00-05:00,11.0,54,0.0,,300,20.0,,1010.0,,0,1,2024-11-12 03:00:00,KNYC0
2024-11-12 04:00:00-05:00,10.0,52,0.0,,280,19.0,,1011.0,,1,1,2024-11-12 04:00:00,KNYC0
2024-11-12 05:00:00-05:00,10.0,54,0.0,,280,20.0,,1013.0,,1,1,2024-11-12 05:00:00,KNYC0
2024-11-12 06:00:00-05:00,10.0,54,0.0,,306,11.0,,1013.0,,1,1,2024-11-12 06:00:00,KNYC0
2024-11-12 07:00:00-05:00,10.0,52,0.0,,300,13.0,,1014.0,,1,2,2024-11-12 07:00:00,KNYC0
2024-11-12 08:00:00-05:00,11.0,46,0.0,,324,29.2,,1015.0,,2,2,2024-11-12 08:00:00,KNYC0
2024-11-12 09:00:00-05:00,11.0,42,0.0,,327,32.8,,1017.0,,2,2,2024-11-12 09:00:00,KNYC0
2024-11-12 10:00:00-05:00,11.0,41,0.0,,320,13.0,,1018.0,,0,2,2024-11-12 10:00:00,KNYC0
2024-11-12 11:00:00-05:00,12.0,35,0.0,,332,32.4,,1018.0,,1,1,2024-11-12 11:00:00,KNYC0
2024-11-12 12:00:00-05:00,11.0,36,0.0,,300,24.0,,1018.0,,0,2,2024-11-12 12:00:00,KNYC0
2024-11-12 13:00:00-05:00,11.0,36,0.0,,310,19.0,,1019.0,,0,1,2024-11-12 13:00:00,KNYC0
2024-11-12 14:00:00-05:00,11.0,36,0.0,,337,11.0,,1020.0,,0,1,2024-11-12 14:00:00,KNYC0
2024-11-12 15:00:00-05:00,9.0,39,0.0,,300,22.0,,1022.0,,0,1,2024-11-12 15:00:00,KNYC0
2024-11-12 16:00:00-05:00,9.0,37,0.0,,331,9.0,,1023.0,,0,1,2024-11-12 16:00:00,KNYC0
2024-11-12 17:00:00-05:00,8.0,36,0.0,,350,13.0,,1025.0,,0,1,2024-11-12 17:00:00,KNYC0
2024-11-12 18:00:00-05:00,8.0,37,0.0,,346,7.0,,1026.0,,0,1,2024-11-12 18:00:00,KNYC0
2024-11-12 19:00:00-05:00,7.0,38,0.0,,360,19.0,,1026.0,,0,1,2024-11-12 19:00:00,KNYC0
2024-11-12 20:00:00-05:00,7.0,40,0.0,,360,15.0,,1027.0,,0,1,2024-11-12 20:00:00,KNYC0
2024-11-12 21:00:00-05:00,6.0,41,0.0,,356,16.9,,1027.0,,0,1,2024-11-12 21:00:00,KNYC0
2024-11-12 22:00:00-05:00,6.0,43,0.0,,360,15.0,,1028.0,,0,1,2024-11-12 22:00:00,KNYC0
2024-11-12 23:00:00-05:00,5.0,45,0.0,,350,17.0,,1028.0,,0,1,2024-11-12 23:00:00,KNYC0
2024-11-13 00:00:00-05:00,4.0,44,0.0,,11,15.8,,1029.0,,0,1,2024-11-13 00:00:00,KNYC0
2024-11-13 01:00:00-05:00,4.0,44,0.0,,11,11.0,,1030.0,,0,1,2024-11-13 01:00:00,KNYC0
2024-11-13 02:00:00-05:00,4.0,44,0.0,,10,13.0,,1031.0,,0,1,2024-11-13 02:00:00,KNYC0
2024-11-13 03:00:00-05:00,3.0,46,0.0,,10,11.0,,1031.0,,0,1,2024-11-13 03:00:00,KNYC0
2024-11-13 04:00:00-05:00,3.0,46,0.0,,11,13.3,,1032.0,,0,1,2024-11-13 04:00:00,KNYC0
2024-11-13 05:00:00-05:00,3.0,50,0.0,,9,12.6,,1032.0,,0,1,2024-11-13 05:00:00,KNYC0
2024-11-13 06:00:00-05:00,3.0,50,0.0,,7,11.9,,1033.0,,0,1,2024-11-13 06:00:00,KNYC0
2024-11-13 07:00:00-05:00,3.0,52,0.0,,20,13.0,,1033.0,,0,1,2024-11-13 07:00:00,KNYC0
2024-11-13 08:00:00-05:00,4.0,44,0.0,,40,13.0,,1034.0,,0,1,2024-11-13 08:00:00,KNYC0
2024-11-13 09:00:00-05:00,6.0,39,0.0,,60,15.0,,1034.0,,0,1,2024-11-13 09:00:00,KNYC0
2024-11-13 10:00:00-05:00,7.0,38,0.0,,16,11.0,,1034.0,,0,1,2024-11-13 10:00:00,KNYC0
2024-11-13 11:00:00-05:00,8.0,31,0.0,,18,7.0,,1033.0,,0,1,2024-11-13 11:00:00,KNYC0
2024-11-13 12:00:00-05:00,8.0,29,0.0,,25,6.0,,1033.0,,0,1,2024-11-13 12:00:00,KNYC0
2024-11-13 13:00:00-05:00,9.0,24,0.0,,27,6.0,,1032.0,,0,1,2024-11-13 13:00:00,KNYC0
2024-11-13 14:00:00-05:00,9.0,24,0.0,,40,13.0,,1032.0,,0,1,2024-11-13 14:00:00,KNYC0
2024-11-13 15:00:00-05:00,9.0,26,0.0,,18,7.6,,1032.0,,0,1,2024-11-13 15:00:00,KNYC0
2024-11-13 16:00:00-05:00,8.0,31,0.0,,10,9.0,,1032.0,,0,1,2024-11-13 16:00:00,KNYC0
2024-11-13 17:00:00-05:00,8.0,31,0.0,,4,7.0,,1032.0,,0,1,2024-11-13 17:00:00,KNYC0
2024-11-13 18:00:00-05:00,7.0,37,0.0,,358,6.0,,1032.0,,0,1,2024-11-13 18:00:00,KNYC0
2024-11-13 19:00:00-05:00,7.0,36,0.0,,50,11.0,,1032.0,,0,1,2024-11-13 19:00:00,KNYC0
2024-11-13 20:00:00-05:00,7.0,36,0.0,,40,7.0,,1032.0,,0,1,2024-11-13 20:00:00,KNYC0
2024-11-13 21:00:00-05:00,6.0,36,0.0,,50,9.0,,1031.0,,1,1,2024-11-13 21:00:00,KNYC0
2024-11-13 22:00:00-05:00,6.0,32,0.0,,60,17.0,,1031.0,,5,1,2024-11-13 22:00:00,KNYC0
2024-11-13 23:00:00-05:00,6.0,38,0.0,,33,7.0,,1031.0,,1,3,2024-11-13 23:00:00,KNYC0
2024-11-14 00:00:00-05:00,5.0,38,0.0,,20,7.0,,1031.0,,0,2,2024-11-14 00:00:00,KNYC0
2024-11-14 01:00:00-05:00,5.0,39,0.0,,32,10.8,,1030.0,,1,1,2024-11-14 01:00:00,KNYC0
2024-11-14 02:00:00-05:00,4.0,42,0.0,,39,7.0,,1030.0,,3,2,2024-11-14 02:00:00,KNYC0
2024-11-14 03:00:00-05:00,4.0,39,0.0,,50,13.0,,1030.0,,8,3,2024-11-14 03:00:00,KNYC0
2024-11-14 04:00:00-05:00,3.0,42,0.0,,30,7.0,,1029.0,,7,3,2024-11-14 04:00:00,KNYC0
2024-11-14 05:00:00-05:00,3.0,50,0.0,,23,6.0,,1029.0,,8,3,2024-11-14 05:00:00,KNYC0
2024-11-14 06:00:00-05:00,3.0,50,0.0,,30,11.0,,1029.0,,8,3,2024-11-14 06:00:00,KNYC0
2024-11-14 07:00:00-05:00,4.0,48,0.0,,31,11.0,,1030.0,,8,3,2024-11-14 07:00:00,KNYC0
2024-11-14 08:00:00-05:00,5.0,51,0.0,,23,7.0,,1028.0,,8,3,2024-11-14 08:00:00,KNYC0
2024-11-14 09:00:00-05:00,6.0,49,0.0,,40,15.0,,1028.0,,8,3,2024-11-14 09:00:00,KNYC0
2024-11-14 10:00:00-05:00,7.0,49,0.0,,50,15.0,,1027.0,,8,3,2024-11-14 10:00:00,KNYC0
2024-11-14 11:00:00-05:00,7.0,47,0.0,,50,7.9,,1025.0,,8,3,2024-11-14 11:00:00,KNYC0
2024-11-14 12:00:00-05:00,8.0,47,0.0,,55,8.6,,1025.0,,8,3,2024-11-14 12:00:00,KNYC0
2024-11-14 13:00:00-05:00,8.0,47,0.0,,48,6.8,,1024.0,,8,3,2024-11-14 13:00:00,KNYC0
2024-11-14 14:00:00-05:00,8.0,47,0.0,,10,9.0,,1023.0,,8,3,2024-11-14 14:00:00,KNYC0
2024-11-14 15:00:00-05:00,7.0,51,0.0,,70,9.0,,1023.0,,8,3,2024-11-14 15:00:00,KNYC0
2024-11-14 16:00:00-05:00,7.0,55,0.0,,60,9.0,,1022.0,,8,3,2024-11-14 16:00:00,KNYC0
2024-11-14 17:00:00-05:00,7.0,58,0.0,,61,9.0,,1022.0,,8,3,2024-11-14 17:00:00,KNYC0
2024-11-14 18:00:00-05:00,7.0,55,0.0,,63,6.0,,1021.0,,8,3,2024-11-14 18:00:00,KNYC0
2024-11-14 19:00:00-05:00,7.0,55,0.0,,46,4.3,,1021.0,,8,3,2024-11-14 19:00:00,KNYC0
2024-11-14 20:00:00-05:00,7.0,51,0.0,,29,3.6,,1020.0,,8,3,2024-11-14 20:00:00,KNYC0
2024-11-14 21:00:00-05:00,7.0,51,0.0,,30,6.0,,1020.0,,8,3,2024-11-14 21:00:00,KNYC0
2024-11-14 22:00:00-05:00,7.0,47,0.0,,20,6.0,,1019.0,,8,3,2024-11-14 22:00:00,KNYC0
2024-11-14 23:00:00-05:00,7.0,41,0.0,,50,6.0,,1017.0,,8,3,2024-11-14 23:00:00,KNYC0
2024-11-15 00:00:00-05:00,6.0,45,0.0,,60,7.0,,1017.0,,8,3,2024-11-15 00:00:00,KNYC0
2024-11-15 01:00:00-05:00,7.0,28,0.0,,20,6.0,,1018.0,,8,3,2024-11-15 01:00:00,KNYC0
2024-11-15 02:00:00-05:00,7.0,26,0.0,,358,6.0,,1017.0,,8,3,2024-11-15 02:00:00,KNYC0
2024-11-15 03:00:00-05:00,6.0,41,0.0,,349,5.8,,1017.0,,8,3,2024-11-15 03:00:00,KNYC0
2024-11-15 04:00:00-05:00,6.0,39,0.0,,359,7.2,,1016.0,,8,3,2024-11-15 04:00:00,KNYC0
2024-11-15 05:00:00-05:00,6.0,34,0.0,,310,7.0,,1016.0,,8,3,2024-11-15 05:00:00,KNYC0
2024-11-15 06:00:00-05:00,5.0,35,0.0,,300,6.0,,1016.0,,8,3,2024-11-15 06:00:00,KNYC0
2024-11-15 07:00:00-05:00,6.0,34,0.0,,336,8.6,,1016.0,,8,3,2024-11-15 07:00:00,KNYC0
2024-11-15 08:00:00-05:00,6.0,35,0.0,,327,7.6,,1015.0,,8,3,2024-11-15 08:00:00,KNYC0
2024-11-15 09:00:00-05:00,8.0,30,0.0,,331,6.0,,1015.0,,8,3,2024-11-15 09:00:00,KNYC0
2024-11-15 10:00:00-05:00,9.0,31,0.0,,332,6.5,,1013.0,,7,3,2024-11-15 10:00:00,KNYC0
2024-11-15 11:00:00-05:00,11.0,36,0.0,,331,11.0,,1012.0,,8,3,2024-11-15 11:00:00,KNYC0
2024-11-15 12:00:00-05:00,13.0,35,0.0,,319,10.4,,1011.0,,2,3,2024-11-15 12:00:00,KNYC0
2024-11-15 13:00:00-05:00,14.0,30,0.0,,320,9.0,,1010.0,,1,2,2024-11-15 13:00:00,KNYC0
2024-11-15 14:00:00-05:00,14.0,34,0.0,,300,13.0,,1010.0,,0,2,2024-11-15 14:00:00,KNYC0
2024-11-15 15:00:00-05:00,14.0,34,0.0,,309,9.0,,1009.0,,0,1,2024-11-15 15:00:00,KNYC0
2024-11-15 16:00:00-05:00,13.0,38,0.0,,308,9.0,,1009.0,,0,1,2024-11-15 16:00:00,KNYC0
2024-11-15 17:00:00-05:00,13.0,38,0.0,,290,7.0,,1009.0,,0,1,2024-11-15 17:00:00,KNYC0
2024-11-15 18:00:00-05:00,12.0,38,0.0,,300,11.0,,1009.0,,0,1,2024-11-15 18:00:00,KNYC0
2024-11-15 19:00:00-05:00,12.0,41,0.0,,300,11.0,,1009.0,,0,1,2024-11-15 19:00:00,KNYC0
2024-11-15 20:00:00-05:00,12.0,45,0.0,,300,13.0,,1009.0,,0,1,2024-11-15 20:00:00,KNYC0
2024-11-15 21:00:00-05:00,11.0,48,0.0,,300,17.0,,1009.0,,0,1,2024-11-15 21:00:00,KNYC0
2024-11-15 22:00:00-05:00,10.0,46,0.0,,300,17.0,,1009.0,,0,1,2024-11-15 22:00:00,KNYC0
2024-11-15 23:00:00-05:00,9.0,41,0.0,,290,13.0,,1009.0,,0,1,2024-11-15 23:00:00,KNYC0
2024-11-16 00:00:00-05:00,8.0,40,0.0,,290,9.0,,1009.0,,0,1,2024-11-16 00:00:00,KNYC0
2024-11-16 01:00:00-05:00,8.0,36,0.0,,290,11.0,,1010.0,,0,1,2024-11-16 01:00:00,KNYC0
2024-11-16 02:00:00-05:00,8.0,37,0.0,,300,13.0,,1010.0,,0,1,2024-11-16 02:00:00,KNYC0
2024-11-16 03:00:00-05:00,8.0,42,0.0,,290,13.0,,1010.0,,0,1,2024-11-16 03:00:00,KNYC0
2024-11-16 04:00:00-05:00,8.0,45,0.0,,300,20.0,,1010.0,,0,1,2024-11-16 04:00:00,KNYC0
2024-11-16 05:00:00-05:00,8.0,49,0.0,,300,15.0,,1011.0,,0,1,2024-11-16 05:00:00,KNYC0
2024-11-16 06:00:00-05:00,8.0,49,0.0,,313,12.2,,1011.0,,0,1,2024-11-16 06:00:00,KNYC0
2024-11-16 07:00:00-05:00,9.0,46,0.0,,315,14.8,,1012.0,,0,1,2024-11-16 07:00:00,KNYC0
2024-11-16 08:00:00-05:00,10.0,44,0.0,,300,17.0,,1012.0,,0,1,2024-11-16 08:00:00,KNYC0
2024-11-16 09:00:00-05:00,11.0,41,0.0,,310,22.0,,1013.0,,0,1,2024-11-16 09:00:00,KNYC0
2024-11-16 10:00:00-05:00,13.0,34,0.0,,315,16.9,,1013.0,,0,1,2024-11-16 10:00:00,KNYC0
2024-11-16 11:00:00-05:00,14.0,28,0.0,,317,17.3,,1012.0,,0,1,2024-11-16 11:00:00,KNYC0
2024-11-16 12:00:00-05:00,16.0,25,0.0,,290,13.0,,1012.0,,0,1,2024-11-16 12:00:00,KNYC0
2024-11-16 13:00:00-05:00,16.0,22,0.0,,310,20.0,,1012.0,,0,1,2024-11-16 13:00:00,KNYC0
2024-11-16 14:00:00-05:00,17.0,21,0.0,,322,11.0,,1012.0,,0,1,2024-11-16 14:00:00,KNYC0
2024-11-16 15:00:00-05:00,16.0,24,0.0,,322,17.6,,1012.0,,0,1,2024-11-16 15:00:00,KNYC0
2024-11-16 16:00:00-05:00,15.0,27,0.0,,290,15.0,,1013.0,,0,1,2024-11-16 16:00:00,KNYC0
2024-11-16 17:00:00-05:00,14.0,29,0.0,,280,13.0,,1014.0,,0,1,2024-11-16 17:00:00,KNYC0
2024-11-16 18:00:00-05:00,13.0,30,0.0,,300,15.0,,1015.0,,0,1,2024-11-16 18:00:00,KNYC0
2024-11-16 19:00:00-05:00,13.0,30,0.0,,300,15.0,,1015.0,,0,1,2024-11-16 19:00:00,KNYC0
2024-11-16 20:00:00-05:00,12.0,33,0.0,,300,7.0,,1016.0,,0,1,2024-11-16 20:00:00,KNYC0
2024-11-16 21:00:00-05:00,11.0,35,0.0,,332,6.0,,1016.0,,0,1,2024-11-16 21:00:00,KNYC0
2024-11-16 22:00:00-05:00,11.0,38,0.0,,290,17.0,,1017.0,,0,1,2024-11-16 22:00:00,KNYC0
2024-11-16 23:00:00-05:00,10.0,37,0.0,,290,9.0,,1017.0,,0,1,2024-11-16 23:00:00,KNYC0
2024-11-17 00:00:00-05:00,9.0,36,0.0,,310,13.0,,1017.0,,0,1,2024-11-17 00:00:00,KNYC0
2024-11-17 01:00:00-05:00,9.0,40,0.0,,300,15.0,,1018.0,,0,1,2024-11-17 01:00:00,KNYC0
2024-11-17 02:00:00-05:00,8.0,44,0.0,,290,17.0,,1018.0,,0,1,2024-11-17 02:00:00,KNYC0
2024-11-17 03:00:00-05:00,8.0,47,0.0,,334,9.0,,1018.0,,0,1,2024-11-17 03:00:00,KNYC0
2024-11-17 04:00:00-05:00,8.0,49,0.0,,329,7.0,,1018.0,,0,1,2024-11-17 04:00:00,KNYC0
2024-11-17 05:00:00-05:00,8.0,51,0.0,,310,7.0,,1018.0,,0,1,2024-11-17 05:00:00,KNYC0
2024-11-17 06:00:00-05:00,7.0,51,0.0,,328,10.4,,1018.0,,0,1,2024-11-17 06:00:00,KNYC0
2024-11-17 07:00:00-05:00,8.0,49,0.0,,280,9.0,,1019.0,,0,1,2024-11-17 07:00:00,KNYC0
2024-11-17 08:00:00-05:00,9.0,46,0.0,,300,9.0,,1019.0,,2,1,2024-11-17 08:00:00,KNYC0
2024-11-17 09:00:00-05:00,11.0,41,0.0,,310,9.0,,1019.0,,2,2,2024-11-17 09:00:00,KNYC0
2024-11-17 10:00:00-05:00,13.0,35,0.0,,324,6.0,,1019.0,,3,2,2024-11-17 10:00:00,KNYC0
2024-11-17 11:00:00-05:00,16.0,25,0.0,,290,9.0,,1018.0,,5,3,2024-11-17 11:00:00,KNYC0
2024-11-17 12:00:00-05:00,16.0,23,0.0,,307,5.4,,1017.0,,4,3,2024-11-17 12:00:00,KNYC0
2024-11-17 13:00:00-05:00,17.0,21,0.0,,270,7.0,,1017.0,,5,3,2024-11-17 13:00:00,KNYC0
2024-11-17 14:00:00-05:00,17.0,17,0.0,,300,6.0,,1016.0,,8,5,2024-11-17 14:00:00,KNYC0
2024-11-17 15:00:00-05:00,17.0,20,0.0,,320,6.0,,1016.0,,8,3,2024-11-17 15:00:00,KNYC0
2024-11-17 16:00:00-05:00,16.0,23,0.0,,290,6.0,,1016.0,,8,3,2024-11-17 16:00:00,KNYC0
2024-11-17 17:00:00-05:00,14.0,26,0.0,,238,5.8,,1016.0,,8,3,2024-11-17 17:00:00,KNYC0
2024-11-17 18:00:00-05:00,14.0,32,0.0,,270,7.0,,1016.0,,8,3,2024-11-17 18:00:00,KNYC0
2024-11-17 19:00:00-05:00,13.0,35,0.0,,256,8.6,,1015.0,,8,3,2024-11-17 19:00:00,KNYC0
2024-11-17 20:00:00-05:00,14.0,31,0.0,,260,9.0,,1015.0,,8,3,2024-11-17 20:00:00,KNYC0
2024-11-17 21:00:00-05:00,13.0,33,0.0,,249,11.0,,1015.0,,8,3,2024-11-17 21:00:00,KNYC0
2024-11-17 22:00:00-05:00,12.0,39,0.0,,240,6.0,,1014.0,,8,3,2024-11-17 22:00:00,KNYC0
2024-11-17 23:00:00-05:00,11.0,43,0.0,,255,7.0,,1014.0,,8,3,2024-11-17 23:00:00,KNYC0
2024-11-18 00:00:00-05:00,11.0,43,0.0,,256,7.9,,1013.0,,8,3,2024-11-18 00:00:00,KNYC0
2024-11-18 01:00:00-05:00,11.0,48,0.0,,249,6.0,,1013.0,,8,3,2024-11-18 01:00:00,KNYC0
2024-11-18 02:00:00-05:00,10.0,50,0.0,,268,7.0,,1012.0,,8,3,2024-11-18 02:00:00,KNYC0
2024-11-18 03:00:00-05:00,10.0,52,0.0,,280,7.0,,1012.0,,8,3,2024-11-18 03:00:00,KNYC0
2024-11-18 04:00:00-05:00,10.0,52,0.0,,273,9.4,,1012.0,,8,3,2024-11-18 04:00:00,KNYC0
2024-11-18 05:00:00-05:00,11.0,52,0.0,,278,9.0,,1013.0,,8,3,2024-11-18 05:00:00,KNYC0
2024-11-18 06:00:00-05:00,11.0,52,0.0,,280,6.0,,1012.0,,7,3,2024-11-18 06:00:00,KNYC0
2024-11-18 07:00:00-05:00,11.0,52,0.0,,299,8.3,,1013.0,,1,3,2024-11-18 07:00:00,KNYC0
2024-11-18 08:00:00-05:00,12.0,50,0.0,,302,7.0,,1013.0,,0,2,2024-11-18 08:00:00,KNYC0
2024-11-18 09:00:00-05:00,14.0,49,0.0,,297,7.0,,1013.0,,0,1,2024-11-18 09:00:00,KNYC0
2024-11-18 10:00:00-05:00,16.0,46,0.0,,310,9.7,,1012.0,,0,1,2024-11-18 10:00:00,KNYC0
2024-11-18 11:00:00-05:00,17.0,41,0.0,,307,7.0,,1012.0,,0,1,2024-11-18 11:00:00,KNYC0
2024-11-18 12:00:00-05:00,18.0,37,0.0,,300,15.0,,1011.0,,0,1,2024-11-18 12:00:00,KNYC0
2024-11-18 13:00:00-05:00,18.0,36,0.0,,301,11.0,,1010.0,,0,1,2024-11-18 13:00:00,KNYC0
2024-11-18 14:00:00-05:00,19.0,30,0.0,,305,15.8,,1011.0,,1,1,2024-11-18 14:00:00,KNYC0
2024-11-18 15:00:00-05:00,18.0,29,0.0,,307,7.0,,1011.0,,2,2,2024-11-18 15:00:00,KNYC0
2024-11-18 16:00:00-05:00,17.0,31,0.0,,10,6.0,,1012.0,,2,2,2024-11-18 16:00:00,KNYC0
2024-11-18 17:00:00-05:00,16.0,31,0.0,,309,6.0,,1013.0,,7,2,2024-11-18 17:00:00,KNYC0
2024-11-18 18:00:00-05:00,16.0,31,0.0,,322,7.0,,1013.0,,3,3,2024-11-18 18:00:00,KNYC0
2024-11-18 19:00:00-05:00,14.0,34,0.0,,300,13.0,,1013.0,,5,2,2024-11-18 19:00:00,KNYC0
2024-11-18 20:00:00-05:00,14.0,34,0.0,,310,9.0,,1014.0,,0,3,2024-11-18 20:00:00,KNYC0
2024-11-18 21:00:00-05:00,13.0,37,0.0,,322,14.0,,1014.0,,0,1,2024-11-18 21:00:00,KNYC0
2024-11-18 22:00:00-05:00,13.0,41,0.0,,326,6.0,,1014.0,,0,1,2024-11-18 22:00:00,KNYC0
2024-11-18 23:00:00-05:00,12.0,47,0.0,,329,13.7,,1014.0,,1,1,2024-11-18 23:00:00,KNYC0
2024-11-19 00:00:00-05:00,11.0,48,0.0,,326,7.0,,1014.0,,2,1,2024-11-19 00:00:00,KNYC0
2024-11-19 01:00:00-05:00,11.0,48,0.0,,300,9.0,,1014.0,,0,2,2024-11-19 01:00:00,KNYC0
2024-11-19 02:00:00-05:00,10.0,54,0.0,,317,10.8,,1015.0,,0,1,2024-11-19 02:00:00,KNYC0
2024-11-19 03:00:00-05:00,9.0,56,0.0,,312,11.5,,1015.0,,0,1,2024-11-19 03:00:00,KNYC0
2024-11-19 04:00:00-05:00,9.0,58,0.0,,290,11.0,,1015.0,,0,1,2024-11-19 04:00:00,KNYC0
2024-11-19 05:00:00-05:00,8.0,61,0.0,,324,10.8,,1015.0,,2,1,2024-11-19 05:00:00,KNYC0
2024-11-19 06:00:00-05:00,8.0,61,0.0,,322,10.1,,1016.0,,3,2,2024-11-19 06:00:00,KNYC0
2024-11-19 07:00:00-05:00,8.0,61,0.0,,351,7.2,,1016.0,,7,2,2024-11-19 07:00:00,KNYC0
2024-11-19 08:00:00-05:00,9.0,54,0.0,,295,6.1,,1016.0,,2,3,2024-11-19 08:00:00,KNYC0
2024-11-19 09:00:00-05:00,11.0,46,0.0,,20,15.0,,1015.0,,1,2,2024-11-19 09:00:00,KNYC0
2024-11-19 10:00:00-05:00,12.0,45,0.0,,260,9.0,,1015.0,,2,1,2024-11-19 10:00:00,KNYC0
2024-11-19 11:00:00-05:00,13.0,40,0.0,,290,9.0,,1014.0,,2,2,2024-11-19 11:00:00,KNYC0
2024-11-19 12:00:00-05:00,14.0,36,0.0,,323,7.6,,1013.0,,1,2,2024-11-19 12:00:00,KNYC0
2024-11-19 13:00:00-05:00,15.0,34,0.0,,298,6.0,,1013.0,,1,1,2024-11-19 13:00:00,KNYC0
2024-11-19 14:00:00-05:00,15.0,32,0.0,,303,7.0,,1013.0,,0,1,2024-11-19 14:00:00,KNYC0
2024-11-19 15:00:00-05:00,14.0,34,0.0,,292,4.7,,1012.0,,6,1,2024-11-19 15:00:00,KNYC0
2024-11-19 16:00:00-05:00,13.0,38,0.0,,316,4.3,,1012.0,,8,3,2024-11-19 16:00:00,KNYC0
2024-11-19 17:00:00-05:00,13.0,40,0.0,,245,2.9,,1012.0,,8,3,2024-11-19 17:00:00,KNYC0
2024-11-19 18:00:00-05:00,13.0,41,0.0,,235,2.5,,1012.0,,8,3,2024-11-19 18:00:00,KNYC0
2024-11-19 19:00:00-05:00,13.0,38,0.0,,165,2.9,,1011.0,,8,3,2024-11-19 19:00:00,KNYC0
2024-11-19 20:00:00-05:00,13.0,40,0.0,,238,4.0,,1012.0,,7,3,2024-11-19 20:00:00,KNYC0
2024-11-19 21:00:00-05:00,13.0,49,0.0,,60,6.0,,1012.0,,7,3,2024-11-19 21:00:00,KNYC0
2024-11-19 22:00:00-05:00,12.0,55,0.1,,280,6.0,,1012.0,,5,7,2024-11-19 22:00:00,KNYC0
2024-11-19 23:00:00-05:00,13.0,55,0.0,,263,4.0,,1011.0,,8,3,2024-11-19 23:00:00,KNYC0
2024-11-20 00:00:00-05:00,13.0,55,0.0,,294,2.9,,1011.0,,8,3,2024-11-20 00:00:00,KNYC0
2024-11-20 01:00:00-05:00,12.0,55,0.0,,345,4.0,,1011.0,,6,3,2024-11-20 01:00:00,KNYC0
2024-11-20 02:00:00-05:00,12.0,50,0.0,,26,4.3,,1010.0,,6,3,2024-11-20 02:00:00,KNYC0
2024-11-20 03:00:00-05:00,12.0,49,0.0,,351,4.7,,1010.0,,8,3,2024-11-20 03:00:00,KNYC0
2024-11-20 04:00:00-05:00,12.0,50,0.0,,14,3.6,,1010.0,,8,3,2024-11-20 04:00:00,KNYC0
2024-11-20 05:00:00-05:00,12.0,53,0.0,,32,5.8,,1010.0,,7,3,2024-11-20 05:00:00,KNYC0
2024-11-20 06:00:00-05:00,12.0,55,0.0,,18,4.3,,1011.0,,1,3,2024-11-20 06:00:00,KNYC0
2024-11-20 07:00:00-05:00,12.0,50,0.0,,40,6.0,,1011.0,,5,2,2024-11-20 07:00:00,KNYC0
2024-11-20 08:00:00-05:00,13.0,52,0.0,,50,6.0,,1011.0,,6,3,2024-11-20 08:00:00,KNYC0
2024-11-20 09:00:00-05:00,13.0,45,0.0,,70,7.0,,1010.0,,8,3,2024-11-20 09:00:00,KNYC0
2024-11-20 10:00:00-05:00,14.0,44,0.0,,70,11.0,,1010.0,,8,3,2024-11-20 10:00:00,KNYC0
2024-11-20 11:00:00-05:00,15.0,44,0.0,,64,6.0,,1009.0,,8,3,2024-11-20 11:00:00,KNYC0
2024-11-20 12:00:00-05:00,15.0,44,0.0,,100,7.0,,1009.0,,3,3,2024-11-20 12:00:00,KNYC0
2024-11-20 13:00:00-05:00,15.0,46,0.0,,83,9.0,,1008.0,,6,3,2024-11-20 13:00:00,KNYC0
2024-11-20 14:00:00-05:00,15.0,44,0.0,,140,6.0,,1008.0,,8,3,2024-11-20 14:00:00,KNYC0
2024-11-20 15:00:00-05:00,14.0,51,0.0,,170,7.0,,1008.0,,8,3,2024-11-20 15:00:00,KNYC0
2024-11-20 16:00:00-05:00,14.0,53,0.0,,157,6.0,,1008.0,,7,3,2024-11-20 16:00:00,KNYC0
2024-11-20 17:00:00-05:00,14.0,57,0.0,,134,7.6,,1008.0,,2,3,2024-11-20 17:00:00,KNYC0
2024-11-20 18:00:00-05:00,14.0,57,0.0,,116,7.9,,1007.0,,3,2,2024-11-20 18:00:00,KNYC0
2024-11-20 19:00:00-05:00,14.0,57,0.0,,104,7.0,,1007.0,,4,2,2024-11-20 19:00:00,KNYC0
2024-11-20 20:00:00-05:00,13.0,67,0.0,,102,11.5,,1007.0,,7,3,2024-11-20 20:00:00,KNYC0
2024-11-20 21:00:00-05:00,13.0,67,0.0,,100,15.0,,1007.0,,8,3,2024-11-20 21:00:00,KNYC0
2024-11-20 22:00:00-05:00,13.0,69,0.0,,102,9.0,,1006.0,,8,3,2024-11-20 22:00:00,KNYC0
2024-11-20 23:00:00-05:00,12.0,69,0.0,,94,14.0,,1005.0,,8,3,2024-11-20 23:00:00,KNYC0
2024-11-21 00:00:00-05:00,12.0,69,0.0,,100,15.0,,1004.0,,8,3,2024-11-21 00:00:00,KNYC0
2024-11-21 01:00:00-05:00,11.0,86,0.0,,84,15.8,,1003.0,,8,3,2024-11-21 01:00:00,KNYC0
2024-11-21 02:00:00-05:00,11.0,89,1.4,,85,16.9,,1005.0,,8,9,2024-11-21 02:00:00,KNYC0
2024-11-21 03:00:00-05:00,10.0,89,3.3,,20,9.0,,1004.0,,8,9,2024-11-21 03:00:00,KNYC0
2024-11-21 04:00:00-05:00,9.0,93,6.1,,60,15.0,,1004.0,,8,9,2024-11-21 04:00:00,KNYC0
2024-11-21 05:00:00-05:00,9.0,93,4.4,,24,9.0,,1003.0,,8,9,2024-11-21 05:00:00,KNYC0
2024-11-21 06:00:00-05:00,8.0,90,3.4,,50,15.0,,1003.0,,8,9,2024-11-21 06:00:00,KNYC0
2024-11-21 07:00:00-05:00,8.0,90,1.8,,50,11.0,,1002.0,,8,9,2024-11-21 07:00:00,KNYC0
2024-11-21 08:00:00-05:00,8.0,90,0.4,,26,11.0,,1002.0,,8,8,2024-11-21 08:00:00,KNYC0
2024-11-21 09:00:00-05:00,8.0,93,0.0,,20,13.0,,1001.0,,8,3,2024-11-21 09:00:00,KNYC0
2024-11-21 10:00:00-05:00,8.0,90,0.5,,22,11.0,,1001.0,,8,8,2024-11-21 10:00:00,KNYC0
2024-11-21 11:00:00-05:00,8.0,90,0.4,,20,11.0,,1000.0,,8,8,2024-11-21 11:00:00,KNYC0
2024-11-21 12:00:00-05:00,9.0,86,0.0,,25,9.0,,999.0,,8,3,2024-11-21 12:00:00,KNYC0
2024-11-21 13:00:00-05:00,8.0,90,0.1,,50,19.0,,998.0,,8,7,2024-11-21 13:00:00,KNYC0
2024-11-21 14:00:00-05:00,8.0,90,0.6,,40,19.0,,998.0,,8,8,2024-11-21 14:00:00,KNYC0
2024-11-21 15:00:00-05:00,9.0,89,1.2,,344,7.0,,998.0,,8,9,2024-11-21 15:00:00,KNYC0
2024-11-21 16:00:00-05:00,8.0,93,0.9,,339,10.1,,998.0,,8,8,2024-11-21 16:00:00,KNYC0
2024-11-21 17:00:00-05:00,8.0,90,0.9,,321,7.0,,998.0,,8,8,2024-11-21 17:00:00,KNYC0
2024-11-21 18:00:00-05:00,8.0,93,2.5,,307,7.0,,998.0,,8,9,2024-11-21 18:00:00,KNYC0
2024-11-21 19:00:00-05:00,6.0,89,3.8,,289,20.2,,998.0,,8,9,2024-11-21 19:00:00,KNYC0
2024-11-21 20:00:00-05:00,4.0,89,4.6,,260,11.0,,997.0,,8,9,2024-11-21 20:00:00,KNYC0
2024-11-21 21:00:00-05:00,4.0,89,7.4,,280,22.0,,996.0,,8,9,2024-11-21 21:00:00,KNYC0
2024-11-21 22:00:00-05:00,3.0,89,5.0,,281,11.0,,996.0,,8,9,2024-11-21 22:00:00,KNYC0
2024-11-21 23:00:00-05:00,3.0,89,2.1,,280,17.0,,996.0,,8,9,2024-11-21 23:00:00,KNYC0
2024-11-22 00:00:00-05:00,3.0,89,0.4,,250,15.0,,994.0,,8,8,2024-11-22 00:00:00,KNYC0
2024-11-22 01:00:00-05:00,3.0,86,0.5,,230,17.0,,994.0,,8,8,2024-11-22 01:00:00,KNYC0
2024-11-22 02:00:00-05:00,4.0,86,0.4,,250,24.0,,993.0,,8,8,2024-11-22 02:00:00,KNYC0
2024-11-22 03:00:00-05:00,4.0,86,0.2,,230,17.0,,993.0,,7,7,2024-11-22 03:00:00,KNYC0
2024-11-22 04:00:00-05:00,4.0,86,0.0,,240,20.0,,993.0,,8,3,2024-11-22 04:00:00,KNYC0
2024-11-22 05:00:00-05:00,4.0,86,0.4,,240,9.0,,993.0,,8,8,2024-11-22 05:00:00,KNYC0
2024-11-22 06:00:00-05:00,3.0,83,0.6,,230,13.0,,993.0,,8,8,2024-11-22 06:00:00,KNYC0
2024-11-22 07:00:00-05:00,3.0,79,0.8,,250,17.0,,993.0,,8,8,2024-11-22 07:00:00,KNYC0
2024-11-22 08:00:00-05:00,3.0,83,0.7,,226,11.0,,994.0,,7,8,2024-11-22 08:00:00,KNYC0
2024-11-22 09:00:00-05:00,4.0,82,0.5,,220,19.0,,995.0,,8,17,2024-11-22 09:00:00,KNYC0
2024-11-22 10:00:00-05:00,4.0,76,0.2,,222,7.0,,995.0,,8,7,2024-11-22 10:00:00,KNYC0
2024-11-22 11:00:00-05:00,4.0,73,0.1,,214,7.0,,995.0,,8,7,2024-11-22 11:00:00,KNYC0
2024-11-22 12:00:00-05:00,4.0,76,0.3,,205,22.7,,995.0,,8,8,2024-11-22 12:00:00,KNYC0
2024-11-22 13:00:00-05:00,4.0,76,0.4,,230,19.0,,995.0,,8,8,2024-11-22 13:00:00,KNYC0
2024-11-22 14:00:00-05:00,4.0,76,0.4,,198,18.4,,995.0,,8,8,2024-11-22 14:00:00,KNYC0
2024-11-22 15:00:00-05:00,4.0,76,0.2,,195,17.6,,995.0,,8,7,2024-11-22 15:00:00,KNYC0
2024-11-22 16:00:00-05:00,4.0,79,0.3,,220,9.0,,995.0,,8,8,2024-11-22 16:00:00,KNYC0
2024-11-22 17:00:00-05:00,3.0,89,0.4,,179,14.0,,996.0,,8,8,2024-11-22 17:00:00,KNYC0
2024-11-22 18:00:00-05:00,3.0,89,0.8,,130,7.0,,996.0,,8,8,2024-11-22 18:00:00,KNYC0
2024-11-22 19:00:00-05:00,3.0,89,1.0,,166,6.0,,996.0,,8,9,2024-11-22 19:00:00,KNYC0
2024-11-22 20:00:00-05:00,3.0,86,0.9,,152,7.2,,996.0,,8,8,2024-11-22 20:00:00,KNYC0
2024-11-22 21:00:00-05:00,3.0,89,1.0,,100,6.8,,996.0,,8,9,2024-11-22 21:00:00,KNYC0
2024-11-22 22:00:00-05:00,3.0,89,1.0,,57,8.3,,996.0,,8,9,2024-11-22 22:00:00,KNYC0
2024-11-22 23:00:00-05:00,3.0,89,0.6,,20,6.0,,996.0,,8,8,2024-11-22 23:00:00,KNYC0
2024-11-23 00:00:00-05:00,3.0,89,0.7,,300,6.0,,996.0,,8,8,2024-11-23 00:00:00,KNYC0
2024-11-23 01:00:00-05:00,3.0,89,0.4,,290,6.0,,996.0,,8,8,2024-11-23 01:00:00,KNYC0
2024-11-23 02:00:00-05:00,4.0,93,0.4,,300,6.0,,997.0,,8,8,2024-11-23 02:00:00,KNYC0
2024-11-23 03:00:00-05:00,4.0,87,0.4,,360,9.0,,997.0,,8,8,2024-11-23 03:00:00,KNYC0
2024-11-23 04:00:00-05:00,4.0,89,0.3,,347,18.0,,998.0,,8,8,2024-11-23 04:00:00,KNYC0
2024-11-23 05:00:00-05:00,4.0,86,0.0,,339,6.0,,998.0,,6,3,2024-11-23 05:00:00,KNYC0
2024-11-23 06:00:00-05:00,4.0,82,0.0,,320,14.8,,999.0,,3,3,2024-11-23 06:00:00,KNYC0
2024-11-23 07:00:00-05:00,4.0,76,0.0,,312,6.0,,1000.0,,2,3,2024-11-23 07:00:00,KNYC0
2024-11-23 08:00:00-05:00,6.0,73,0.0,,304,15.8,,1001.0,,2,2,2024-11-23 08:00:00,KNYC0
2024-11-23 09:00:00-05:00,7.0,65,0.0,,290,17.0,,1001.0,,8,2,2024-11-23 09:00:00,KNYC0
2024-11-23 10:00:00-05:00,8.0,60,0.0,,280,13.0,,1001.0,,8,3,2024-11-23 10:00:00,KNYC0
2024-11-23 11:00:00-05:00,8.0,61,0.0,,300,22.0,,1001.0,,8,3,2024-11-23 11:00:00,KNYC0
2024-11-23 12:00:00-05:00,8.0,56,0.0,,300,19.0,,1002.0,,8,3,2024-11-23 12:00:00,KNYC0
2024-11-23 13:00:00-05:00,9.0,54,0.0,,290,19.0,,1002.0,,7,3,2024-11-23 13:00:00,KNYC0
2024-11-23 14:00:00-05:00,9.0,52,0.0,,290,26.0,,1002.0,,4,3,2024-11-23 14:00:00,KNYC0
2024-11-23 15:00:00-05:00,9.0,51,0.0,,280,22.0,,1003.0,,0,3,2024-11-23 15:00:00,KNYC0
2024-11-23 16:00:00-05:00,8.0,54,0.0,,280,26.0,,1004.0,,1,1,2024-11-23 16:00:00,KNYC0
2024-11-23 17:00:00-05:00,8.0,54,0.0,,290,20.0,,1004.0,,0,1,2024-11-23 17:00:00,KNYC0
2024-11-23 18:00:00-05:00,8.0,56,0.0,,280,17.0,,1005.0,,1,1,2024-11-23 18:00:00,KNYC0
2024-11-23 19:00:00-05:00,8.0,58,0.0,,293,11.0,,1005.0,,5,1,2024-11-23 19:00:00,KNYC0
2024-11-23 20:00:00-05:00,8.0,61,0.0,,280,20.0,,1006.0,,2,3,2024-11-23 20:00:00,KNYC0
2024-11-23 21:00:00-05:00,9.0,63,0.0,,280,15.0,,1006.0,,8,2,2024-11-23 21:00:00,KNYC0
2024-11-23 22:00:00-05:00,9.0,58,0.0,,280,17.0,,1007.0,,6,3,2024-11-23 22:00:00,KNYC0
2024-11-23 23:00:00-05:00,9.0,56,0.0,,270,17.0,,1008.0,,4,3,2024-11-23 23:00:00,KNYC0
2024-11-24 00:00:00-05:00,9.0,52,0.0,,280,17.0,,1008.0,,1,3,2024-11-24 00:00:00,KNYC0
2024-11-24 01:00:00-05:00,9.0,54,0.0,,270,15.0,,1009.0,,1,2,2024-11-24 01:00:00,KNYC0
2024-11-24 02:00:00-05:00,8.0,54,0.0,,280,19.0,,1009.0,,5,2,2024-11-24 02:00:00,KNYC0
2024-11-24 03:00:00-05:00,8.0,48,0.0,,270,15.0,,1010.0,,5,3,2024-11-24 03:00:00,KNYC0
2024-11-24 04:00:00-05:00,8.0,49,0.0,,280,24.0,,1011.0,,4,3,2024-11-24 04:00:00,KNYC0
2024-11-24 05:00:00-05:00,7.0,58,0.0,,275,11.0,,1011.0,,2,3,2024-11-24 05:00:00,KNYC0
2024-11-24 06:00:00-05:00,7.0,60,0.0,,272,15.8,,1012.0,,3,2,2024-11-24 06:00:00,KNYC0
2024-11-24 07:00:00-05:00,7.0,63,0.0,,267,11.0,,1013.0,,4,3,2024-11-24 07:00:00,KNYC0
2024-11-24 08:00:00-05:00,8.0,54,0.0,,280,17.0,,1013.0,,7,3,2024-11-24 08:00:00,KNYC0
2024-11-24 09:00:00-05:00,9.0,47,0.0,,290,20.0,,1013.0,,2,3,2024-11-24 09:00:00,KNYC0
2024-11-24 10:00:00-05:00,10.0,42,0.0,,286,24.1,,1013.0,,6,2,2024-11-24 10:00:00,KNYC0
2024-11-24 11:00:00-05:00,11.0,44,0.0,,300,17.0,,1012.0,,5,3,2024-11-24 11:00:00,KNYC0
2024-11-24 12:00:00-05:00,12.0,38,0.0,,290,19.0,,1012.0,,8,3,2024-11-24 12:00:00,KNYC0
2024-11-24 13:00:00-05:00,11.0,38,0.0,,290,26.0,,1012.0,,7,3,2024-11-24 13:00:00,KNYC0
2024-11-24 14:00:00-05:00,11.0,39,0.0,,280,13.0,,1012.0,,5,3,2024-11-24 14:00:00,KNYC0
2024-11-24 15:00:00-05:00,11.0,41,0.0,,291,18.7,,1012.0,,6,3,2024-11-24 15:00:00,KNYC0
2024-11-24 16:00:00-05:00,11.0,48,0.0,,280,11.0,,1013.0,,7,3,2024-11-24 16:00:00,KNYC0
2024-11-24 17:00:00-05:00,10.0,56,0.0,,280,19.0,,1014.0,,5,3,2024-11-24 17:00:00,KNYC0
2024-11-24 18:00:00-05:00,9.0,56,0.0,,290,15.0,,1015.0,,8,3,2024-11-24 18:00:00,KNYC0
2024-11-24 19:00:00-05:00,9.0,54,0.0,,290,17.0,,1016.0,,7,3,2024-11-24 19:00:00,KNYC0
2024-11-24 20:00:00-05:00,8.0,58,0.0,,290,15.0,,1016.0,,4,3,2024-11-24 20:00:00,KNYC0
2024-11-24 21:00:00-05:00,8.0,56,0.0,,270,13.0,,1016.0,,1,3,2024-11-24 21:00:00,KNYC0
2024-11-24 22:00:00-05:00,8.0,58,0.0,,290,9.0,,1016.0,,0,1,2024-11-24 22:00:00,KNYC0
2024-11-24 23:00:00-05:00,7.0,60,0.0,,298,11.2,,1017.0,,0,1,2024-11-24 23:00:00,KNYC0
2024-11-25 00:00:00-05:00,7.0,62,0.0,,311,11.9,,1017.0,,1,1,2024-11-25 00:00:00,KNYC0
2024-11-25 01:00:00-05:00,7.0,60,0.0,,302,13.0,,1017.0,,3,2,2024-11-25 01:00:00,KNYC0
2024-11-25 02:00:00-05:00,6.0,60,0.0,,270,9.0,,1017.0,,6,2,2024-11-25 02:00:00,KNYC0
2024-11-25 03:00:00-05:00,6.0,59,0.0,,297,6.0,,1017.0,,1,3,2024-11-25 03:00:00,KNYC0
2024-11-25 04:00:00-05:00,6.0,62,0.0,,270,6.0,,1018.0,,5,2,2024-11-25 04:00:00,KNYC0
2024-11-25 05:00:00-05:00,5.0,62,0.0,,286,9.4,,1018.0,,8,3,2024-11-25 05:00:00,KNYC0
2024-11-25 06:00:00-05:00,6.0,59,0.0,,290,9.7,,1019.0,,3,3,2024-11-25 06:00:00,KNYC0
2024-11-25 07:00:00-05:00,6.0,59,0.0,,280,6.0,,1019.0,,6,3,2024-11-25 07:00:00,KNYC0
2024-11-25 08:00:00-05:00,6.0,57,0.0,,310,9.0,,1019.0,,0,3,2024-11-25 08:00:00,KNYC0
2024-11-25 09:00:00-05:00,8.0,49,0.0,,270,6.8,,1019.0,,2,1,2024-11-25 09:00:00,KNYC0
2024-11-25 10:00:00-05:00,8.0,46,0.0,,230,9.0,,1019.0,,1,2,2024-11-25 10:00:00,KNYC0
2024-11-25 11:00:00-05:00,9.0,39,0.0,,282,6.0,,1018.0,,0,1,2024-11-25 11:00:00,KNYC0
2024-11-25 12:00:00-05:00,11.0,36,0.0,,260,9.0,,1018.0,,0,1,2024-11-25 12:00:00,KNYC0
2024-11-25 13:00:00-05:00,11.0,36,0.0,,257,7.0,,1017.0,,0,1,2024-11-25 13:00:00,KNYC0
2024-11-25 14:00:00-05:00,12.0,32,0.0,,260,9.0,,1017.0,,4,1,2024-11-25 14:00:00,KNYC0
2024-11-25 15:00:00-05:00,12.0,31,0.0,,270,7.0,,1017.0,,8,3,2024-11-25 15:00:00,KNYC0
2024-11-25 16:00:00-05:00,11.0,36,0.0,,201,4.7,,1017.0,,8,3,2024-11-25 16:00:00,KNYC0
2024-11-25 17:00:00-05:00,10.0,39,0.0,,260,6.0,,1017.0,,8,3,2024-11-25 17:00:00,KNYC0
2024-11-25 18:00:00-05:00,11.0,41,0.0,,217,6.5,,1017.0,,8,3,2024-11-25 18:00:00,KNYC0
2024-11-25 19:00:00-05:00,12.0,39,0.0,,230,7.0,,1018.0,,8,3,2024-11-25 19:00:00,KNYC0
2024-11-25 20:00:00-05:00,12.0,41,0.0,,250,7.0,,1017.0,,8,3,2024-11-25 20:00:00,KNYC0
2024-11-25 21:00:00-05:00,12.0,43,0.0,,202,5.4,,1017.0,,8,3,2024-11-25 21:00:00,KNYC0
2024-11-25 22:00:00-05:00,12.0,48,0.0,,196,5.4,,1017.0,,8,3,2024-11-25 22:00:00,KNYC0
2024-11-25 23:00:00-05:00,12.0,47,0.0,,178,5.0,,1017.0,,8,3,2024-11-25 23:00:00,KNYC0
2024-11-26 00:00:00-05:00,12.0,50,0.0,,173,6.0,,1015.0,,8,3,2024-11-26 00:00:00,KNYC0
2024-11-26 01:00:00-05:00,12.0,54,0.0,,167,6.0,,1015.0,,8,3,2024-11-26 01:00:00,KNYC0
2024-11-26 02:00:00-05:00,12.0,56,0.0,,140,7.0,,1014.0,,8,3,2024-11-26 02:00:00,KNYC0
2024-11-26 03:00:00-05:00,12.0,66,0.0,,150,7.0,,1013.0,,8,3,2024-11-26 03:00:00,KNYC0
2024-11-26 04:00:00-05:00,12.0,77,0.0,,160,7.9,,1012.0,,4,3,2024-11-26 04:00:00,KNYC0
2024-11-26 05:00:00-05:00,12.0,77,0.0,,140,11.0,,1011.0,,8,3,2024-11-26 05:00:00,KNYC0
2024-11-26 06:00:00-05:00,13.0,80,0.0,,153,7.0,,1010.0,,8,3,2024-11-26 06:00:00,KNYC0
2024-11-26 07:00:00-05:00,13.0,87,0.0,,156,7.0,,1011.0,,8,3,2024-11-26 07:00:00,KNYC0
2024-11-26 08:00:00-05:00,13.0,87,0.0,,240,11.0,,1011.0,,8,3,2024-11-26 08:00:00,KNYC0
2024-11-26 09:00:00-05:00,13.0,89,1.0,,189,13.0,,1010.0,,8,9,2024-11-26 09:00:00,KNYC0
2024-11-26 10:00:00-05:00,12.0,90,1.2,,240,9.0,,1010.0,,8,9,2024-11-26 10:00:00,KNYC0
2024-11-26 11:00:00-05:00,12.0,86,0.2,,232,6.0,,1010.0,,8,7,2024-11-26 11:00:00,KNYC0
2024-11-26 12:00:00-05:00,13.0,77,0.0,,270,15.5,,1010.0,,5,3,2024-11-26 12:00:00,KNYC0
2024-11-26 13:00:00-05:00,14.0,67,0.0,,300,15.0,,1010.0,,6,3,2024-11-26 13:00:00,KNYC0
2024-11-26 14:00:00-05:00,14.0,57,0.0,,350,9.0,,1010.0,,0,3,2024-11-26 14:00:00,KNYC0
2024-11-26 15:00:00-05:00,14.0,53,0.0,,300,7.0,,1011.0,,0,1,2024-11-26 15:00:00,KNYC0
2024-11-26 16:00:00-05:00,14.0,46,0.0,,280,17.0,,1012.0,,1,1,2024-11-26 16:00:00,KNYC0
2024-11-26 17:00:00-05:00,13.0,51,0.0,,300,11.0,,1013.0,,2,1,2024-11-26 17:00:00,KNYC0
2024-11-26 18:00:00-05:00,12.0,43,0.0,,310,17.0,,1014.0,,0,2,2024-11-26 18:00:00,KNYC0
2024-11-26 19:00:00-05:00,11.0,43,0.0,,319,6.0,,1015.0,,0,1,2024-11-26 19:00:00,KNYC0
2024-11-26 20:00:00-05:00,10.0,46,0.0,,312,11.9,,1016.0,,0,1,2024-11-26 20:00:00,KNYC0
2024-11-26 21:00:00-05:00,9.0,47,0.0,,302,6.0,,1016.0,,0,1,2024-11-26 21:00:00,KNYC0
2024-11-26 22:00:00-05:00,9.0,46,0.0,,280,11.0,,1016.0,,1,1,2024-11-26 22:00:00,KNYC0
2024-11-26 23:00:00-05:00,8.0,52,0.0,,290,7.0,,1016.0,,0,1,2024-11-26 23:00:00,KNYC0
2024-11-27 00:00:00-05:00,8.0,51,0.0,,267,6.0,,1017.0,,0,1,2024-11-27 00:00:00,KNYC0
2024-11-27 01:00:00-05:00,7.0,53,0.0,,260,7.0,,1017.0,,1,1,2024-11-27 01:00:00,KNYC0
2024-11-27 02:00:00-05:00,7.0,53,0.0,,261,6.0,,1017.0,,6,1,2024-11-27 02:00:00,KNYC0
2024-11-27 03:00:00-05:00,7.0,55,0.0,,252,7.2,,1017.0,,4,3,2024-11-27 03:00:00,KNYC0
2024-11-27 04:00:00-05:00,7.0,55,0.0,,245,7.6,,1017.0,,8,3,2024-11-27 04:00:00,KNYC0
2024-11-27 05:00:00-05:00,6.0,57,0.0,,230,9.0,,1017.0,,4,3,2024-11-27 05:00:00,KNYC0
2024-11-27 06:00:00-05:00,6.0,57,0.0,,241,7.2,,1018.0,,2,3,2024-11-27 06:00:00,KNYC0
2024-11-27 07:00:00-05:00,6.0,57,0.0,,240,13.0,,1018.0,,4,2,2024-11-27 07:00:00,KNYC0
2024-11-27 08:00:00-05:00,7.0,53,0.0,,245,8.3,,1018.0,,5,3,2024-11-27 08:00:00,KNYC0
2024-11-27 09:00:00-05:00,8.0,49,0.0,,251,7.6,,1018.0,,6,3,2024-11-27 09:00:00,KNYC0
2024-11-27 10:00:00-05:00,8.0,46,0.0,,270,13.0,,1018.0,,7,3,2024-11-27 10:00:00,KNYC0
2024-11-27 11:00:00-05:00,10.0,42,0.0,,267,7.0,,1017.0,,6,3,2024-11-27 11:00:00,KNYC0
2024-11-27 12:00:00-05:00,10.0,41,0.0,,266,9.0,,1017.0,,2,3,2024-11-27 12:00:00,KNYC0
2024-11-27 13:00:00-05:00,11.0,38,0.0,,260,6.0,,1016.0,,1,2,2024-11-27 13:00:00,KNYC0
2024-11-27 14:00:00-05:00,11.0,36,0.0,,257,9.0,,1016.0,,7,2,2024-11-27 14:00:00,KNYC0
2024-11-27 15:00:00-05:00,10.0,39,0.0,,230,9.0,,1017.0,,4,3,2024-11-27 15:00:00,KNYC0
2024-11-27 16:00:00-05:00,9.0,41,0.0,,240,11.0,,1016.0,,8,3,2024-11-27 16:00:00,KNYC0
2024-11-27 17:00:00-05:00,9.0,41,0.0,,210,6.0,,1017.0,,8,3,2024-11-27 17:00:00,KNYC0
2024-11-27 18:00:00-05:00,9.0,44,0.0,,230,7.0,,1016.0,,8,3,2024-11-27 18:00:00,KNYC0
2024-11-27 19:00:00-05:00,9.0,44,0.0,,260,6.0,,1016.0,,8,3,2024-11-27 19:00:00,KNYC0
2024-11-27 20:00:00-05:00,9.0,42,0.0,,240,9.0,,1016.0,,5,3,2024-11-27 20:00:00,KNYC0
2024-11-27 21:00:00-05:00,9.0,42,0.0,,204,5.8,,1016.0,,8,3,2024-11-27 21:00:00,KNYC0
2024-11-27 22:00:00-05:00,9.0,42,0.0,,225,5.4,,1016.0,,8,3,2024-11-27 22:00:00,KNYC0
2024-11-27 23:00:00-05:00,9.0,42,0.0,,239,7.0,,1015.0,,8,3,2024-11-27 23:00:00,KNYC0
2024-11-28 00:00:00-05:00,9.0,44,0.0,,341,2.2,,1015.0,,8,3,2024-11-28 00:00:00,KNYC0
2024-11-28 01:00:00-05:00,9.0,50,0.0,,6,1.4,,1015.0,,8,3,2024-11-28 01:00:00,KNYC0
2024-11-28 02:00:00-05:00,9.0,50,0.0,,60,6.0,,1013.0,,8,3,2024-11-28 02:00:00,KNYC0
2024-11-28 03:00:00-05:00,8.0,61,0.1,,60,7.0,,1012.0,,8,7,2024-11-28 03:00:00,KNYC0
2024-11-28 04:00:00-05:00,8.0,71,0.0,,20,7.0,,1011.0,,8,3,2024-11-28 04:00:00,KNYC0
2024-11-28 05:00:00-05:00,7.0,85,0.7,,30,6.0,,1011.0,,8,8,2024-11-28 05:00:00,KNYC0
2024-11-28 06:00:00-05:00,7.0,89,0.7,,60,11.0,,1008.0,,8,8,2024-11-28 06:00:00,KNYC0
2024-11-28 07:00:00-05:00,7.0,90,1.1,,50,13.0,,1006.0,,8,9,2024-11-28 07:00:00,KNYC0
2024-11-28 08:00:00-05:00,7.0,90,1.7,,86,7.0,,1006.0,,8,9,2024-11-28 08:00:00,KNYC0
2024-11-28 09:00:00-05:00,8.0,93,1.8,,50,11.0,,1003.0,,8,9,2024-11-28 09:00:00,KNYC0
2024-11-28 10:00:00-05:00,8.0,90,1.4,,112,6.0,,1002.0,,8,9,2024-11-28 10:00:00,KNYC0
2024-11-28 11:00:00-05:00,9.0,93,3.0,,113,6.0,,1000.0,,8,9,2024-11-28 11:00:00,KNYC0
2024-11-28 12:00:00-05:00,9.0,93,2.4,,120,12.6,,998.0,,8,9,2024-11-28 12:00:00,KNYC0
2024-11-28 13:00:00-05:00,8.0,93,1.5,,200,16.6,,997.0,,8,9,2024-11-28 13:00:00,KNYC0
2024-11-28 14:00:00-05:00,8.0,90,0.9,,280,9.0,,998.0,,8,8,2024-11-28 14:00:00,KNYC0
2024-11-28 15:00:00-05:00,7.0,86,0.7,,260,7.0,,1000.0,,3,8,2024-11-28 15:00:00,KNYC0
2024-11-28 16:00:00-05:00,7.0,80,0.0,,290,13.0,,1000.0,,5,2,2024-11-28 16:00:00,KNYC0
2024-11-28 17:00:00-05:00,6.0,76,0.0,,280,19.0,,1002.0,,4,3,2024-11-28 17:00:00,KNYC0
2024-11-28 18:00:00-05:00,6.0,73,0.0,,290,22.0,,1003.0,,4,3,2024-11-28 18:00:00,KNYC0
2024-11-28 19:00:00-05:00,6.0,68,0.0,,280,11.0,,1005.0,,4,3,2024-11-28 19:00:00,KNYC0
2024-11-28 20:00:00-05:00,6.0,65,0.0,,302,19.1,,1006.0,,4,3,2024-11-28 20:00:00,KNYC0
2024-11-28 21:00:00-05:00,6.0,62,0.0,,290,15.0,,1008.0,,4,3,2024-11-28 21:00:00,KNYC0
2024-11-28 22:00:00-05:00,6.0,64,0.0,,280,13.0,,1009.0,,2,3,2024-11-28 22:00:00,KNYC0
2024-11-28 23:00:00-05:00,6.0,59,0.0,,280,13.0,,1010.0,,1,2,2024-11-28 23:00:00,KNYC0
2024-11-29 00:00:00-05:00,6.0,59,0.0,,280,11.0,,1010.0,,0,2,2024-11-29 00:00:00,KNYC0
2024-11-29 01:00:00-05:00,5.0,60,0.0,,270,11.0,,1011.0,,0,1,2024-11-29 01:00:00,KNYC0
2024-11-29 02:00:00-05:00,5.0,57,0.0,,285,7.0,,1011.0,,0,1,2024-11-29 02:00:00,KNYC0
2024-11-29 03:00:00-05:00,5.0,57,0.0,,280,11.0,,1011.0,,0,1,2024-11-29 03:00:00,KNYC0
2024-11-29 04:00:00-05:00,4.0,64,0.0,,240,9.0,,1012.0,,0,1,2024-11-29 04:00:00,KNYC0
2024-11-29 05:00:00-05:00,5.0,60,0.0,,254,7.0,,1013.0,,0,1,2024-11-29 05:00:00,KNYC0
2024-11-29 06:00:00-05:00,5.0,65,0.0,,247,6.0,,1013.0,,0,1,2024-11-29 06:00:00,KNYC0
2024-11-29 07:00:00-05:00,5.0,67,0.0,,247,7.0,,1014.0,,1,1,2024-11-29 07:00:00,KNYC0
2024-11-29 08:00:00-05:00,6.0,64,0.0,,242,6.0,,1014.0,,2,1,2024-11-29 08:00:00,KNYC0
2024-11-29 09:00:00-05:00,6.0,64,0.0,,240,9.7,,1014.0,,0,2,2024-11-29 09:00:00,KNYC0
2024-11-29 10:00:00-05:00,7.0,58,0.0,,270,11.0,,1014.0,,0,1,2024-11-29 10:00:00,KNYC0
2024-11-29 11:00:00-05:00,8.0,49,0.0,,244,13.3,,1013.0,,0,1,2024-11-29 11:00:00,KNYC0
2024-11-29 12:00:00-05:00,8.0,46,0.0,,255,15.1,,1012.0,,1,1,2024-11-29 12:00:00,KNYC0
2024-11-29 13:00:00-05:00,7.0,44,0.0,,240,13.0,,1012.0,,7,1,2024-11-29 13:00:00,KNYC0
2024-11-29 14:00:00-05:00,7.0,49,0.0,,257,9.0,,1012.0,,8,3,2024-11-29 14:00:00,KNYC0
2024-11-29 15:00:00-05:00,7.0,47,0.0,,240,17.0,,1012.0,,8,3,2024-11-29 15:00:00,KNYC0
2024-11-29 16:00:00-05:00,5.0,62,0.0,,230,11.0,,1012.0,,8,3,2024-11-29 16:00:00,KNYC0
2024-11-29 17:00:00-05:00,4.0,68,0.1,,256,13.0,,1013.0,,7,7,2024-11-29 17:00:00,KNYC0
2024-11-29 18:00:00-05:00,4.0,57,0.0,,250,11.0,,1013.0,,1,3,2024-11-29 18:00:00,KNYC0
2024-11-29 19:00:00-05:00,3.0,55,0.0,,260,6.0,,1014.0,,2,2,2024-11-29 19:00:00,KNYC0
2024-11-29 20:00:00-05:00,3.0,50,0.0,,260,13.0,,1014.0,,0,2,2024-11-29 20:00:00,KNYC0
2024-11-29 21:00:00-05:00,2.0,54,0.0,,260,7.0,,1014.0,,4,1,2024-11-29 21:00:00,KNYC0
2024-11-29 22:00:00-05:00,2.0,52,0.0,,270,13.0,,1014.0,,0,3,2024-11-29 22:00:00,KNYC0
2024-11-29 23:00:00-05:00,1.0,54,0.0,,278,11.0,,1015.0,,0,1,2024-11-29 23:00:00,KNYC0
2024-11-30 00:00:00-05:00,1.0,54,0.0,,276,9.0,,1014.0,,0,1,2024-11-30 00:00:00,KNYC0
2024-11-30 01:00:00-05:00,1.0,56,0.0,,276,9.0,,1015.0,,0,1,2024-11-30 01:00:00,KNYC0
2024-11-30 02:00:00-05:00,0.0,56,0.0,,280,15.0,,1015.0,,0,1,2024-11-30 02:00:00,KNYC0
2024-11-30 03:00:00-05:00,0.0,54,0.0,,276,11.0,,1015.0,,0,1,2024-11-30 03:00:00,KNYC0
2024-11-30 04:00:00-05:00,-1.0,56,0.0,,275,11.0,,1015.0,,0,1,2024-11-30 04:00:00,KNYC0
2024-11-30 05:00:00-05:00,-1.0,56,0.0,,270,13.0,,1016.0,,0,1,2024-11-30 05:00:00,KNYC0
2024-11-30 06:00:00-05:00,-1.0,55,0.0,,290,9.0,,1016.0,,0,1,2024-11-30 06:00:00,KNYC0
2024-11-30 07:00:00-05:00,-1.0,55,0.0,,270,13.0,,1016.0,,0,1,2024-11-30 07:00:00,KNYC0
2024-11-30 08:00:00-05:00,0.0,51,0.0,,260,13.0,,1017.0,,0,1,2024-11-30 08:00:00,KNYC0
2024-11-30 09:00:00-05:00,1.0,49,0.0,,259,10.4,,1017.0,,0,1,2024-11-30 09:00:00,KNYC0
2024-11-30 10:00:00-05:00,2.0,45,0.0,,280,15.0,,1017.0,,0,1,2024-11-30 10:00:00,KNYC0
2024-11-30 11:00:00-05:00,3.0,40,0.0,,263,11.9,,1016.0,,0,1,2024-11-30 11:00:00,KNYC0
2024-11-30 12:00:00-05:00,4.0,36,0.0,,262,7.0,,1016.0,,0,1,2024-11-30 12:00:00,KNYC0
2024-11-30 13:00:00-05:00,4.0,34,0.0,,271,11.0,,1015.0,,1,1,2024-11-30 13:00:00,KNYC0
2024-11-30 14:00:00-05:00,4.0,34,0.0,,280,11.0,,1015.0,,3,1,2024-11-30 14:00:00,KNYC0
2024-11-30 15:00:00-05:00,3.0,37,0.0,,260,11.0,,1016.0,,7,3,2024-11-30 15:00:00,KNYC0
2024-11-30 16:00:00-05:00,2.0,40,0.0,,280,13.0,,1016.0,,7,3,2024-11-30 16:00:00,KNYC0
2024-11-30 17:00:00-05:00,2.0,40,0.0,,271,11.0,,1017.0,,4,3,2024-11-30 17:00:00,KNYC0
2024-11-30 18:00:00-05:00,2.0,42,0.0,,277,13.7,,1018.0,,1,3,2024-11-30 18:00:00,KNYC0
2024-11-30 19:00:00-05:00,1.0,45,0.0,,265,6.0,,1018.0,,0,1,2024-11-30 19:00:00,KNYC0
2024-11-30 20:00:00-05:00,0.0,47,0.0,,290,15.0,,1018.0,,0,1,2024-11-30 20:00:00,KNYC0
2024-11-30 21:00:00-05:00,-1.0,49,0.0,,290,17.0,,1018.0,,0,1,2024-11-30 21:00:00,KNYC0
2024-11-30 22:00:00-05:00,-1.0,47,0.0,,290,20.0,,1019.0,,0,1,2024-11-30 22:00:00,KNYC0
2024-11-30 23:00:00-05:00,-1.0,49,0.0,,270,13.0,,1019.0,,0,1,2024-11-30 23:00:00,KNYC0
2024-12-01 00:00:00-05:00,-2.0,49,0.0,,258,11.0,,1019.0,,0,1,2024-12-01 00:00:00,KNYC0
2024-12-01 01:00:00-05:00,-2.0,49,0.0,,240,7.0,,1019.0,,0,1,2024-12-01 01:00:00,KNYC0
2024-12-01 02:00:00-05:00,-2.0,51,0.0,,240,15.0,,1019.0,,0,1,2024-12-01 02:00:00,KNYC0
2024-12-01 03:00:00-05:00,-2.0,48,0.0,,280,7.0,,1019.0,,7,1,2024-12-01 03:00:00,KNYC0
2024-12-01 04:00:00-05:00,-3.0,48,0.0,,241,9.0,,1020.0,,7,3,2024-12-01 04:00:00,KNYC0
2024-12-01 05:00:00-05:00,-3.0,50,0.0,,230,7.0,,1020.0,,2,3,2024-12-01 05:00:00,KNYC0
2024-12-01 06:00:00-05:00,-3.0,53,0.0,,227,9.4,,1020.0,,1,2,2024-12-01 06:00:00,KNYC0
2024-12-01 07:00:00-05:00,-2.0,53,0.0,,228,10.1,,1020.0,,7,1,2024-12-01 07:00:00,KNYC0
2024-12-01 08:00:00-05:00,-2.0,51,0.0,,260,15.0,,1020.0,,8,3,2024-12-01 08:00:00,KNYC0
2024-12-01 09:00:00-05:00,-2.0,49,0.0,,235,11.0,,1020.0,,6,3,2024-12-01 09:00:00,KNYC0
2024-12-01 10:00:00-05:00,0.0,43,0.0,,227,10.8,,1019.0,,2,3,2024-12-01 10:00:00,KNYC0
2024-12-01 11:00:00-05:00,1.0,39,0.0,,244,14.4,,1018.0,,4,2,2024-12-01 11:00:00,KNYC0
2024-12-01 12:00:00-05:00,2.0,37,0.0,,250,13.0,,1018.0,,6,3,2024-12-01 12:00:00,KNYC0
2024-12-01 13:00:00-05:00,3.0,31,0.0,,270,20.0,,1017.0,,4,3,2024-12-01 13:00:00,KNYC0
2024-12-01 14:00:00-05:00,3.0,31,0.0,,270,20.0,,1018.0,,5,3,2024-12-01 14:00:00,KNYC0
2024-12-01 15:00:00-05:00,2.0,34,0.0,,262,16.9,,1018.0,,0,3,2024-12-01 15:00:00,KNYC0
2024-12-01 16:00:00-05:00,2.0,32,0.0,,280,17.0,,1018.0,,0,1,2024-12-01 16:00:00,KNYC0
2024-12-01 17:00:00-05:00,2.0,33,0.0,,260,7.0,,1019.0,,0,1,2024-12-01 17:00:00,KNYC0
2024-12-01 18:00:00-05:00,1.0,35,0.0,,280,13.0,,1019.0,,0,1,2024-12-01 18:00:00,KNYC0
2024-12-01 19:00:00-05:00,1.0,35,0.0,,290,13.0,,1020.0,,0,1,2024-12-01 19:00:00,KNYC0
2024-12-01 20:00:00-05:00,1.0,38,0.0,,268,6.0,,1020.0,,0,1,2024-12-01 20:00:00,KNYC0
2024-12-01 21:00:00-05:00,1.0,38,0.0,,280,13.0,,1020.0,,0,1,2024-12-01 21:00:00,KNYC0
2024-12-01 22:00:00-05:00,1.0,39,0.0,,261,7.0,,1020.0,,0,1,2024-12-01 22:00:00,KNYC0
2024-12-01 23:00:00-05:00,0.0,41,0.0,,280,9.0,,1020.0,,0,1,2024-12-01 23:00:00,KNYC0
2024-12-02 00:00:00-05:00,0.0,43,0.0,,260,9.0,,1020.0,,0,1,2024-12-02 00:00:00,KNYC0
2024-12-02 01:00:00-05:00,0.0,43,0.0,,259,7.0,,1020.0,,0,1,2024-12-02 01:00:00,KNYC0
2024-12-02 02:00:00-05:00,-1.0,47,0.0,,262,6.0,,1020.0,,0,1,2024-12-02 02:00:00,KNYC0
2024-12-02 03:00:00-05:00,-1.0,47,0.0,,262,6.0,,1020.0,,0,1,2024-12-02 03:00:00,KNYC0
2024-12-02 04:00:00-05:00,-1.0,51,0.0,,265,7.6,,1020.0,,0,1,2024-12-02 04:00:00,KNYC0
2024-12-02 05:00:00-05:00,-1.0,51,0.0,,269,7.0,,1020.0,,0,1,2024-12-02 05:00:00,KNYC0
2024-12-02 06:00:00-05:00,-1.0,51,0.0,,279,7.9,,1021.0,,0,1,2024-12-02 06:00:00,KNYC0
2024-12-02 07:00:00-05:00,-1.0,53,0.0,,290,7.0,,1022.0,,0,1,2024-12-02 07:00:00,KNYC0
2024-12-02 08:00:00-05:00,-1.0,53,0.0,,280,7.0,,1022.0,,0,1,2024-12-02 08:00:00,KNYC0
2024-12-02 09:00:00-05:00,0.0,54,0.0,,292,9.0,,1022.0,,1,1,2024-12-02 09:00:00,KNYC0
2024-12-02 10:00:00-05:00,1.0,50,0.0,,299,9.0,,1022.0,,0,1,2024-12-02 10:00:00,KNYC0
2024-12-02 11:00:00-05:00,3.0,44,0.0,,297,9.0,,1021.0,,0,1,2024-12-02 11:00:00,KNYC0
2024-12-02 12:00:00-05:00,3.0,44,0.0,,296,9.0,,1020.0,,0,1,2024-12-02 12:00:00,KNYC0
2024-12-02 13:00:00-05:00,3.0,40,0.0,,294,7.0,,1020.0,,4,1,2024-12-02 13:00:00,KNYC0
2024-12-02 14:00:00-05:00,3.0,40,0.0,,300,15.0,,1020.0,,8,3,2024-12-02 14:00:00,KNYC0
2024-12-02 15:00:00-05:00,3.0,39,0.0,,298,11.0,,1021.0,,6,3,2024-12-02 15:00:00,KNYC0
2024-12-02 16:00:00-05:00,3.0,44,0.0,,300,11.0,,1021.0,,4,3,2024-12-02 16:00:00,KNYC0
2024-12-02 17:00:00-05:00,2.0,44,0.0,,300,13.0,,1022.0,,2,3,2024-12-02 17:00:00,KNYC0
2024-12-02 18:00:00-05:00,2.0,44,0.0,,300,13.0,,1022.0,,1,2,2024-12-02 18:00:00,KNYC0
2024-12-02 19:00:00-05:00,2.0,49,0.0,,310,9.0,,1022.0,,0,2,2024-12-02 19:00:00,KNYC0
2024-12-02 20:00:00-05:00,1.0,52,0.0,,306,7.0,,1022.0,,0,1,2024-12-02 20:00:00,KNYC0
2024-12-02 21:00:00-05:00,1.0,52,0.0,,301,6.0,,1022.0,,0,1,2024-12-02 21:00:00,KNYC0
2024-12-02 22:00:00-05:00,1.0,53,0.0,,298,9.0,,1023.0,,0,1,2024-12-02 22:00:00,KNYC0
2024-12-02 23:00:00-05:00,1.0,56,0.0,,297,7.0,,1023.0,,0,1,2024-12-02 23:00:00,KNYC0
2024-12-03 00:00:00-05:00,1.0,53,0.0,,288,6.0,,1023.0,,0,1,2024-12-03 00:00:00,KNYC0
2024-12-03 01:00:00-05:00,1.0,58,0.0,,280,11.0,,1023.0,,0,1,2024-12-03 01:00:00,KNYC0
2024-12-03 02:00:00-05:00,1.0,61,0.0,,280,9.0,,1023.0,,1,1,2024-12-03 02:00:00,KNYC0
2024-12-03 03:00:00-05:00,-1.6,76,0.0,,281,7.6,,1022.9,,0,1,2024-12-03 03:00:00,KNYC0
2024-12-03 04:00:00-05:00,1.0,66,0.0,,290,7.0,,1023.0,,0,1,2024-12-03 04:00:00,KNYC0
2024-12-03 05:00:00-05:00,1.0,66,0.0,,288,7.6,,1024.0,,0,1,2024-12-03 05:00:00,KNYC0
2024-12-03 06:00:00-05:00,1.0,64,0.0,,291,7.0,,1024.0,,1,1,2024-12-03 06:00:00,KNYC0
2024-12-03 07:00:00-05:00,1.0,67,0.0,,291,11.0,,1025.0,,0,1,2024-12-03 07:00:00,KNYC0
2024-12-03 08:00:00-05:00,2.0,64,0.0,,250,11.0,,1025.0,,0,1,2024-12-03 08:00:00,KNYC0
2024-12-03 09:00:00-05:00,2.0,62,0.0,,308,10.1,,1025.0,,0,1,2024-12-03 09:00:00,KNYC0
2024-12-03 10:00:00-05:00,3.0,57,0.0,,315,9.0,,1025.0,,0,1,2024-12-03 10:00:00,KNYC0
2024-12-03 11:00:00-05:00,4.0,48,0.0,,260,13.0,,1024.0,,3,1,2024-12-03 11:00:00,KNYC0
2024-12-03 12:00:00-05:00,4.0,46,0.0,,280,11.0,,1024.0,,4,3,2024-12-03 12:00:00,KNYC0
2024-12-03 13:00:00-05:00,4.0,46,0.0,,280,13.0,,1023.0,,2,3,2024-12-03 13:00:00,KNYC0
2024-12-03 14:00:00-05:00,5.0,39,0.0,,304,12.2,,1023.0,,3,2,2024-12-03 14:00:00,KNYC0
2024-12-03 15:00:00-05:00,5.0,39,0.0,,299,12.2,,1024.0,,2,3,2024-12-03 15:00:00,KNYC0
2024-12-03 16:00:00-05:00,4.0,39,0.0,,280,6.0,,1024.0,,3,2,2024-12-03 16:00:00,KNYC0
2024-12-03 17:00:00-05:00,4.0,46,0.0,,280,20.0,,1024.0,,6,3,2024-12-03 17:00:00,KNYC0
2024-12-03 18:00:00-05:00,3.0,46,0.0,,280,13.0,,1025.0,,0,3,2024-12-03 18:00:00,KNYC0
2024-12-03 19:00:00-05:00,2.0,31,0.0,,310,19.0,,1026.0,,0,1,2024-12-03 19:00:00,KNYC0
2024-12-03 20:00:00-05:00,1.0,35,0.0,,324,7.0,,1026.0,,0,1,2024-12-03 20:00:00,KNYC0
2024-12-03 21:00:00-05:00,1.0,39,0.0,,326,11.0,,1026.0,,0,1,2024-12-03 21:00:00,KNYC0
2024-12-03 22:00:00-05:00,0.0,43,0.0,,315,6.0,,1026.0,,0,1,2024-12-03 22:00:00,KNYC0
2024-12-03 23:00:00-05:00,1.0,39,0.0,,260,7.0,,1026.0,,0,1,2024-12-03 23:00:00,KNYC0
2024-12-04 00:00:00-05:00,0.0,41,0.0,,292,6.0,,1026.0,,0,1,2024-12-04 00:00:00,KNYC0
2024-12-04 01:00:00-05:00,0.0,41,0.0,,293,7.2,,1026.0,,0,1,2024-12-04 01:00:00,KNYC0
2024-12-04 02:00:00-05:00,0.0,47,0.0,,260,6.0,,1026.0,,0,1,2024-12-04 02:00:00,KNYC0
2024-12-04 03:00:00-05:00,-1.0,58,0.0,,248,5.4,,1026.0,,0,1,2024-12-04 03:00:00,KNYC0
2024-12-04 04:00:00-05:00,-1.0,66,0.0,,241,5.0,,1026.0,,1,1,2024-12-04 04:00:00,KNYC0
2024-12-04 05:00:00-05:00,-1.0,66,0.0,,260,11.0,,1026.0,,1,1,2024-12-04 05:00:00,KNYC0
2024-12-04 06:00:00-05:00,-1.0,66,0.0,,270,7.0,,1026.0,,0,1,2024-12-04 06:00:00,KNYC0
2024-12-04 07:00:00-05:00,-1.0,66,0.0,,227,6.0,,1026.0,,0,1,2024-12-04 07:00:00,KNYC0
2024-12-04 08:00:00-05:00,1.0,58,0.0,,230,7.6,,1025.0,,3,1,2024-12-04 08:00:00,KNYC0
2024-12-04 09:00:00-05:00,2.0,54,0.0,,226,6.5,,1024.0,,4,2,2024-12-04 09:00:00,KNYC0
2024-12-04 10:00:00-05:00,3.0,48,0.0,,240,11.0,,1024.0,,5,3,2024-12-04 10:00:00,KNYC0
2024-12-04 11:00:00-05:00,3.0,44,0.0,,190,17.0,,1022.0,,7,3,2024-12-04 11:00:00,KNYC0
2024-12-04 12:00:00-05:00,3.0,44,0.0,,198,11.5,,1021.0,,8,3,2024-12-04 12:00:00,KNYC0
2024-12-04 13:00:00-05:00,3.0,42,0.0,,195,12.2,,1019.0,,8,3,2024-12-04 13:00:00,KNYC0
2024-12-04 14:00:00-05:00,4.0,41,0.0,,185,6.0,,1018.0,,8,3,2024-12-04 14:00:00,KNYC0
2024-12-04 15:00:00-05:00,4.0,37,0.0,,179,10.4,,1016.0,,8,3,2024-12-04 15:00:00,KNYC0
2024-12-04 16:00:00-05:00,4.0,41,0.0,,178,9.0,,1016.0,,8,3,2024-12-04 16:00:00,KNYC0
2024-12-04 17:00:00-05:00,4.0,36,0.0,,186,15.5,,1014.0,,8,3,2024-12-04 17:00:00,KNYC0
2024-12-04 18:00:00-05:00,4.0,43,0.0,,186,11.0,,1013.0,,8,3,2024-12-04 18:00:00,KNYC0
2024-12-04 19:00:00-05:00,5.0,45,0.0,,186,9.0,,1012.0,,8,3,2024-12-04 19:00:00,KNYC0
2024-12-04 20:00:00-05:00,4.0,51,0.0,,192,11.0,,1011.0,,8,3,2024-12-04 20:00:00,KNYC0
2024-12-04 21:00:00-05:00,4.0,53,0.0,,192,9.0,,1010.0,,8,3,2024-12-04 21:00:00,KNYC0
2024-12-04 22:00:00-05:00,5.0,48,0.0,,195,19.8,,1008.0,,8,3,2024-12-04 22:00:00,KNYC0
2024-12-04 23:00:00-05:00,3.0,72,1.1,,204,17.3,,1008.0,,8,13,2024-12-04 23:00:00,KNYC0
2024-12-05 00:00:00-05:00,2.0,85,0.7,,230,15.0,,1008.0,,8,12,2024-12-05 00:00:00,KNYC0
2024-12-05 01:00:00-05:00,2.0,85,0.8,,220,13.0,,1005.0,,8,12,2024-12-05 01:00:00,KNYC0
2024-12-05 02:00:00-05:00,2.0,85,0.0,,211,11.0,,1004.0,,8,3,2024-12-05 02:00:00,KNYC0
2024-12-05 03:00:00-05:00,3.0,82,0.1,,211,16.2,,1003.0,,8,12,2024-12-05 03:00:00,KNYC0
2024-12-05 04:00:00-05:00,3.0,79,0.1,,208,15.5,,1001.0,,8,12,2024-12-05 04:00:00,KNYC0
2024-12-05 05:00:00-05:00,4.0,70,0.0,,207,15.1,,1001.0,,8,3,2024-12-05 05:00:00,KNYC0
2024-12-05 06:00:00-05:00,3.0,76,0.3,,250,19.0,,1002.0,,8,8,2024-12-05 06:00:00,KNYC0
2024-12-05 07:00:00-05:00,3.0,79,0.5,,228,9.0,,1000.0,,8,8,2024-12-05 07:00:00,KNYC0
2024-12-05 08:00:00-05:00,3.0,76,0.2,,225,9.0,,1001.0,,8,12,2024-12-05 08:00:00,KNYC0
2024-12-05 09:00:00-05:00,4.0,76,0.0,,240,13.0,,1001.0,,2,3,2024-12-05 09:00:00,KNYC0
2024-12-05 10:00:00-05:00,4.0,73,0.0,,250,15.0,,1001.0,,8,2,2024-12-05 10:00:00,KNYC0
2024-12-05 11:00:00-05:00,3.0,50,0.2,,270,20.0,,1001.0,,1,7,2024-12-05 11:00:00,KNYC0
2024-12-05 12:00:00-05:00,3.0,42,0.0,,270,22.0,,1001.0,,1,1,2024-12-05 12:00:00,KNYC0
2024-12-05 13:00:00-05:00,3.0,40,0.0,,266,29.2,,1002.0,,0,2,2024-12-05 13:00:00,KNYC0
2024-12-05 14:00:00-05:00,3.0,42,0.0,,280,22.0,,1004.0,,6,1,2024-12-05 14:00:00,KNYC0
2024-12-05 15:00:00-05:00,2.0,50,0.0,,278,26.3,,1005.0,,4,3,2024-12-05 15:00:00,KNYC0
2024-12-05 16:00:00-05:00,2.0,56,0.0,,272,20.9,,1007.0,,0,3,2024-12-05 16:00:00,KNYC0
2024-12-05 17:00:00-05:00,2.0,52,0.0,,274,11.0,,1008.0,,0,1,2024-12-05 17:00:00,KNYC0
2024-12-05 18:00:00-05:00,2.0,52,0.0,,280,22.0,,1009.0,,0,1,2024-12-05 18:00:00,KNYC0
2024-12-05 19:00:00-05:00,2.0,44,0.0,,280,22.0,,1010.0,,4,1,2024-12-05 19:00:00,KNYC0
2024-12-05 20:00:00-05:00,1.0,43,0.0,,260,24.0,,1011.0,,0,3,2024-12-05 20:00:00,KNYC0
2024-12-05 21:00:00-05:00,1.0,49,0.0,,280,26.0,,1011.0,,6,1,2024-12-05 21:00:00,KNYC0
2024-12-05 22:00:00-05:00,0.0,51,0.0,,270,13.0,,1012.0,,6,3,2024-12-05 22:00:00,KNYC0
2024-12-05 23:00:00-05:00,0.0,54,0.0,,270,11.0,,1012.0,,7,3,2024-12-05 23:00:00,KNYC0
2024-12-06 00:00:00-05:00,0.0,54,0.0,,280,11.0,,1012.0,,6,3,2024-12-06 00:00:00,KNYC0
2024-12-06 01:00:00-05:00,0.0,56,0.0,,285,7.0,,1013.0,,1,3,2024-12-06 01:00:00,KNYC0
2024-12-06 02:00:00-05:00,1.0,43,0.0,,300,17.0,,1014.0,,2,1,2024-12-06 02:00:00,KNYC0
2024-12-06 03:00:00-05:00,0.0,41,0.0,,300,28.0,,1015.0,,4,2,2024-12-06 03:00:00,KNYC0
2024-12-06 04:00:00-05:00,-1.0,47,0.0,,290,19.0,,1016.0,,2,3,2024-12-06 04:00:00,KNYC0
2024-12-06 05:00:00-05:00,-1.0,45,0.0,,289,11.0,,1017.0,,4,2,2024-12-06 05:00:00,KNYC0
2024-12-06 06:00:00-05:00,-1.0,43,0.0,,300,15.0,,1018.0,,7,3,2024-12-06 06:00:00,KNYC0
2024-12-06 07:00:00-05:00,-1.0,43,0.0,,300,7.0,,1018.0,,6,3,2024-12-06 07:00:00,KNYC0
2024-12-06 08:00:00-05:00,-1.0,41,0.0,,307,9.0,,1020.0,,4,3,2024-12-06 08:00:00,KNYC0
2024-12-06 09:00:00-05:00,-1.0,38,0.0,,300,24.0,,1020.0,,8,3,2024-12-06 09:00:00,KNYC0
2024-12-06 10:00:00-05:00,0.0,36,0.0,,300,15.0,,1020.0,,8,3,2024-12-06 10:00:00,KNYC0
2024-12-06 11:00:00-05:00,0.0,36,0.0,,300,13.0,,1020.0,,8,3,2024-12-06 11:00:00,KNYC0
2024-12-06 12:00:00-05:00,1.0,33,0.0,,300,19.0,,1019.0,,8,3,2024-12-06 12:00:00,KNYC0
2024-12-06 13:00:00-05:00,1.0,32,0.0,,300,13.0,,1019.0,,8,3,2024-12-06 13:00:00,KNYC0
2024-12-06 14:00:00-05:00,1.0,30,0.0,,300,13.0,,1019.0,,4,3,2024-12-06 14:00:00,KNYC0
2024-12-06 15:00:00-05:00,1.0,30,0.0,,308,11.0,,1020.0,,1,3,2024-12-06 15:00:00,KNYC0
2024-12-06 16:00:00-05:00,1.0,32,0.0,,300,19.0,,1020.0,,1,1,2024-12-06 16:00:00,KNYC0
2024-12-06 17:00:00-05:00,0.0,34,0.0,,300,13.0,,1021.0,,2,1,2024-12-06 17:00:00,KNYC0
2024-12-06 18:00:00-05:00,0.0,36,0.0,,301,9.0,,1021.0,,6,2,2024-12-06 18:00:00,KNYC0
2024-12-06 19:00:00-05:00,0.0,34,0.0,,260,11.0,,1021.0,,6,3,2024-12-06 19:00:00,KNYC0
2024-12-06 20:00:00-05:00,-1.0,38,0.0,,267,8.6,,1021.0,,4,3,2024-12-06 20:00:00,KNYC0
2024-12-06 21:00:00-05:00,0.0,36,0.0,,258,7.0,,1021.0,,4,3,2024-12-06 21:00:00,KNYC0
2024-12-06 22:00:00-05:00,0.0,39,0.0,,232,7.0,,1021.0,,3,3,2024-12-06 22:00:00,KNYC0
2024-12-06 23:00:00-05:00,0.0,45,0.0,,240,13.0,,1021.0,,5,3,2024-12-06 23:00:00,KNYC0
2024-12-07 00:00:00-05:00,0.0,47,0.0,,230,19.0,,1021.0,,4,3,2024-12-07 00:00:00,KNYC0
2024-12-07 01:00:00-05:00,0.0,47,0.0,,230,19.0,,1021.0,,4,3,2024-12-07 01:00:00,KNYC0
2024-12-07 02:00:00-05:00,0.0,45,0.0,,257,13.3,,1021.0,,6,3,2024-12-07 02:00:00,KNYC0
2024-12-07 03:00:00-05:00,0.0,47,0.0,,270,13.0,,1020.0,,1,3,2024-12-07 03:00:00,KNYC0
2024-12-07 04:00:00-05:00,0.0,47,0.0,,258,13.0,,1021.0,,0,2,2024-12-07 04:00:00,KNYC0
2024-12-07 05:00:00-05:00,-2.2,64,0.0,,254,12.6,,1020.2,,0,1,2024-12-07 05:00:00,KNYC0
2024-12-07 06:00:00-05:00,0.0,51,0.0,,240,17.0,,1021.0,,0,1,2024-12-07 06:00:00,KNYC0
2024-12-07 07:00:00-05:00,-2.5,65,0.0,,254,12.2,,1020.6,,0,1,2024-12-07 07:00:00,KNYC0
2024-12-07 08:00:00-05:00,-2.0,64,0.0,,251,12.2,,1020.8,,0,1,2024-12-07 08:00:00,KNYC0
2024-12-07 09:00:00-05:00,-0.7,59,0.0,,254,12.6,,1021.0,,0,1,2024-12-07 09:00:00,KNYC0
2024-12-07 10:00:00-05:00,2.0,44,0.0,,260,11.0,,1021.0,,0,1,2024-12-07 10:00:00,KNYC0
2024-12-07 11:00:00-05:00,2.2,51,0.0,,263,14.4,,1020.6,,0,1,2024-12-07 11:00:00,KNYC0
2024-12-07 12:00:00-05:00,3.2,49,0.0,,263,14.8,,1019.6,,1,1,2024-12-07 12:00:00,KNYC0
2024-12-07 13:00:00-05:00,4.0,47,0.0,,280,15.1,,1018.9,,5,2,2024-12-07 13:00:00,KNYC0
2024-12-07 14:00:00-05:00,3.9,47,0.0,,279,16.6,,1018.8,,8,3,2024-12-07 14:00:00,KNYC0
2024-12-07 15:00:00-05:00,3.4,50,0.0,,272,12.6,,1018.5,,7,3,2024-12-07 15:00:00,KNYC0
2024-12-07 16:00:00-05:00,2.6,55,0.0,,263,9.7,,1018.7,,8,3,2024-12-07 16:00:00,KNYC0
2024-12-07 17:00:00-05:00,1.8,63,0.0,,237,7.6,,1018.6,,8,3,2024-12-07 17:00:00,KNYC0
2024-12-07 18:00:00-05:00,1.3,65,0.0,,227,10.1,,1018.2,,6,3,2024-12-07 18:00:00,KNYC0
2024-12-07 19:00:00-05:00,1.0,63,0.0,,234,11.5,,1018.4,,8,3,2024-12-07 19:00:00,KNYC0
2024-12-07 20:00:00-05:00,0.9,63,0.0,,230,11.2,,1018.0,,8,3,2024-12-07 20:00:00,KNYC0
2024-12-07 21:00:00-05:00,1.0,62,0.0,,219,10.8,,1017.3,,8,3,2024-12-07 21:00:00,KNYC0
2024-12-07 22:00:00-05:00,1.0,62,0.0,,215,13.0,,1017.1,,8,3,2024-12-07 22:00:00,KNYC0
2024-12-07 23:00:00-05:00,1.0,62,0.0,,209,14.4,,1016.3,,8,3,2024-12-07 23:00:00,KNYC0
2024-12-08 00:00:00-05:00,0.6,62,0.0,,213,14.4,,1015.7,,8,3,2024-12-08 00:00:00,KNYC0
2024-12-08 01:00:00-05:00,0.9,60,0.0,,208,15.5,,1014.4,,8,3,2024-12-08 01:00:00,KNYC0
2024-12-08 02:00:00-05:00,1.2,59,0.0,,212,15.1,,1013.4,,8,3,2024-12-08 02:00:00,KNYC0
2024-12-08 03:00:00-05:00,1.3,60,0.0,,211,15.5,,1012.2,,8,3,2024-12-08 03:00:00,KNYC0
2024-12-08 04:00:00-05:00,1.8,59,0.0,,216,16.6,,1011.0,,8,3,2024-12-08 04:00:00,KNYC0
2024-12-08 05:00:00-05:00,1.9,60,0.0,,219,15.5,,1010.1,,8,3,2024-12-08 05:00:00,KNYC0
2024-12-08 06:00:00-05:00,2.1,61,0.0,,222,17.6,,1009.3,,8,3,2024-12-08 06:00:00,KNYC0
2024-12-08 07:00:00-05:00,2.6,61,0.0,,233,18.7,,1009.1,,8,3,2024-12-08 07:00:00,KNYC0
2024-12-08 08:00:00-05:00,2.8,62,0.0,,243,15.8,,1009.6,,8,3,2024-12-08 08:00:00,KNYC0
2024-12-08 09:00:00-05:00,3.5,61,0.0,,235,15.5,,1010.1,,5,3,2024-12-08 09:00:00,KNYC0
2024-12-08 10:00:00-05:00,5.1,60,0.0,,226,13.0,,1010.0,,2,3,2024-12-08 10:00:00,KNYC0
2024-12-08 11:00:00-05:00,7.0,56,0.0,,225,14.8,,1009.8,,5,2,2024-12-08 11:00:00,KNYC0
2024-12-08 12:00:00-05:00,8.7,53,0.0,,244,16.9,,1009.0,,6,3,2024-12-08 12:00:00,KNYC0
2024-12-08 13:00:00-05:00,9.6,50,0.0,,269,20.2,,1009.0,,8,3,2024-12-08 13:00:00,KNYC0
2024-12-08 14:00:00-05:00,9.6,51,0.0,,271,18.4,,1009.6,,6,3,2024-12-08 14:00:00,KNYC0
2024-12-08 15:00:00-05:00,9.6,53,0.0,,275,14.0,,1010.4,,5,3,2024-12-08 15:00:00,KNYC0
2024-12-08 16:00:00-05:00,8.8,57,0.0,,286,13.0,,1011.6,,6,3,2024-12-08 16:00:00,KNYC0
2024-12-08 17:00:00-05:00,7.6,62,0.0,,280,11.9,,1012.7,,4,3,2024-12-08 17:00:00,KNYC0
2024-12-08 18:00:00-05:00,6.5,67,0.0,,277,11.2,,1013.8,,4,3,2024-12-08 18:00:00,KNYC0
2024-12-08 19:00:00-05:00,5.8,71,0.0,,273,9.0,,1015.0,,5,3,2024-12-08 19:00:00,KNYC0
2024-12-08 20:00:00-05:00,5.2,76,0.0,,266,6.8,,1015.9,,4,3,2024-12-08 20:00:00,KNYC0
2024-12-08 21:00:00-05:00,4.9,79,0.0,,280,6.5,,1016.5,,4,3,2024-12-08 21:00:00,KNYC0
2024-12-08 22:00:00-05:00,3.8,81,0.0,,255,5.8,,1016.7,,0,3,2024-12-08 22:00:00,KNYC0
2024-12-08 23:00:00-05:00,3.4,82,0.0,,240,7.2,,1017.6,,0,1,2024-12-08 23:00:00,KNYC0
2024-12-09 00:00:00-05:00,2.9,84,0.0,,258,7.2,,1017.8,,2,1,2024-12-09 00:00:00,KNYC0
2024-12-09 01:00:00-05:00,2.1,86,0.0,,273,6.1,,1017.7,,0,2,2024-12-09 01:00:00,KNYC0
2024-12-09 02:00:00-05:00,1.7,87,0.0,,294,6.1,,1017.8,,0,1,2024-12-09 02:00:00,KNYC0
2024-12-09 03:00:00-05:00,1.1,89,0.0,,238,2.9,,1018.2,,0,1,2024-12-09 03:00:00,KNYC0
2024-12-09 04:00:00-05:00,0.6,92,0.0,,179,1.1,,1018.4,,0,1,2024-12-09 04:00:00,KNYC0
2024-12-09 05:00:00-05:00,-0.1,96,0.0,,214,3.2,,1018.8,,0,1,2024-12-09 05:00:00,KNYC0
2024-12-09 06:00:00-05:00,-0.1,95,0.0,,242,3.6,,1019.4,,4,1,2024-12-09 06:00:00,KNYC0
2024-12-09 07:00:00-05:00,-0.3,96,0.0,,54,2.2,,1019.2,,7,3,2024-12-09 07:00:00,KNYC0
2024-12-09 08:00:00-05:00,0.6,95,0.0,,82,3.6,,1019.5,,8,3,2024-12-09 08:00:00,KNYC0
2024-12-09 09:00:00-05:00,2.8,89,0.0,,101,3.6,,1020.1,,8,3,2024-12-09 09:00:00,KNYC0
2024-12-09 10:00:00-05:00,5.0,84,0.0,,84,4.7,,1020.0,,8,3,2024-12-09 10:00:00,KNYC0
2024-12-09 11:00:00-05:00,6.9,80,0.0,,88,6.1,,1018.9,,8,3,2024-12-09 11:00:00,KNYC0
2024-12-09 12:00:00-05:00,7.9,80,0.0,,123,9.7,,1017.7,,8,3,2024-12-09 12:00:00,KNYC0
2024-12-09 13:00:00-05:00,8.8,82,0.2,,121,9.7,,1016.6,,8,7,2024-12-09 13:00:00,KNYC0
2024-12-09 14:00:00-05:00,8.0,90,1.0,,126,9.7,,1016.2,,8,9,2024-12-09 14:00:00,KNYC0
2024-12-09 15:00:00-05:00,7.5,92,1.8,,97,8.6,,1015.8,,8,9,2024-12-09 15:00:00,KNYC0
2024-12-09 16:00:00-05:00,7.5,95,1.9,,94,10.8,,1015.2,,8,9,2024-12-09 16:00:00,KNYC0
2024-12-09 17:00:00-05:00,7.6,96,2.1,,91,11.5,,1014.8,,8,9,2024-12-09 17:00:00,KNYC0
2024-12-09 18:00:00-05:00,7.8,97,0.5,,114,8.3,,1014.9,,7,8,2024-12-09 18:00:00,KNYC0
2024-12-09 19:00:00-05:00,7.7,97,0.0,,193,8.6,,1015.2,,8,3,2024-12-09 19:00:00,KNYC0
2024-12-10 01:00:00-05:00,5.8,98,,,262,4.3,,1016.6,,8,,2024-12-10 01:00:00,KNYC0
2024-12-10 07:00:00-05:00,5.5,99,,,270,2.2,,1018.8,,8,,2024-12-10 07:00:00,KNYC0
2024-12-10 13:00:00-05:00,9.9,89,,,146,5.8,,1018.1,,8,,2024-12-10 13:00:00,KNYC0
2024-12-10 19:00:00-05:00,8.5,95,,,85,6.1,,1018.2,,8,,2024-12-10 19:00:00,KNYC0
2024-12-11 01:00:00-05:00,9.9,99,,,114,8.3,,1014.0,,8,,2024-12-11 01:00:00,KNYC0
2024-12-11 07:00:00-05:00,12.8,98,,,171,13.7,,1007.9,,8,,2024-12-11 07:00:00,KNYC0
2024-12-11 13:00:00-05:00,15.7,95,,,196,18.0,,1001.1,,8,,2024-12-11 13:00:00,KNYC0
2024-12-11 19:00:00-05:00,7.8,91,,,295,20.2,,1002.7,,8,,2024-12-11 19:00:00,KNYC0
2024-12-12 01:00:00-05:00,3.9,67,,,292,16.2,,1011.6,,2,,2024-12-12 01:00:00,KNYC0
2024-12-12 07:00:00-05:00,-0.8,61,,,262,13.0,,1019.0,,0,,2024-12-12 07:00:00,KNYC0
2024-12-12 13:00:00-05:00,2.4,45,,,261,15.5,,1020.5,,0,,2024-12-12 13:00:00,KNYC0
2024-12-12 19:00:00-05:00,0.6,58,,,282,9.4,,1026.9,,3,,2024-12-12 19:00:00,KNYC0
2024-12-13 01:00:00-05:00,-2.2,70,,,301,4.3,,1032.7,,2,,2024-12-13 01:00:00,KNYC0
2024-12-13 03:00:00-05:00,-2.0,34,,,,7.0,,1033.0,,,,2024-12-13 03:00:00,KNYC0
2024-12-13 04:00:00-05:00,-2.0,35,,,,,,1033.0,,,,2024-12-13 04:00:00,KNYC0
2024-12-13 05:00:00-05:00,-3.0,37,,,290,17.0,,1035.0,,,,2024-12-13 05:00:00,KNYC0
2024-12-13 06:00:00-05:00,-3.0,37,,,280,17.0,,1036.0,,,,2024-12-13 06:00:00,KNYC0
2024-12-13 07:00:00-05:00,-3.0,37,,,270,15.0,,1037.0,,0,,2024-12-13 07:00:00,KNYC0
2024-12-13 08:00:00-05:00,-2.0,37,,,291,7.0,,1038.0,,2,,2024-12-13 08:00:00,KNYC0
2024-12-13 09:00:00-05:00,-2.0,37,0.0,,310,20.0,,1039.0,,1,2,2024-12-13 09:00:00,KNYC0
2024-12-13 10:00:00-05:00,-1.0,36,0.0,,306,12.2,,1039.0,,0,2,2024-12-13 10:00:00,KNYC0
2024-12-13 11:00:00-05:00,-1.0,34,0.0,,310,6.0,,1038.0,,0,1,2024-12-13 11:00:00,KNYC0
2024-12-13 12:00:00-05:00,0.0,30,0.0,,310,11.5,,1038.0,,0,1,2024-12-13 12:00:00,KNYC0
2024-12-13 13:00:00-05:00,0.0,30,0.0,,311,10.4,,1038.0,,0,1,2024-12-13 13:00:00,KNYC0
2024-12-13 14:00:00-05:00,0.0,30,0.0,,314,10.1,,1039.0,,0,1,2024-12-13 14:00:00,KNYC0
2024-12-13 15:00:00-05:00,0.0,31,0.0,,318,9.4,,1039.0,,0,1,2024-12-13 15:00:00,KNYC0
2024-12-13 16:00:00-05:00,-1.0,31,0.0,,10,11.0,,1040.0,,0,1,2024-12-13 16:00:00,KNYC0
2024-12-13 17:00:00-05:00,-1.0,33,0.0,,326,7.0,,1041.0,,0,1,2024-12-13 17:00:00,KNYC0
2024-12-13 18:00:00-05:00,-1.0,34,0.0,,326,6.0,,1042.0,,0,1,2024-12-13 18:00:00,KNYC0
2024-12-13 19:00:00-05:00,-1.0,36,0.0,,300,9.0,,1043.0,,0,1,2024-12-13 19:00:00,KNYC0
2024-12-13 20:00:00-05:00,-2.0,39,0.0,,300,7.0,,1043.0,,0,1,2024-12-13 20:00:00,KNYC0
2024-12-13 21:00:00-05:00,-2.0,39,0.0,,322,9.0,,1044.0,,0,1,2024-12-13 21:00:00,KNYC0
2024-12-13 22:00:00-05:00,-2.0,39,0.0,,30,13.0,,1044.0,,0,1,2024-12-13 22:00:00,KNYC0
2024-12-13 23:00:00-05:00,-2.0,44,0.0,,342,7.0,,1044.0,,0,1,2024-12-13 23:00:00,KNYC0
2024-12-14 00:00:00-05:00,-2.0,44,0.0,,310,6.0,,1044.0,,0,1,2024-12-14 00:00:00,KNYC0
2024-12-14 01:00:00-05:00,-3.0,48,0.0,,348,6.0,,1045.0,,0,1,2024-12-14 01:00:00,KNYC0
2024-12-14 02:00:00-05:00,-3.0,46,0.0,,323,6.0,,1046.0,,0,1,2024-12-14 02:00:00,KNYC0
2024-12-14 03:00:00-05:00,-3.0,46,0.0,,327,6.0,,1046.0,,0,1,2024-12-14 03:00:00,KNYC0
2024-12-14 04:00:00-05:00,-3.0,48,0.0,,20,6.0,,1046.0,,1,1,2024-12-14 04:00:00,KNYC0
2024-12-14 05:00:00-05:00,-3.0,48,0.0,,348,9.0,,1047.0,,0,1,2024-12-14 05:00:00,KNYC0
2024-12-14 06:00:00-05:00,-3.0,46,0.0,,40,11.0,,1048.0,,0,1,2024-12-14 06:00:00,KNYC0
2024-12-14 07:00:00-05:00,-3.0,48,0.0,,40,15.0,,1049.0,,0,1,2024-12-14 07:00:00,KNYC0
2024-12-14 08:00:00-05:00,-2.0,48,0.0,,19,11.0,,1049.0,,0,1,2024-12-14 08:00:00,KNYC0
2024-12-14 09:00:00-05:00,-1.0,43,0.0,,50,19.0,,1049.0,,0,1,2024-12-14 09:00:00,KNYC0
2024-12-14 10:00:00-05:00,-1.0,43,0.0,,18,9.0,,1048.0,,0,1,2024-12-14 10:00:00,KNYC0
2024-12-14 11:00:00-05:00,0.0,41,0.0,,23,6.0,,1048.0,,0,1,2024-12-14 11:00:00,KNYC0
2024-12-14 12:00:00-05:00,1.0,36,0.0,,19,9.0,,1047.0,,0,1,2024-12-14 12:00:00,KNYC0
2024-12-14 13:00:00-05:00,1.0,36,0.0,,340,6.0,,1046.0,,0,1,2024-12-14 13:00:00,KNYC0
2024-12-14 14:00:00-05:00,1.0,36,0.0,,26,4.0,,1046.0,,0,1,2024-12-14 14:00:00,KNYC0
2024-12-14 15:00:00-05:00,0.0,38,0.0,,37,3.2,,1047.0,,0,1,2024-12-14 15:00:00,KNYC0
2024-12-14 16:00:00-05:00,0.0,38,0.0,,40,6.0,,1047.0,,0,1,2024-12-14 16:00:00,KNYC0
2024-12-14 17:00:00-05:00,0.0,39,0.0,,30,11.0,,1047.0,,0,1,2024-12-14 17:00:00,KNYC0
2024-12-14 18:00:00-05:00,-1.0,43,0.0,,50,9.0,,1047.0,,0,1,2024-12-14 18:00:00,KNYC0
2024-12-14 19:00:00-05:00,-1.0,45,0.0,,60,7.0,,1047.0,,0,1,2024-12-14 19:00:00,KNYC0
2024-12-14 20:00:00-05:00,-1.0,43,0.0,,23,11.0,,1046.0,,0,1,2024-12-14 20:00:00,KNYC0
2024-12-14 21:00:00-05:00,-1.0,39,0.0,,10,6.0,,1046.0,,5,1,2024-12-14 21:00:00,KNYC0
2024-12-14 22:00:00-05:00,-1.0,43,0.0,,60,6.0,,1047.0,,7,3,2024-12-14 22:00:00,KNYC0
2024-12-14 23:00:00-05:00,-1.0,47,0.0,,21,9.0,,1046.0,,7,3,2024-12-14 23:00:00,KNYC0
2024-12-15 00:00:00-05:00,-1.0,47,0.0,,20,7.0,,1046.0,,6,3,2024-12-15 00:00:00,KNYC0
2024-12-15 01:00:00-05:00,-2.0,53,0.0,,40,9.0,,1045.0,,6,3,2024-12-15 01:00:00,KNYC0
2024-12-15 02:00:00-05:00,-2.0,53,0.0,,12,6.1,,1046.0,,8,3,2024-12-15 02:00:00,KNYC0
2024-12-15 03:00:00-05:00,-2.0,56,0.0,,20,9.0,,1045.0,,6,3,2024-12-15 03:00:00,KNYC0
2024-12-15 04:00:00-05:00,-2.0,53,0.0,,30,9.0,,1045.0,,7,3,2024-12-15 04:00:00,KNYC0
2024-12-15 05:00:00-05:00,-2.0,58,0.0,,70,9.0,,1044.0,,4,3,2024-12-15 05:00:00,KNYC0
2024-12-15 06:00:00-05:00,-2.0,63,0.0,,27,11.0,,1045.0,,8,3,2024-12-15 06:00:00,KNYC0
2024-12-15 07:00:00-05:00,-2.0,66,0.0,,10,6.0,,1045.0,,8,3,2024-12-15 07:00:00,KNYC0
2024-12-15 08:00:00-05:00,-1.0,63,0.0,,60,9.0,,1044.0,,8,3,2024-12-15 08:00:00,KNYC0
2024-12-15 09:00:00-05:00,1.0,61,0.0,,36,7.0,,1045.0,,7,3,2024-12-15 09:00:00,KNYC0
2024-12-15 10:00:00-05:00,2.0,62,0.0,,45,7.0,,1044.0,,7,3,2024-12-15 10:00:00,KNYC0
2024-12-15 11:00:00-05:00,3.0,62,0.0,,40,7.0,,1042.0,,8,3,2024-12-15 11:00:00,KNYC0
2024-12-15 12:00:00-05:00,4.0,62,0.0,,55,7.0,,1041.0,,8,3,2024-12-15 12:00:00,KNYC0
2024-12-15 13:00:00-05:00,3.0,67,0.0,,50,9.0,,1041.0,,8,3,2024-12-15 13:00:00,KNYC0
2024-12-15 14:00:00-05:00,3.0,70,0.0,,65,9.0,,1040.0,,8,3,2024-12-15 14:00:00,KNYC0
2024-12-15 15:00:00-05:00,4.0,70,0.0,,32,7.0,,1040.0,,8,3,2024-12-15 15:00:00,KNYC0
2024-12-15 16:00:00-05:00,5.0,57,0.0,,90,11.0,,1040.0,,8,3,2024-12-15 16:00:00,KNYC0
2024-12-15 17:00:00-05:00,4.0,57,0.0,,55,7.0,,1039.0,,8,3,2024-12-15 17:00:00,KNYC0
2024-12-15 18:00:00-05:00,1.2,81,0.0,,46,6.1,,1038.8,,8,3,2024-12-15 18:00:00,KNYC0
2024-12-15 19:00:00-05:00,4.0,60,0.0,,50,7.0,,1039.0,,8,3,2024-12-15 19:00:00,KNYC0
2024-12-15 20:00:00-05:00,4.0,62,0.0,,70,9.0,,1039.0,,8,3,2024-12-15 20:00:00,KNYC0
2024-12-15 21:00:00-05:00,4.0,62,0.0,,60,9.0,,1038.0,,8,3,2024-12-15 21:00:00,KNYC0
2024-12-15 22:00:00-05:00,4.0,73,0.0,,60,15.0,,1037.0,,8,3,2024-12-15 22:00:00,KNYC0
2024-12-15 23:00:00-05:00,3.0,83,0.0,,69,7.0,,1036.0,,8,3,2024-12-15 23:00:00,KNYC0
2024-12-16 00:00:00-05:00,4.0,82,0.0,,75,9.0,,1036.0,,8,3,2024-12-16 00:00:00,KNYC0
2024-12-16 01:00:00-05:00,4.0,86,0.2,,64,7.9,,1035.0,,8,7,2024-12-16 01:00:00,KNYC0
2024-12-16 02:00:00-05:00,4.0,86,1.2,,100,7.0,,1035.0,,8,9,2024-12-16 02:00:00,KNYC0
2024-12-16 03:00:00-05:00,4.0,89,2.0,,60,7.0,,1034.0,,8,13,2024-12-16 03:00:00,KNYC0
2024-12-16 04:00:00-05:00,4.0,89,0.6,,26,8.6,,1034.0,,8,8,2024-12-16 04:00:00,KNYC0
2024-12-16 05:00:00-05:00,4.0,93,0.9,,35,9.0,,1034.0,,8,8,2024-12-16 05:00:00,KNYC0
2024-12-16 06:00:00-05:00,5.0,89,1.4,,24,7.9,,1033.0,,8,9,2024-12-16 06:00:00,KNYC0
2024-12-16 07:00:00-05:00,6.0,89,1.8,,110,11.0,,1033.0,,8,9,2024-12-16 07:00:00,KNYC0
2024-12-16 08:00:00-05:00,6.0,89,1.1,,130,9.0,,1033.0,,8,9,2024-12-16 08:00:00,KNYC0
2024-12-16 09:00:00-05:00,6.0,89,0.0,,100,11.0,,1032.0,,8,3,2024-12-16 09:00:00,KNYC0
2024-12-16 10:00:00-05:00,7.0,90,0.0,,73,9.0,,1031.0,,8,3,2024-12-16 10:00:00,KNYC0
2024-12-16 11:00:00-05:00,8.0,89,0.0,,80,11.0,,1030.0,,8,3,2024-12-16 11:00:00,KNYC0
2024-12-16 12:00:00-05:00,8.0,89,0.0,,80,13.0,,1029.0,,8,3,2024-12-16 12:00:00,KNYC0
2024-12-16 13:00:00-05:00,8.0,93,0.1,,70,13.0,,1028.0,,8,7,2024-12-16 13:00:00,KNYC0
2024-12-16 14:00:00-05:00,8.0,93,0.2,,60,15.0,,1026.0,,8,7,2024-12-16 14:00:00,KNYC0
2024-12-16 15:00:00-05:00,8.0,93,0.6,,50,9.0,,1026.0,,8,8,2024-12-16 15:00:00,KNYC0
2024-12-16 16:00:00-05:00,8.0,93,0.7,,73,14.0,,1026.0,,8,5,2024-12-16 16:00:00,KNYC0
2024-12-16 17:00:00-05:00,9.0,89,0.2,,142,6.0,,1025.0,,8,5,2024-12-16 17:00:00,KNYC0
2024-12-16 18:00:00-05:00,11.0,89,0.0,,171,9.4,,1025.0,,8,5,2024-12-16 18:00:00,KNYC0
2024-12-16 19:00:00-05:00,10.0,93,0.0,,150,6.0,,1025.0,,8,5,2024-12-16 19:00:00,KNYC0
2024-12-16 20:00:00-05:00,11.0,92,0.0,,202,7.6,,1024.0,,8,3,2024-12-16 20:00:00,KNYC0
2024-12-16 21:00:00-05:00,11.0,89,0.0,,199,8.3,,1023.0,,8,5,2024-12-16 21:00:00,KNYC0
2024-12-16 22:00:00-05:00,11.0,89,0.2,,190,7.0,,1022.0,,8,7,2024-12-16 22:00:00,KNYC0
2024-12-16 23:00:00-05:00,11.0,92,0.0,,187,7.0,,1022.0,,8,3,2024-12-16 23:00:00,KNYC0
2024-12-17 00:00:00-05:00,11.0,89,2.0,,193,16.9,,1020.0,,8,9,2024-12-17 00:00:00,KNYC0
2024-12-17 01:00:00-05:00,11.0,89,0.6,,204,15.5,,1020.0,,8,8,2024-12-17 01:00:00,KNYC0
2024-12-17 02:00:00-05:00,12.0,89,1.5,,230,15.0,,1019.0,,8,9,2024-12-17 02:00:00,KNYC0
2024-12-17 03:00:00-05:00,11.0,89,0.2,,220,7.0,,1019.0,,8,7,2024-12-17 03:00:00,KNYC0
2024-12-17 04:00:00-05:00,11.0,89,0.0,,220,9.0,,1019.0,,8,3,2024-12-17 04:00:00,KNYC0
2024-12-17 05:00:00-05:00,11.0,86,0.0,,250,9.0,,1019.0,,8,3,2024-12-17 05:00:00,KNYC0
2024-12-17 06:00:00-05:00,11.0,89,0.0,,231,14.8,,1020.0,,8,3,2024-12-17 06:00:00,KNYC0
2024-12-17 07:00:00-05:00,9.8,97,0.0,,231,14.4,,1019.3,,8,3,2024-12-17 07:00:00,KNYC0
2024-12-17 08:00:00-05:00,11.0,83,0.0,,230,15.0,,1020.0,,8,3,2024-12-17 08:00:00,KNYC0
2024-12-17 09:00:00-05:00,11.0,83,0.0,,250,7.0,,1021.0,,8,3,2024-12-17 09:00:00,KNYC0
2024-12-17 10:00:00-05:00,12.0,80,0.0,,230,9.0,,1021.0,,8,3,2024-12-17 10:00:00,KNYC0
2024-12-17 11:00:00-05:00,12.0,77,0.0,,246,15.8,,1020.0,,7,3,2024-12-17 11:00:00,KNYC0
2024-12-17 12:00:00-05:00,13.0,72,0.0,,230,13.0,,1020.0,,1,3,2024-12-17 12:00:00,KNYC0
2024-12-17 13:00:00-05:00,13.6,74,0.0,,237,12.6,,1019.2,,0,1,2024-12-17 13:00:00,KNYC0
2024-12-17 14:00:00-05:00,14.0,47,0.0,,230,11.0,,1020.0,,0,1,2024-12-17 14:00:00,KNYC0
2024-12-17 15:00:00-05:00,14.0,49,0.0,,244,11.0,,1020.0,,0,1,2024-12-17 15:00:00,KNYC0
2024-12-17 16:00:00-05:00,13.0,49,0.0,,244,7.0,,1021.0,,0,1,2024-12-17 16:00:00,KNYC0
2024-12-17 17:00:00-05:00,13.0,51,0.0,,243,11.2,,1022.0,,1,1,2024-12-17 17:00:00,KNYC0
2024-12-17 18:00:00-05:00,12.0,50,0.0,,270,11.0,,1023.0,,0,1,2024-12-17 18:00:00,KNYC0
2024-12-17 19:00:00-05:00,12.0,48,0.0,,270,9.0,,1023.0,,5,1,2024-12-17 19:00:00,KNYC0
2024-12-17 20:00:00-05:00,11.0,50,0.0,,240,7.0,,1024.0,,7,3,2024-12-17 20:00:00,KNYC0
2024-12-17 21:00:00-05:00,11.0,44,0.0,,270,9.0,,1024.0,,6,3,2024-12-17 21:00:00,KNYC0
2024-12-17 22:00:00-05:00,11.0,44,0.0,,270,6.0,,1024.0,,1,3,2024-12-17 22:00:00,KNYC0
2024-12-17 23:00:00-05:00,10.0,44,0.0,,300,13.0,,1024.0,,1,1,2024-12-17 23:00:00,KNYC0
2024-12-18 00:00:00-05:00,8.0,58,0.0,,317,6.0,,1025.0,,0,2,2024-12-18 00:00:00,KNYC0
2024-12-18 01:00:00-05:00,8.0,58,0.0,,335,7.0,,1025.0,,0,1,2024-12-18 01:00:00,KNYC0
2024-12-18 02:00:00-05:00,7.0,58,0.0,,338,5.4,,1025.0,,0,1,2024-12-18 02:00:00,KNYC0
2024-12-18 03:00:00-05:00,7.0,58,0.0,,283,3.6,,1025.0,,0,1,2024-12-18 03:00:00,KNYC0
2024-12-18 04:00:00-05:00,7.0,55,0.0,,253,2.9,,1026.0,,0,1,2024-12-18 04:00:00,KNYC0
2024-12-18 05:00:00-05:00,6.0,57,0.0,,180,3.6,,1026.0,,0,1,2024-12-18 05:00:00,KNYC0
2024-12-18 06:00:00-05:00,6.0,57,0.0,,30,6.0,,1026.0,,0,1,2024-12-18 06:00:00,KNYC0
2024-12-18 07:00:00-05:00,7.0,55,0.0,,196,2.5,,1026.0,,0,1,2024-12-18 07:00:00,KNYC0
2024-12-18 08:00:00-05:00,8.0,53,0.0,,281,2.2,,1026.0,,0,1,2024-12-18 08:00:00,KNYC0
2024-12-18 09:00:00-05:00,9.0,50,0.0,,190,6.0,,1025.0,,0,1,2024-12-18 09:00:00,KNYC0
2024-12-18 10:00:00-05:00,10.0,48,0.0,,201,6.0,,1025.0,,0,1,2024-12-18 10:00:00,KNYC0
2024-12-18 11:00:00-05:00,11.0,44,0.0,,150,7.0,,1023.0,,0,1,2024-12-18 11:00:00,KNYC0
2024-12-18 12:00:00-05:00,12.0,43,0.0,,154,9.0,,1022.0,,1,1,2024-12-18 12:00:00,KNYC0
2024-12-18 13:00:00-05:00,12.0,41,0.0,,130,9.0,,1021.0,,3,1,2024-12-18 13:00:00,KNYC0
2024-12-18 14:00:00-05:00,12.0,41,0.0,,140,6.0,,1019.0,,2,3,2024-12-18 14:00:00,KNYC0
2024-12-18 15:00:00-05:00,11.0,43,0.0,,156,7.0,,1018.0,,5,2,2024-12-18 15:00:00,KNYC0
2024-12-18 16:00:00-05:00,11.0,46,0.0,,122,9.0,,1017.0,,8,3,2024-12-18 16:00:00,KNYC0
2024-12-18 17:00:00-05:00,11.0,56,0.0,,116,7.9,,1016.0,,8,3,2024-12-18 17:00:00,KNYC0
2024-12-18 18:00:00-05:00,9.0,80,0.0,,140,7.0,,1016.0,,8,3,2024-12-18 18:00:00,KNYC0
2024-12-18 19:00:00-05:00,8.0,90,0.6,,40,7.0,,1016.0,,8,8,2024-12-18 19:00:00,KNYC0
2024-12-18 20:00:00-05:00,7.0,90,3.5,,350,10.4,,1015.0,,8,5,2024-12-18 20:00:00,KNYC0
2024-12-18 21:00:00-05:00,7.0,93,0.2,,21,7.2,,1016.0,,8,7,2024-12-18 21:00:00,KNYC0
2024-12-18 22:00:00-05:00,7.0,89,0.2,,333,7.6,,1015.0,,8,7,2024-12-18 22:00:00,KNYC0
2024-12-18 23:00:00-05:00,7.0,89,0.7,,300,7.0,,1016.0,,8,8,2024-12-18 23:00:00,KNYC0
2024-12-19 00:00:00-05:00,7.0,89,0.6,,300,13.0,,1016.0,,8,8,2024-12-19 00:00:00,KNYC0
2024-12-19 01:00:00-05:00,6.0,89,0.2,,300,11.0,,1017.0,,8,7,2024-12-19 01:00:00,KNYC0
2024-12-19 02:00:00-05:00,6.0,73,0.0,,300,13.0,,1019.0,,8,3,2024-12-19 02:00:00,KNYC0
2024-12-19 03:00:00-05:00,5.0,70,0.0,,300,22.0,,1020.0,,8,3,2024-12-19 03:00:00,KNYC0
2024-12-19 04:00:00-05:00,6.0,64,0.0,,300,20.0,,1020.0,,8,3,2024-12-19 04:00:00,KNYC0
2024-12-19 05:00:00-05:00,5.0,60,0.0,,300,19.0,,1022.0,,1,3,2024-12-19 05:00:00,KNYC0
2024-12-19 06:00:00-05:00,4.0,60,0.0,,290,11.0,,1023.0,,0,1,2024-12-19 06:00:00,KNYC0
2024-12-19 07:00:00-05:00,4.0,60,0.0,,315,7.0,,1024.0,,0,1,2024-12-19 07:00:00,KNYC0
2024-12-19 08:00:00-05:00,5.0,57,0.0,,317,14.0,,1024.0,,0,1,2024-12-19 08:00:00,KNYC0
2024-12-19 09:00:00-05:00,6.0,50,0.0,,310,17.0,,1025.0,,0,1,2024-12-19 09:00:00,KNYC0
2024-12-19 10:00:00-05:00,6.0,51,0.0,,322,9.0,,1025.0,,1,1,2024-12-19 10:00:00,KNYC0
2024-12-19 11:00:00-05:00,7.0,49,0.0,,327,12.6,,1025.0,,1,1,2024-12-19 11:00:00,KNYC0
2024-12-19 12:00:00-05:00,6.0,43,0.0,,310,13.0,,1025.0,,1,2,2024-12-19 12:00:00,KNYC0
2024-12-19 13:00:00-05:00,6.0,45,0.0,,310,9.0,,1024.0,,7,1,2024-12-19 13:00:00,KNYC0
2024-12-19 14:00:00-05:00,6.0,53,0.0,,325,12.6,,1024.4,,8,3,2024-12-19 14:00:00,KNYC0
2024-12-19 15:00:00-05:00,5.0,45,0.0,,331,6.0,,1026.0,,8,3,2024-12-19 15:00:00,KNYC0
2024-12-19 16:00:00-05:00,5.0,46,0.0,,331,9.0,,1026.0,,8,3,2024-12-19 16:00:00,KNYC0
2024-12-19 17:00:00-05:00,4.0,48,0.0,,332,9.0,,1027.0,,8,3,2024-12-19 17:00:00,KNYC0
2024-12-19 18:00:00-05:00,4.0,46,0.0,,360,15.0,,1027.0,,8,3,2024-12-19 18:00:00,KNYC0
2024-12-19 19:00:00-05:00,3.0,48,0.0,,346,9.0,,1027.0,,8,3,2024-12-19 19:00:00,KNYC0
2024-12-19 20:00:00-05:00,3.0,52,0.0,,352,7.6,,1027.0,,8,3,2024-12-19 20:00:00,KNYC0
2024-12-19 21:00:00-05:00,3.0,52,0.0,,10,7.0,,1027.0,,8,3,2024-12-19 21:00:00,KNYC0
2024-12-19 22:00:00-05:00,3.0,52,0.0,,60,9.0,,1026.0,,8,3,2024-12-19 22:00:00,KNYC0
2024-12-19 23:00:00-05:00,3.0,52,0.0,,40,13.0,,1025.0,,8,3,2024-12-19 23:00:00,KNYC0
2024-12-20 00:00:00-05:00,2.0,52,0.0,,40,13.0,,1025.0,,8,3,2024-12-20 00:00:00,KNYC0
2024-12-20 01:00:00-05:00,2.0,54,0.0,,60,13.0,,1025.0,,8,3,2024-12-20 01:00:00,KNYC0
2024-12-20 02:00:00-05:00,2.0,56,0.0,,40,7.9,,1024.0,,8,3,2024-12-20 02:00:00,KNYC0
2024-12-20 03:00:00-05:00,3.0,59,0.0,,70,13.0,,1023.0,,8,3,2024-12-20 03:00:00,KNYC0
2024-12-20 04:00:00-05:00,2.0,59,0.0,,41,9.0,,1023.0,,8,3,2024-12-20 04:00:00,KNYC0
2024-12-20 05:00:00-05:00,2.0,62,0.0,,50,15.0,,1022.0,,8,3,2024-12-20 05:00:00,KNYC0
2024-12-20 06:00:00-05:00,2.0,64,0.0,,50,7.0,,1022.0,,8,3,2024-12-20 06:00:00,KNYC0
2024-12-20 07:00:00-05:00,2.0,67,0.0,,50,15.0,,1020.0,,7,3,2024-12-20 07:00:00,KNYC0
2024-12-20 08:00:00-05:00,2.0,70,0.0,,50,17.0,,1020.0,,8,3,2024-12-20 08:00:00,KNYC0
2024-12-20 09:00:00-05:00,2.0,70,0.0,,50,20.0,,1020.0,,8,3,2024-12-20 09:00:00,KNYC0
2024-12-20 10:00:00-05:00,3.0,67,0.0,,60,19.0,,1019.0,,8,3,2024-12-20 10:00:00,KNYC0
2024-12-20 11:00:00-05:00,2.0,73,0.0,,60,17.0,,1017.0,,8,3,2024-12-20 11:00:00,KNYC0
2024-12-20 12:00:00-05:00,2.0,78,0.0,,50,17.0,,1016.0,,8,3,2024-12-20 12:00:00,KNYC0
2024-12-20 13:00:00-05:00,2.0,82,0.3,,50,13.0,,1015.0,,8,12,2024-12-20 13:00:00,KNYC0
2024-12-20 14:00:00-05:00,1.0,88,0.6,,30,19.0,,1014.0,,8,12,2024-12-20 14:00:00,KNYC0
2024-12-20 15:00:00-05:00,2.0,85,0.3,,30,17.0,,1014.0,,8,12,2024-12-20 15:00:00,KNYC0
2024-12-20 16:00:00-05:00,2.0,82,0.2,,40,13.0,,1014.0,,8,12,2024-12-20 16:00:00,KNYC0
2024-12-20 17:00:00-05:00,2.0,82,0.3,,40,15.0,,1014.0,,8,12,2024-12-20 17:00:00,KNYC0
2024-12-20 18:00:00-05:00,2.0,78,0.1,,30,19.0,,1014.0,,8,12,2024-12-20 18:00:00,KNYC0
2024-12-20 19:00:00-05:00,2.0,75,0.0,,50,15.0,,1013.0,,8,3,2024-12-20 19:00:00,KNYC0
2024-12-20 20:00:00-05:00,2.0,75,0.0,,20,13.0,,1013.0,,8,3,2024-12-20 20:00:00,KNYC0
2024-12-20 21:00:00-05:00,2.0,78,0.0,,50,9.0,,1013.0,,8,3,2024-12-20 21:00:00,KNYC0
2024-12-20 22:00:00-05:00,1.0,85,0.0,,15,11.0,,1013.0,,8,3,2024-12-20 22:00:00,KNYC0
2024-12-20 23:00:00-05:00,1.0,80,0.1,,8,6.0,,1012.0,,8,14,2024-12-20 23:00:00,KNYC0
2024-12-21 00:00:00-05:00,0.0,81,0.1,,353,6.0,,1012.0,,8,14,2024-12-21 00:00:00,KNYC0
2024-12-21 01:00:00-05:00,0.0,81,0.1,,336,8.6,,1012.0,,8,14,2024-12-21 01:00:00,KNYC0
2024-12-21 02:00:00-05:00,0.0,81,0.2,,334,9.0,,1012.0,,8,14,2024-12-21 02:00:00,KNYC0
2024-12-21 03:00:00-05:00,-1.0,89,0.4,,350,9.0,,1013.0,,8,15,2024-12-21 03:00:00,KNYC0
2024-12-21 04:00:00-05:00,-1.0,89,0.6,,340,7.0,,1013.0,,8,15,2024-12-21 04:00:00,KNYC0
2024-12-21 05:00:00-05:00,-1.0,88,0.5,,348,9.0,,1014.0,,8,15,2024-12-21 05:00:00,KNYC0
2024-12-21 06:00:00-05:00,-2.0,89,0.6,,343,11.5,,1015.0,,8,15,2024-12-21 06:00:00,KNYC0
2024-12-21 07:00:00-05:00,-2.0,89,0.5,,335,11.2,,1015.0,,8,15,2024-12-21 07:00:00,KNYC0
2024-12-21 08:00:00-05:00,-1.0,85,0.2,,314,7.0,,1016.0,,8,14,2024-12-21 08:00:00,KNYC0
2024-12-21 09:00:00-05:00,-2.0,69,0.0,,300,22.0,,1017.0,,7,3,2024-12-21 09:00:00,KNYC0
2024-12-21 10:00:00-05:00,-2.0,51,0.0,,300,30.0,,1018.0,,2,3,2024-12-21 10:00:00,KNYC0
2024-12-21 11:00:00-05:00,-2.0,48,0.0,,300,20.0,,1018.0,,0,2,2024-12-21 11:00:00,KNYC0
2024-12-21 12:00:00-05:00,-2.0,48,0.0,,310,28.0,,1018.0,,0,1,2024-12-21 12:00:00,KNYC0
2024-12-21 13:00:00-05:00,-2.0,48,0.0,,300,20.0,,1018.0,,3,1,2024-12-21 13:00:00,KNYC0
2024-12-21 14:00:00-05:00,-2.0,45,0.0,,316,22.3,,1019.0,,3,3,2024-12-21 14:00:00,KNYC0
2024-12-21 15:00:00-05:00,-2.0,46,0.0,,310,19.4,,1020.0,,4,2,2024-12-21 15:00:00,KNYC0
2024-12-21 16:00:00-05:00,-3.0,42,0.0,,320,19.0,,1021.0,,5,3,2024-12-21 16:00:00,KNYC0
2024-12-21 17:00:00-05:00,-3.0,42,0.0,,310,26.0,,1022.0,,5,3,2024-12-21 17:00:00,KNYC0
2024-12-21 18:00:00-05:00,-4.0,41,0.0,,300,22.0,,1023.0,,7,3,2024-12-21 18:00:00,KNYC0
2024-12-21 19:00:00-05:00,-5.0,45,0.0,,310,22.0,,1023.0,,8,3,2024-12-21 19:00:00,KNYC0
2024-12-21 20:00:00-05:00,-5.0,48,0.0,,300,19.0,,1024.0,,4,3,2024-12-21 20:00:00,KNYC0
2024-12-21 21:00:00-05:00,-6.0,50,0.0,,310,20.0,,1024.0,,3,3,2024-12-21 21:00:00,KNYC0
2024-12-21 22:00:00-05:00,-7.0,54,0.0,,322,11.0,,1025.0,,0,2,2024-12-21 22:00:00,KNYC0
2024-12-21 23:00:00-05:00,-7.0,52,0.0,,310,19.0,,1025.0,,0,1,2024-12-21 23:00:00,KNYC0
2024-12-22 00:00:00-05:00,-7.0,54,0.0,,280,19.0,,1025.0,,0,1,2024-12-22 00:00:00,KNYC0
2024-12-22 01:00:00-05:00,-8.0,56,0.0,,280,19.0,,1026.0,,3,1,2024-12-22 01:00:00,KNYC0
2024-12-22 02:00:00-05:00,-8.0,56,0.0,,280,13.0,,1027.0,,7,2,2024-12-22 02:00:00,KNYC0
2024-12-22 03:00:00-05:00,-8.0,56,0.0,,280,17.0,,1027.0,,8,3,2024-12-22 03:00:00,KNYC0
2024-12-22 04:00:00-05:00,-8.0,59,0.0,,300,13.0,,1028.0,,3,3,2024-12-22 04:00:00,KNYC0
2024-12-22 05:00:00-05:00,-8.0,56,0.0,,280,15.0,,1028.0,,0,3,2024-12-22 05:00:00,KNYC0
2024-12-22 06:00:00-05:00,-9.0,58,0.0,,330,9.0,,1030.0,,0,1,2024-12-22 06:00:00,KNYC0
2024-12-22 07:00:00-05:00,-9.0,51,0.0,,335,15.1,,1031.0,,0,1,2024-12-22 07:00:00,KNYC0
2024-12-22 08:00:00-05:00,-9.0,47,0.0,,328,13.7,,1032.0,,0,1,2024-12-22 08:00:00,KNYC0
2024-12-22 09:00:00-05:00,-9.0,44,0.0,,290,13.0,,1032.0,,0,1,2024-12-22 09:00:00,KNYC0
2024-12-22 10:00:00-05:00,-9.0,42,0.0,,334,13.7,,1032.0,,0,1,2024-12-22 10:00:00,KNYC0
2024-12-22 11:00:00-05:00,-8.0,41,0.0,,337,13.3,,1032.0,,0,1,2024-12-22 11:00:00,KNYC0
2024-12-22 12:00:00-05:00,-7.0,37,0.0,,334,13.0,,1031.0,,0,1,2024-12-22 12:00:00,KNYC0
2024-12-22 13:00:00-05:00,-7.0,36,0.0,,350,13.0,,1032.0,,1,1,2024-12-22 13:00:00,KNYC0
2024-12-22 14:00:00-05:00,-7.0,37,0.0,,331,11.9,,1032.0,,0,1,2024-12-22 14:00:00,KNYC0
2024-12-22 15:00:00-05:00,-7.0,36,0.0,,335,11.2,,1033.0,,2,1,2024-12-22 15:00:00,KNYC0
2024-12-22 16:00:00-05:00,-7.0,39,0.0,,341,6.0,,1034.0,,1,2,2024-12-22 16:00:00,KNYC0
2024-12-22 17:00:00-05:00,-7.0,39,0.0,,358,8.3,,1035.0,,2,2,2024-12-22 17:00:00,KNYC0
2024-12-22 18:00:00-05:00,-7.0,39,0.0,,310,13.0,,1035.0,,1,2,2024-12-22 18:00:00,KNYC0
2024-12-22 19:00:00-05:00,-8.0,46,0.0,,6,9.0,,1036.0,,1,2,2024-12-22 19:00:00,KNYC0
2024-12-22 20:00:00-05:00,-9.0,51,0.0,,360,11.0,,1036.0,,0,1,2024-12-22 20:00:00,KNYC0
2024-12-22 21:00:00-05:00,-10.0,53,0.0,,40,15.0,,1037.0,,0,1,2024-12-22 21:00:00,KNYC0
2024-12-22 22:00:00-05:00,-10.0,51,0.0,,10,9.0,,1037.0,,0,1,2024-12-22 22:00:00,KNYC0
2024-12-22 23:00:00-05:00,-10.0,51,0.0,,348,9.0,,1037.0,,0,1,2024-12-22 23:00:00,KNYC0
2024-12-23 00:00:00-05:00,-10.0,56,0.0,,20,9.0,,1037.0,,0,1,2024-12-23 00:00:00,KNYC0
2024-12-23 01:00:00-05:00,-11.0,58,0.0,,358,8.6,,1037.0,,0,1,2024-12-23 01:00:00,KNYC0
2024-12-23 02:00:00-05:00,-10.0,56,0.0,,20,13.0,,1037.0,,0,1,2024-12-23 02:00:00,KNYC0
2024-12-23 03:00:00-05:00,-10.0,58,0.0,,3,7.2,,1037.0,,0,1,2024-12-23 03:00:00,KNYC0
2024-12-23 04:00:00-05:00,-10.0,48,0.0,,40,13.0,,1037.0,,0,1,2024-12-23 04:00:00,KNYC0
2024-12-23 05:00:00-05:00,-11.0,61,0.0,,320,6.0,,1038.0,,0,1,2024-12-23 05:00:00,KNYC0
2024-12-23 06:00:00-05:00,-11.0,58,0.0,,20,9.0,,1038.0,,0,1,2024-12-23 06:00:00,KNYC0
2024-12-23 07:00:00-05:00,-10.0,61,0.0,,351,4.0,,1039.0,,0,1,2024-12-23 07:00:00,KNYC0
2024-12-23 08:00:00-05:00,-9.0,56,0.0,,341,4.0,,1039.0,,0,1,2024-12-23 08:00:00,KNYC0
2024-12-23 09:00:00-05:00,-7.0,54,0.0,,343,3.6,,1039.0,,0,1,2024-12-23 09:00:00,KNYC0
2024-12-23 10:00:00-05:00,-7.0,54,0.0,,360,11.0,,1039.0,,3,1,2024-12-23 10:00:00,KNYC0
2024-12-23 11:00:00-05:00,-7.0,49,0.0,,340,2.2,,1039.0,,1,3,2024-12-23 11:00:00,KNYC0
2024-12-23 12:00:00-05:00,-5.0,36,0.0,,270,2.2,,1037.0,,0,1,2024-12-23 12:00:00,KNYC0
2024-12-23 13:00:00-05:00,-3.0,34,0.0,,140,7.0,,1036.0,,0,1,2024-12-23 13:00:00,KNYC0
2024-12-23 14:00:00-05:00,-3.0,31,0.0,,140,6.0,,1035.0,,1,1,2024-12-23 14:00:00,KNYC0
2024-12-23 15:00:00-05:00,-3.0,35,0.0,,188,7.0,,1035.0,,1,1,2024-12-23 15:00:00,KNYC0
2024-12-23 16:00:00-05:00,-4.0,42,0.0,,191,5.0,,1035.0,,4,2,2024-12-23 16:00:00,KNYC0
2024-12-23 17:00:00-05:00,-4.0,48,0.0,,208,4.3,,1035.0,,6,3,2024-12-23 17:00:00,KNYC0
2024-12-23 18:00:00-05:00,-3.0,53,0.0,,288,4.3,,1035.0,,7,3,2024-12-23 18:00:00,KNYC0
2024-12-23 19:00:00-05:00,-2.0,51,0.0,,170,6.0,,1034.0,,8,3,2024-12-23 19:00:00,KNYC0
2024-12-23 20:00:00-05:00,-2.0,49,0.0,,253,4.3,,1033.0,,8,3,2024-12-23 20:00:00,KNYC0
2024-12-23 21:00:00-05:00,-2.0,53,0.0,,210,7.0,,1032.0,,8,3,2024-12-23 21:00:00,KNYC0
2024-12-23 22:00:00-05:00,-1.0,60,0.0,,198,6.0,,1031.0,,8,3,2024-12-23 22:00:00,KNYC0
2024-12-23 23:00:00-05:00,-1.0,63,0.0,,250,9.0,,1030.0,,8,3,2024-12-23 23:00:00,KNYC0
2024-12-24 00:00:00-05:00,-1.0,66,0.0,,218,9.0,,1030.0,,8,3,2024-12-24 00:00:00,KNYC0
2024-12-24 01:00:00-05:00,-1.0,49,0.0,,260,15.0,,1030.0,,8,3,2024-12-24 01:00:00,KNYC0
2024-12-24 02:00:00-05:00,-1.0,45,0.0,,225,9.4,,1029.0,,8,3,2024-12-24 02:00:00,KNYC0
2024-12-24 03:00:00-05:00,-1.0,49,0.0,,240,9.0,,1028.0,,8,3,2024-12-24 03:00:00,KNYC0
2024-12-24 04:00:00-05:00,-1.0,49,0.0,,238,7.0,,1027.0,,8,3,2024-12-24 04:00:00,KNYC0
2024-12-24 05:00:00-05:00,-1.0,51,0.0,,228,7.0,,1027.0,,8,3,2024-12-24 05:00:00,KNYC0
2024-12-24 06:00:00-05:00,-1.0,54,0.0,,250,13.0,,1026.0,,8,3,2024-12-24 06:00:00,KNYC0
2024-12-24 07:00:00-05:00,-1.0,63,0.0,,235,6.0,,1026.0,,8,3,2024-12-24 07:00:00,KNYC0
2024-12-24 08:00:00-05:00,-2.0,82,0.8,,238,7.0,,1026.0,,8,15,2024-12-24 08:00:00,KNYC0
2024-12-24 09:00:00-05:00,-2.0,85,1.1,,220,7.2,,1026.0,,8,16,2024-12-24 09:00:00,KNYC0
2024-12-24 10:00:00-05:00,-1.0,76,0.2,,240,13.0,,1025.0,,8,14,2024-12-24 10:00:00,KNYC0
2024-12-24 11:00:00-05:00,-1.7,84,0.0,,231,7.9,,1024.9,,8,3,2024-12-24 11:00:00,KNYC0
2024-12-24 12:00:00-05:00,1.0,69,0.0,,231,7.6,,1024.0,,3,3,2024-12-24 12:00:00,KNYC0
2024-12-24 13:00:00-05:00,2.0,64,0.0,,290,9.0,,1023.0,,6,3,2024-12-24 13:00:00,KNYC0
2024-12-24 14:00:00-05:00,3.0,62,0.0,,310,7.0,,1024.0,,1,3,2024-12-24 14:00:00,KNYC0
2024-12-24 15:00:00-05:00,4.0,59,0.0,,212,6.5,,1024.0,,2,2,2024-12-24 15:00:00,KNYC0
2024-12-24 16:00:00-05:00,4.0,59,0.0,,300,7.0,,1025.0,,7,2,2024-12-24 16:00:00,KNYC0
2024-12-24 17:00:00-05:00,3.0,62,0.0,,261,9.0,,1025.0,,4,3,2024-12-24 17:00:00,KNYC0
2024-12-24 18:00:00-05:00,3.0,62,0.0,,280,7.0,,1026.0,,2,3,2024-12-24 18:00:00,KNYC0
2024-12-24 19:00:00-05:00,3.0,59,0.0,,323,6.0,,1026.0,,2,2,2024-12-24 19:00:00,KNYC0
2024-12-24 20:00:00-05:00,2.0,64,0.0,,328,7.9,,1026.0,,5,2,2024-12-24 20:00:00,KNYC0
2024-12-24 21:00:00-05:00,3.0,61,0.0,,318,6.0,,1027.0,,7,3,2024-12-24 21:00:00,KNYC0
2024-12-24 22:00:00-05:00,2.0,64,0.0,,10,11.0,,1027.0,,8,3,2024-12-24 22:00:00,KNYC0
2024-12-24 23:00:00-05:00,1.0,64,0.0,,20,7.0,,1027.0,,7,3,2024-12-24 23:00:00,KNYC0
2024-12-25 00:00:00-05:00,1.0,69,0.0,,355,6.0,,1027.0,,7,3,2024-12-25 00:00:00,KNYC0
2024-12-25 01:00:00-05:00,1.0,69,0.0,,345,6.1,,1027.0,,1,3,2024-12-25 01:00:00,KNYC0
2024-12-25 02:00:00-05:00,0.0,69,0.0,,350,7.0,,1028.0,,1,2,2024-12-25 02:00:00,KNYC0
2024-12-25 03:00:00-05:00,0.0,72,0.0,,340,6.5,,1028.0,,0,1,2024-12-25 03:00:00,KNYC0
2024-12-25 04:00:00-05:00,1.0,69,0.0,,332,7.2,,1028.0,,2,1,2024-12-25 04:00:00,KNYC0
2024-12-25 05:00:00-05:00,1.0,69,0.0,,355,8.3,,1028.0,,2,2,2024-12-25 05:00:00,KNYC0
2024-12-25 06:00:00-05:00,1.0,66,0.0,,7,8.6,,1029.0,,0,2,2024-12-25 06:00:00,KNYC0
2024-12-25 07:00:00-05:00,1.0,63,0.0,,352,6.0,,1029.0,,2,1,2024-12-25 07:00:00,KNYC0
2024-12-25 08:00:00-05:00,1.0,63,0.0,,354,6.0,,1030.0,,1,2,2024-12-25 08:00:00,KNYC0
2024-12-25 09:00:00-05:00,1.0,61,0.0,,40,15.0,,1030.0,,1,1,2024-12-25 09:00:00,KNYC0
2024-12-25 10:00:00-05:00,1.0,61,0.0,,20,11.0,,1030.0,,5,2,2024-12-25 10:00:00,KNYC0
2024-12-25 11:00:00-05:00,1.0,61,0.0,,357,7.0,,1030.0,,6,3,2024-12-25 11:00:00,KNYC0
2024-12-25 12:00:00-05:00,1.0,56,0.0,,354,11.0,,1029.0,,8,3,2024-12-25 12:00:00,KNYC0
2024-12-25 13:00:00-05:00,1.0,52,0.0,,345,10.4,,1028.0,,7,3,2024-12-25 13:00:00,KNYC0
2024-12-25 14:00:00-05:00,2.0,49,0.0,,344,9.0,,1029.0,,5,3,2024-12-25 14:00:00,KNYC0
2024-12-25 15:00:00-05:00,1.0,50,0.0,,290,7.0,,1029.0,,0,3,2024-12-25 15:00:00,KNYC0
2024-12-25 16:00:00-05:00,1.0,50,0.0,,355,6.0,,1030.0,,0,1,2024-12-25 16:00:00,KNYC0
2024-12-25 17:00:00-05:00,1.0,56,0.0,,7,6.8,,1030.0,,5,1,2024-12-25 17:00:00,KNYC0
2024-12-25 18:00:00-05:00,0.0,58,0.0,,50,13.0,,1030.0,,8,3,2024-12-25 18:00:00,KNYC0
2024-12-25 19:00:00-05:00,0.0,56,0.0,,40,7.0,,1031.0,,8,3,2024-12-25 19:00:00,KNYC0
2024-12-25 20:00:00-05:00,-1.0,61,0.0,,40,13.0,,1031.0,,6,3,2024-12-25 20:00:00,KNYC0
2024-12-25 21:00:00-05:00,-1.0,60,0.0,,358,11.2,,1031.0,,6,3,2024-12-25 21:00:00,KNYC0
2024-12-25 22:00:00-05:00,-2.0,58,0.0,,20,13.0,,1031.0,,8,3,2024-12-25 22:00:00,KNYC0
2024-12-25 23:00:00-05:00,-2.0,60,0.0,,340,7.0,,1031.0,,8,3,2024-12-25 23:00:00,KNYC0
2024-12-26 00:00:00-05:00,-2.0,63,0.0,,354,6.0,,1031.0,,8,3,2024-12-26 00:00:00,KNYC0
2024-12-26 01:00:00-05:00,-3.0,63,0.0,,355,7.9,,1031.0,,8,3,2024-12-26 01:00:00,KNYC0
2024-12-26 02:00:00-05:00,-3.0,60,0.0,,20,9.0,,1031.0,,8,3,2024-12-26 02:00:00,KNYC0
2024-12-26 03:00:00-05:00,-3.0,68,0.0,,310,6.0,,1032.0,,7,3,2024-12-26 03:00:00,KNYC0
2024-12-26 04:00:00-05:00,-3.0,68,0.0,,20,9.0,,1032.0,,7,3,2024-12-26 04:00:00,KNYC0
2024-12-26 05:00:00-05:00,-3.0,71,0.0,,330,7.0,,1032.0,,0,3,2024-12-26 05:00:00,KNYC0
2024-12-26 06:00:00-05:00,-4.0,72,0.0,,350,6.0,,1033.0,,0,1,2024-12-26 06:00:00,KNYC0
2024-12-26 07:00:00-05:00,-4.0,72,0.0,,20,7.0,,1033.0,,0,1,2024-12-26 07:00:00,KNYC0
2024-12-26 08:00:00-05:00,-2.0,63,0.0,,353,7.9,,1033.0,,0,1,2024-12-26 08:00:00,KNYC0
2024-12-26 09:00:00-05:00,-2.0,66,0.0,,350,9.0,,1034.0,,0,1,2024-12-26 09:00:00,KNYC0
2024-12-26 10:00:00-05:00,-1.0,58,0.0,,346,6.1,,1033.0,,0,1,2024-12-26 10:00:00,KNYC0
2024-12-26 11:00:00-05:00,1.0,47,0.0,,339,6.0,,1032.0,,0,1,2024-12-26 11:00:00,KNYC0
2024-12-26 12:00:00-05:00,1.0,47,0.0,,340,6.0,,1032.0,,0,1,2024-12-26 12:00:00,KNYC0
2024-12-26 13:00:00-05:00,2.0,45,0.0,,349,6.0,,1031.0,,0,1,2024-12-26 13:00:00,KNYC0
2024-12-26 14:00:00-05:00,2.0,45,0.0,,3,4.0,,1031.0,,0,1,2024-12-26 14:00:00,KNYC0
2024-12-26 15:00:00-05:00,2.0,44,0.0,,7,3.2,,1031.0,,0,1,2024-12-26 15:00:00,KNYC0
2024-12-26 16:00:00-05:00,1.0,47,0.0,,350,7.0,,1032.0,,0,1,2024-12-26 16:00:00,KNYC0
2024-12-26 17:00:00-05:00,1.0,47,0.0,,354,4.7,,1032.0,,0,1,2024-12-26 17:00:00,KNYC0
2024-12-26 18:00:00-05:00,1.0,56,0.0,,30,9.0,,1032.0,,0,1,2024-12-26 18:00:00,KNYC0
2024-12-26 19:00:00-05:00,1.0,51,0.0,,20,9.0,,1032.0,,0,1,2024-12-26 19:00:00,KNYC0
2024-12-26 20:00:00-05:00,0.0,61,0.0,,30,7.0,,1032.0,,0,1,2024-12-26 20:00:00,KNYC0
2024-12-26 21:00:00-05:00,0.0,61,0.0,,10,6.0,,1032.0,,0,1,2024-12-26 21:00:00,KNYC0
2024-12-26 22:00:00-05:00,-1.0,66,0.0,,350,6.0,,1032.0,,0,1,2024-12-26 22:00:00,KNYC0
2024-12-26 23:00:00-05:00,-2.0,66,0.0,,344,5.4,,1032.0,,0,1,2024-12-26 23:00:00,KNYC0
2024-12-27 00:00:00-05:00,-2.0,66,0.0,,335,6.1,,1032.0,,0,1,2024-12-27 00:00:00,KNYC0
2024-12-27 01:00:00-05:00,-2.0,63,0.0,,349,6.1,,1032.0,,0,1,2024-12-27 01:00:00,KNYC0
2024-12-27 02:00:00-05:00,-2.0,60,0.0,,358,6.1,,1032.0,,0,1,2024-12-27 02:00:00,KNYC0
2024-12-27 03:00:00-05:00,-3.0,63,0.0,,352,5.8,,1032.0,,0,1,2024-12-27 03:00:00,KNYC0
2024-12-27 04:00:00-05:00,-3.0,66,0.0,,350,5.8,,1032.0,,0,1,2024-12-27 04:00:00,KNYC0
2024-12-27 05:00:00-05:00,-3.0,71,0.0,,346,5.4,,1033.0,,0,1,2024-12-27 05:00:00,KNYC0
2024-12-27 06:00:00-05:00,-3.0,69,0.0,,351,5.8,,1033.0,,0,1,2024-12-27 06:00:00,KNYC0
2024-12-27 07:00:00-05:00,-9.1,85,0.0,,354,5.0,,1032.7,,3,1,2024-12-27 07:00:00,KNYC0
2024-12-27 08:00:00-05:00,-8.4,84,0.0,,360,5.0,,1032.5,,8,2,2024-12-27 08:00:00,KNYC0
2024-12-27 09:00:00-05:00,0.0,64,0.0,,352,5.8,,1033.0,,8,3,2024-12-27 09:00:00,KNYC0
2024-12-27 10:00:00-05:00,1.0,54,0.0,,300,6.0,,1033.0,,8,3,2024-12-27 10:00:00,KNYC0
2024-12-27 11:00:00-05:00,3.0,50,0.0,,3,3.2,,1031.0,,8,3,2024-12-27 11:00:00,KNYC0
2024-12-27 12:00:00-05:00,5.0,48,0.0,,83,1.4,,1030.0,,7,3,2024-12-27 12:00:00,KNYC0
2024-12-27 13:00:00-05:00,5.0,55,0.0,,250,9.0,,1030.0,,7,3,2024-12-27 13:00:00,KNYC0
2024-12-27 14:00:00-05:00,6.0,55,0.0,,260,7.0,,1030.0,,8,3,2024-12-27 14:00:00,KNYC0
2024-12-27 15:00:00-05:00,6.0,55,0.0,,180,5.8,,1029.0,,8,3,2024-12-27 15:00:00,KNYC0
2024-12-27 16:00:00-05:00,5.0,60,0.0,,170,5.8,,1029.0,,7,3,2024-12-27 16:00:00,KNYC0
2024-12-27 17:00:00-05:00,5.0,65,0.0,,177,9.0,,1030.0,,7,3,2024-12-27 17:00:00,KNYC0
2024-12-27 18:00:00-05:00,6.0,67,0.0,,220,6.0,,1030.0,,5,3,2024-12-27 18:00:00,KNYC0
2024-12-27 19:00:00-05:00,6.0,67,0.0,,161,2.9,,1030.0,,8,3,2024-12-27 19:00:00,KNYC0
2024-12-27 20:00:00-05:00,6.0,67,0.0,,113,6.0,,1029.0,,8,3,2024-12-27 20:00:00,KNYC0
2024-12-27 21:00:00-05:00,6.0,68,0.0,,345,0.7,,1028.0,,8,3,2024-12-27 21:00:00,KNYC0
2024-12-27 22:00:00-05:00,6.0,68,0.0,,344,0.7,,1028.0,,8,3,2024-12-27 22:00:00,KNYC0
2024-12-27 23:00:00-05:00,6.0,68,0.0,,30,1.1,,1028.0,,8,3,2024-12-27 23:00:00,KNYC0
2024-12-28 00:00:00-05:00,7.0,68,0.0,,321,9.0,,1028.0,,8,3,2024-12-28 00:00:00,KNYC0
2024-12-28 01:00:00-05:00,6.0,76,0.0,,8,0.7,,1027.0,,8,3,2024-12-28 01:00:00,KNYC0
2024-12-28 02:00:00-05:00,6.0,81,0.0,,213,6.1,,1027.0,,8,3,2024-12-28 02:00:00,KNYC0
2024-12-28 03:00:00-05:00,5.0,86,0.3,,227,4.7,,1027.0,,8,8,2024-12-28 03:00:00,KNYC0
2024-12-28 04:00:00-05:00,5.0,86,0.6,,287,4.3,,1026.0,,8,8,2024-12-28 04:00:00,KNYC0
2024-12-28 05:00:00-05:00,5.0,89,0.4,,254,2.5,,1026.0,,8,8,2024-12-28 05:00:00,KNYC0
2024-12-28 06:00:00-05:00,5.0,93,0.4,,60,6.0,,1026.0,,8,8,2024-12-28 06:00:00,KNYC0
2024-12-28 07:00:00-05:00,5.0,89,0.1,,51,1.4,,1026.0,,8,7,2024-12-28 07:00:00,KNYC0
2024-12-28 08:00:00-05:00,6.0,89,0.1,,104,2.9,,1026.0,,8,7,2024-12-28 08:00:00,KNYC0
2024-12-28 09:00:00-05:00,6.0,89,0.1,,50,6.0,,1026.0,,8,7,2024-12-28 09:00:00,KNYC0
2024-12-28 10:00:00-05:00,4.0,93,0.1,,260,5.4,,1027.0,,8,7,2024-12-28 10:00:00,KNYC0
2024-12-28 11:00:00-05:00,5.0,93,0.2,,268,5.0,,1026.0,,8,7,2024-12-28 11:00:00,KNYC0
2024-12-28 12:00:00-05:00,6.0,89,0.2,,239,5.8,,1025.0,,8,7,2024-12-28 12:00:00,KNYC0
2024-12-28 13:00:00-05:00,7.0,93,0.0,,226,5.4,,1024.0,,8,5,2024-12-28 13:00:00,KNYC0
2024-12-28 14:00:00-05:00,9.0,90,0.0,,222,6.8,,1024.0,,8,5,2024-12-28 14:00:00,KNYC0
2024-12-28 15:00:00-05:00,9.0,89,0.0,,192,6.0,,1024.0,,8,3,2024-12-28 15:00:00,KNYC0
2024-12-28 16:00:00-05:00,9.0,89,0.0,,202,7.6,,1024.0,,8,3,2024-12-28 16:00:00,KNYC0
2024-12-28 17:00:00-05:00,11.0,80,0.0,,280,6.0,,1024.0,,8,3,2024-12-28 17:00:00,KNYC0
2024-12-28 18:00:00-05:00,11.0,80,0.0,,290,6.0,,1024.0,,8,3,2024-12-28 18:00:00,KNYC0
2024-12-28 19:00:00-05:00,11.0,83,0.0,,210,5.8,,1024.0,,8,3,2024-12-28 19:00:00,KNYC0
2024-12-28 20:00:00-05:00,11.0,80,0.0,,243,5.4,,1024.0,,8,5,2024-12-28 20:00:00,KNYC0
2024-12-28 21:00:00-05:00,11.0,83,0.0,,240,4.7,,1024.0,,8,5,2024-12-28 21:00:00,KNYC0
2024-12-28 22:00:00-05:00,11.0,83,0.0,,243,5.8,,1024.0,,8,5,2024-12-28 22:00:00,KNYC0
2024-12-28 23:00:00-05:00,11.0,80,0.0,,300,7.0,,1024.0,,8,5,2024-12-28 23:00:00,KNYC0
2024-12-29 00:00:00-05:00,11.0,83,0.0,,281,5.0,,1024.0,,8,5,2024-12-29 00:00:00,KNYC0
2024-12-29 01:00:00-05:00,12.0,77,0.0,,306,4.7,,1023.0,,8,5,2024-12-29 01:00:00,KNYC0
2024-12-29 02:00:00-05:00,13.0,72,0.1,,270,7.0,,1023.0,,8,5,2024-12-29 02:00:00,KNYC0
2024-12-29 03:00:00-05:00,13.0,69,0.5,,270,7.0,,1023.0,,8,5,2024-12-29 03:00:00,KNYC0
2024-12-29 04:00:00-05:00,11.0,80,0.1,,334,1.4,,1023.0,,8,7,2024-12-29 04:00:00,KNYC0
2024-12-29 05:00:00-05:00,11.0,80,0.2,,50,6.0,,1022.0,,8,7,2024-12-29 05:00:00,KNYC0
2024-12-29 06:00:00-05:00,11.0,83,0.4,,55,1.4,,1022.0,,8,8,2024-12-29 06:00:00,KNYC0
2024-12-29 07:00:00-05:00,11.0,80,0.5,,50,6.0,,1022.0,,8,8,2024-12-29 07:00:00,KNYC0
2024-12-29 08:00:00-05:00,11.0,83,0.2,,80,7.6,,1022.0,,8,7,2024-12-29 08:00:00,KNYC0
2024-12-29 09:00:00-05:00,13.0,83,0.4,,130,7.0,,1021.0,,8,5,2024-12-29 09:00:00,KNYC0
2024-12-29 10:00:00-05:00,13.0,77,0.1,,146,9.4,,1021.0,,8,5,2024-12-29 10:00:00,KNYC0
2024-12-29 11:00:00-05:00,16.0,72,0.0,,130,7.0,,1019.0,,8,5,2024-12-29 11:00:00,KNYC0
2024-12-29 12:00:00-05:00,20.0,57,0.0,,140,6.0,,1018.0,,8,3,2024-12-29 12:00:00,KNYC0
2024-12-29 13:00:00-05:00,15.2,88,0.0,,166,7.0,,1017.0,,7,3,2024-12-29 13:00:00,KNYC0
2024-12-29 14:00:00-05:00,15.5,83,0.0,,160,13.0,,1016.0,,3,3,2024-12-29 14:00:00,KNYC0
2024-12-29 15:00:00-05:00,14.8,82,0.0,,170,11.0,,1015.0,,8,3,2024-12-29 15:00:00,KNYC0
2024-12-29 16:00:00-05:00,13.8,82,0.0,,150,11.0,,1015.0,,8,3,2024-12-29 16:00:00,KNYC0
2024-12-29 17:00:00-05:00,12.2,87,0.0,,168,17.6,,1014.0,,6,3,2024-12-29 17:00:00,KNYC0
2024-12-29 18:00:00-05:00,11.7,85,0.0,,166,11.0,,1014.0,,8,3,2024-12-29 18:00:00,KNYC0
2024-12-29 19:00:00-05:00,12.1,84,0.0,,166,9.0,,1012.0,,8,3,2024-12-29 19:00:00,KNYC0
2024-12-29 20:00:00-05:00,12.5,83,0.0,,160,19.0,,1012.0,,8,3,2024-12-29 20:00:00,KNYC0
2024-12-29 21:00:00-05:00,12.9,86,0.0,,170,20.0,,1010.0,,8,3,2024-12-29 21:00:00,KNYC0
2024-12-29 22:00:00-05:00,13.1,87,0.0,,169,23.4,,1010.0,,8,3,2024-12-29 22:00:00,KNYC0
2024-12-29 23:00:00-05:00,13.0,94,0.0,,150,15.0,,1008.0,,8,3,2024-12-29 23:00:00,KNYC0
2024-12-30 00:00:00-05:00,12.9,95,2.1,,180,13.0,,1007.0,,8,9,2024-12-30 00:00:00,KNYC0
2024-12-30 01:00:00-05:00,12.7,96,2.2,,173,26.3,,1006.0,,8,9,2024-12-30 01:00:00,KNYC0
2024-12-30 02:00:00-05:00,12.5,96,2.8,,170,15.0,,1005.0,,8,9,2024-12-30 02:00:00,KNYC0
2024-12-30 03:00:00-05:00,12.2,97,1.5,,160,15.0,,1004.0,,8,9,2024-12-30 03:00:00,KNYC0
2024-12-30 04:00:00-05:00,12.0,97,1.6,,177,9.0,,1003.0,,8,9,2024-12-30 04:00:00,KNYC0
2024-12-30 05:00:00-05:00,12.0,97,0.2,,187,9.0,,1003.0,,8,7,2024-12-30 05:00:00,KNYC0
2024-12-30 06:00:00-05:00,12.3,97,0.2,,210,15.1,,1003.0,,8,7,2024-12-30 06:00:00,KNYC0
2024-12-30 07:00:00-05:00,12.0,96,0.0,,235,11.0,,1003.0,,8,3,2024-12-30 07:00:00,KNYC0
2024-12-30 08:00:00-05:00,11.1,90,0.0,,230,7.0,,1004.0,,2,3,2024-12-30 08:00:00,KNYC0
2024-12-30 09:00:00-05:00,10.2,77,0.4,,248,20.2,,1004.0,,7,17,2024-12-30 09:00:00,KNYC0
2024-12-30 10:00:00-05:00,11.4,77,0.1,,253,19.1,,1004.0,,1,7,2024-12-30 10:00:00,KNYC0
2024-12-30 11:00:00-05:00,11.2,61,0.0,,258,6.0,,1004.0,,0,2,2024-12-30 11:00:00,KNYC0
2024-12-30 12:00:00-05:00,11.3,57,0.0,,260,13.0,,1004.0,,0,1,2024-12-30 12:00:00,KNYC0
2024-12-30 13:00:00-05:00,14.0,39,0.0,,280,22.0,,1004.0,,1,1,2024-12-30 13:00:00,KNYC0
2024-12-30 14:00:00-05:00,13.0,40,0.0,,258,9.0,,1005.0,,2,1,2024-12-30 14:00:00,KNYC0
2024-12-30 15:00:00-05:00,12.0,41,0.0,,253,7.0,,1006.0,,1,2,2024-12-30 15:00:00,KNYC0
2024-12-30 16:00:00-05:00,12.0,43,0.0,,249,9.0,,1006.0,,1,1,2024-12-30 16:00:00,KNYC0
2024-12-30 17:00:00-05:00,12.0,43,0.0,,247,15.1,,1007.0,,0,1,2024-12-30 17:00:00,KNYC0
2024-12-30 18:00:00-05:00,12.0,39,0.0,,230,15.0,,1008.0,,1,1,2024-12-30 18:00:00,KNYC0
2024-12-30 19:00:00-05:00,11.0,44,0.0,,240,17.0,,1009.0,,0,1,2024-12-30 19:00:00,KNYC0
2024-12-30 20:00:00-05:00,11.0,46,0.0,,248,14.0,,1010.0,,0,1,2024-12-30 20:00:00,KNYC0
2024-12-30 21:00:00-05:00,11.0,44,0.0,,246,7.0,,1011.0,,1,1,2024-12-30 21:00:00,KNYC0
2024-12-30 22:00:00-05:00,9.0,50,0.0,,249,13.7,,1011.0,,0,1,2024-12-30 22:00:00,KNYC0
2024-12-30 23:00:00-05:00,9.0,50,0.0,,240,15.0,,1011.0,,0,1,2024-12-30 23:00:00,KNYC0
2024-12-31 00:00:00-05:00,9.0,51,0.0,,254,6.0,,1011.0,,0,1,2024-12-31 00:00:00,KNYC0
2024-12-31 01:00:00-05:00,8.0,54,0.0,,250,6.0,,1012.0,,0,1,2024-12-31 01:00:00,KNYC0
2024-12-31 02:00:00-05:00,8.0,53,0.0,,251,7.0,,1013.0,,0,1,2024-12-31 02:00:00,KNYC0
2024-12-31 03:00:00-05:00,8.0,53,0.0,,254,7.0,,1013.0,,0,1,2024-12-31 03:00:00,KNYC0
2024-12-31 04:00:00-05:00,7.0,58,0.0,,246,6.0,,1013.0,,0,1,2024-12-31 04:00:00,KNYC0
2024-12-31 05:00:00-05:00,7.0,58,0.0,,256,9.0,,1014.0,,3,1,2024-12-31 05:00:00,KNYC0
2024-12-31 06:00:00-05:00,8.0,55,0.0,,250,7.0,,1014.0,,2,2,2024-12-31 06:00:00,KNYC0
2024-12-31 07:00:00-05:00,8.0,53,0.0,,259,6.0,,1014.0,,0,2,2024-12-31 07:00:00,KNYC0
2024-12-31 08:00:00-05:00,9.0,50,0.0,,280,6.0,,1014.0,,0,1,2024-12-31 08:00:00,KNYC0
2024-12-31 09:00:00-05:00,10.0,44,0.0,,165,2.9,,1014.0,,0,1,2024-12-31 09:00:00,KNYC0
2024-12-31 10:00:00-05:00,11.0,44,0.0,,109,2.2,,1014.0,,0,1,2024-12-31 10:00:00,KNYC0
2024-12-31 11:00:00-05:00,11.0,44,0.0,,160,6.0,,1012.0,,1,1,2024-12-31 11:00:00,KNYC0
2024-12-31 12:00:00-05:00,11.0,44,0.0,,160,11.0,,1011.0,,8,2,2024-12-31 12:00:00,KNYC0
2024-12-31 13:00:00-05:00,11.0,52,0.0,,136,7.0,,1011.0,,8,3,2024-12-31 13:00:00,KNYC0
2024-12-31 14:00:00-05:00,11.0,54,0.0,,137,11.0,,1011.0,,6,3,2024-12-31 14:00:00,KNYC0
2024-12-31 15:00:00-05:00,11.0,61,0.0,,128,11.5,,1010.0,,7,3,2024-12-31 15:00:00,KNYC0
2024-12-31 16:00:00-05:00,10.0,63,0.0,,120,13.0,,1010.0,,8,3,2024-12-31 16:00:00,KNYC0
2024-12-31 17:00:00-05:00,9.0,69,0.0,,111,11.2,,1010.0,,8,3,2024-12-31 17:00:00,KNYC0
2024-12-31 18:00:00-05:00,9.0,69,0.0,,90,13.0,,1008.0,,8,3,2024-12-31 18:00:00,KNYC0
2024-12-31 19:00:00-05:00,9.0,71,0.0,,50,11.0,,1006.0,,8,3,2024-12-31 19:00:00,KNYC0
2024-12-31 20:00:00-05:00,7.0,86,0.0,,27,6.0,,1004.0,,8,3,2024-12-31 20:00:00,KNYC0
2024-12-31 21:00:00-05:00,7.0,87,2.2,,60,13.0,,1003.0,,8,9,2024-12-31 21:00:00,KNYC0
2024-12-31 22:00:00-05:00,7.0,90,4.3,,60,13.0,,1002.0,,8,9,2024-12-31 22:00:00,KNYC0
2024-12-31 23:00:00-05:00,8.0,89,4.7,,80,15.0,,1000.0,,8,9,2024-12-31 23:00:00,KNYC0
